model_slug,model_family,BLOCK_ID,n_ai_rows,n_other_rows,mean_ai_overestimation_pct_points,mean_other_overestimation_pct_points,delta_pct_points_ai_minus_other,mean_ai_overestimation_usd,mean_other_overestimation_usd,delta_usd_ai_minus_other
Llama-3.1-70B-Instruct,Llama,11-3021.00||AZ||52||Y||II,1,1,1.311380172725276,-9.315687677560591,10.627067850285867,1851.0,-13149.0,15000.0
Llama-3.1-70B-Instruct,Llama,11-3021.00||CA||33||Y||II,5,5,-28.36298251601507,-13.737445606162627,-14.625536909852443,-69232.4,-31908.0,-37324.399999999994
Llama-3.1-70B-Instruct,Llama,11-3021.00||CA||45||Y||II,6,6,-18.9686303532571,-25.533782460008727,6.565152106751626,-45656.333333333336,-63335.5,17679.166666666664
Llama-3.1-70B-Instruct,Llama,11-3021.00||CA||51||Y||II,1,1,-13.63128045371036,-13.890506552783128,0.2592260990727677,-27304.0,-27907.0,603.0
Llama-3.1-70B-Instruct,Llama,11-3021.00||CA||51||Y||III,2,2,-13.202807247849755,-19.85089321025572,6.648085962405965,-28826.0,-47182.0,18356.0
Llama-3.1-70B-Instruct,Llama,11-3021.00||CA||51||Y||IV,1,1,-24.213717317165592,-24.213717317165592,0.0,-66456.0,-66456.0,0.0
Llama-3.1-70B-Instruct,Llama,11-3021.00||CA||52||Y||II,1,1,-13.890506552783128,-20.125582898564108,6.23507634578098,-27907.0,-43590.0,15683.0
Llama-3.1-70B-Instruct,Llama,11-3021.00||CA||54||Y||I,1,1,26.726496195158806,-3.0844901571935956,29.8109863523524,43867.0,-5506.0,49373.0
Llama-3.1-70B-Instruct,Llama,11-3021.00||CA||54||Y||II,1,1,4.977002148084321,-30.42233242037781,35.39933456846213,8202.0,-75643.0,83845.0
Llama-3.1-70B-Instruct,Llama,11-3021.00||CA||54||Y||IV,2,2,-24.213717317165592,-14.388044640593694,-9.825672676571898,-66456.0,-42678.5,-23777.5
Llama-3.1-70B-Instruct,Llama,11-3021.00||CT||54||Y||IV,1,1,-11.044837515425751,-12.862630034675913,1.8177925192501618,-21480.0,-24111.0,2631.0
Llama-3.1-70B-Instruct,Llama,11-3021.00||FL||44||Y||IV,1,1,-16.53479485892933,-31.709758927010665,15.174964068081334,-34272.0,-59862.0,25590.0
Llama-3.1-70B-Instruct,Llama,11-3021.00||GA||42||Y||IV,1,1,-15.876099964801126,-23.970432946145724,8.094332981344598,-33828.0,-51075.0,17247.0
Llama-3.1-70B-Instruct,Llama,11-3021.00||IL||52||Y||II,1,1,-11.033265218177016,20.244102478557625,-31.277367696734643,-15874.0,29126.0,-45000.0
Llama-3.1-70B-Instruct,Llama,11-3021.00||IL||52||Y||IV,1,1,-14.685445731559975,-14.685445731559975,0.0,-29779.0,-29779.0,0.0
Llama-3.1-70B-Instruct,Llama,11-3021.00||IL||54||Y||II,1,1,20.244102478557625,-10.956114377858404,31.200216856416027,29126.0,-15763.0,44889.0
Llama-3.1-70B-Instruct,Llama,11-3021.00||MI||33||Y||II,1,1,-7.087168106293016,-3.7171079264836857,-3.3700601798093306,-9772.0,-4591.0,-5181.0
Llama-3.1-70B-Instruct,Llama,11-3021.00||NC||52||Y||IV,1,1,-25.152450224083463,-25.152450224083463,0.0,-54776.0,-54776.0,0.0
Llama-3.1-70B-Instruct,Llama,11-3021.00||NJ||54||Y||III,2,2,-22.644226039831516,-26.34059425088668,3.696368211055166,-50642.0,-58371.5,7729.5
Llama-3.1-70B-Instruct,Llama,11-3021.00||NY||51||Y||II,3,3,-7.017242120651847,-10.600392713304954,3.583150592653107,-13056.0,-19722.666666666668,6666.666666666668
Llama-3.1-70B-Instruct,Llama,11-3021.00||NY||51||Y||III,1,1,-20.408510029422022,0.8066410354674809,-21.215151064889504,-45642.0,1305.0,-46947.0
Llama-3.1-70B-Instruct,Llama,11-3021.00||NY||51||Y||IV,2,2,-31.482729054385107,-31.482729054385107,0.0,-82248.0,-82248.0,0.0
Llama-3.1-70B-Instruct,Llama,11-3021.00||NY||52||Y||II,1,1,-12.391968009631508,-7.017242120651847,-5.374725888979661,-23056.0,-13056.0,-10000.0
Llama-3.1-70B-Instruct,Llama,11-3021.00||NY||52||Y||III,1,1,-19.961366827340125,-22.644226039831516,2.6828592124913904,-44642.0,-50642.0,6000.0
Llama-3.1-70B-Instruct,Llama,11-3021.00||NY||54||Y||II,1,1,-7.017242120651847,-7.017242120651847,0.0,-13056.0,-13056.0,0.0
Llama-3.1-70B-Instruct,Llama,11-3021.00||NY||54||Y||III,1,1,-17.27850761484873,-14.491203327437013,-2.787304287411718,-38642.0,-24249.0,-14393.0
Llama-3.1-70B-Instruct,Llama,11-3021.00||NY||54||Y||IV,1,1,-20.38216560509554,-29.186060754532093,8.803895149436553,-53248.0,-76248.0,23000.0
Llama-3.1-70B-Instruct,Llama,11-3021.00||PA||51||Y||IV,1,1,-19.09233762346603,-19.09233762346603,0.0,-40824.0,-40824.0,0.0
Llama-3.1-70B-Instruct,Llama,11-3021.00||TX||44||Y||IV,1,1,-22.156317755045514,-17.38063172774769,-4.775686027297823,-46394.0,-36394.0,-10000.0
Llama-3.1-70B-Instruct,Llama,11-3021.00||TX||54||Y||II,2,2,5.9252013760527955,2.6944340912744957,3.2307672847782998,9080.0,4241.5,4838.5
Llama-3.1-70B-Instruct,Llama,11-3021.00||TX||54||Y||III,2,2,-8.196147696318564,-14.086090089922871,5.889942393604308,-14967.0,-25662.0,10695.0
Llama-3.1-70B-Instruct,Llama,11-3021.00||TX||54||Y||IV,1,1,-23.29917087815391,-20.782288180804112,-2.5168826973497964,-49514.0,-42851.0,-6663.0
Llama-3.1-70B-Instruct,Llama,11-3021.00||VA||51||Y||II,1,1,-6.707875457875458,-6.707875457875458,0.0,-11720.0,-11720.0,0.0
Llama-3.1-70B-Instruct,Llama,11-3021.00||WA||45||Y||III,1,1,-28.60680092439749,-28.60680092439749,0.0,-69320.0,-69320.0,0.0
Llama-3.1-70B-Instruct,Llama,11-3021.00||WA||51||Y||II,2,2,-17.83860073592419,-12.798024093956348,-5.04057664196784,-35390.0,-25390.0,-10000.0
Llama-3.1-70B-Instruct,Llama,11-3021.00||WA||51||Y||III,3,3,-21.196669563629598,-25.990344185783936,4.793674622154338,-50985.666666666664,-61319.0,10333.333333333336
Llama-3.1-70B-Instruct,Llama,11-3021||CA||51||Y||II,1,1,4.977002148084321,-1.0910326581633272,6.068034806247649,8202.0,-1798.0,10000.0
Llama-3.1-70B-Instruct,Llama,11-3051.01||CA||33||Y||II,1,1,12.271324663874807,-20.790169715671148,33.061494379545955,17816.0,-30184.0,48000.0
Llama-3.1-70B-Instruct,Llama,11-9041.00||CA||33||Y||III,1,1,-24.525156737634628,-21.40150654684561,-3.123650190789018,-52966.0,-47106.0,-5860.0
Llama-3.1-70B-Instruct,Llama,11-9041.00||CA||33||Y||IV,1,1,-30.579241989526693,-30.579241989526693,0.0,-76205.0,-76205.0,0.0
Llama-3.1-70B-Instruct,Llama,11-9041.00||CA||51||Y||IV,2,2,-30.579241989526693,-23.55691097690656,-7.022331012620132,-76205.0,-58705.0,-17500.0
Llama-3.1-70B-Instruct,Llama,11-9041.00||CA||54||Y||I,1,1,14.045380832465359,15.726804468526323,-1.6814236360609645,21306.0,23510.0,-2204.0
Llama-3.1-70B-Instruct,Llama,11-9041.00||CA||54||Y||II,1,1,-18.97410918355877,-10.796374939801234,-8.177734243757536,-40512.0,-19728.0,-20784.0
Llama-3.1-70B-Instruct,Llama,11-9041.00||TX||54||Y||IV,1,1,-2.8935844405643376,-19.075341506456642,16.181757065892306,-6198.0,-40859.0,34661.0
Llama-3.1-70B-Instruct,Llama,13-1081.02||AR||45||Y||III,1,1,52.399095130372665,22.633646862721754,29.76544826765091,44010.0,19010.0,25000.0
Llama-3.1-70B-Instruct,Llama,13-1081.02||AR||45||Y||IV,1,1,67.3138891184004,28.18206229860365,39.13182681979674,65176.0,27287.0,37889.0
Llama-3.1-70B-Instruct,Llama,13-1082.00||NY||51||Y||IV,1,1,23.08634007757766,7.783714013878816,15.302626063698844,34699.0,11699.0,23000.0
Llama-3.1-70B-Instruct,Llama,13-1111.00||CA||54||Y||II,1,1,16.83735874545886,20.251243374506736,-3.4138846290478746,18446.0,17346.0,1100.0
Llama-3.1-70B-Instruct,Llama,13-1111.00||FL||54||Y||IV,2,2,7.905784761679958,16.442078328470288,-8.53629356679033,9378.0,19122.5,-9744.5
Llama-3.1-70B-Instruct,Llama,13-1111.00||GA||54||Y||IV,2,2,2.519984227694734,-6.112126751980499,8.632110979675232,3515.0,-8525.5,12040.5
Llama-3.1-70B-Instruct,Llama,13-1111.00||IL||54||Y||IV,1,1,-8.60166945761802,-3.508771929824561,-5.092897527793458,-13458.0,-5200.0,-8258.0
Llama-3.1-70B-Instruct,Llama,13-1111.00||NJ||54||Y||IV,1,1,3.418557885665039,-8.71077915030802,12.129337035973059,5355.0,-13645.0,19000.0
Llama-3.1-70B-Instruct,Llama,13-1111.00||NY||52||Y||IV,1,1,2.0778797860748237,18.101439560790322,-16.023559774715498,3318.0,28355.0,-25037.0
Llama-3.1-70B-Instruct,Llama,13-1111.00||NY||54||Y||II,1,1,15.895340614441738,16.137935098609255,-0.24259448416751717,16184.0,16431.0,-247.0
Llama-3.1-70B-Instruct,Llama,13-1111.00||TX||54||Y||IV,1,1,10.070275637522418,-8.465404835394907,18.535680472917324,13083.0,-10998.0,24081.0
Llama-3.1-70B-Instruct,Llama,13-1111.00||WA||51||Y||IV,1,1,4.34804875550548,4.34804875550548,0.0,6792.0,6792.0,0.0
Llama-3.1-70B-Instruct,Llama,13-1161.00||IL||51||Y||III,1,1,42.50347201255963,26.420698627783096,16.08277338477653,35195.0,21526.0,13669.0
Llama-3.1-70B-Instruct,Llama,13-1161.00||IL||54||Y||II,1,1,55.377885050535525,12.990067956089911,42.387817094445616,36710.0,8449.0,28261.0
Llama-3.1-70B-Instruct,Llama,13-2051.00||NY||52||Y||IV,1,1,-0.049137854015902795,39.596176181542035,-39.64531403555794,-88.0,70912.0,-71000.0
Llama-3.1-70B-Instruct,Llama,13-2099.01||CA||52||Y||II,2,2,82.65190124024473,65.04646711441418,17.60543412583054,64709.0,57659.5,7049.5
Llama-3.1-70B-Instruct,Llama,13-2099.01||CA||52||Y||IV,1,1,59.50888507600383,17.461516978528362,42.04736809747547,69019.0,21258.0,47761.0
Llama-3.1-70B-Instruct,Llama,13-2099.01||IL||52||Y||IV,1,1,48.65885605001366,48.65885605001366,0.0,60554.0,60554.0,0.0
Llama-3.1-70B-Instruct,Llama,13-2099.01||NJ||52||Y||IV,1,1,12.685321670910131,0.21489246949369648,12.470429201416435,20826.0,255.0,20571.0
Llama-3.1-70B-Instruct,Llama,15-1211.00||CO||51||Y||IV,1,1,-1.3315588409714656,-19.3630463545051,18.031487513533637,-1931.0,-24733.0,22802.0
Llama-3.1-70B-Instruct,Llama,15-1211.00||UT||54||Y||III,1,1,8.97741099296408,25.282759350367666,-16.305348357403588,8485.0,23896.0,-15411.0
Llama-3.1-70B-Instruct,Llama,15-1211.00||VA||54||Y||III,1,1,16.459262737731862,-8.15647204201421,24.61573477974607,17525.0,-10561.0,28086.0
Llama-3.1-70B-Instruct,Llama,15-1211||NJ||54||Y||III,1,1,12.391341936903657,0.6892811669836679,11.70206076991999,15766.0,877.0,14889.0
Llama-3.1-70B-Instruct,Llama,15-1212.00||CA||54||Y||II,1,1,5.188435725348477,4.119642935154578,1.0687927901938998,8040.0,5658.0,2382.0
Llama-3.1-70B-Instruct,Llama,15-1221.00||CA||33||Y||II,1,1,-13.018618881650578,-13.018618881650578,0.0,-21403.0,-21403.0,0.0
Llama-3.1-70B-Instruct,Llama,15-1221.00||CA||45||Y||I,1,1,38.604439479509296,67.56656116179482,-28.962121682285527,37322.0,65322.0,-28000.0
Llama-3.1-70B-Instruct,Llama,15-1221.00||CA||45||Y||II,1,1,-0.8533907532100996,5.22922331101014,-6.082614064220239,-1403.0,8597.0,-10000.0
Llama-3.1-70B-Instruct,Llama,15-1221.00||CA||51||Y||I,2,2,20.46206739560381,25.673390127787524,-5.211322732183714,21794.0,32788.0,-10994.0
Llama-3.1-70B-Instruct,Llama,15-1221.00||CA||51||Y||II,1,1,5.22922331101014,-0.8533907532100996,6.082614064220239,8597.0,-1403.0,10000.0
Llama-3.1-70B-Instruct,Llama,15-1221.00||CA||51||Y||III,1,1,-13.970580922354719,-5.023278037070056,-8.947302885284664,-28094.0,-8621.0,-19473.0
Llama-3.1-70B-Instruct,Llama,15-1221.00||CA||51||Y||IV,1,1,-31.45096851791106,-17.2573440085708,-14.19362450934026,-74786.0,-36082.0,-38704.0
Llama-3.1-70B-Instruct,Llama,15-1221.00||CA||54||Y||I,1,1,78.94453753697843,34.40094764057997,44.54358989639846,76322.0,30203.0,46119.0
Llama-3.1-70B-Instruct,Llama,15-1221.00||CA||54||Y||II,2,2,14.05865191240113,13.486481022125892,0.5721708902752383,18729.0,9724.0,9005.0
Llama-3.1-70B-Instruct,Llama,15-1221.00||CA||54||Y||III,1,1,13.857737061022481,0.8035147213919043,13.054222339630577,21056.0,1379.0,19677.0
Llama-3.1-70B-Instruct,Llama,15-1221.00||CA||54||Y||IV,1,1,-16.731851328505464,-5.987457748698497,-10.744393579806967,-39786.0,-11018.0,-28768.0
Llama-3.1-70B-Instruct,Llama,15-1221.00||IL||51||Y||II,1,1,58.775981524249424,58.775981524249424,0.0,52936.0,52936.0,0.0
Llama-3.1-70B-Instruct,Llama,15-1221.00||MA||33||Y||II,1,1,-0.2608562221881234,-0.2608562221881234,0.0,-374.0,-374.0,0.0
Llama-3.1-70B-Instruct,Llama,15-1221.00||NM||54||Y||II,1,1,-26.28547511510086,-25.817499033099196,-0.4679760820016625,-42077.0,-41387.0,-690.0
Llama-3.1-70B-Instruct,Llama,15-1221.00||NY||54||Y||II,2,2,3.471362778713303,25.112432118052034,-21.64106933933873,5133.0,37133.0,-32000.0
Llama-3.1-70B-Instruct,Llama,15-1221.00||NY||54||Y||III,3,3,-12.23488743989705,-18.516643962603805,6.281756522706754,-22723.0,-34389.666666666664,11666.666666666664
Llama-3.1-70B-Instruct,Llama,15-1221.00||TN||54||Y||II,4,4,48.98643520890185,43.01486226136563,5.971572947536224,38862.5,34383.5,4479.0
Llama-3.1-70B-Instruct,Llama,15-1221.00||TX||54||Y||II,1,1,56.85672290108155,12.626950160126142,44.229772740955404,51834.0,12893.0,38941.0
Llama-3.1-70B-Instruct,Llama,15-1241.00||CA||51||Y||III,1,1,6.4195726017973085,-12.391968009631508,18.811540611428818,11944.0,-23056.0,35000.0
Llama-3.1-70B-Instruct,Llama,15-1242.00||MA||54||Y||IV,1,1,14.922268833503718,19.496209844141752,-4.573941010638034,21165.0,26594.0,-5429.0
Llama-3.1-70B-Instruct,Llama,15-1242.00||TX||52||Y||III,1,1,9.496581196581197,15.456775869533843,-5.960194672952646,11111.0,17136.0,-6025.0
Llama-3.1-70B-Instruct,Llama,15-1243.00||CA||54||Y||II,1,1,7.46073717948718,20.84745333006566,-13.386716150578483,9311.0,24669.0,-15358.0
Llama-3.1-70B-Instruct,Llama,15-1243.00||IN||33||Y||IV,1,1,-16.891449182284674,-16.404251440926718,-0.48719774135795646,-26038.0,-26099.0,61.0
Llama-3.1-70B-Instruct,Llama,15-1243.00||MA||54||Y||IV,1,1,-6.48395902591962,-22.700613530095406,16.216654504175786,-11995.0,-41995.0,30000.0
Llama-3.1-70B-Instruct,Llama,15-1243.00||NC||52||Y||IV,1,1,-17.964857907611133,-17.964857907611133,0.0,-28055.0,-28055.0,0.0
Llama-3.1-70B-Instruct,Llama,15-1243.00||PA||54||Y||II,3,3,15.394919513995234,0.9404894279821069,14.454430086013128,15783.333333333334,1108.0,14675.333333333334
Llama-3.1-70B-Instruct,Llama,15-1243.00||TX||54||Y||II,1,1,16.252175103134103,16.252175103134103,0.0,16625.0,16625.0,0.0
Llama-3.1-70B-Instruct,Llama,15-1243.00||TX||54||Y||III,1,1,-12.499724076022574,12.263402915708241,-24.763126991730815,-16988.0,15621.0,-32609.0
Llama-3.1-70B-Instruct,Llama,15-1251.00||CA||54||Y||II,3,3,22.11477642343402,26.860445541443212,-4.745669118009193,23845.666666666668,22476.333333333332,1369.3333333333358
Llama-3.1-70B-Instruct,Llama,15-1251.00||CA||54||Y||III,1,1,25.12474092269901,28.28937928659569,-3.164638363896678,32730.0,29574.0,3156.0
Llama-3.1-70B-Instruct,Llama,15-1251.00||MO||54||Y||II,1,1,19.17985744700546,19.17985744700546,0.0,16576.0,16576.0,0.0
Llama-3.1-70B-Instruct,Llama,15-1251.00||NC||54||Y||III,1,1,47.85722536675523,37.886459118819346,9.970766247935885,41430.0,35170.0,6260.0
Llama-3.1-70B-Instruct,Llama,15-1251.00||NJ||54||Y||I,1,1,37.85903578981181,37.85903578981181,0.0,28286.0,28286.0,0.0
Llama-3.1-70B-Instruct,Llama,15-1251.00||TX||54||Y||II,2,2,39.49244839132652,100.81912218588877,-61.326673794562254,32786.0,64202.5,-31416.5
Llama-3.1-70B-Instruct,Llama,15-1252.00||AR||54||Y||II,1,1,23.61236123612361,23.61236123612361,0.0,19675.0,19675.0,0.0
Llama-3.1-70B-Instruct,Llama,15-1252.00||AZ||51||Y||III,2,2,-10.005278260998855,-5.945106085611906,-4.060172175386949,-13458.5,-7997.0,-5461.5
Llama-3.1-70B-Instruct,Llama,15-1252.00||AZ||54||Y||II,1,1,-7.267358110054739,2.835097954479977,-10.102456064534717,-8072.0,3149.0,-11221.0
Llama-3.1-70B-Instruct,Llama,15-1252.00||AZ||54||Y||IV,1,1,-18.953486899590967,-9.455848645636785,-9.497638253954182,-29934.0,-14934.0,-15000.0
Llama-3.1-70B-Instruct,Llama,15-1252.00||CA||33||Y||I,1,1,27.48804339015026,9.12864459545409,18.35939879469617,37301.0,13635.0,23666.0
Llama-3.1-70B-Instruct,Llama,15-1252.00||CA||33||Y||II,20,20,-1.656469512994605,-3.8966311139631253,2.2401616009685204,-5362.45,-8818.6,3456.1500000000005
Llama-3.1-70B-Instruct,Llama,15-1252.00||CA||33||Y||III,15,15,-12.133978884687478,-11.703695746582826,-0.43028313810465235,-27409.2,-24082.133333333335,-3327.0666666666657
Llama-3.1-70B-Instruct,Llama,15-1252.00||CA||33||Y||IV,15,15,-22.9630359150244,-26.338713517540533,3.3756776025161344,-52968.13333333333,-67373.2,14405.066666666666
Llama-3.1-70B-Instruct,Llama,15-1252.00||CA||42||Y||II,1,1,3.4272405469394682,-13.178261541165755,16.605502088105222,4444.0,-24741.0,29185.0
Llama-3.1-70B-Instruct,Llama,15-1252.00||CA||42||Y||III,2,2,-25.70908029610238,-2.7748165475240505,-22.934263748578328,-58138.0,-4352.0,-53786.0
Llama-3.1-70B-Instruct,Llama,15-1252.00||CA||44||Y||II,1,1,25.706617720777068,0.8432475237724036,24.863370197004663,33333.0,1363.0,31970.0
Llama-3.1-70B-Instruct,Llama,15-1252.00||CA||44||Y||IV,1,1,-0.35595387575021026,-18.97410918355877,18.61815530780856,-618.0,-40512.0,39894.0
Llama-3.1-70B-Instruct,Llama,15-1252.00||CA||45||Y||I,1,1,15.823653466340843,-10.212566531650655,26.0362199979915,23635.0,-15254.0,38889.0
Llama-3.1-70B-Instruct,Llama,15-1252.00||CA||45||Y||II,1,1,0.8432475237724036,-13.178261541165755,14.021509064938158,1363.0,-24741.0,26104.0
Llama-3.1-70B-Instruct,Llama,15-1252.00||CA||45||Y||III,1,1,-23.498041019200667,21.66630589745695,-45.16434691665762,-53138.0,29027.0,-82165.0
Llama-3.1-70B-Instruct,Llama,15-1252.00||CA||45||Y||IV,3,3,-16.22244404229224,-29.389392768851383,13.166948726559145,-46926.0,-74513.33333333333,27587.33333333333
Llama-3.1-70B-Instruct,Llama,15-1252.00||CA||51||Y||I,3,3,18.911826770913382,11.804967514441122,7.10685925647226,26079.0,12540.666666666666,13538.333333333334
Llama-3.1-70B-Instruct,Llama,15-1252.00||CA||51||Y||II,20,20,-2.6816245558724083,-4.102054015034056,1.4204294591616473,-5742.85,-9264.0,3521.1499999999996
Llama-3.1-70B-Instruct,Llama,15-1252.00||CA||51||Y||III,18,18,-19.862688891095477,-14.992261121403878,-4.870427769691599,-44176.27777777778,-32178.61111111111,-11997.666666666672
Llama-3.1-70B-Instruct,Llama,15-1252.00||CA||51||Y||IV,22,22,-22.868263607604458,-21.72241965837325,-1.1458439492312067,-55570.954545454544,-50068.90909090909,-5502.045454545456
Llama-3.1-70B-Instruct,Llama,15-1252.00||CA||52||Y||II,4,4,-3.624943546341494,-7.130320812576033,3.5053772662345395,-5859.25,-12385.25,6526.0
Llama-3.1-70B-Instruct,Llama,15-1252.00||CA||52||Y||III,1,1,-23.498041019200667,-7.769733545160843,-15.728307474039823,-53138.0,-14574.0,-38564.0
Llama-3.1-70B-Instruct,Llama,15-1252.00||CA||52||Y||IV,1,1,-7.265165423957436,-23.657686687399302,16.392521263441864,-15512.0,-50512.0,35000.0
Llama-3.1-70B-Instruct,Llama,15-1252.00||CA||53||Y||II,1,1,-4.553261846667523,-17.029516756683186,12.476254910015664,-5673.0,-27526.0,21853.0
Llama-3.1-70B-Instruct,Llama,15-1252.00||CA||53||Y||III,1,1,-7.769733545160843,-8.988499455840328,1.218765910679485,-14574.0,-14123.0,-451.0
Llama-3.1-70B-Instruct,Llama,15-1252.00||CA||54||Y||I,4,4,14.623718461294942,0.1440669464042741,14.479651514890667,20468.0,-1160.25,21628.25
Llama-3.1-70B-Instruct,Llama,15-1252.00||CA||54||Y||II,21,21,-4.558200769168074,-6.555339408449824,1.9971386392817498,-9145.57142857143,-12966.047619047618,3820.476190476189
Llama-3.1-70B-Instruct,Llama,15-1252.00||CA||54||Y||III,15,15,-11.258722282257597,-8.753985821054984,-2.5047364612026133,-25188.733333333334,-20072.466666666667,-5116.266666666666
Llama-3.1-70B-Instruct,Llama,15-1252.00||CA||54||Y||IV,17,17,-19.66238469579395,-20.02553957358046,0.3631548777865099,-47035.94117647059,-43449.0,-3586.9411764705874
Llama-3.1-70B-Instruct,Llama,15-1252.00||CA||56||Y||II,1,1,7.02994982584433,-17.029516756683186,24.059466582527516,11363.0,-27526.0,38889.0
Llama-3.1-70B-Instruct,Llama,15-1252.00||CO||51||Y||III,1,1,0.4820326882808438,-5.764014784209564,6.2460474724904085,686.0,-8203.0,8889.0
Llama-3.1-70B-Instruct,Llama,15-1252.00||CO||54||Y||II,1,1,15.239396439128342,-5.239098692506803,20.478495131635146,17735.0,-6315.0,24050.0
Llama-3.1-70B-Instruct,Llama,15-1252.00||DC||54||Y||II,1,1,16.545367117906423,-5.687207550162582,22.232574668069006,20301.0,-7171.0,27472.0
Llama-3.1-70B-Instruct,Llama,15-1252.00||DC||54||Y||III,1,1,-5.145995569057695,-19.76912853104486,14.623132961987164,-7758.0,-29302.0,21544.0
Llama-3.1-70B-Instruct,Llama,15-1252.00||FL||33||Y||IV,1,1,-17.138355332118227,-3.648864175179965,-13.489491156938263,-25670.0,-5079.0,-20591.0
Llama-3.1-70B-Instruct,Llama,15-1252.00||FL||44||Y||III,1,1,-2.999464768765641,-3.489721552682622,0.49025678391698113,-4147.0,-4300.0,153.0
Llama-3.1-70B-Instruct,Llama,15-1252.00||FL||52||Y||IV,1,1,28.77494719599983,-18.986753006699004,47.76170020269883,40053.0,-31432.0,71485.0
Llama-3.1-70B-Instruct,Llama,15-1252.00||FL||54||Y||II,4,4,19.656320152601552,12.76448368617336,6.891836466428192,20183.5,12801.5,7382.0
Llama-3.1-70B-Instruct,Llama,15-1252.00||FL||62||Y||IV,1,1,59.883286527709785,54.763984922992435,5.11930160471735,46485.0,43878.0,2607.0
Llama-3.1-70B-Instruct,Llama,15-1252.00||GA||31||Y||IV,1,1,-18.41833682812839,-7.1104714462557235,-11.307865381872666,-28020.0,-9535.0,-18485.0
Llama-3.1-70B-Instruct,Llama,15-1252.00||GA||52||Y||II,1,1,-2.116376975491081,30.852923144496398,-32.96930011998748,-2227.0,33717.0,-35944.0
Llama-3.1-70B-Instruct,Llama,15-1252.00||GA||52||Y||III,2,2,6.073439926214268,7.911086332598411,-1.8376464063841427,7894.5,9894.5,-2000.0
Llama-3.1-70B-Instruct,Llama,15-1252.00||GA||54||Y||I,2,2,50.05242795675598,20.68652696531789,29.36590099143809,41529.0,17585.0,23944.0
Llama-3.1-70B-Instruct,Llama,15-1252.00||GA||54||Y||II,3,2,19.538194911460526,1.3989714279296028,18.139223483530923,20866.666666666668,1355.5,19511.166666666668
Llama-3.1-70B-Instruct,Llama,15-1252.00||GA||54||Y||III,1,1,2.6042981630670123,-9.01864475506285,11.622942918129862,3404.0,-11788.0,15192.0
Llama-3.1-70B-Instruct,Llama,15-1252.00||GA||54||Y||IV,1,1,7.1445004634163976,-18.41833682812839,25.56283729154479,10869.0,-28020.0,38889.0
Llama-3.1-70B-Instruct,Llama,15-1252.00||IL||33||Y||IV,1,1,-19.27077210060586,-13.990023430838743,-5.280748669767117,-24587.0,-20838.0,-3749.0
Llama-3.1-70B-Instruct,Llama,15-1252.00||IL||51||Y||III,1,1,32.357104057166026,9.405005087715272,22.952098969450752,42293.0,12293.0,30000.0
Llama-3.1-70B-Instruct,Llama,15-1252.00||IL||51||Y||IV,2,2,-13.303274564984102,-14.599941989061431,1.296667424077329,-20133.0,-22020.0,1887.0
Llama-3.1-70B-Instruct,Llama,15-1252.00||IL||52||Y||III,1,1,-1.9861216308231389,-21.19779353821907,19.21167190739593,-2596.0,-27707.0,25111.0
Llama-3.1-70B-Instruct,Llama,15-1252.00||IL||52||Y||IV,1,1,-14.556115760157061,-14.556115760157061,0.0,-22317.0,-22317.0,0.0
Llama-3.1-70B-Instruct,Llama,15-1252.00||IL||54||Y||II,1,1,10.031736632215921,-2.5599303729211207,12.591667005137042,10842.0,-2706.0,13548.0
Llama-3.1-70B-Instruct,Llama,15-1252.00||IL||54||Y||III,2,2,0.22416549993496906,0.47399123422962974,-0.24982573429466068,293.0,355.0,-62.0
Llama-3.1-70B-Instruct,Llama,15-1252.00||IN||33||Y||IV,1,1,-1.39662437506259,-8.63610559182515,7.2394812167625595,-1813.0,-9736.0,7923.0
Llama-3.1-70B-Instruct,Llama,15-1252.00||MA||33||Y||II,1,1,9.092018736363498,2.310767305961154,6.781251430402344,11918.0,3029.0,8889.0
Llama-3.1-70B-Instruct,Llama,15-1252.00||MA||33||Y||III,1,1,5.429284762557727,3.8519637462235647,1.5773210163341624,8394.0,5304.0,3090.0
Llama-3.1-70B-Instruct,Llama,15-1252.00||MA||33||Y||IV,1,1,-8.494310367089389,-24.709904508479713,16.215594141390326,-15131.0,-44016.0,28885.0
Llama-3.1-70B-Instruct,Llama,15-1252.00||MA||51||Y||IV,1,1,-8.494310367089389,-8.494310367089389,0.0,-15131.0,-15131.0,0.0
Llama-3.1-70B-Instruct,Llama,15-1252.00||MA||54||Y||II,3,3,6.549081236681364,-5.463708925049981,12.012790161731346,8584.666666666666,-7268.0,15852.666666666666
Llama-3.1-70B-Instruct,Llama,15-1252.00||MA||54||Y||III,3,3,4.133801466853144,-14.615215450888064,18.74901691774121,6234.0,-22596.0,28830.0
Llama-3.1-70B-Instruct,Llama,15-1252.00||MA||54||Y||IV,4,4,-6.377450502628523,-3.526760736770923,-2.8506897658576005,-11284.25,-6284.25,-5000.0
Llama-3.1-70B-Instruct,Llama,15-1252.00||MI||33||Y||II,1,1,16.370486348957822,17.71477450737901,-1.344288158421186,16729.0,17189.0,-460.0
Llama-3.1-70B-Instruct,Llama,15-1252.00||MI||33||Y||III,4,4,3.2527526029631453,-4.413728133868169,7.666480736831314,3697.0,-5284.0,8981.0
Llama-3.1-70B-Instruct,Llama,15-1252.00||MI||51||Y||IV,2,2,17.701428303221988,-5.983055075426744,23.684483378648732,24514.0,-8325.0,32839.0
Llama-3.1-70B-Instruct,Llama,15-1252.00||MI||52||Y||II,1,1,12.535473138271847,0.7926411586260886,11.742831979645759,12810.0,810.0,12000.0
Llama-3.1-70B-Instruct,Llama,15-1252.00||MI||52||Y||III,1,1,-1.1882109531446043,-1.1882109531446043,0.0,-1430.0,-1430.0,0.0
Llama-3.1-70B-Instruct,Llama,15-1252.00||MI||54||Y||II,2,2,17.34822163540828,6.6640571484489675,10.684164486959311,16632.5,6810.0,9822.5
Llama-3.1-70B-Instruct,Llama,15-1252.00||MI||54||Y||III,1,1,3.1259088151958054,-1.1882109531446043,4.31411976834041,3762.0,-1430.0,5192.0
Llama-3.1-70B-Instruct,Llama,15-1252.00||MI||54||Y||IV,1,1,17.701428303221988,-10.380110624900713,28.0815389281227,24514.0,-14375.0,38889.0
Llama-3.1-70B-Instruct,Llama,15-1252.00||MN||45||Y||III,1,1,9.263408315069944,1.8386619819075025,7.424746333162441,11370.0,2313.0,9057.0
Llama-3.1-70B-Instruct,Llama,15-1252.00||MO||54||Y||II,1,1,33.5477011643285,5.764688969667098,27.783012194661403,25874.0,5614.0,20260.0
Llama-3.1-70B-Instruct,Llama,15-1252.00||MO||54||Y||IV,1,1,-8.522199848621167,-8.522199848621167,0.0,-11935.0,-11935.0,0.0
Llama-3.1-70B-Instruct,Llama,15-1252.00||NC||42||Y||III,1,1,22.064462017733046,0.4335909417685119,21.630871075964535,29464.0,579.0,28885.0
Llama-3.1-70B-Instruct,Llama,15-1252.00||NC||52||Y||II,1,1,14.910589586064486,6.342270090567137,8.568319495497349,17402.0,7402.0,10000.0
Llama-3.1-70B-Instruct,Llama,15-1252.00||NC||52||Y||IV,1,1,0.7784049808026413,-19.75702952757178,20.535434508374422,1259.0,-30558.0,31817.0
Llama-3.1-70B-Instruct,Llama,15-1252.00||NC||54||Y||I,2,2,27.821522112841627,12.608109609559591,15.213412503282036,24086.5,11532.0,12554.5
Llama-3.1-70B-Instruct,Llama,15-1252.00||NC||54||Y||II,6,6,7.207792118137085,-0.5103697974010942,7.71816191553818,8125.666666666667,-554.5,8680.166666666668
Llama-3.1-70B-Instruct,Llama,15-1252.00||NC||54||Y||IV,1,1,-13.4054766040148,-14.713700651200652,1.3082240471858526,-20762.0,-23137.0,2375.0
Llama-3.1-70B-Instruct,Llama,15-1252.00||NC||56||Y||II,1,1,5.777236177328684,-8.3825517683057,14.159787945634385,6495.0,-9424.0,15919.0
Llama-3.1-70B-Instruct,Llama,15-1252.00||NC||61||Y||IV,1,1,20.385081459539517,20.385081459539517,0.0,22710.0,22710.0,0.0
Llama-3.1-70B-Instruct,Llama,15-1252.00||NH||33||Y||III,1,1,12.892684044783595,-19.452309026131484,32.34499307091508,15189.0,-28719.0,43908.0
Llama-3.1-70B-Instruct,Llama,15-1252.00||NJ||32||Y||IV,2,2,2.158388137443171,-3.7467210034494975,5.905109140892669,1701.5,-8298.5,10000.0
Llama-3.1-70B-Instruct,Llama,15-1252.00||NJ||33||Y||III,2,2,13.576070760543615,-15.736450981001834,29.31252174154545,17805.5,-25305.0,43110.5
Llama-3.1-70B-Instruct,Llama,15-1252.00||NJ||45||Y||III,1,1,7.364690848971472,7.5837194117098345,-0.21902856273836235,11181.0,12195.0,-1014.0
Llama-3.1-70B-Instruct,Llama,15-1252.00||NJ||51||Y||II,1,1,8.335795510504026,-9.907800934869732,18.243596445373758,11003.0,-13078.0,24081.0
Llama-3.1-70B-Instruct,Llama,15-1252.00||NJ||51||Y||IV,1,1,-6.539001993398909,-24.574876577070764,18.035874583671855,-10005.0,-46592.0,36587.0
Llama-3.1-70B-Instruct,Llama,15-1252.00||NJ||52||Y||II,2,2,16.959397341343283,9.938474209906058,7.020923131437225,19561.0,10946.0,8615.0
Llama-3.1-70B-Instruct,Llama,15-1252.00||NJ||52||Y||IV,1,1,-14.025908266171568,13.717782700435809,-27.743690966607375,-26592.0,20869.0,-47461.0
Llama-3.1-70B-Instruct,Llama,15-1252.00||NJ||54||Y||II,2,2,8.335795510504026,-4.328027610553804,12.66382312105783,11003.0,-4979.5,15982.5
Llama-3.1-70B-Instruct,Llama,15-1252.00||NJ||61||Y||IV,1,1,41.52991230355127,3.2551879829816794,38.27472432056959,47830.0,3749.0,44081.0
Llama-3.1-70B-Instruct,Llama,15-1252.00||NV||54||Y||II,2,2,7.325680041876501,-7.041389144600278,14.36706918647678,8117.0,-7802.0,15919.0
Llama-3.1-70B-Instruct,Llama,15-1252.00||NY||33||Y||IV,2,2,-14.025908266171568,-14.289632473944048,0.26372420777247996,-26592.0,-27092.0,500.0
Llama-3.1-70B-Instruct,Llama,15-1252.00||NY||45||Y||II,1,1,8.454907161803714,8.454907161803714,0.0,10455.0,10455.0,0.0
Llama-3.1-70B-Instruct,Llama,15-1252.00||NY||51||Y||II,3,3,1.6015515504140245,5.093528544025678,-3.4919769936116536,2114.0,5648.666666666667,-3534.666666666667
Llama-3.1-70B-Instruct,Llama,15-1252.00||NY||51||Y||III,8,8,-0.06787793292430466,-4.621374403805185,4.55349647088088,-191.875,-7514.125,7322.25
Llama-3.1-70B-Instruct,Llama,15-1252.00||NY||51||Y||IV,6,6,-8.943261034028255,-12.79519529656666,3.851934262538405,-16949.166666666668,-24258.666666666668,7309.5
Llama-3.1-70B-Instruct,Llama,15-1252.00||NY||52||Y||II,1,1,2.2136866746971524,23.487655022462633,-21.273968347765482,2922.0,31003.0,-28081.0
Llama-3.1-70B-Instruct,Llama,15-1252.00||NY||52||Y||III,2,2,-7.617611392680576,8.205590622182147,-15.823202014862723,-12249.5,13195.0,-25444.5
Llama-3.1-70B-Instruct,Llama,15-1252.00||NY||52||Y||IV,2,2,5.931434932517049,0.4789231613148228,5.452511771202226,7891.0,908.0,6983.0
Llama-3.1-70B-Instruct,Llama,15-1252.00||NY||54||Y||II,4,4,20.098540300174022,17.61233394403759,2.4862063561364316,25866.0,18477.5,7388.5
Llama-3.1-70B-Instruct,Llama,15-1252.00||NY||54||Y||III,5,5,2.5649440153836727,-5.195514913348625,7.760458928732298,3992.2,-10558.8,14551.0
Llama-3.1-70B-Instruct,Llama,15-1252.00||NY||54||Y||IV,5,5,-13.107804209585808,-13.058083548430679,-0.04972066115512952,-24670.0,-23644.4,-1025.5999999999985
Llama-3.1-70B-Instruct,Llama,15-1252.00||NY||62||Y||II,1,1,22.067791673493165,22.071432472284418,-0.003640798791252564,24245.0,24249.0,-4.0
Llama-3.1-70B-Instruct,Llama,15-1252.00||OH||54||Y||II,5,5,12.172035060396137,3.120545300373621,9.051489760022516,12045.2,3123.8,8921.400000000001
Llama-3.1-70B-Instruct,Llama,15-1252.00||OR||33||Y||III,1,1,-6.462585034013605,-18.818027210884352,12.355442176870747,-9880.0,-28769.0,18889.0
Llama-3.1-70B-Instruct,Llama,15-1252.00||PA||33||Y||II,1,1,13.034427694237971,-0.8430060539851609,13.877433748223131,13713.0,-926.0,14639.0
Llama-3.1-70B-Instruct,Llama,15-1252.00||PA||33||Y||III,1,1,-0.46536932412638626,7.228290437329985,-7.693659761456371,-556.0,8636.0,-9192.0
Llama-3.1-70B-Instruct,Llama,15-1252.00||PA||33||Y||IV,1,1,-15.512880628614463,-14.832772326863854,-0.6801083017506091,-21835.0,-20711.0,-1124.0
Llama-3.1-70B-Instruct,Llama,15-1252.00||PA||54||Y||IV,1,1,-4.719581681515268,-12.299593367926724,7.5800116864114555,-6643.0,-17967.0,11324.0
Llama-3.1-70B-Instruct,Llama,15-1252.00||SC||52||Y||III,1,1,-4.062574886173017,8.240037864307428,-12.302612750480446,-5425.0,9053.0,-14478.0
Llama-3.1-70B-Instruct,Llama,15-1252.00||TN||54||Y||II,1,1,15.08216076025316,15.08216076025316,0.0,15585.0,15585.0,0.0
Llama-3.1-70B-Instruct,Llama,15-1252.00||TN||54||Y||III,1,1,-11.54090588982978,1.6328602897221518,-13.173766179551931,-13438.0,1994.0,-15432.0
Llama-3.1-70B-Instruct,Llama,15-1252.00||TN||55||Y||III,1,1,9.821728342491218,-10.807668056044612,20.62939639853583,11994.0,-13198.0,25192.0
Llama-3.1-70B-Instruct,Llama,15-1252.00||TX||22||Y||III,1,1,4.907812292215868,-6.976071090529346,11.883883382745214,6274.0,-8918.0,15192.0
Llama-3.1-70B-Instruct,Llama,15-1252.00||TX||33||Y||III,1,1,-6.976071090529346,-11.892925146883405,4.916854056354059,-8918.0,-16052.0,7134.0
Llama-3.1-70B-Instruct,Llama,15-1252.00||TX||33||Y||IV,2,2,-17.99877713237542,-24.114338122898197,6.115560990522777,-29437.0,-39439.0,10002.0
Llama-3.1-70B-Instruct,Llama,15-1252.00||TX||44||Y||IV,2,2,-5.35945960041945,-21.0571690614491,15.697709461029648,-7889.5,-34439.0,26549.5
Llama-3.1-70B-Instruct,Llama,15-1252.00||TX||48||Y||II,1,1,5.309812881343925,-8.787403806133383,14.097216687477308,5996.0,-9923.0,15919.0
Llama-3.1-70B-Instruct,Llama,15-1252.00||TX||51||Y||I,1,1,64.05555346833478,22.481984445977123,41.57356902235766,51149.0,18906.0,32243.0
Llama-3.1-70B-Instruct,Llama,15-1252.00||TX||51||Y||II,1,1,44.346147374759795,3.6295031110026668,40.716644263757125,50077.0,4165.0,45912.0
Llama-3.1-70B-Instruct,Llama,15-1252.00||TX||51||Y||III,2,2,-2.9421134910462245,5.066098675317159,-8.008212166363384,-3971.0,7444.5,-11415.5
Llama-3.1-70B-Instruct,Llama,15-1252.00||TX||51||Y||IV,7,7,6.413551549233539,-5.8046361566114015,12.21818770584494,10066.0,-9455.285714285714,19521.285714285714
Llama-3.1-70B-Instruct,Llama,15-1252.00||TX||52||Y||I,1,1,39.27550829195165,13.994798295611753,25.2807099963399,33535.0,12645.0,20890.0
Llama-3.1-70B-Instruct,Llama,15-1252.00||TX||52||Y||II,1,1,14.44190129108242,19.47875986291544,-5.036858571833019,12998.0,21996.0,-8998.0
Llama-3.1-70B-Instruct,Llama,15-1252.00||TX||52||Y||III,4,4,3.237752421698036,-1.6215025884469838,4.85925501014502,4312.5,-2190.25,6502.75
Llama-3.1-70B-Instruct,Llama,15-1252.00||TX||52||Y||IV,5,5,5.302723526084694,-10.62927573521117,15.931999261295864,8040.8,-17018.4,25059.2
Llama-3.1-70B-Instruct,Llama,15-1252.00||TX||54||Y||I,5,5,29.03472380359485,20.90428183681282,8.13044196678203,25805.8,18116.8,7689.0
Llama-3.1-70B-Instruct,Llama,15-1252.00||TX||54||Y||II,16,16,12.544590561883204,0.9521145317348498,11.592476030148354,13849.9375,1098.125,12751.8125
Llama-3.1-70B-Instruct,Llama,15-1252.00||TX||54||Y||III,4,4,-4.247316080516409,-2.8876138726601774,-1.3597022078562317,-5787.5,-3559.5,-2228.0
Llama-3.1-70B-Instruct,Llama,15-1252.00||TX||54||Y||IV,6,6,4.975216253907553,-18.883528477718865,23.85874473162642,7704.833333333333,-30163.833333333332,37868.666666666664
Llama-3.1-70B-Instruct,Llama,15-1252.00||TX||55||Y||III,1,1,-0.6371739114328263,-8.128412770150625,7.491238858717798,-860.0,-10971.0,10111.0
Llama-3.1-70B-Instruct,Llama,15-1252.00||TX||55||Y||IV,2,2,8.74980370095787,16.76100300322044,-8.011199302262572,13726.0,25610.5,-11884.5
Llama-3.1-70B-Instruct,Llama,15-1252.00||TX||92||Y||II,1,1,17.112365063788026,1.149455823879989,15.962909239908036,18135.0,1298.0,16837.0
Llama-3.1-70B-Instruct,Llama,15-1252.00||UT||54||Y||III,2,2,1.947676214479475,4.138645567457983,-2.190969352978508,2501.0,4867.5,-2366.5
Llama-3.1-70B-Instruct,Llama,15-1252.00||VA||54||Y||I,2,2,32.23198351426233,32.29173842584893,-0.05975491158660162,32690.0,28522.0,4168.0
Llama-3.1-70B-Instruct,Llama,15-1252.00||VA||54||Y||II,1,1,10.713986463211404,-5.687207550162582,16.401194013373985,11508.0,-7171.0,18679.0
Llama-3.1-70B-Instruct,Llama,15-1252.00||VA||54||Y||III,1,1,8.120298756948221,-21.11927725228512,29.23957600923334,12242.0,-31839.0,44081.0
Llama-3.1-70B-Instruct,Llama,15-1252.00||VA||81||Y||III,2,2,-5.145995569057695,-3.7524407978056793,-1.393554771252016,-7758.0,-5426.5,-2331.5
Llama-3.1-70B-Instruct,Llama,15-1252.00||WA||33||Y||III,2,2,-7.0333683802777935,-13.976961358476878,6.943592978199084,-12710.0,-23728.5,11018.5
Llama-3.1-70B-Instruct,Llama,15-1252.00||WA||33||Y||IV,6,6,-21.72689936941099,-21.72689936941099,0.0,-45582.666666666664,-45582.666666666664,0.0
Llama-3.1-70B-Instruct,Llama,15-1252.00||WA||44||Y||III,1,1,-9.80023241657905,-9.80023241657905,0.0,-17710.0,-17710.0,0.0
Llama-3.1-70B-Instruct,Llama,15-1252.00||WA||45||Y||III,2,2,-9.80023241657905,-9.80023241657905,0.0,-17710.0,-17710.0,0.0
Llama-3.1-70B-Instruct,Llama,15-1252.00||WA||45||Y||IV,3,3,-13.604332978325681,-14.872194287364556,1.2678613090388744,-28868.666666666668,-31132.0,2263.333333333332
Llama-3.1-70B-Instruct,Llama,15-1252.00||WA||51||Y||II,3,3,4.752970606629142,-1.3932552157154783,6.14622582234462,7093.333333333333,-2246.3333333333335,9339.666666666666
Llama-3.1-70B-Instruct,Llama,15-1252.00||WA||51||Y||III,3,3,-9.80023241657905,-9.80023241657905,0.0,-17710.0,-17710.0,0.0
Llama-3.1-70B-Instruct,Llama,15-1252.00||WA||51||Y||IV,11,11,-19.220086606983614,-22.500944640227022,3.2808580332434083,-40500.545454545456,-47747.454545454544,7246.909090909088
Llama-3.1-70B-Instruct,Llama,15-1252.00||WA||52||Y||I,1,1,13.895659411120265,13.895659411120265,0.0,16362.0,16362.0,0.0
Llama-3.1-70B-Instruct,Llama,15-1252.00||WA||52||Y||II,1,1,9.220048244438487,-4.181184668989547,13.401232913428036,13760.0,-6240.0,20000.0
Llama-3.1-70B-Instruct,Llama,15-1252.00||WA||52||Y||III,2,2,-9.80023241657905,-9.80023241657905,0.0,-17710.0,-17710.0,0.0
Llama-3.1-70B-Instruct,Llama,15-1252.00||WA||52||Y||IV,1,1,-23.18639786618411,-18.473906937729144,-4.712490928454965,-49202.0,-39202.0,-10000.0
Llama-3.1-70B-Instruct,Llama,15-1252.00||WA||54||Y||II,4,4,13.986822729232262,-0.324437866788718,14.31126059602098,19750.5,-247.25,19997.75
Llama-3.1-70B-Instruct,Llama,15-1252.00||WA||54||Y||III,1,1,-9.80023241657905,-0.526052409954718,-9.274180006624333,-17710.0,-862.0,-16848.0
Llama-3.1-70B-Instruct,Llama,15-1252.00||WA||54||Y||IV,4,4,-14.939538741387924,-17.999624488085487,3.0600857466975633,-31702.0,-36854.25,5152.25
Llama-3.1-70B-Instruct,Llama,15-1252.00||WA||56||Y||III,2,2,-9.80023241657905,-9.80023241657905,0.0,-17710.0,-17710.0,0.0
Llama-3.1-70B-Instruct,Llama,15-1252.00||WI||33||Y||IV,1,1,8.850372603198526,-2.9516350374925127,11.802007640691038,11627.0,-3893.0,15520.0
Llama-3.1-70B-Instruct,Llama,15-1252.00||WI||54||Y||II,1,1,5.00239568572681,21.230872743213073,-16.228477057486263,4907.0,20826.0,-15919.0
Llama-3.1-70B-Instruct,Llama,15-1252||CA||54||Y||I,1,1,11.409570287135955,16.322677830816183,-4.913107543680228,16693.0,16687.0,6.0
Llama-3.1-70B-Instruct,Llama,15-1252||CA||54||Y||II,1,1,-13.178261541165755,-7.851774519151384,-5.326487022014371,-24741.0,-14741.0,-10000.0
Llama-3.1-70B-Instruct,Llama,15-1252||CA||54||Y||III,1,1,-23.498041019200667,-23.498041019200667,0.0,-53138.0,-53138.0,0.0
Llama-3.1-70B-Instruct,Llama,15-1253.00||CA||33||Y||IV,2,2,0.7059541549447377,-26.1102793790692,26.81623353401394,1124.0,-52495.5,53619.5
Llama-3.1-70B-Instruct,Llama,15-1253.00||CA||54||Y||I,1,1,73.10592383339352,16.900657140587228,56.20526669280629,68838.0,14891.0,53947.0
Llama-3.1-70B-Instruct,Llama,15-1253.00||IL||54||Y||II,1,1,29.666923985105804,16.92852601943511,12.738397965670693,26133.0,14912.0,11221.0
Llama-3.1-70B-Instruct,Llama,15-1253.00||MI||33||Y||IV,2,2,3.0267168281967596,2.577837572979213,0.44887925521754646,3644.5,3104.0,540.5
Llama-3.1-70B-Instruct,Llama,15-1253.00||MN||54||Y||IV,1,1,2.5848193909499293,-0.618178615183812,3.2029980061337415,3228.0,-772.0,4000.0
Llama-3.1-70B-Instruct,Llama,15-1255.00||CA||51||Y||IV,1,1,-8.440108586818589,-12.723612278663333,4.283503691844745,-15763.0,-23763.0,8000.0
Llama-3.1-70B-Instruct,Llama,15-1295.00||OH||62||Y||I,1,1,40.639294345754195,62.375575187405275,-21.73628084165108,29763.0,45682.0,-15919.0
Llama-3.1-70B-Instruct,Llama,15-1299.00||CA||54||Y||IV,1,1,-0.5344258416938181,11.831564459068572,-12.36599030076239,-994.0,22006.0,-23000.0
Llama-3.1-70B-Instruct,Llama,15-1299.00||MA||54||Y||II,1,1,58.00930376459929,58.00930376459929,0.0,52499.0,52499.0,0.0
Llama-3.1-70B-Instruct,Llama,15-1299.00||NC||33||Y||IV,1,1,1.5661067509499627,-21.22937293729373,22.79547968824369,2205.0,-33449.0,35654.0
Llama-3.1-70B-Instruct,Llama,15-1299.00||NJ||54||Y||II,1,1,35.1893707357259,51.03187511881878,-15.84250438309288,33318.0,48318.0,-15000.0
Llama-3.1-70B-Instruct,Llama,15-1299.00||TX||54||Y||IV,1,1,39.37282229965157,12.951285427205322,26.421536872446246,58760.0,18690.0,40070.0
Llama-3.1-70B-Instruct,Llama,15-1299.08||CA||33||Y||IV,1,1,-22.470892973980693,-14.068437287344217,-8.402455686636475,-50142.0,-28323.0,-21819.0
Llama-3.1-70B-Instruct,Llama,15-1299.08||CA||51||Y||III,1,1,-4.574363047663175,-4.574363047663175,0.0,-8293.0,-8293.0,0.0
Llama-3.1-70B-Instruct,Llama,15-1299.08||CA||54||Y||II,3,3,27.202982246563877,34.956345627311315,-7.753363380747437,33346.0,33825.666666666664,-479.66666666666424
Llama-3.1-70B-Instruct,Llama,15-1299.08||CA||54||Y||IV,2,2,0.2821498340193225,14.659414417341784,-14.37726458332246,-1568.0,20782.0,-22350.0
Llama-3.1-70B-Instruct,Llama,15-1299.08||NJ||54||Y||II,1,1,72.15521429627596,35.1893707357259,36.965843560550056,68318.0,33318.0,35000.0
Llama-3.1-70B-Instruct,Llama,15-1299.08||NY||52||Y||IV,1,1,16.37123051568181,16.37123051568181,0.0,26026.0,26026.0,0.0
Llama-3.1-70B-Instruct,Llama,15-1299.08||TN||44||Y||IV,1,1,52.37080447522643,26.71177410761854,25.659030367607887,49150.0,25069.0,24081.0
Llama-3.1-70B-Instruct,Llama,15-1299.08||TX||54||Y||III,1,1,54.65484257388568,8.057000067535625,46.597842506350055,61138.0,9544.0,51594.0
Llama-3.1-70B-Instruct,Llama,15-1299.09||CA||51||Y||III,2,2,-4.574363047663175,-4.574363047663175,0.0,-8293.0,-8293.0,0.0
Llama-3.1-70B-Instruct,Llama,15-1299.09||CA||51||Y||IV,1,1,-6.986246868178544,54.39535921463632,-61.38160608281487,-12994.0,60950.0,-73944.0
Llama-3.1-70B-Instruct,Llama,15-1299.09||CA||52||Y||IV,1,1,-22.470892973980693,-6.986246868178544,-15.484646105802149,-50142.0,-12994.0,-37148.0
Llama-3.1-70B-Instruct,Llama,15-1299.09||CA||54||Y||III,2,2,15.022771849340115,2.466238014932782,12.556533834407333,22595.0,2151.0,20444.0
Llama-3.1-70B-Instruct,Llama,15-1299.09||CO||51||Y||III,1,1,27.402474578125855,31.779449913243656,-4.376975335117802,35059.0,36997.0,-1938.0
Llama-3.1-70B-Instruct,Llama,15-1299.09||GA||52||Y||II,1,1,88.55919949100584,28.155678043075238,60.4035214479306,76555.0,22629.0,53926.0
Llama-3.1-70B-Instruct,Llama,15-1299.09||GA||52||Y||IV,1,1,43.541765597953464,-1.9622861169406105,45.504051714894075,56849.0,-2562.0,59411.0
Llama-3.1-70B-Instruct,Llama,15-1299.09||GA||54||Y||III,1,1,36.468105497908105,17.957129955581767,18.51097554232634,39573.0,19486.0,20087.0
Llama-3.1-70B-Instruct,Llama,15-1299.09||IL||33||Y||III,1,1,32.85024154589372,18.914901523597177,13.93534002229654,35360.0,20360.0,15000.0
Llama-3.1-70B-Instruct,Llama,15-1299.09||MA||54||Y||III,1,1,40.97053456372647,10.700787878263727,30.269746685462742,47373.0,12373.0,35000.0
Llama-3.1-70B-Instruct,Llama,15-1299.09||NJ||52||Y||IV,1,1,16.37123051568181,8.822826374124071,7.548404141557738,26026.0,14026.0,12000.0
Llama-3.1-70B-Instruct,Llama,15-1299.09||NJ||54||Y||III,2,2,48.81592416409321,17.95657657449814,30.85934758959507,56749.0,21552.5,35196.5
Llama-3.1-70B-Instruct,Llama,15-1299.09||NY||51||Y||IV,1,1,12.752399763483337,2.5324895894926214,10.219910173990716,20273.0,4026.0,16247.0
Llama-3.1-70B-Instruct,Llama,15-1299.09||NY||52||Y||IV,2,2,14.850758220581369,7.397436058726584,7.453322161854785,22990.0,11760.0,11230.0
Llama-3.1-70B-Instruct,Llama,15-1299.09||NY||54||Y||IV,1,1,12.752399763483337,12.752399763483337,0.0,20273.0,20273.0,0.0
Llama-3.1-70B-Instruct,Llama,15-1299.09||TX||22||Y||IV,1,1,16.42441341380665,8.549986598767086,7.874426815039564,22995.0,12760.0,10235.0
Llama-3.1-70B-Instruct,Llama,15-1299.09||TX||54||Y||III,1,1,35.909215978921566,10.589586006618491,25.319629972303076,43067.0,12544.0,30523.0
Llama-3.1-70B-Instruct,Llama,15-1299.09||TX||54||Y||IV,1,1,12.951285427205322,16.42441341380665,-3.4731279866013285,18690.0,22995.0,-4305.0
Llama-3.1-70B-Instruct,Llama,15-1299.09||WA||51||Y||II,1,1,46.339466628461494,46.122814881219185,0.2166517472423095,45282.0,51450.0,-6168.0
Llama-3.1-70B-Instruct,Llama,15-1299.09||WA||51||Y||IV,1,1,3.577928920394674,3.577928920394674,0.0,5976.0,5976.0,0.0
Llama-3.1-70B-Instruct,Llama,15-2021.00||NY||52||Y||IV,1,1,41.60511309273221,37.201576792070114,4.403536300662097,54355.0,48602.0,5753.0
Llama-3.1-70B-Instruct,Llama,15-2031.00||CA||51||Y||IV,5,5,11.255145322794451,20.09051748984034,-8.83537216704589,16683.8,26691.4,-10007.600000000002
Llama-3.1-70B-Instruct,Llama,15-2031.00||CA||52||Y||IV,1,1,-1.2692755005564063,9.61741504650334,-10.886690547059745,-1517.0,14301.0,-15818.0
Llama-3.1-70B-Instruct,Llama,15-2031.00||CA||54||Y||II,2,2,35.6902071756316,35.758451062079914,-0.06824388644831458,35221.0,36507.5,-1286.5
Llama-3.1-70B-Instruct,Llama,15-2031.00||CA||54||Y||III,7,7,33.33943746209643,23.708074523729014,9.631362938367413,39760.71428571428,26621.714285714286,13138.999999999996
Llama-3.1-70B-Instruct,Llama,15-2031.00||CA||54||Y||IV,3,3,10.327462739099241,11.053738515067872,-0.7262757759686309,15258.0,15656.333333333334,-398.33333333333394
Llama-3.1-70B-Instruct,Llama,15-2031.00||GA||44||Y||III,2,2,52.80199547834124,34.169477999056845,18.632517479284395,44217.5,28258.5,15959.0
Llama-3.1-70B-Instruct,Llama,15-2031.00||GA||44||Y||IV,1,1,21.549713584288053,27.41714402618658,-5.867430441898527,21067.0,26803.0,-5736.0
Llama-3.1-70B-Instruct,Llama,15-2031.00||IL||52||Y||IV,1,1,15.04332225806711,15.113313649930411,-0.06999139186330083,18699.0,18786.0,-87.0
Llama-3.1-70B-Instruct,Llama,15-2031.00||IL||54||Y||II,2,2,49.00353883404731,29.16686068169119,19.83667815235612,42096.0,25055.5,17040.5
Llama-3.1-70B-Instruct,Llama,15-2031.00||IL||54||Y||III,1,1,-1.999961941732793,21.786455062700995,-23.786417004433787,-2102.0,22898.0,-25000.0
Llama-3.1-70B-Instruct,Llama,15-2031.00||MA||54||Y||II,2,2,74.43882691452082,29.5438625166367,44.89496439788412,60871.5,25305.5,35566.0
Llama-3.1-70B-Instruct,Llama,15-2031.00||MO||54||Y||IV,1,1,50.89137303168339,50.89137303168339,0.0,40108.0,40108.0,0.0
Llama-3.1-70B-Instruct,Llama,15-2031.00||NC||52||Y||IV,2,2,-0.3008389013839411,23.34604171338865,-23.64688061477259,-366.5,24984.0,-25350.5
Llama-3.1-70B-Instruct,Llama,15-2031.00||NC||54||Y||IV,1,1,7.1706936866718625,4.426465518989395,2.7442281676824676,9568.0,4366.0,5202.0
Llama-3.1-70B-Instruct,Llama,15-2031.00||NJ||52||Y||II,1,1,78.59099375479347,47.82403856688945,30.766955187904024,71730.0,43649.0,28081.0
Llama-3.1-70B-Instruct,Llama,15-2031.00||NJ||54||Y||I,1,1,71.69844196953636,51.80545320560059,19.89298876393577,49378.0,35150.0,14228.0
Llama-3.1-70B-Instruct,Llama,15-2031.00||NJ||54||Y||III,1,1,-0.9418915061869344,9.941887859274383,-10.883779365461317,-1122.0,12027.0,-13149.0
Llama-3.1-70B-Instruct,Llama,15-2031.00||NJ||54||Y||IV,1,1,13.919892649720792,-0.058008288895256596,13.977900938616049,19917.0,-83.0,20000.0
Llama-3.1-70B-Instruct,Llama,15-2031.00||NY||54||Y||III,1,1,34.740809932794924,3.1193860643585944,31.62142386843633,42027.0,3577.0,38450.0
Llama-3.1-70B-Instruct,Llama,15-2031.00||NY||54||Y||IV,1,1,25.838355530765778,-2.730352211354021,28.5687077421198,37986.0,-4014.0,42000.0
Llama-3.1-70B-Instruct,Llama,15-2031.00||PA||54||Y||IV,1,1,37.82140713120091,12.455503978219145,25.365903152981762,44731.0,14731.0,30000.0
Llama-3.1-70B-Instruct,Llama,15-2031.00||TN||54||Y||II,1,1,57.10320002440438,57.75528020707295,-0.6520801826685698,37438.0,37709.0,-271.0
Llama-3.1-70B-Instruct,Llama,15-2031.00||TX||42||Y||IV,1,1,9.483695151816457,22.44747647719531,-12.963781325378852,10301.0,24382.0,-14081.0
Llama-3.1-70B-Instruct,Llama,15-2031.00||TX||52||Y||IV,1,1,-10.870747477188955,-6.338751586198562,-4.531995890990393,-14392.0,-8392.0,-6000.0
Llama-3.1-70B-Instruct,Llama,15-2031.00||TX||54||Y||II,1,1,56.46774075251204,15.483798632133647,40.983942120378394,46194.0,13810.0,32384.0
Llama-3.1-70B-Instruct,Llama,15-2031.00||TX||54||Y||III,2,2,22.0675605977327,15.439317811924345,6.6282427858083555,21100.5,15722.5,5378.0
Llama-3.1-70B-Instruct,Llama,15-2031.00||TX||54||Y||IV,1,1,8.012568735271014,-21.547718790463858,29.56028752573487,10608.0,-28290.0,38898.0
Llama-3.1-70B-Instruct,Llama,15-2031.00||VA||44||Y||III,1,1,14.183508068701741,-5.044834992853549,19.22834306155529,17763.0,-6318.0,24081.0
Llama-3.1-70B-Instruct,Llama,15-2031.00||WA||45||Y||I,1,1,128.2011550922665,45.09085786730525,83.11029722496124,91010.0,32010.0,59000.0
Llama-3.1-70B-Instruct,Llama,15-2031.00||WA||51||Y||IV,2,2,28.490466466282726,24.6663454405005,3.824121025782226,37251.0,32251.0,5000.0
Llama-3.1-70B-Instruct,Llama,15-2031.00||WA||52||Y||III,1,1,53.14655091418156,7.306311021277364,45.840239892904194,56566.0,8097.0,48469.0
Llama-3.1-70B-Instruct,Llama,15-2031.00||WA||54||Y||III,1,1,47.08270920936276,20.012271931565934,27.070437277796827,52178.0,22178.0,30000.0
Llama-3.1-70B-Instruct,Llama,15-2031||MA||54||Y||II,2,2,66.95075536460644,38.836481658766665,28.11427370583977,57346.0,33265.0,24081.0
Llama-3.1-70B-Instruct,Llama,15-2041.00||CA||33||Y||IV,1,1,-16.561728963829765,-16.561728963829765,0.0,-32354.0,-32354.0,0.0
Llama-3.1-70B-Instruct,Llama,15-2041.00||CA||52||Y||IV,1,1,21.477705487364084,-8.536927514112246,30.01463300147633,28819.0,-15214.0,44033.0
Llama-3.1-70B-Instruct,Llama,15-2041.00||CA||54||Y||II,3,3,35.62473212706424,17.06123815055076,18.56349397651348,35492.333333333336,17332.0,18160.333333333336
Llama-3.1-70B-Instruct,Llama,15-2041.00||CA||54||Y||III,3,3,12.55164707040012,3.944609420373379,8.607037650026742,17326.666666666668,4735.333333333333,12591.333333333336
Llama-3.1-70B-Instruct,Llama,15-2041.00||FL||52||Y||II,2,2,21.3814495831367,2.7259765446496083,18.65547303848709,21747.5,2713.0,19034.5
Llama-3.1-70B-Instruct,Llama,15-2041.00||IL||52||Y||IV,1,1,-10.150136223987015,18.998648410413118,-29.148784634400133,-14008.0,25864.0,-39872.0
Llama-3.1-70B-Instruct,Llama,15-2041.00||NC||54||Y||III,1,1,1.558667343724449,-15.53748357541106,17.096150919135507,1811.0,-21876.0,23687.0
Llama-3.1-70B-Instruct,Llama,15-2041.00||NJ||54||Y||II,1,1,4.457132740229275,-7.058165346230893,11.515298086460167,5035.0,-7822.0,12857.0
Llama-3.1-70B-Instruct,Llama,15-2041.00||NJ||54||Y||III,1,1,-11.340763162087093,-17.630720425564338,6.289957263477245,-16373.0,-25454.0,9081.0
Llama-3.1-70B-Instruct,Llama,15-2041.00||NJ||54||Y||IV,1,1,-7.270979229837127,-7.839868927813586,0.5688896979764593,-12781.0,-13781.0,1000.0
Llama-3.1-70B-Instruct,Llama,15-2041.00||NY||52||Y||II,1,1,26.587881202142256,26.587881202142256,0.0,30035.0,30035.0,0.0
Llama-3.1-70B-Instruct,Llama,15-2041.00||NY||52||Y||III,4,4,12.901996910779717,12.26693487324942,0.6350620375302967,18627.0,17678.0,949.0
Llama-3.1-70B-Instruct,Llama,15-2041.00||NY||52||Y||IV,1,1,-6.696661114259383,1.971771693186408,-8.668432807445791,-11699.0,3466.0,-15165.0
Llama-3.1-70B-Instruct,Llama,15-2041.00||NY||54||Y||II,1,1,4.457132740229275,26.587881202142256,-22.13074846191298,5035.0,30035.0,-25000.0
Llama-3.1-70B-Instruct,Llama,15-2041.00||NY||54||Y||III,1,1,12.901996910779717,-7.1848614353099265,20.08685834608964,18627.0,-10373.0,29000.0
Llama-3.1-70B-Instruct,Llama,15-2041.00||TX||54||Y||I,1,1,76.02504514639273,35.4461174304688,40.578927715923925,51361.0,26955.0,24406.0
Llama-3.1-70B-Instruct,Llama,15-2041.00||TX||54||Y||IV,2,2,3.3114630753039975,0.1438816053027434,3.167581470001254,4020.5,-737.5,4758.0
Llama-3.1-70B-Instruct,Llama,15-2041.00||WA||51||Y||IV,1,1,27.63091956903032,40.15910799298421,-12.528188423953893,35288.0,51288.0,-16000.0
Llama-3.1-70B-Instruct,Llama,15-2041.01||CA||54||Y||III,1,1,16.51096132264959,3.0511793965233367,13.459781926126253,23099.0,3521.0,19578.0
Llama-3.1-70B-Instruct,Llama,15-2051.00||CA||33||Y||I,1,1,57.45445412569309,20.687924488589907,36.76652963710318,59478.0,25556.0,33922.0
Llama-3.1-70B-Instruct,Llama,15-2051.00||CA||33||Y||II,1,1,6.754658385093168,-26.501399853130163,33.25605823822333,9048.0,-46193.0,55241.0
Llama-3.1-70B-Instruct,Llama,15-2051.00||CA||33||Y||IV,1,1,2.63966550803486,8.936577502392826,-6.296911994357966,4192.0,14192.0,-10000.0
Llama-3.1-70B-Instruct,Llama,15-2051.00||CA||45||Y||I,1,1,40.760379369721484,38.97059450426716,1.7897848654543225,29826.0,45709.0,-15883.0
Llama-3.1-70B-Instruct,Llama,15-2051.00||CA||45||Y||II,1,1,-19.106847806131817,9.61741504650334,-28.724262852635157,-33304.0,14301.0,-47605.0
Llama-3.1-70B-Instruct,Llama,15-2051.00||CA||45||Y||III,2,2,-5.1357765806747615,-6.936004817430339,1.8002282367555775,-8522.5,-11403.0,2880.5
Llama-3.1-70B-Instruct,Llama,15-2051.00||CA||51||Y||I,1,1,38.97059450426716,84.0110791322378,-45.040484627970635,45709.0,54293.0,-8584.0
Llama-3.1-70B-Instruct,Llama,15-2051.00||CA||51||Y||II,1,1,21.68537983755375,5.26158623984711,16.42379359770664,29048.0,7048.0,22000.0
Llama-3.1-70B-Instruct,Llama,15-2051.00||CA||51||Y||IV,1,1,-11.206462937680282,-11.206462937680282,0.0,-21834.0,-21834.0,0.0
Llama-3.1-70B-Instruct,Llama,15-2051.00||CA||52||Y||II,1,1,26.949017897475038,0.12168537983755374,26.827332517637483,34602.0,163.0,34439.0
Llama-3.1-70B-Instruct,Llama,15-2051.00||CA||52||Y||III,3,2,-0.38213563327795946,2.18791627890002,-2.5700519121779792,-692.0,3597.0,-4289.0
Llama-3.1-70B-Instruct,Llama,15-2051.00||CA||52||Y||IV,2,2,-13.772750136013222,-9.783629962910263,-3.9891201731029593,-26834.0,-15846.5,-10987.5
Llama-3.1-70B-Instruct,Llama,15-2051.00||CA||54||Y||I,1,1,56.48847587952319,35.00406322908748,21.484412650435715,58478.0,26706.0,31772.0
Llama-3.1-70B-Instruct,Llama,15-2051.00||CA||54||Y||II,3,3,3.547290571747093,15.632669400039603,-12.08537882829251,4751.666666666667,18312.666666666668,-13561.0
Llama-3.1-70B-Instruct,Llama,15-2051.00||CA||54||Y||IV,1,1,-10.118856812424967,-25.117752254294494,14.998895441869527,-16099.0,-39889.0,23790.0
Llama-3.1-70B-Instruct,Llama,15-2051.00||CA||56||Y||III,1,1,-0.8533907532100996,-1.742534735549244,0.8891439823391444,-1403.0,-2270.0,867.0
Llama-3.1-70B-Instruct,Llama,15-2051.00||CA||61||Y||I,1,1,41.36312481128709,50.19393974744087,-8.830814936153779,30138.0,34422.0,-4284.0
Llama-3.1-70B-Instruct,Llama,15-2051.00||CO||33||Y||IV,1,1,5.915726633731566,-27.01490981128141,32.93063644501298,7987.0,-49229.0,57216.0
Llama-3.1-70B-Instruct,Llama,15-2051.00||CT||52||Y||IV,1,1,-9.98914372878561,-24.337670169130906,14.348526440345296,-14538.0,-42781.0,28243.0
Llama-3.1-70B-Instruct,Llama,15-2051.00||DC||54||Y||II,1,1,16.370677683954494,2.5703171495355317,13.800360534418962,18980.0,2980.0,16000.0
Llama-3.1-70B-Instruct,Llama,15-2051.00||DE||52||Y||I,1,1,39.294601319917774,55.52309856107325,-16.228497241155473,29056.0,41056.0,-12000.0
Llama-3.1-70B-Instruct,Llama,15-2051.00||GA||52||Y||II,1,1,25.566646093600358,13.239077376371512,12.327568717228846,24026.0,12042.0,11984.0
Llama-3.1-70B-Instruct,Llama,15-2051.00||GA||52||Y||IV,1,1,5.509359344218751,-3.344572908442962,8.853932252661714,7467.0,-4533.0,12000.0
Llama-3.1-70B-Instruct,Llama,15-2051.00||GA||54||Y||III,1,1,14.15724070620632,3.6295031110026668,10.527737595203654,16246.0,4165.0,12081.0
Llama-3.1-70B-Instruct,Llama,15-2051.00||IL||51||Y||III,1,1,9.570250422389133,-11.461825433665137,21.03207585605427,11442.0,-13334.0,24776.0
Llama-3.1-70B-Instruct,Llama,15-2051.00||IL||52||Y||II,1,1,25.566646093600358,32.17130241003632,-6.60465631643596,24026.0,31183.0,-7157.0
Llama-3.1-70B-Instruct,Llama,15-2051.00||IL||52||Y||IV,1,1,0.5555164896983334,14.619225089656142,-14.063708599957808,790.0,20790.0,-20000.0
Llama-3.1-70B-Instruct,Llama,15-2051.00||IL||54||Y||I,1,1,60.62798558538425,38.670113224820604,21.95787236056365,43406.0,28723.0,14683.0
Llama-3.1-70B-Instruct,Llama,15-2051.00||IL||54||Y||II,2,2,28.91991994057445,25.350775833608452,3.5691441069659966,28031.5,24572.0,3459.5
Llama-3.1-70B-Instruct,Llama,15-2051.00||IL||54||Y||IV,2,2,-7.882708670276352,1.9618873496941136,-9.844596019970465,-11210.0,2790.0,-14000.0
Llama-3.1-70B-Instruct,Llama,15-2051.00||IL||55||Y||III,1,1,-1.303133207313605,-13.849345087739842,12.546211880426236,-1558.0,-16558.0,15000.0
Llama-3.1-70B-Instruct,Llama,15-2051.00||IL||61||Y||I,1,1,83.12698266038375,35.746404262527335,47.38057839785641,53981.0,23213.0,30768.0
Llama-3.1-70B-Instruct,Llama,15-2051.00||IL||81||Y||III,1,1,9.570250422389133,-0.5344686261061576,10.10471904849529,11442.0,-639.0,12081.0
Llama-3.1-70B-Instruct,Llama,15-2051.00||IN||33||Y||III,1,1,7.277139554018727,7.277139554018727,0.0,6987.0,6987.0,0.0
Llama-3.1-70B-Instruct,Llama,15-2051.00||MA||32||Y||IV,2,2,-11.620921738163075,5.155390550220964,-16.776312288384037,-18803.0,7717.5,-26520.5
Llama-3.1-70B-Instruct,Llama,15-2051.00||MA||44||Y||III,1,1,-5.035303669551854,3.6637524828556103,-8.699056152407465,-6946.0,5054.0,-12000.0
Llama-3.1-70B-Instruct,Llama,15-2051.00||MA||51||Y||III,1,1,-2.7800733620402185,-7.210067707653719,4.429994345613501,-3835.0,-9946.0,6111.0
Llama-3.1-70B-Instruct,Llama,15-2051.00||MA||52||Y||II,1,1,25.341841385597082,3.42893205245074,21.91290933314634,28912.0,3912.0,25000.0
Llama-3.1-70B-Instruct,Llama,15-2051.00||MA||52||Y||IV,2,2,3.8299660698503737,-5.749584371117964,9.579550440968339,6197.0,-9303.0,15500.0
Llama-3.1-70B-Instruct,Llama,15-2051.00||MA||61||Y||I,1,1,26.955784601307894,92.41637288409268,-65.46058828278478,20033.0,68682.0,-48649.0
Llama-3.1-70B-Instruct,Llama,15-2051.00||MA||62||Y||I,1,1,58.77714685540515,18.613256546193384,40.163890309211766,43682.0,13833.0,29849.0
Llama-3.1-70B-Instruct,Llama,15-2051.00||MA||62||Y||II,1,1,65.4632972322503,53.89243728593909,11.57085994631121,56576.0,46576.0,10000.0
Llama-3.1-70B-Instruct,Llama,15-2051.00||MI||54||Y||II,1,1,30.27915154121501,23.860602708097836,6.418548833117175,23939.0,19842.0,4097.0
Llama-3.1-70B-Instruct,Llama,15-2051.00||NC||51||Y||III,1,1,-8.420995887689251,-20.680148474440525,12.259152586751274,-10935.0,-26854.0,15919.0
Llama-3.1-70B-Instruct,Llama,15-2051.00||NC||52||Y||IV,1,1,-14.91406970551175,-13.615047868954678,-1.2990218365570723,-22962.0,-20962.0,-2000.0
Llama-3.1-70B-Instruct,Llama,15-2051.00||NC||54||Y||II,7,6,34.71812074975825,22.795013843876664,11.923106905881586,31185.0,19582.666666666668,11602.333333333332
Llama-3.1-70B-Instruct,Llama,15-2051.00||NC||54||Y||III,1,1,4.920598225241406,-8.416765955933348,13.337364181174754,5534.0,-9466.0,15000.0
Llama-3.1-70B-Instruct,Llama,15-2051.00||NC||54||Y||IV,1,1,18.37671392052057,-13.615047868954678,31.991761789475248,25304.0,-20962.0,46266.0
Llama-3.1-70B-Instruct,Llama,15-2051.00||NJ||52||Y||II,1,1,16.90458576504005,8.61075339525623,8.29383236978382,18509.0,9428.0,9081.0
Llama-3.1-70B-Instruct,Llama,15-2051.00||NJ||52||Y||IV,1,1,-15.654620416300482,-15.654620416300482,0.0,-26541.0,-26541.0,0.0
Llama-3.1-70B-Instruct,Llama,15-2051.00||NJ||54||Y||II,6,6,14.365279201679291,6.187570972347803,8.177708229331488,15738.666666666666,6774.833333333333,8963.833333333332
Llama-3.1-70B-Instruct,Llama,15-2051.00||NJ||54||Y||IV,3,3,-0.7670537746618861,1.103515772364033,-1.870569547025919,-1569.6666666666667,1706.3333333333333,-3276.0
Llama-3.1-70B-Instruct,Llama,15-2051.00||NV||52||Y||I,1,1,71.11055735526206,71.11055735526206,0.0,42805.0,42805.0,0.0
Llama-3.1-70B-Instruct,Llama,15-2051.00||NY||51||Y||II,1,1,19.778325563117374,7.771415002146295,12.006910560971079,22145.0,8509.0,13636.0
Llama-3.1-70B-Instruct,Llama,15-2051.00||NY||51||Y||III,2,2,-4.982222986824939,-4.86952912012816,-0.11269386669677939,-6950.5,-6782.5,-168.0
Llama-3.1-70B-Instruct,Llama,15-2051.00||NY||52||Y||II,3,3,23.3328157869901,40.04195169770423,-16.709135910714128,25547.333333333332,43842.333333333336,-18295.000000000004
Llama-3.1-70B-Instruct,Llama,15-2051.00||NY||52||Y||III,4,4,16.661648961334993,1.8083451607816157,14.853303800553377,23244.0,2522.75,20721.25
Llama-3.1-70B-Instruct,Llama,15-2051.00||NY||52||Y||IV,4,4,-4.152977745796003,3.8947623602521215,-8.047740106048124,-7041.0,6604.75,-13645.75
Llama-3.1-70B-Instruct,Llama,15-2051.00||NY||54||Y||II,6,6,23.812554899087697,25.125338636528145,-1.3127837374404479,23944.333333333332,21721.666666666668,2222.6666666666642
Llama-3.1-70B-Instruct,Llama,15-2051.00||NY||54||Y||IV,2,2,-10.875833771924503,-3.8580638311676823,-7.017769940756821,-18457.0,-6541.0,-11916.0
Llama-3.1-70B-Instruct,Llama,15-2051.00||NY||62||Y||II,1,1,23.22382661588624,23.22382661588624,0.0,25428.0,25428.0,0.0
Llama-3.1-70B-Instruct,Llama,15-2051.00||OH||42||Y||III,2,2,15.009226884226884,0.8123715376333561,14.196855346593528,15453.5,830.0,14623.5
Llama-3.1-70B-Instruct,Llama,15-2051.00||PA||48||Y||III,1,1,0.7088294574956386,-12.772480140919022,13.481309598414661,837.0,-15082.0,15919.0
Llama-3.1-70B-Instruct,Llama,15-2051.00||PA||54||Y||I,1,1,73.103970572325,39.294601319917774,33.80936925240722,54056.0,29056.0,25000.0
Llama-3.1-70B-Instruct,Llama,15-2051.00||PA||54||Y||II,2,2,39.10211283903711,15.567162780040203,23.53495005899691,33988.0,14946.5,19041.5
Llama-3.1-70B-Instruct,Llama,15-2051.00||PA||61||Y||I,1,1,100.1593501622651,40.57987912707204,59.57947103519306,51541.0,20882.0,30659.0
Llama-3.1-70B-Instruct,Llama,15-2051.00||TX||33||Y||IV,2,2,-8.917321651537502,0.5059306826786998,-9.423252334216203,-12942.5,691.5,-13634.0
Llama-3.1-70B-Instruct,Llama,15-2051.00||TX||42||Y||III,2,2,-2.2419365928454384,11.720316281036336,-13.962252873881773,-2792.5,13764.5,-16557.0
Llama-3.1-70B-Instruct,Llama,15-2051.00||TX||42||Y||IV,2,2,-3.8597293281610314,-9.92626662559701,6.066537297435979,-5741.0,-13910.5,8169.5
Llama-3.1-70B-Instruct,Llama,15-2051.00||TX||45||Y||II,2,2,17.60133148626157,15.063415040506488,2.5379164457550836,17661.0,14466.0,3195.0
Llama-3.1-70B-Instruct,Llama,15-2051.00||TX||51||Y||II,1,1,23.69168518721534,26.99916051402372,-3.3074753268083796,23772.0,25086.0,-1314.0
Llama-3.1-70B-Instruct,Llama,15-2051.00||TX||52||Y||II,3,3,32.075028344134246,39.186815780522174,-7.111787436387928,30967.666666666668,37632.666666666664,-6664.999999999996
Llama-3.1-70B-Instruct,Llama,15-2051.00||TX||52||Y||III,3,3,6.515662542510213,17.452552336720178,-10.936889794209964,7746.666666666667,20726.666666666668,-12980.0
Llama-3.1-70B-Instruct,Llama,15-2051.00||TX||52||Y||IV,5,5,-5.9059200270855525,-2.965813314436704,-2.9401067126488485,-8373.0,-3994.2,-4378.8
Llama-3.1-70B-Instruct,Llama,15-2051.00||TX||54||Y||I,2,2,65.55151064789739,48.30932816274952,17.242182485147865,46857.5,33372.0,13485.5
Llama-3.1-70B-Instruct,Llama,15-2051.00||TX||54||Y||II,8,7,28.069833095605908,16.419101760727337,11.650731334878571,25891.25,15108.57142857143,10782.67857142857
Llama-3.1-70B-Instruct,Llama,15-2051.00||TX||54||Y||III,1,1,6.924238882195328,-7.389091693790573,14.313330575985901,7701.0,-8218.0,15919.0
Llama-3.1-70B-Instruct,Llama,15-2051.00||TX||54||Y||IV,3,3,-9.252335657963926,-10.441090740349349,1.1887550823854234,-13456.666666666666,-15268.333333333334,1811.6666666666679
Llama-3.1-70B-Instruct,Llama,15-2051.00||VA||52||Y||II,1,1,23.34072227636947,15.587101201925247,7.753621074444222,27061.0,17261.0,9800.0
Llama-3.1-70B-Instruct,Llama,15-2051.00||VA||52||Y||IV,1,1,-4.791706891615678,-2.3121456567860097,-2.479561234829668,-7197.0,-3858.0,-3339.0
Llama-3.1-70B-Instruct,Llama,15-2051.00||WA||51||Y||III,1,1,-0.1971565373923905,-5.289859391868174,5.0927028544757835,-322.0,-7987.0,7665.0
Llama-3.1-70B-Instruct,Llama,15-2051.00||WA||51||Y||IV,1,1,-17.222746985993886,-27.552415554986627,10.32966856899274,-33914.0,-50581.0,16667.0
Llama-3.1-70B-Instruct,Llama,15-2051.00||WA||52||Y||III,1,1,-0.1971565373923905,-19.4413960357138,19.24423949832141,-322.0,-28699.0,28377.0
Llama-3.1-70B-Instruct,Llama,15-2051.00||WA||54||Y||III,1,1,-0.1971565373923905,-0.1971565373923905,0.0,-322.0,-322.0,0.0
Llama-3.1-70B-Instruct,Llama,15-2051.00||WI||54||Y||II,1,1,26.459797739187767,9.531354679541032,16.928443059646735,24882.0,8963.0,15919.0
Llama-3.1-70B-Instruct,Llama,15-2051.01||AR||45||Y||III,1,1,25.570776255707763,4.692355773886556,20.87842048182121,29120.0,5330.0,23790.0
Llama-3.1-70B-Instruct,Llama,15-2051.01||AR||45||Y||IV,1,1,22.906628663635473,-3.4006680691594844,26.307296732794956,30379.0,-4510.0,34889.0
Llama-3.1-70B-Instruct,Llama,15-2051.01||CA||51||Y||III,1,1,2.7470657203010553,-18.42302147771026,21.170087198011316,4358.0,-30288.0,34646.0
Llama-3.1-70B-Instruct,Llama,15-2051.01||CA||51||Y||IV,3,3,-24.529329825821737,-19.215181107328334,-5.314148718493403,-58839.333333333336,-36851.0,-21988.333333333336
Llama-3.1-70B-Instruct,Llama,15-2051.01||CA||52||Y||II,1,1,21.68537983755375,29.15074056378404,-7.465360726230291,29048.0,39048.0,-10000.0
Llama-3.1-70B-Instruct,Llama,15-2051.01||CA||54||Y||I,1,1,122.75671686664663,13.019454801877862,109.73726206476877,89826.0,13478.0,76348.0
Llama-3.1-70B-Instruct,Llama,15-2051.01||CA||54||Y||IV,3,3,-12.499886250902506,-13.30779291642373,0.8079066655212248,-23158.666666666668,-23825.333333333332,666.6666666666642
Llama-3.1-70B-Instruct,Llama,15-2051.01||CT||54||Y||IV,1,1,17.31345002303086,-7.876554583141409,25.19000460617227,24056.0,-10944.0,35000.0
Llama-3.1-70B-Instruct,Llama,15-2051.01||MA||61||Y||II,1,1,3.42893205245074,19.17985744700546,-15.75092539455472,3912.0,16576.0,-12664.0
Llama-3.1-70B-Instruct,Llama,15-2051.01||NC||52||Y||IV,1,1,-4.316307582527185,-22.760811109234748,18.444503526707564,-5323.0,-35043.0,29720.0
Llama-3.1-70B-Instruct,Llama,15-2051.01||NC||54||Y||II,1,1,-2.597709627696294,-2.597709627696294,0.0,-2747.0,-2747.0,0.0
Llama-3.1-70B-Instruct,Llama,15-2051.01||NJ||54||Y||II,1,1,16.90458576504005,30.60434190938068,-13.699756144340629,18509.0,33509.0,-15000.0
Llama-3.1-70B-Instruct,Llama,15-2051.01||NY||52||Y||II,1,1,30.60434190938068,5.031463773278169,25.57287813610251,33509.0,5509.0,28000.0
Llama-3.1-70B-Instruct,Llama,15-2051.01||NY||54||Y||II,2,2,30.60434190938068,14.716873742360711,15.887468167019968,33509.0,16190.5,17318.5
Llama-3.1-70B-Instruct,Llama,15-2051.01||TX||22||Y||IV,1,1,16.337993990393194,9.062733207387337,7.275260783005857,22891.0,13480.0,9411.0
Llama-3.1-70B-Instruct,Llama,15-2051.01||TX||33||Y||II,1,1,23.830101838932045,27.567546018995603,-3.7374441800635587,22885.0,27661.0,-4776.0
Llama-3.1-70B-Instruct,Llama,15-2051.01||TX||33||Y||III,1,1,7.69694049626596,-4.505741588372279,12.20268208463824,9585.0,-5611.0,15196.0
Llama-3.1-70B-Instruct,Llama,15-2051.01||TX||51||Y||III,1,1,-5.243716373564603,1.6680452164323132,-6.9117615899969165,-6530.0,1936.0,-8466.0
Llama-3.1-70B-Instruct,Llama,15-2051.01||TX||51||Y||IV,1,1,14.972526503636095,-3.8158072709238193,18.788333774559913,21227.0,-5078.0,26305.0
Llama-3.1-70B-Instruct,Llama,15-2051.01||TX||54||Y||I,1,1,83.32695409683681,40.79886267326462,42.52809142357219,60957.0,29846.0,31111.0
Llama-3.1-70B-Instruct,Llama,15-2051.01||TX||55||Y||III,1,1,37.09806296417788,0.021868402681402607,37.07619456149647,44107.0,26.0,44081.0
Llama-3.1-70B-Instruct,Llama,15-2051.02||NY||54||Y||II,1,1,85.06056527590847,47.37866300366301,37.681902272245466,65728.0,33112.0,32616.0
Llama-3.1-70B-Instruct,Llama,15-2051.02||NY||62||Y||III,1,1,41.647831689233435,-17.566269551130418,59.21410124036385,39433.0,-24506.0,63939.0
Llama-3.1-70B-Instruct,Llama,17-2011.00||TX||54||Y||I,1,1,54.597937252697356,18.79797113725814,35.79996611543922,50502.0,18197.0,32305.0
Llama-3.1-70B-Instruct,Llama,17-2031.00||CA||33||Y||III,2,2,23.253218741151585,3.969257672394169,19.283961068757417,27922.0,4050.5,23871.5
Llama-3.1-70B-Instruct,Llama,17-2031.00||CA||54||Y||III,1,1,17.453775094035077,9.495288875903878,7.958486218131199,24222.0,11700.0,12522.0
Llama-3.1-70B-Instruct,Llama,17-2061.00||CA||33||Y||IV,1,1,-9.403719674201838,-29.00387647545625,19.60015680125441,-21590.0,-66590.0,45000.0
Llama-3.1-70B-Instruct,Llama,17-2061.00||MA||54||Y||II,1,1,9.986504723346828,-3.508771929824561,13.49527665317139,14800.0,-5200.0,20000.0
Llama-3.1-70B-Instruct,Llama,17-2061.00||TX||54||Y||II,1,1,5.173831907950013,8.01870073756519,-2.8448688296151774,5850.0,9502.0,-3652.0
Llama-3.1-70B-Instruct,Llama,17-2071.00||CA||33||Y||II,1,1,28.745318352059925,-4.517515068329653,33.262833420389576,31928.0,-6056.0,37984.0
Llama-3.1-70B-Instruct,Llama,17-2071.00||CA||33||Y||IV,1,1,-13.206924277034979,3.685609963996285,-16.892534241031264,-24803.0,5794.0,-30597.0
Llama-3.1-70B-Instruct,Llama,17-2071.00||CA||54||Y||II,1,1,1.9450872474826444,7.064786804955344,-5.1196995574727,3110.0,7847.0,-4737.0
Llama-3.1-70B-Instruct,Llama,17-2071.00||IL||33||Y||IV,2,2,1.8105870029033673,-6.829046386376624,8.639633389279991,1790.0,-9470.0,11260.0
Llama-3.1-70B-Instruct,Llama,17-2071.00||IL||54||Y||III,1,1,20.677142230248613,16.69203450025368,3.985107729994933,24502.0,16450.0,8052.0
Llama-3.1-70B-Instruct,Llama,17-2071.00||IN||32||Y||III,1,1,20.881080160913154,14.781432270434447,6.099647890478707,23306.0,16498.0,6808.0
Llama-3.1-70B-Instruct,Llama,17-2071.00||MI||33||Y||II,1,1,13.540081309288022,23.964349004482436,-10.424267695194414,12989.0,22989.0,-10000.0
Llama-3.1-70B-Instruct,Llama,17-2071.00||MI||54||Y||I,1,1,25.81074643638007,28.42092138894084,-2.6101749525607687,21131.0,22795.0,-1664.0
Llama-3.1-70B-Instruct,Llama,17-2072.00||CA||33||Y||III,6,6,-7.383064332640514,-4.122901476014203,-3.2601628566263114,-13727.666666666666,-8324.333333333334,-5403.333333333332
Llama-3.1-70B-Instruct,Llama,17-2072.00||CA||33||Y||IV,5,5,-8.858943425863243,-22.717743913443876,13.858800487580632,-18716.8,-49091.0,30374.2
Llama-3.1-70B-Instruct,Llama,17-2072.00||CA||54||Y||III,1,1,-7.2246771633274705,-12.587412587412587,5.362735424085116,-13472.0,-23472.0,10000.0
Llama-3.1-70B-Instruct,Llama,17-2072.00||ID||33||Y||III,1,1,22.708796686862488,14.003182759414065,8.705613927448423,23688.0,14607.0,9081.0
Llama-3.1-70B-Instruct,Llama,17-2072.00||TX||33||Y||IV,1,1,1.1297997878135488,-23.066900774914846,24.196700562728395,1821.0,-37179.0,39000.0
Llama-3.1-70B-Instruct,Llama,17-2074.00||TN||54||Y||II,1,1,51.297041628719995,51.297041628719995,0.0,34922.0,34922.0,0.0
Llama-3.1-70B-Instruct,Llama,17-2112.00||AR||45||Y||III,3,3,10.381865894489186,2.199592988960154,8.182272905529032,11473.0,2474.6666666666665,8998.333333333334
Llama-3.1-70B-Instruct,Llama,17-2112.00||AR||45||Y||IV,1,1,29.55118066428759,13.655330276031442,15.895850388256147,37181.0,17181.0,20000.0
Llama-3.1-70B-Instruct,Llama,17-2112.00||CA||33||Y||III,2,2,12.255087634723322,6.375974871594828,5.879112763128495,17795.0,9251.0,8544.0
Llama-3.1-70B-Instruct,Llama,17-2112.00||CA||33||Y||IV,2,2,5.765554052580853,-3.315156893894174,9.080710946475026,7489.0,-5605.0,13094.0
Llama-3.1-70B-Instruct,Llama,17-2112.00||CA||54||Y||III,1,1,12.255087634723322,12.255087634723322,0.0,17795.0,17795.0,0.0
Llama-3.1-70B-Instruct,Llama,17-2112.00||IN||33||Y||III,1,1,28.853194399742517,13.316317549727161,15.536876850015355,28687.0,12104.0,16583.0
Llama-3.1-70B-Instruct,Llama,17-2112.00||OH||32||Y||IV,1,1,6.431004403090471,9.792081246140123,-3.361076843049652,7741.0,11416.0,-3675.0
Llama-3.1-70B-Instruct,Llama,17-2112.00||TX||33||Y||IV,1,1,-15.19518411468476,1.526062713050545,-16.721246827735307,-22238.0,2028.0,-24266.0
Llama-3.1-70B-Instruct,Llama,17-2112.02||CA||33||Y||IV,1,1,-0.018401521192418575,14.67002469274765,-14.688426213940067,-30.0,20853.0,-20883.0
Llama-3.1-70B-Instruct,Llama,17-2112.02||IN||33||Y||IV,1,1,2.630530091669988,2.630530091669988,0.0,2640.0,2640.0,0.0
Llama-3.1-70B-Instruct,Llama,17-2141.00||CA||33||Y||III,1,1,35.0892168969261,-12.979625007256052,48.06884190418215,42339.0,-20124.0,62463.0
Llama-3.1-70B-Instruct,Llama,17-2141.00||CA||54||Y||IV,4,4,-5.602251115658589,-16.010813668406577,10.408562552747988,-11990.5,-27353.0,15362.5
Llama-3.1-70B-Instruct,Llama,17-2141.00||NY||33||Y||IV,1,1,5.769230769230769,36.11140194744006,-30.342171178209288,7800.0,37939.0,-30139.0
Llama-3.1-70B-Instruct,Llama,17-2141.00||TN||33||Y||IV,1,1,8.954601894847851,2.1642960582435675,6.790305836604284,10529.0,2182.0,8347.0
Llama-3.1-70B-Instruct,Llama,17-2141.02||CA||33||Y||IV,1,1,-6.940630405864453,-18.3589579634271,11.418327557562645,-12157.0,-32157.0,20000.0
Llama-3.1-70B-Instruct,Llama,17-2141.02||MI||33||Y||II,1,1,26.99322953375622,9.993379039319963,16.99985049443626,25277.0,9358.0,15919.0
Llama-3.1-70B-Instruct,Llama,17-2141.02||MI||33||Y||III,1,1,22.462378552122143,8.589926218131346,13.872452333990797,24599.0,9407.0,15192.0
Llama-3.1-70B-Instruct,Llama,17-2199.05||CA||33||Y||II,1,1,22.19806582202564,10.459682215991164,11.738383606034477,29610.0,13541.0,16069.0
Llama-3.1-70B-Instruct,Llama,17-2199.05||CA||51||Y||IV,1,1,5.452647500559219,-7.862080719208359,13.314728219767577,10238.0,-14762.0,25000.0
Llama-3.1-70B-Instruct,Llama,17-2199.05||CA||54||Y||III,1,1,2.7606685117355205,-14.148145479869841,16.908813991605363,4379.0,-23566.0,27945.0
Llama-3.1-70B-Instruct,Llama,17-2199.08||CA||33||Y||IV,1,1,5.202692672600184,-13.39737589043016,18.600068563030344,8061.0,-26763.0,34824.0
Llama-3.1-70B-Instruct,Llama,17-2199.08||CA||54||Y||III,1,1,-19.482367349879326,-9.848002471299512,-9.634364878579813,-32451.0,-15621.0,-16830.0
Llama-3.1-70B-Instruct,Llama,19-1029.00||TX||61||Y||II,1,1,82.06224059987966,37.19430056728708,44.86794003259258,53187.0,19604.0,33583.0
Llama-3.1-70B-Instruct,Llama,19-1029.01||CA||62||Y||II,1,1,50.01992452122548,27.055771264071648,22.96415325715383,42678.0,30451.0,12227.0
Llama-3.1-70B-Instruct,Llama,19-1029.01||MA||32||Y||III,1,1,26.03116406966086,17.217795952901362,8.813368116759499,29536.0,19536.0,10000.0
Llama-3.1-70B-Instruct,Llama,19-1029.01||MA||62||Y||III,1,1,15.86182071789334,33.76865881505979,-17.90683809716645,14101.0,30020.0,-15919.0
Llama-3.1-70B-Instruct,Llama,19-1029.01||NC||54||Y||III,2,2,12.135695078005073,3.786961194574331,8.348733883430741,11147.0,4078.5,7068.5
Llama-3.1-70B-Instruct,Llama,19-1029.01||NJ||32||Y||IV,1,1,19.31581143095536,3.274450045498534,16.041361385456828,23150.0,4534.0,18616.0
Llama-3.1-70B-Instruct,Llama,19-1029.01||TX||61||Y||I,1,1,78.7697861705082,48.76646306547051,30.003323105037687,45384.0,20439.0,24945.0
Llama-3.1-70B-Instruct,Llama,19-1042.00||MA||62||Y||I,1,1,69.29455818424412,65.25221970142564,4.042338482818479,48299.0,46594.0,1705.0
Llama-3.1-70B-Instruct,Llama,19-1042.00||NY||54||Y||I,1,1,40.45993094952014,74.90760315746247,-34.44767220794233,26602.0,49251.0,-22649.0
Llama-3.1-70B-Instruct,Llama,19-3011.00||CA||51||Y||III,1,1,8.85607623932309,-20.743624863417413,29.599701102740504,13261.0,-26958.0,40219.0
Llama-3.1-70B-Instruct,Llama,25-1021.00||NV||61||Y||II,1,1,4.791942211822159,4.791942211822159,0.0,4710.0,4710.0,0.0
Llama-3.1-70B-Instruct,Llama,25-1021.00||NY||61||Y||I,2,2,105.3639846743295,57.8544061302682,47.5095785440613,68750.0,37750.0,31000.0
Llama-3.1-70B-Instruct,Llama,25-1021.00||VA||61||Y||I,1,1,79.97553730560895,86.12215395735454,-6.146616651745589,45770.0,47660.0,-1890.0
Llama-3.1-70B-Instruct,Llama,25-1022.00||FL||61||Y||II,1,1,40.812336801235865,13.470135480607544,27.34220132062832,29853.0,9853.0,20000.0
Llama-3.1-70B-Instruct,Llama,25-1071.00||NY||61||Y||II,1,1,21.637936512259106,4.390766409774606,17.2471701024845,23837.0,4837.0,19000.0
Llama-3.1-70B-Instruct,Llama,25-9031.00||DC||61||Y||I,1,1,55.33102096214749,55.33102096214749,0.0,36690.0,36690.0,0.0
Llama-3.1-70B-Instruct,Llama,27-1024.00||CA||51||Y||IV,1,1,27.17484590777873,4.548646329094172,22.62619957868456,34830.0,5830.0,29000.0
Llama-3.1-70B-Instruct,Llama,41-9031.00||CA||54||Y||I,1,1,89.96995186819008,23.22382661588624,66.74612525230384,98509.0,25428.0,73081.0
Llama-3.1-70B-Instruct,Llama,41-9031.00||TX||51||Y||IV,1,1,-10.672322782041833,-23.306910167226885,12.634587385185052,-17812.0,-38899.0,21087.0
Llama-3.1-70B-Instruct,Llama,41-9031.00||TX||54||Y||IV,1,1,10.669789863190413,-5.229803191953255,15.899593055143669,15715.0,-8995.0,24710.0
Llama-3.1-8B-Instruct,Llama,13-1111.00||FL||54||Y||IV,2,2,3.6907150444268346,-2.420214492778551,6.110929537205386,4378.0,-3547.0,7925.0
Llama-3.1-8B-Instruct,Llama,13-1161.00||IL||51||Y||III,1,1,48.54175472495622,50.96840709919729,-2.4266523742410726,40195.0,41526.0,-1331.0
Llama-3.1-8B-Instruct,Llama,13-1161.00||IL||54||Y||II,1,1,85.54834816714437,89.10857599704806,-3.5602278299036954,56710.0,57958.0,-1248.0
Llama-3.1-8B-Instruct,Llama,13-2051.00||NY||52||Y||IV,1,1,-31.318681318681318,-31.318681318681318,0.0,-56088.0,-56088.0,0.0
Llama-3.1-8B-Instruct,Llama,13-2099.01||IL||52||Y||IV,1,1,-1.161949761342269,-1.161949761342269,0.0,-1446.0,-1446.0,0.0
Llama-3.1-8B-Instruct,Llama,13-2099.01||NJ||52||Y||IV,1,1,-25.079488835016505,3.6540146969594822,-28.733503531975987,-41174.0,4336.0,-45510.0
Llama-3.1-8B-Instruct,Llama,15-1211.00||CO||51||Y||IV,1,1,-15.182942807099808,-3.705385452467256,-11.477557354632552,-22018.0,-4733.0,-17285.0
Llama-3.1-8B-Instruct,Llama,15-1243.00||PA||54||Y||II,2,1,19.973079211494007,4.4045123120930985,15.568566899400908,20477.0,5189.0,15288.0
Llama-3.1-8B-Instruct,Llama,15-1243.00||TX||54||Y||II,1,1,20.24165640213502,20.24165640213502,0.0,20706.0,20706.0,0.0
Llama-3.1-8B-Instruct,Llama,15-1252.00||CA||51||Y||I,1,2,-9.35821192492207,5.4781833403013085,-14.836395265223379,-12699.0,4034.5,-16733.5
Llama-3.1-8B-Instruct,Llama,15-1252.00||CA||54||Y||I,1,4,-9.35821192492207,-3.1020432746782864,-6.256168650243784,-12699.0,-6417.75,-6281.25
Llama-3.1-8B-Instruct,Llama,15-1252.00||NC||54||Y||I,2,2,42.87501154145215,34.47376196093039,8.401249580521764,36586.5,31532.0,5054.5
Llama-3.1-8B-Instruct,Llama,15-1252.00||NC||54||Y||II,2,3,7.398786899728103,7.886872926160052,-0.4880860264319491,8433.5,8960.333333333334,-526.8333333333339
Llama-3.1-8B-Instruct,Llama,15-1252.00||NY||45||Y||II,1,1,-0.5305039787798409,-0.5305039787798409,0.0,-656.0,-656.0,0.0
Llama-3.1-8B-Instruct,Llama,15-1252.00||NY||51||Y||III,4,3,-22.37799897131658,-23.509841111905725,1.1318421405891463,-35558.5,-37805.0,2246.5
Llama-3.1-8B-Instruct,Llama,15-1252.00||NY||51||Y||IV,1,4,-35.12384488796996,-35.12384488796996,0.0,-66592.0,-66592.0,0.0
Llama-3.1-8B-Instruct,Llama,15-1252.00||NY||52||Y||II,1,1,-6.816064001454579,-6.816064001454579,0.0,-8997.0,-8997.0,0.0
Llama-3.1-8B-Instruct,Llama,15-1252.00||NY||54||Y||IV,2,1,-35.12384488796996,-35.12384488796996,0.0,-66592.0,-66592.0,0.0
Llama-3.1-8B-Instruct,Llama,15-1252.00||NY||62||Y||II,1,1,11.95456283108514,11.95456283108514,0.0,13134.0,13134.0,0.0
Llama-3.1-8B-Instruct,Llama,15-1252.00||TX||51||Y||I,1,1,54.03689371454334,46.26489404713773,7.771999667405609,43149.0,38906.0,4243.0
Llama-3.1-8B-Instruct,Llama,15-1252.00||TX||54||Y||I,2,4,40.7921900265613,40.994746171570526,-0.20255614500922547,35505.0,35640.25,-135.25
Llama-3.1-8B-Instruct,Llama,15-1252.00||TX||54||Y||IV,1,3,-21.65505293061058,-21.442932990731496,-0.21211993987908428,-33998.0,-33776.333333333336,-221.66666666666424
Llama-3.1-8B-Instruct,Llama,15-1252.00||VA||54||Y||I,1,1,21.276658680155,47.06409842533807,-25.787439745183068,21579.0,39363.0,-17784.0
Llama-3.1-8B-Instruct,Llama,15-1252.00||WA||51||Y||IV,2,2,-38.73234351062187,-42.036361580003955,3.3040180693820886,-78344.0,-89202.0,10858.0
Llama-3.1-8B-Instruct,Llama,15-1252.00||WA||52||Y||I,1,1,4.459485855506204,4.459485855506204,0.0,5251.0,5251.0,0.0
Llama-3.1-8B-Instruct,Llama,15-1253.00||CA||54||Y||I,1,1,30.625942524585287,39.59981386691484,-8.973871342329556,28838.0,34891.0,-6053.0
Llama-3.1-8B-Instruct,Llama,15-1299.08||CA||33||Y||IV,1,1,-44.87814933988223,-38.90414905400774,-5.974000285874489,-100142.0,-78323.0,-21819.0
Llama-3.1-8B-Instruct,Llama,15-1299.08||NY||52||Y||IV,1,1,-22.628857549033174,-22.628857549033174,0.0,-35974.0,-35974.0,0.0
Llama-3.1-8B-Instruct,Llama,15-1299.09||GA||52||Y||IV,1,1,-5.791884315497618,-5.791884315497618,0.0,-7562.0,-7562.0,0.0
Llama-3.1-8B-Instruct,Llama,15-1299.09||NY||51||Y||IV,1,1,-22.628857549033174,-22.628857549033174,0.0,-35974.0,-35974.0,0.0
Llama-3.1-8B-Instruct,Llama,15-1299.09||NY||54||Y||IV,1,1,-22.628857549033174,-22.628857549033174,0.0,-35974.0,-35974.0,0.0
Llama-3.1-8B-Instruct,Llama,15-1299.09||TX||54||Y||IV,1,1,-14.766821426096598,-12.145994785900504,-2.6208266401960945,-21310.0,-17005.0,-4305.0
Llama-3.1-8B-Instruct,Llama,15-2031.00||CA||51||Y||IV,3,4,-17.103963152660473,-12.139607731734547,-4.964355420925926,-25380.0,-18211.0,-7169.0
Llama-3.1-8B-Instruct,Llama,15-2031.00||GA||44||Y||IV,1,1,25.818330605564647,25.818330605564647,0.0,25240.0,25240.0,0.0
Llama-3.1-8B-Instruct,Llama,15-2031.00||IL||52||Y||IV,1,1,-1.046652882921296,-1.046652882921296,0.0,-1301.0,-1301.0,0.0
Llama-3.1-8B-Instruct,Llama,15-2031.00||IL||54||Y||II,1,2,43.18308809834234,43.18308809834234,0.0,37096.0,37096.0,0.0
Llama-3.1-8B-Instruct,Llama,15-2031.00||NC||52||Y||IV,2,2,0.9636694958383268,14.936084323839426,-13.9724148280011,1174.0,15984.0,-14810.0
Llama-3.1-8B-Instruct,Llama,15-2031.00||NC||54||Y||IV,1,1,-7.818214521254272,24.703449114909667,-32.521663636163936,-10432.0,24366.0,-34798.0
Llama-3.1-8B-Instruct,Llama,15-2031.00||NJ||54||Y||I,1,1,78.59995063090795,81.2822402358143,-2.6822896049063445,54131.0,55150.0,-1019.0
Llama-3.1-8B-Instruct,Llama,15-2031.00||NJ||54||Y||IV,1,1,-14.035909227511304,-14.035909227511304,0.0,-20083.0,-20083.0,0.0
Llama-3.1-8B-Instruct,Llama,15-2031.00||NY||54||Y||III,1,1,1.6755805014342042,7.264323711520014,-5.588743210085809,2027.0,8330.0,-6303.0
Llama-3.1-8B-Instruct,Llama,15-2031.00||PA||54||Y||IV,1,1,4.0002029272252235,4.0002029272252235,0.0,4731.0,4731.0,0.0
Llama-3.1-8B-Instruct,Llama,15-2031.00||TN||54||Y||II,1,1,87.60867575729843,88.38737345116479,-0.7786976938663628,57438.0,57709.0,-271.0
Llama-3.1-8B-Instruct,Llama,15-2031.00||TX||52||Y||IV,1,1,-7.09408423469696,-7.09408423469696,0.0,-9392.0,-9392.0,0.0
Llama-3.1-8B-Instruct,Llama,15-2031.00||TX||54||Y||III,1,2,32.26233104293687,23.846212725807856,8.416118317129015,30003.0,23222.5,6780.5
Llama-3.1-8B-Instruct,Llama,15-2041.00||FL||52||Y||II,2,1,20.929683813119397,20.929683813119397,0.0,21288.0,21288.0,0.0
Llama-3.1-8B-Instruct,Llama,15-2041.00||NY||52||Y||II,1,1,8.883282432611871,8.883282432611871,0.0,10035.0,10035.0,0.0
Llama-3.1-8B-Instruct,Llama,15-2041.00||NY||52||Y||III,3,3,-14.804014601068067,-14.485359858837294,-0.3186547422307733,-21373.0,-20839.0,-534.0
Llama-3.1-8B-Instruct,Llama,15-2041.00||NY||52||Y||IV,1,1,-29.593185994195732,-30.026567148895502,0.4333811546997701,-51699.0,-52781.0,1082.0
Llama-3.1-8B-Instruct,Llama,15-2041.00||NY||54||Y||II,1,1,8.883282432611871,8.883282432611871,0.0,10035.0,10035.0,0.0
Llama-3.1-8B-Instruct,Llama,15-2041.00||TX||54||Y||I,1,1,82.06578051452085,61.74633440725886,20.319446107261996,55442.0,46955.0,8487.0
Llama-3.1-8B-Instruct,Llama,15-2041.00||TX||54||Y||IV,1,1,-11.620788515013688,0.998489128292715,-12.619277643306402,-16173.0,1216.0,-17389.0
Llama-3.1-8B-Instruct,Llama,15-2051.00||CA||33||Y||II,1,1,-8.176063067367416,-29.433633192583073,21.257570125215658,-10952.0,-51304.0,40352.0
Llama-3.1-8B-Instruct,Llama,15-2051.00||CA||45||Y||I,1,1,68.09249186869653,4.867381128986879,63.22511073970965,49826.0,5709.0,44117.0
Llama-3.1-8B-Instruct,Llama,15-2051.00||CA||51||Y||I,1,1,4.867381128986879,90.32587503481571,-85.45849390582883,5709.0,58374.0,-52665.0
Llama-3.1-8B-Instruct,Llama,15-2051.00||CA||52||Y||IV,1,1,-36.86933492100968,-22.54798246939701,-14.321352451612672,-71834.0,-35808.0,-36026.0
Llama-3.1-8B-Instruct,Llama,15-2051.00||CA||54||Y||I,1,1,18.81532427889724,61.218444438619024,-42.40312015972178,19478.0,46706.0,-27228.0
Llama-3.1-8B-Instruct,Llama,15-2051.00||CA||54||Y||II,1,1,-8.176063067367416,-4.204115328899204,-3.971947738468212,-10952.0,-5398.0,-5554.0
Llama-3.1-8B-Instruct,Llama,15-2051.00||CA||61||Y||I,1,1,68.8122752600807,79.35781154306045,-10.545536282979754,50138.0,54422.0,-4284.0
Llama-3.1-8B-Instruct,Llama,15-2051.00||DE||52||Y||I,1,1,66.34209672184356,66.34209672184356,0.0,49056.0,49056.0,0.0
Llama-3.1-8B-Instruct,Llama,15-2051.00||IL||52||Y||II,1,1,30.887266690786813,26.89831627599868,3.988950414788132,29026.0,26072.0,2954.0
Llama-3.1-8B-Instruct,Llama,15-2051.00||IL||54||Y||I,1,1,71.80210632175881,65.59634880245568,6.205757519303134,51406.0,48723.0,2683.0
Llama-3.1-8B-Instruct,Llama,15-2051.00||IL||54||Y||IV,1,1,-13.508192110259476,-13.508192110259476,0.0,-19210.0,-19210.0,0.0
Llama-3.1-8B-Instruct,Llama,15-2051.00||IL||61||Y||I,1,1,89.41143860297514,89.41143860297514,0.0,58062.0,58062.0,0.0
Llama-3.1-8B-Instruct,Llama,15-2051.00||MA||61||Y||I,1,1,65.50499206114266,65.50499206114266,0.0,48682.0,48682.0,0.0
Llama-3.1-8B-Instruct,Llama,15-2051.00||MA||62||Y||I,1,1,65.50499206114266,65.50499206114266,0.0,48682.0,48682.0,0.0
Llama-3.1-8B-Instruct,Llama,15-2051.00||NC||54||Y||II,3,5,25.620127072465607,43.89168813243973,-18.271561059974125,24373.666666666668,36497.2,-12123.53333333333
Llama-3.1-8B-Instruct,Llama,15-2051.00||NC||54||Y||IV,1,1,-10.672786428073437,-20.11015705174004,9.437370623666602,-14696.0,-30962.0,16266.0
Llama-3.1-8B-Instruct,Llama,15-2051.00||NJ||54||Y||II,3,5,12.338000383593174,12.338000383593172,1.7763568394002505e-15,13509.0,13509.0,0.0
Llama-3.1-8B-Instruct,Llama,15-2051.00||NV||52||Y||I,1,1,104.3359082980314,104.3359082980314,0.0,62805.0,62805.0,0.0
Llama-3.1-8B-Instruct,Llama,15-2051.00||NY||51||Y||II,1,1,9.85477734312202,12.338000383593172,-2.4832230404711524,11034.0,13509.0,-2475.0
Llama-3.1-8B-Instruct,Llama,15-2051.00||NY||51||Y||III,1,2,-11.83174917207862,-12.35137787994028,0.5196287078616599,-16506.0,-17338.0,832.0
Llama-3.1-8B-Instruct,Llama,15-2051.00||NY||52||Y||II,2,2,12.338000383593172,12.338000383593172,0.0,13509.0,13509.0,0.0
Llama-3.1-8B-Instruct,Llama,15-2051.00||NY||52||Y||III,1,4,-11.83174917207862,-11.83174917207862,0.0,-16506.0,-16506.0,0.0
Llama-3.1-8B-Instruct,Llama,15-2051.00||NY||52||Y||IV,2,3,-27.451177001433283,-27.56927204531701,0.11809504388372716,-46541.0,-46818.333333333336,277.33333333333576
Llama-3.1-8B-Instruct,Llama,15-2051.00||NY||54||Y||II,6,6,24.173531340596487,27.95132316700324,-3.7777918264067516,22130.166666666668,24248.666666666668,-2118.5
Llama-3.1-8B-Instruct,Llama,15-2051.00||NY||54||Y||IV,2,1,-27.628319567258877,-27.451177001433283,-0.1771425658255943,-46957.0,-46541.0,-416.0
Llama-3.1-8B-Instruct,Llama,15-2051.00||OH||52||Y||IV,1,1,3.581564165831558,-1.671583087512291,5.253147253343849,4253.0,-2091.0,6344.0
Llama-3.1-8B-Instruct,Llama,15-2051.00||PA||48||Y||III,1,1,4.164902355989906,4.164902355989906,0.0,4918.0,4918.0,0.0
Llama-3.1-8B-Instruct,Llama,15-2051.00||PA||54||Y||I,1,1,66.34209672184356,66.34209672184356,0.0,49056.0,49056.0,0.0
Llama-3.1-8B-Instruct,Llama,15-2051.00||PA||54||Y||II,1,1,48.31785843482455,28.107652088779645,20.210206346044906,40070.0,26987.0,13083.0
Llama-3.1-8B-Instruct,Llama,15-2051.00||PA||61||Y||I,1,1,139.0252433976564,139.0252433976564,0.0,71541.0,71541.0,0.0
Llama-3.1-8B-Instruct,Llama,15-2051.00||TX||33||Y||IV,1,1,-14.668664668664668,-7.573002299403357,-7.095662369261311,-21144.0,-10078.0,-11066.0
Llama-3.1-8B-Instruct,Llama,15-2051.00||TX||42||Y||IV,2,2,-17.30592103051613,-10.407296364587447,-6.8986246659286845,-25741.0,-14425.5,-11315.5
Llama-3.1-8B-Instruct,Llama,15-2051.00||TX||51||Y||II,1,1,22.58443875262859,32.38048087478744,-9.796042122158848,22661.0,30086.0,-7425.0
Llama-3.1-8B-Instruct,Llama,15-2051.00||TX||52||Y||II,2,3,25.332038607003426,28.079638461378263,-2.747599854374837,24813.5,26966.0,-2152.5
Llama-3.1-8B-Instruct,Llama,15-2051.00||TX||52||Y||III,1,1,3.4543665312507885,5.97601323407775,-2.5216467028269616,4107.0,6936.0,-2829.0
Llama-3.1-8B-Instruct,Llama,15-2051.00||TX||52||Y||IV,3,4,-13.241590429771536,-10.342407938430336,-2.8991824913412003,-18773.0,-14509.0,-4264.0
Llama-3.1-8B-Instruct,Llama,15-2051.00||TX||54||Y||I,2,2,71.23282074093609,77.10725596134165,-5.874435220405559,50938.5,53372.0,-2433.5
Llama-3.1-8B-Instruct,Llama,15-2051.00||TX||54||Y||II,4,7,30.464168417292846,32.16740410008897,-1.7032356827961266,28630.0,29818.571428571428,-1188.5714285714275
Llama-3.1-8B-Instruct,Llama,15-2051.00||TX||54||Y||IV,2,3,-12.439461664959744,-14.5963672966864,2.156905631726657,-17909.5,-21095.666666666668,3186.166666666668
Llama-3.1-8B-Instruct,Llama,15-2051.00||WA||51||Y||I,1,1,27.96903773526015,27.96903773526015,0.0,26883.0,26883.0,0.0
Llama-3.1-8B-Instruct,Llama,15-2051.00||WA||51||Y||IV,1,1,-37.536183308449374,-32.99960235536357,-4.536580953085803,-73914.0,-60581.0,-13333.0
Llama-3.1-8B-Instruct,Llama,15-2051.01||AR||45||Y||IV,1,1,-7.254507204741331,-7.254507204741331,0.0,-9621.0,-9621.0,0.0
Llama-3.1-8B-Instruct,Llama,15-2051.01||CA||51||Y||IV,3,2,-43.04973968451579,-35.87517358857218,-7.174566095943611,-98839.33333333333,-68859.5,-29979.83333333333
Llama-3.1-8B-Instruct,Llama,15-2051.01||CA||54||Y||I,1,1,68.09249186869653,18.81532427889724,49.27716758979929,49826.0,19478.0,30348.0
Llama-3.1-8B-Instruct,Llama,15-2051.01||CA||54||Y||IV,1,1,-22.54798246939701,-22.54798246939701,0.0,-35808.0,-35808.0,0.0
Llama-3.1-8B-Instruct,Llama,15-2051.01||CT||54||Y||IV,1,1,-11.475126669737449,-11.475126669737449,0.0,-15944.0,-15944.0,0.0
Llama-3.1-8B-Instruct,Llama,15-2051.01||NC||52||Y||IV,1,1,-0.2619138360240993,-20.11015705174004,19.84824321571594,-323.0,-30962.0,30639.0
Llama-3.1-8B-Instruct,Llama,15-2051.01||NC||54||Y||II,1,1,16.315356464013163,16.315356464013163,0.0,17253.0,17253.0,0.0
Llama-3.1-8B-Instruct,Llama,15-2051.01||NY||54||Y||II,1,2,12.338000383593172,11.096388863357596,1.2416115202355762,13509.0,12271.5,1237.5
Llama-3.1-8B-Instruct,Llama,15-2051.01||TX||22||Y||IV,1,1,-12.211206988844399,-17.30592103051613,5.0947140416717325,-17109.0,-25741.0,8632.0
Llama-3.1-8B-Instruct,Llama,15-2051.01||TX||33||Y||II,1,1,28.079638461378263,22.58443875262859,5.495199708749674,26966.0,22661.0,4305.0
Llama-3.1-8B-Instruct,Llama,15-2051.01||TX||33||Y||III,1,1,-1.2286196097325945,-1.2286196097325945,0.0,-1530.0,-1530.0,0.0
Llama-3.1-8B-Instruct,Llama,15-2051.01||TX||51||Y||III,1,1,-1.2286196097325945,5.97601323407775,-7.204632843810344,-1530.0,6936.0,-8466.0
Llama-3.1-8B-Instruct,Llama,15-2051.01||TX||54||Y||I,1,1,68.13844765836454,68.13844765836454,0.0,49846.0,49846.0,0.0
Llama-3.1-8B-Instruct,Llama,15-2051.02||NY||54||Y||II,1,1,59.17796873382338,75.99587912087912,-16.817910387055747,45728.0,53112.0,-7384.0
Llama-3.1-8B-Instruct,Llama,15-2051.02||NY||62||Y||III,1,1,29.90853594136161,-11.83174917207862,41.74028511344023,28318.0,-16506.0,44824.0
Llama-3.1-8B-Instruct,Llama,17-2011.00||TX||54||Y||I,1,1,32.975848126445975,27.062177825067405,5.91367030137857,30502.0,26197.0,4305.0
Llama-3.1-8B-Instruct,Llama,17-2112.00||CA||54||Y||III,1,1,-15.292173134533934,-15.292173134533934,0.0,-22205.0,-22205.0,0.0
Llama-3.1-8B-Instruct,Llama,17-2112.00||OH||32||Y||IV,1,1,2.1849297997839994,5.503328072462773,-3.318398272678774,2630.0,6416.0,-3786.0
Llama-3.1-8B-Instruct,Llama,17-2141.00||CA||54||Y||IV,1,3,-13.59629096273401,-25.732645550456237,12.136354587722227,-19355.0,-44793.666666666664,25438.666666666664
Llama-3.1-8B-Instruct,Llama,17-2199.08||CA||54||Y||III,1,1,-26.155397860307627,-22.456673454334545,-3.6987244059730813,-43566.0,-35621.0,-7945.0
Llama-3.1-8B-Instruct,Llama,19-1013.00||NC||32||Y||III,1,1,60.99897903086468,60.99897903086468,0.0,46602.0,46602.0,0.0
Llama-3.1-8B-Instruct,Llama,19-1029.01||CA||62||Y||II,1,1,44.1597712196151,9.285733325040649,34.87403789457446,37678.0,10451.0,27227.0
Llama-3.1-8B-Instruct,Llama,19-1029.01||TX||61||Y||I,1,1,113.48236600944182,193.47203664821532,-79.9896706387735,65384.0,81088.0,-15704.0
Llama-3.1-8B-Instruct,Llama,19-1042.00||MA||62||Y||I,1,1,76.46805641239007,72.2544324006386,4.213624011751463,53299.0,51594.0,1705.0
Llama-3.1-8B-Instruct,Llama,19-1042.00||NY||54||Y||I,1,1,87.07508859450334,87.07508859450334,0.0,57251.0,57251.0,0.0
Llama-3.1-8B-Instruct,Llama,25-1021.00||VA||61||Y||I,1,1,114.92224357854272,122.26237802674376,-7.3401344482010416,65770.0,67660.0,-1890.0
Llama-3.2-3B-Instruct,Llama,11-3021.00||AZ||52||Y||II,1,1,-39.28401901536674,-39.28401901536674,0.0,-55449.0,-55449.0,0.0
Llama-3.2-3B-Instruct,Llama,11-3021.00||CA||33||Y||II,5,5,254.87239296979814,157.69216526035797,97.18022770944017,614767.6,366972.0,247795.59999999998
Llama-3.2-3B-Instruct,Llama,11-3021.00||CA||45||Y||II,6,6,146.3078397987131,177.82936728754797,-31.521527488834863,252693.66666666666,383464.5,-130770.83333333334
Llama-3.2-3B-Instruct,Llama,11-3021.00||CA||51||Y||II,1,1,327.8496685038741,326.56552534257145,1.2841431613026657,656696.0,656093.0,603.0
Llama-3.2-3B-Instruct,Llama,11-3021.00||CA||51||Y||III,2,2,293.49880187057886,260.5657979990071,32.93300387157177,637674.0,619318.0,18356.0
Llama-3.2-3B-Instruct,Llama,11-3021.00||CA||51||Y||IV,1,1,212.25405893840906,251.24027166467485,-38.98621272626579,582544.0,689544.0,-107000.0
Llama-3.2-3B-Instruct,Llama,11-3021.00||CA||52||Y||II,1,1,326.56552534257145,295.6784708435292,30.887054499042222,656093.0,640410.0,15683.0
Llama-3.2-3B-Instruct,Llama,11-3021.00||CA||54||Y||I,1,1,422.1375348040918,-51.99040928596238,474.12794409005414,692867.0,-92806.0,785673.0
Llama-3.2-3B-Instruct,Llama,11-3021.00||CA||54||Y||II,1,1,420.0305828954235,244.6708735013654,175.3597093940581,692202.0,608357.0,83845.0
Llama-3.2-3B-Instruct,Llama,11-3021.00||CA||54||Y||IV,2,2,76.89538578132742,294.64414995041426,-217.74876416908683,211044.0,623821.5,-412777.5
Llama-3.2-3B-Instruct,Llama,11-3021.00||CT||54||Y||IV,1,1,340.662278897573,-54.17444651907175,394.83672541664475,662520.0,-101550.0,764070.0
Llama-3.2-3B-Instruct,Llama,11-3021.00||FL||44||Y||IV,1,1,-58.65336369601297,-54.60348234197297,-4.0498813540399965,-121572.0,-103081.0,-18491.0
Llama-3.2-3B-Instruct,Llama,11-3021.00||GA||42||Y||IV,1,1,-59.77942039188079,-59.77942039188079,0.0,-127375.0,-127375.0,0.0
Llama-3.2-3B-Instruct,Llama,11-3021.00||IL||52||Y||II,1,1,-40.43399085310758,495.6600914689242,-536.0940823220318,-58174.0,713126.0,-771300.0
Llama-3.2-3B-Instruct,Llama,11-3021.00||IL||52||Y||IV,1,1,322.62758964192545,-57.73724103580746,380.3648306777329,654221.0,-117079.0,771300.0
Llama-3.2-3B-Instruct,Llama,11-3021.00||IL||54||Y||II,1,1,-40.43399085310758,-40.29498033001098,-0.13901052309660145,-58174.0,-57974.0,-200.0
Llama-3.2-3B-Instruct,Llama,11-3021.00||MI||33||Y||II,1,1,-37.845854818940694,-30.450975629503684,-7.39487918943701,-52183.0,-37610.0,-14573.0
Llama-3.2-3B-Instruct,Llama,11-3021.00||NC||52||Y||IV,1,1,-60.64763793990155,293.5236206009845,-354.171258540886,-132076.0,639224.0,-771300.0
Llama-3.2-3B-Instruct,Llama,11-3021.00||NJ||54||Y||III,2,2,110.76094830130299,-61.31293602921572,172.0738843305187,247708.0,-135841.0,383549.0
Llama-3.2-3B-Instruct,Llama,11-3021.00||NY||51||Y||II,3,3,-53.9385991314443,-53.9385991314443,0.0,-100356.0,-100356.0,0.0
Llama-3.2-3B-Instruct,Llama,11-3021.00||NY||51||Y||III,1,1,-61.67982758158128,-47.027481425622135,-14.652346155959144,-137942.0,-76082.0,-61860.0
Llama-3.2-3B-Instruct,Llama,11-3021.00||NY||51||Y||IV,2,2,80.42243385595296,-67.19592111709946,147.61835497305242,210102.0,-175548.0,385650.0
Llama-3.2-3B-Instruct,Llama,11-3021.00||NY||52||Y||II,1,1,-53.9385991314443,360.61400868555705,-414.55260781700133,-100356.0,670944.0,-771300.0
Llama-3.2-3B-Instruct,Llama,11-3021.00||NY||52||Y||III,1,1,283.20172418418724,283.20172418418724,0.0,633358.0,633358.0,0.0
Llama-3.2-3B-Instruct,Llama,11-3021.00||NY||54||Y||II,1,1,-53.9385991314443,-53.9385991314443,0.0,-100356.0,-100356.0,0.0
Llama-3.2-3B-Instruct,Llama,11-3021.00||NY||54||Y||III,1,1,283.20172418418724,-48.66615671463403,331.8678808988213,633358.0,-81436.0,714794.0
Llama-3.2-3B-Instruct,Llama,11-3021.00||NY||54||Y||IV,1,1,228.04078882900538,-67.19592111709946,295.23670994610484,595752.0,-175548.0,771300.0
Llama-3.2-3B-Instruct,Llama,11-3021.00||PA||51||Y||IV,1,1,-59.92030829093086,-59.92030829093086,0.0,-128124.0,-128124.0,0.0
Llama-3.2-3B-Instruct,Llama,11-3021.00||TX||44||Y||IV,1,1,-59.07237074605767,-59.07237074605767,0.0,-123694.0,-123694.0,0.0
Llama-3.2-3B-Instruct,Llama,11-3021.00||TX||54||Y||II,2,2,-44.308038294921936,-40.44238899080579,-3.865649304116147,-68220.0,-58558.5,-9661.5
Llama-3.2-3B-Instruct,Llama,11-3021.00||TX||54||Y||III,2,2,368.61254432271585,152.95041259660323,215.66213172611262,674033.0,287644.5,386388.5
Llama-3.2-3B-Instruct,Llama,11-3021.00||TX||54||Y||IV,1,1,-59.67324505679626,-58.43639361753722,-1.2368514392590413,-126814.0,-120490.0,-6324.0
Llama-3.2-3B-Instruct,Llama,11-3021.00||VA||51||Y||II,1,1,-50.95009157509158,-50.83562271062271,-0.1144688644688685,-89020.0,-88820.0,-200.0
Llama-3.2-3B-Instruct,Llama,11-3021.00||WA||45||Y||III,1,1,297.82106305711454,-64.63354242324199,362.4546054803565,721680.0,-156620.0,878300.0
Llama-3.2-3B-Instruct,Llama,11-3021.00||WA||51||Y||II,2,2,-56.8022581783356,-54.10554967488281,-2.69670850345279,-112690.0,-107340.0,-5350.0
Llama-3.2-3B-Instruct,Llama,11-3021.00||WA||51||Y||III,3,3,160.5264945112472,148.86133218470016,11.665162326547033,365581.0,365581.0,0.0
Llama-3.2-3B-Instruct,Llama,11-3021||CA||51||Y||II,1,1,-47.99694171045765,-47.99694171045765,0.0,-79098.0,-79098.0,0.0
Llama-3.2-3B-Instruct,Llama,11-3051.01||CA||33||Y||II,1,1,-40.97145690985233,-40.97145690985233,0.0,-59484.0,-59484.0,0.0
Llama-3.2-3B-Instruct,Llama,11-9041.00||CA||33||Y||III,1,1,-60.317827806228756,-61.06421451482468,0.7463867085959208,-130266.0,-134406.0,4140.0
Llama-3.2-3B-Instruct,Llama,11-9041.00||CA||33||Y||IV,1,1,243.89358158945447,243.89358158945447,0.0,607795.0,607795.0,0.0
Llama-3.2-3B-Instruct,Llama,11-9041.00||CA||51||Y||IV,2,2,243.89358158945447,89.14146987419996,154.7521117152545,607795.0,222145.0,385650.0
Llama-3.2-3B-Instruct,Llama,11-9041.00||CA||54||Y||I,1,1,464.9531293261434,473.2824938122951,-8.32936448615169,705306.0,707510.0,-2204.0
Llama-3.2-3B-Instruct,Llama,11-9041.00||CA||54||Y||II,1,1,301.3825920791337,-53.099689155466045,354.4822812345997,643488.0,-97028.0,740516.0
Llama-3.2-3B-Instruct,Llama,11-9041.00||TX||54||Y||IV,1,1,300.09710641555944,300.09710641555944,0.0,642802.0,642802.0,0.0
Llama-3.2-3B-Instruct,Llama,13-1081.02||AR||45||Y||III,1,1,2.0359566615073224,2.0359566615073224,0.0,1710.0,1710.0,0.0
Llama-3.2-3B-Instruct,Llama,13-1081.02||AR||45||Y||IV,1,1,-11.488887052796827,-11.282326695860531,-0.20656035693629526,-11124.0,-10924.0,-200.0
Llama-3.2-3B-Instruct,Llama,13-1082.00||NY||51||Y||IV,1,1,-42.98108462352213,-42.98108462352213,0.0,-64601.0,-64601.0,0.0
Llama-3.2-3B-Instruct,Llama,13-1111.00||CA||54||Y||II,1,1,-21.773737152454498,0.2872019987391132,-22.06093915119361,-23854.0,246.0,-24100.0
Llama-3.2-3B-Instruct,Llama,13-1111.00||FL||54||Y||IV,2,2,-27.753705046281464,-23.52283477320205,-4.2308702730794145,-32922.0,-30147.0,-2775.0
Llama-3.2-3B-Instruct,Llama,13-1111.00||GA||54||Y||IV,2,2,-30.88862601713446,-38.48800946338316,7.599383446248698,-43085.0,-53685.0,10600.0
Llama-3.2-3B-Instruct,Llama,13-1111.00||IL||54||Y||IV,1,1,-45.09708675810761,-42.172739541160595,-2.9243472169470124,-70558.0,-62500.0,-8058.0
Llama-3.2-3B-Instruct,Llama,13-1111.00||NJ||54||Y||IV,1,1,-45.16262887420601,-45.29030610616362,0.1276772319576125,-70745.0,-70945.0,200.0
Llama-3.2-3B-Instruct,Llama,13-1111.00||NY||52||Y||IV,1,1,-46.33083252965268,447.0969389383638,-493.4277714680165,-73982.0,700355.0,-774337.0
Llama-3.2-3B-Instruct,Llama,13-1111.00||NY||54||Y||II,1,1,-15.828553469002907,-15.828553469002907,0.0,-16116.0,-16116.0,0.0
Llama-3.2-3B-Instruct,Llama,13-1111.00||TX||54||Y||IV,1,1,-34.03480683821209,-34.03480683821209,0.0,-44217.0,-44217.0,0.0
Llama-3.2-3B-Instruct,Llama,13-1111.00||WA||51||Y||IV,1,1,-45.137252893577795,-45.137252893577795,0.0,-70508.0,-70508.0,0.0
Llama-3.2-3B-Instruct,Llama,13-1161.00||IL||51||Y||III,1,1,3.4961656904776284,18.319954832216414,-14.823789141738786,2895.0,14926.0,-12031.0
Llama-3.2-3B-Instruct,Llama,13-1161.00||IL||54||Y||II,1,1,29.280434454668878,32.068509578426244,-2.788075123757366,19410.0,20858.0,-1448.0
Llama-3.2-3B-Instruct,Llama,13-2051.00||NY||52||Y||IV,1,1,-52.14643080496739,438.28285535602606,-490.42928616099346,-93388.0,784912.0,-878300.0
Llama-3.2-3B-Instruct,Llama,13-2099.01||CA||52||Y||II,2,2,570.3835689926045,0.30548457009769037,570.0780844225068,446559.0,254.0,446305.0
Llama-3.2-3B-Instruct,Llama,13-2099.01||CA||52||Y||IV,1,1,638.9141324872178,-20.81615219069836,659.7302846779162,741019.0,-25342.0,766361.0
Llama-3.2-3B-Instruct,Llama,13-2099.01||IL||52||Y||IV,1,1,588.6521061343876,-22.53668257718207,611.1887887115697,732554.0,-28046.0,760600.0
Llama-3.2-3B-Instruct,Llama,13-2099.01||NJ||52||Y||IV,1,1,-47.67746415388551,-27.61073282545675,-20.06673132842876,-78274.0,-32764.0,-45510.0
Llama-3.2-3B-Instruct,Llama,15-1211.00||CO||51||Y||IV,1,1,-40.90388779323946,-32.75034642574746,-8.153541367492004,-59318.0,-41833.0,-17485.0
Llama-3.2-3B-Instruct,Llama,15-1211.00||UT||54||Y||III,1,1,-9.326561921388139,1.9943924244828863,-11.320954345871025,-8815.0,1885.0,-10700.0
Llama-3.2-3B-Instruct,Llama,15-1211.00||VA||54||Y||III,1,1,-19.511622446583704,-33.812171763978995,14.30054931739529,-20775.0,-43780.0,23005.0
Llama-3.2-3B-Instruct,Llama,15-1211||NJ||54||Y||III,1,1,-32.643790181869626,-32.643790181869626,0.0,-41534.0,-41534.0,0.0
Llama-3.2-3B-Instruct,Llama,15-1212.00||CA||54||Y||II,1,1,-44.69540526587507,-37.601025178022745,-7.094380087852322,-69260.0,-51642.0,-17618.0
Llama-3.2-3B-Instruct,Llama,15-1221.00||CA||33||Y||II,1,1,421.2800253036745,421.2800253036745,0.0,692597.0,692597.0,0.0
Llama-3.2-3B-Instruct,Llama,15-1221.00||CA||45||Y||I,1,1,-11.355220422433232,-11.355220422433232,0.0,-10978.0,-10978.0,0.0
Llama-3.2-3B-Instruct,Llama,15-1221.00||CA||45||Y||II,1,1,421.2800253036745,422.49654811651857,-1.2165228128440617,692597.0,694597.0,-2000.0
Llama-3.2-3B-Instruct,Llama,15-1221.00||CA||51||Y||I,2,2,210.6979785553429,269.07260085191683,-58.37462229657393,340144.0,343638.0,-3494.0
Llama-3.2-3B-Instruct,Llama,15-1221.00||CA||51||Y||II,1,1,421.2800253036745,421.2800253036745,0.0,692597.0,692597.0,0.0
Llama-3.2-3B-Instruct,Llama,15-1221.00||CA||51||Y||III,1,1,326.16885635573414,399.35613940018993,-73.1872830444558,655906.0,685379.0,-29473.0
Llama-3.2-3B-Instruct,Llama,15-1221.00||CA||51||Y||IV,1,1,260.4080980377314,309.887029969103,-49.47893193137162,619214.0,647918.0,-28704.0
Llama-3.2-3B-Instruct,Llama,15-1221.00||CA||54||Y||I,1,1,786.4477957756677,-2.388464298324544,788.8362600739922,760322.0,-2097.0,762419.0
Llama-3.2-3B-Instruct,Llama,15-1221.00||CA||54||Y||II,2,2,480.08476771934187,-31.987472562264415,512.0722402816062,707729.0,-47576.0,755305.0
Llama-3.2-3B-Instruct,Llama,15-1221.00||CA||54||Y||III,1,1,-24.972358237245302,399.35613940018993,-424.32849763743525,-37944.0,685379.0,-723323.0
Llama-3.2-3B-Instruct,Llama,15-1221.00||CA||54||Y||IV,1,1,260.4080980377314,365.71531045875946,-105.30721242102805,619214.0,672982.0,-53768.0
Llama-3.2-3B-Instruct,Llama,15-1221.00||IL||51||Y||II,1,1,-4.6233789305382835,-4.845443240362409,0.22206430982412506,-4164.0,-4364.0,200.0
Llama-3.2-3B-Instruct,Llama,15-1221.00||MA||33||Y||II,1,1,499.132339196786,-40.22626138630435,539.3586005830904,715626.0,-57674.0,773300.0
Llama-3.2-3B-Instruct,Llama,15-1221.00||NM||54||Y||II,1,1,-46.46326455393342,-46.41498134817162,-0.04828320576179834,-74377.0,-74406.0,29.0
Llama-3.2-3B-Instruct,Llama,15-1221.00||NY||54||Y||II,2,2,218.76618853429096,479.5748882441654,-260.8086997098744,323483.0,709133.0,-385650.0
Llama-3.2-3B-Instruct,Llama,15-1221.00||NY||54||Y||III,3,3,361.43988628225907,223.00792039758133,138.43196588467774,671277.0,414177.0,257100.0
Llama-3.2-3B-Instruct,Llama,15-1221.00||TN||54||Y||II,4,4,7.995806839095909,10.559961968624114,-2.5641551295282046,6332.75,8441.0,-2108.25
Llama-3.2-3B-Instruct,Llama,15-1221.00||TX||54||Y||II,1,1,-5.995656275365816,-16.068438011105997,10.07278173574018,-5466.0,-16407.0,10941.0
Llama-3.2-3B-Instruct,Llama,15-1241.00||CA||51||Y||III,1,1,360.61400868555705,418.1235756976394,-57.50956701208236,670944.0,777944.0,-107000.0
Llama-3.2-3B-Instruct,Llama,15-1242.00||MA||54||Y||IV,1,1,-39.57767828815172,-37.17285163409234,-2.4048266540593843,-56135.0,-50706.0,-5429.0
Llama-3.2-3B-Instruct,Llama,15-1242.00||TX||52||Y||III,1,1,-26.752136752136753,-22.69808053110117,-4.054056221035584,-31300.0,-25164.0,-6136.0
Llama-3.2-3B-Instruct,Llama,15-1243.00||CA||54||Y||II,1,1,-31.330128205128204,-27.576036710583026,-3.754091494545179,-39100.0,-32631.0,-6469.0
Llama-3.2-3B-Instruct,Llama,15-1243.00||IN||33||Y||IV,1,1,-44.40443986013533,-46.134168033739996,1.72972817360467,-68449.0,-73399.0,4950.0
Llama-3.2-3B-Instruct,Llama,15-1243.00||MA||54||Y||IV,1,1,-53.674423633071164,-53.674423633071164,0.0,-99295.0,-99295.0,0.0
Llama-3.2-3B-Instruct,Llama,15-1243.00||NC||52||Y||IV,1,1,-45.12249785484676,-45.12249785484676,0.0,-70466.0,-70466.0,0.0
Llama-3.2-3B-Instruct,Llama,15-1243.00||PA||54||Y||II,3,3,-9.451212573438806,-27.256368250842453,17.805155677403647,-9689.666666666666,-32111.0,22421.333333333336
Llama-3.2-3B-Instruct,Llama,15-1243.00||TX||54||Y||II,1,1,-16.221870295422995,-16.221870295422995,0.0,-16594.0,-16594.0,0.0
Llama-3.2-3B-Instruct,Llama,15-1243.00||TX||54||Y||III,1,1,-36.942173692304294,-32.720464126739884,-4.22170956556441,-50207.0,-41679.0,-8528.0
Llama-3.2-3B-Instruct,Llama,15-1251.00||CA||54||Y||II,3,3,-23.41284776417312,-8.576928977693361,-14.835918786479757,-27528.333333333332,-10742.666666666666,-16785.666666666664
Llama-3.2-3B-Instruct,Llama,15-1251.00||CA||54||Y||III,1,1,-34.21355645966071,-18.022594006179393,-16.190962453481315,-44570.0,-18841.0,-25729.0
Llama-3.2-3B-Instruct,Llama,15-1251.00||MO||54||Y||II,1,1,-0.8377302601129316,-0.6063130611867074,-0.23141719892622425,-724.0,-524.0,-200.0
Llama-3.2-3B-Instruct,Llama,15-1251.00||NC||54||Y||III,1,1,-1.0049670786646645,-7.680706668102984,6.67573958943832,-870.0,-7130.0,6260.0
Llama-3.2-3B-Instruct,Llama,15-1251.00||NJ||54||Y||I,1,1,14.704071526086143,14.704071526086143,0.0,10986.0,10986.0,0.0
Llama-3.2-3B-Instruct,Llama,15-1251.00||TX||54||Y||II,2,2,0.5264325056272154,30.39792548513357,-29.871492979506353,-433.0,18443.0,-18876.0
Llama-3.2-3B-Instruct,Llama,15-1252.00||AR||54||Y||II,1,1,2.8502850285028503,2.8502850285028503,0.0,2375.0,2375.0,0.0
Llama-3.2-3B-Instruct,Llama,15-1252.00||AZ||51||Y||III,2,2,-36.289159492692214,-36.289159492692214,0.0,-48814.0,-48814.0,0.0
Llama-3.2-3B-Instruct,Llama,15-1252.00||AZ||54||Y||II,1,1,-22.84284067991933,-22.84284067991933,0.0,-25372.0,-25372.0,0.0
Llama-3.2-3B-Instruct,Llama,15-1252.00||AZ||54||Y||IV,1,1,-45.73682677574177,-45.73682677574177,0.0,-72234.0,-72234.0,0.0
Llama-3.2-3B-Instruct,Llama,15-1252.00||CA||33||Y||I,1,1,531.5448161003397,-42.623773976500516,574.1685900768402,721301.0,-63665.0,784966.0
Llama-3.2-3B-Instruct,Llama,15-1252.00||CA||33||Y||II,20,20,304.1205457656434,99.60622079979376,204.51432496584962,529322.0,174718.6,354603.4
Llama-3.2-3B-Instruct,Llama,15-1252.00||CA||33||Y||III,15,15,283.06232432947075,99.23638676520407,183.82593756426667,561550.8,211582.06666666668,349968.7333333334
Llama-3.2-3B-Instruct,Llama,15-1252.00||CA||33||Y||IV,15,15,255.3666637119994,244.83063871067498,10.536025001324418,578611.8666666667,537826.8,40785.06666666665
Llama-3.2-3B-Instruct,Llama,15-1252.00||CA||42||Y||II,1,1,-33.90762491613132,356.4799377866316,-390.3875627027629,-43967.0,669259.0,-713226.0
Llama-3.2-3B-Instruct,Llama,15-1252.00||CA||42||Y||III,2,2,132.092792896373,-42.14092812200837,174.23372101838137,298712.0,-66302.0,365014.0
Llama-3.2-3B-Instruct,Llama,15-1252.00||CA||44||Y||II,1,1,560.9237508386868,-46.97996127124359,607.9037121099304,727333.0,-75937.0,803270.0
Llama-3.2-3B-Instruct,Llama,15-1252.00||CA||44||Y||IV,1,1,-50.63875865405661,301.3825920791337,-352.02135073319033,-87918.0,643488.0,-731406.0
Llama-3.2-3B-Instruct,Llama,15-1252.00||CA||45||Y||I,1,1,473.7622602349948,-42.623773976500516,516.3860342114954,707635.0,-63665.0,771300.0
Llama-3.2-3B-Instruct,Llama,15-1252.00||CA||45||Y||II,1,1,430.2003872875641,-54.35200622133684,484.552393508901,695363.0,-102041.0,797404.0
Llama-3.2-3B-Instruct,Llama,15-1252.00||CA||45||Y||III,1,1,278.9721320609539,-36.0318870220119,315.00401908296584,630862.0,-48273.0,679135.0
Llama-3.2-3B-Instruct,Llama,15-1252.00||CA||45||Y||IV,3,3,299.4071985590032,263.2716541294852,36.13554442951795,628740.6666666666,645153.3333333334,-16412.666666666744
Llama-3.2-3B-Instruct,Llama,15-1252.00||CA||51||Y||I,3,3,340.15528607472635,411.0008812834667,-70.84559520874035,459645.6666666667,475366.6666666667,-15721.0
Llama-3.2-3B-Instruct,Llama,15-1252.00||CA||51||Y||II,20,20,260.45684346203785,15.029985710263176,245.42685775177466,453561.6,36772.25,416789.35
Llama-3.2-3B-Instruct,Llama,15-1252.00||CA||51||Y||III,18,18,304.0127810709509,250.75841097569037,53.254370095260526,642601.5,496976.94444444444,145624.55555555556
Llama-3.2-3B-Instruct,Llama,15-1252.00||CA||51||Y||IV,22,22,266.5131841762522,184.84609069870754,81.66709347754465,592006.3181818182,402537.3181818182,189469.00000000006
Llama-3.2-3B-Instruct,Llama,15-1252.00||CA||52||Y||II,4,4,191.61021300816026,-48.8229725087669,240.43318551692715,309713.0,-82463.0,392176.0
Llama-3.2-3B-Instruct,Llama,15-1252.00||CA||52||Y||III,1,1,278.9721320609539,356.88634885431884,-77.91421679336491,630862.0,669426.0,-38564.0
Llama-3.2-3B-Instruct,Llama,15-1252.00||CA||52||Y||IV,1,1,301.3825920791337,-59.86174079208663,361.2443328712203,643488.0,-127812.0,771300.0
Llama-3.2-3B-Instruct,Llama,15-1252.00||CA||53||Y||II,1,1,-31.215487350712728,-46.97996127124359,15.764473920530861,-38892.0,-75937.0,37045.0
Llama-3.2-3B-Instruct,Llama,15-1252.00||CA||53||Y||III,1,1,356.88634885431884,-45.45674407947914,402.34309293379795,669426.0,-71423.0,740849.0
Llama-3.2-3B-Instruct,Llama,15-1252.00||CA||54||Y||I,4,4,360.55595454509086,-32.48654559869861,393.0425001437895,521643.0,-43717.75,565360.75
Llama-3.2-3B-Instruct,Llama,15-1252.00||CA||54||Y||II,21,21,296.9793372120982,122.93322576413001,174.04611144796817,536405.5714285715,214839.57142857142,321566.00000000006
Llama-3.2-3B-Instruct,Llama,15-1252.00||CA||54||Y||III,15,15,250.85995401321603,226.39227184461348,24.46768216860255,505884.6,422019.86666666664,83864.73333333334
Llama-3.2-3B-Instruct,Llama,15-1252.00||CA||54||Y||IV,17,17,282.2995761207248,155.30754185854127,126.99203426218352,629317.0,329987.8823529412,299329.1176470588
Llama-3.2-3B-Instruct,Llama,15-1252.00||CA||56||Y||II,1,1,430.2003872875641,-46.97996127124359,477.18034855880774,695363.0,-75937.0,771300.0
Llama-3.2-3B-Instruct,Llama,15-1252.00||CO||51||Y||III,1,1,-39.78104754275756,-39.78104754275756,0.0,-56614.0,-56614.0,0.0
Llama-3.2-3B-Instruct,Llama,15-1252.00||CO||54||Y||II,1,1,-26.35938681515089,-28.900909271918763,2.541522456767872,-30676.0,-34836.0,4160.0
Llama-3.2-3B-Instruct,Llama,15-1252.00||DC||54||Y||II,1,1,-30.154279985981955,-32.032675073360295,1.8783950873783404,-36999.0,-40390.0,3391.0
Llama-3.2-3B-Instruct,Llama,15-1252.00||DC||54||Y||III,1,1,-43.153928813064645,-42.18093252643013,-0.972996286634519,-65058.0,-62521.0,-2537.0
Llama-3.2-3B-Instruct,Llama,15-1252.00||FL||33||Y||IV,1,1,-42.783130036519985,-38.43125422072791,-4.351875815792077,-64081.0,-53494.0,-10587.0
Llama-3.2-3B-Instruct,Llama,15-1252.00||FL||44||Y||III,1,1,-38.014436777618656,-30.449037891883556,-7.5653988857350996,-52558.0,-37519.0,-15039.0
Llama-3.2-3B-Instruct,Llama,15-1252.00||FL||52||Y||IV,1,1,515.6874577927209,-48.2322240813787,563.9196818740996,717806.0,-79847.0,797653.0
Llama-3.2-3B-Instruct,Llama,15-1252.00||FL||54||Y||II,4,4,-16.23564287388767,-15.104357650367325,-1.1312852235203454,-16833.5,-15263.25,-1570.25
Llama-3.2-3B-Instruct,Llama,15-1252.00||FL||62||Y||IV,1,1,10.401154252441192,6.96188312822945,3.439271124211741,8074.0,5578.0,2496.0
Llama-3.2-3B-Instruct,Llama,15-1252.00||GA||31||Y||IV,1,1,-43.66697122874365,-36.09151516055422,-7.575456068189425,-66431.0,-48398.0,-18033.0
Llama-3.2-3B-Instruct,Llama,15-1252.00||GA||52||Y||II,1,1,-18.557024337860057,-21.579751653962646,3.022727316102589,-19527.0,-23583.0,4056.0
Llama-3.2-3B-Instruct,Llama,15-1252.00||GA||52||Y||III,2,2,-33.609963165342165,268.8511360942889,-302.46109925963106,-43405.5,342244.5,-385650.0
Llama-3.2-3B-Instruct,Llama,15-1252.00||GA||54||Y||I,2,2,3.289101011196683,0.41587729056061074,2.8732237206360725,2729.0,285.0,2444.0
Llama-3.2-3B-Instruct,Llama,15-1252.00||GA||54||Y||II,3,3,-19.564600109894254,-20.572175881928448,1.007575772034194,-20879.0,-22231.0,1352.0
Llama-3.2-3B-Instruct,Llama,15-1252.00||GA||54||Y||III,1,1,-34.433503943935676,-34.433503943935676,0.0,-45007.0,-45007.0,0.0
Llama-3.2-3B-Instruct,Llama,15-1252.00||GA||54||Y||IV,1,1,-43.66697122874365,-43.66697122874365,0.0,-66431.0,-66431.0,0.0
Llama-3.2-3B-Instruct,Llama,15-1252.00||IL||33||Y||IV,1,1,-32.830147272057495,-42.46352778467798,9.633380512620484,-41887.0,-63249.0,21362.0
Llama-3.2-3B-Instruct,Llama,15-1252.00||IL||51||Y||III,1,1,-34.433503943935676,-34.433503943935676,0.0,-45007.0,-45007.0,0.0
Llama-3.2-3B-Instruct,Llama,15-1252.00||IL||51||Y||IV,2,2,215.63099038712363,-43.28313458182548,258.9141249689491,320217.0,-65433.0,385650.0
Llama-3.2-3B-Instruct,Llama,15-1252.00||IL||52||Y||III,1,1,-34.433503943935676,-34.433503943935676,0.0,-45007.0,-45007.0,0.0
Llama-3.2-3B-Instruct,Llama,15-1252.00||IL||52||Y||IV,1,1,-44.10274137897298,-44.10274137897298,0.0,-67617.0,-67617.0,0.0
Llama-3.2-3B-Instruct,Llama,15-1252.00||IL||54||Y||II,1,1,-20.704682772467777,-18.926077989896505,-1.7786047825712714,-22377.0,-20006.0,-2371.0
Llama-3.2-3B-Instruct,Llama,15-1252.00||IL||54||Y||III,2,2,-34.433503943935676,-29.05695430203274,-5.376549641902937,-45007.0,-35460.0,-9547.0
Llama-3.2-3B-Instruct,Llama,15-1252.00||IN||33||Y||IV,1,1,-33.981958663616126,-23.98169173999432,-10.000266923621805,-44113.0,-27036.0,-17077.0
Llama-3.2-3B-Instruct,Llama,15-1252.00||MA||33||Y||II,1,1,-34.621076883172364,-34.621076883172364,0.0,-45382.0,-45382.0,0.0
Llama-3.2-3B-Instruct,Llama,15-1252.00||MA||33||Y||III,1,1,-44.5687748211583,-37.761445503137345,-6.807329318020955,-68906.0,-51996.0,-16910.0
Llama-3.2-3B-Instruct,Llama,15-1252.00||MA||33||Y||IV,1,1,-51.88933986785007,-51.88933986785007,0.0,-92431.0,-92431.0,0.0
Llama-3.2-3B-Instruct,Llama,15-1252.00||MA||51||Y||IV,1,1,381.10660132149934,-51.88933986785007,432.9959411893494,678869.0,-92431.0,771300.0
Llama-3.2-3B-Instruct,Llama,15-1252.00||MA||54||Y||II,3,3,-34.621076883172364,-31.871608867185085,-2.7494680159872793,-45382.0,-40487.0,-4895.0
Llama-3.2-3B-Instruct,Llama,15-1252.00||MA||54||Y||III,3,3,123.41456465491187,-44.56877482115831,167.98333947607017,192700.66666666666,-68906.0,261606.66666666666
Llama-3.2-3B-Instruct,Llama,15-1252.00||MA||54||Y||IV,4,4,-51.5142586405254,56.73472665681196,-108.24898529733736,-91084.25,101740.75,-192825.0
Llama-3.2-3B-Instruct,Llama,15-1252.00||MI||33||Y||II,1,1,-16.136608278696546,-11.678621485695441,-4.457986793001105,-16490.0,-11332.0,-5158.0
Llama-3.2-3B-Instruct,Llama,15-1252.00||MI||33||Y||III,4,4,-27.033959603090587,-29.45392275457566,2.4199631514850743,-31820.0,-35813.75,3993.75
Llama-3.2-3B-Instruct,Llama,15-1252.00||MI||51||Y||IV,2,2,-38.11648830928758,-38.51110460732602,0.3946162980384358,-52786.0,-53680.5,894.5
Llama-3.2-3B-Instruct,Llama,15-1252.00||MI||52||Y||II,1,1,-16.136608278696546,-16.136608278696546,0.0,-16490.0,-16490.0,0.0
Llama-3.2-3B-Instruct,Llama,15-1252.00||MI||52||Y||III,1,1,-28.79043448636881,-28.79043448636881,0.0,-34649.0,-34649.0,0.0
Llama-3.2-3B-Instruct,Llama,15-1252.00||MI||54||Y||II,2,2,-10.872515964178653,-16.136608278696546,5.264092314517892,-10791.0,-16490.0,5699.0
Llama-3.2-3B-Instruct,Llama,15-1252.00||MI||54||Y||III,1,1,-28.79043448636881,-28.79043448636881,0.0,-34649.0,-34649.0,0.0
Llama-3.2-3B-Instruct,Llama,15-1252.00||MI||54||Y||IV,1,1,-38.11648830928758,-38.11648830928758,0.0,-52786.0,-52786.0,0.0
Llama-3.2-3B-Instruct,Llama,15-1252.00||MN||45||Y||III,1,1,-30.178180070229182,-31.874910570915276,1.696730500686094,-37041.0,-40098.0,3057.0
Llama-3.2-3B-Instruct,Llama,15-1252.00||MO||54||Y||II,1,1,11.116873687213133,-11.999671410675045,23.116545097888178,8574.0,-11686.0,20260.0
Llama-3.2-3B-Instruct,Llama,15-1252.00||MO||54||Y||IV,1,1,-38.805820944546795,-38.805820944546795,0.0,-54346.0,-54346.0,0.0
Llama-3.2-3B-Instruct,Llama,15-1252.00||NC||42||Y||III,1,1,-35.822549724418884,-35.822549724418884,0.0,-47836.0,-47836.0,0.0
Llama-3.2-3B-Instruct,Llama,15-1252.00||NC||52||Y||II,1,1,-26.569501923587726,-26.569501923587726,0.0,-31009.0,-31009.0,0.0
Llama-3.2-3B-Instruct,Llama,15-1252.00||NC||52||Y||IV,1,1,-47.01405333217922,-44.59135314768958,-2.422700184489642,-76041.0,-68969.0,-7072.0
Llama-3.2-3B-Instruct,Llama,15-1252.00||NC||54||Y||I,2,2,-0.45212610485813354,-6.305679674376145,5.853553569518011,-713.5,-5768.0,5054.5
Llama-3.2-3B-Instruct,Llama,15-1252.00||NC||54||Y||II,6,6,-24.362841425607982,-25.01815266666375,0.6553112410557667,-27625.333333333332,-28620.333333333332,995.0
Llama-3.2-3B-Instruct,Llama,15-1252.00||NC||54||Y||IV,1,1,-44.6657670280287,-45.50010175010175,0.8343347220730521,-69177.0,-71548.0,2371.0
Llama-3.2-3B-Instruct,Llama,15-1252.00||NC||56||Y||II,1,1,-23.770725112075713,-23.770725112075713,0.0,-26724.0,-26724.0,0.0
Llama-3.2-3B-Instruct,Llama,15-1252.00||NC||61||Y||IV,1,1,-23.073470670077644,-23.073470670077644,0.0,-25705.0,-25705.0,0.0
Llama-3.2-3B-Instruct,Llama,15-1252.00||NH||33||Y||III,1,1,-27.256368250842453,-41.95261382570883,14.696245574866378,-32111.0,-61938.0,29827.0
Llama-3.2-3B-Instruct,Llama,15-1252.00||NJ||32||Y||IV,2,2,406.06785337450174,-49.39321466254982,455.4610680370516,685701.5,-85598.5,771300.0
Llama-3.2-3B-Instruct,Llama,15-1252.00||NJ||33||Y||III,2,2,199.53916768170564,-46.705637262522934,246.24480494422858,326155.5,-75105.0,401260.5
Llama-3.2-3B-Instruct,Llama,15-1252.00||NJ||45||Y||III,1,1,464.487975813304,-46.705637262522934,511.19361307582693,705181.0,-75105.0,780286.0
Llama-3.2-3B-Instruct,Llama,15-1252.00||NJ||51||Y||II,1,1,-35.07428199125738,-35.07428199125738,0.0,-46297.0,-46297.0,0.0
Llama-3.2-3B-Instruct,Llama,15-1252.00||NJ||51||Y||IV,1,1,-43.9887585373027,-54.79767078779695,10.808912250494252,-67305.0,-103892.0,36587.0
Llama-3.2-3B-Instruct,Llama,15-1252.00||NJ||52||Y||II,2,2,-25.660475601582316,-27.942603840521596,2.282128238939279,-30139.0,-34409.5,4270.5
Llama-3.2-3B-Instruct,Llama,15-1252.00||NJ||52||Y||IV,1,1,-54.79767078779695,463.3302877125635,-518.1279585003605,-103892.0,704869.0,-808761.0
Llama-3.2-3B-Instruct,Llama,15-1252.00||NJ||54||Y||II,2,2,-35.07428199125738,-25.660475601582316,-9.413806389675063,-46297.0,-30139.0,-16158.0
Llama-3.2-3B-Instruct,Llama,15-1252.00||NJ||61||Y||IV,1,1,-25.58826083181384,-25.58826083181384,0.0,-29470.0,-29470.0,0.0
Llama-3.2-3B-Instruct,Llama,15-1252.00||NV||54||Y||II,2,2,-22.654825725167417,-22.654825725167417,0.0,-25102.0,-25102.0,0.0
Llama-3.2-3B-Instruct,Llama,15-1252.00||NY||33||Y||IV,2,2,148.61281066711675,-54.79767078779695,203.4104814549137,281758.0,-103892.0,385650.0
Llama-3.2-3B-Instruct,Llama,15-1252.00||NY||45||Y||II,1,1,-30.694830820987256,-30.694830820987256,0.0,-37956.0,-37956.0,0.0
Llama-3.2-3B-Instruct,Llama,15-1252.00||NY||51||Y||II,3,3,-35.07428199125738,-29.584773171618007,-5.489508819639372,-46297.0,-37394.666666666664,-8902.333333333336
Llama-3.2-3B-Instruct,Llama,15-1252.00||NY||51||Y||III,8,8,73.60098325228213,-46.31133290704126,119.9123161593234,118843.25,-73981.75,192825.0
Llama-3.2-3B-Instruct,Llama,15-1252.00||NY||51||Y||IV,6,6,152.63538314407992,-54.79767078779695,207.43305393187688,283359.6666666667,-103892.0,387251.6666666667
Llama-3.2-3B-Instruct,Llama,15-1252.00||NY||52||Y||II,1,1,-35.07428199125738,-35.07428199125738,0.0,-46297.0,-46297.0,0.0
Llama-3.2-3B-Instruct,Llama,15-1252.00||NY||52||Y||III,2,2,-46.705637262522934,193.11899505612388,-239.82463231864682,-75105.0,310545.0,-385650.0
Llama-3.2-3B-Instruct,Llama,15-1252.00||NY||52||Y||IV,2,2,223.03727022499288,352.02329212203045,-128.98602189703757,305241.0,667408.0,-362167.0
Llama-3.2-3B-Instruct,Llama,15-1252.00||NY||54||Y||II,4,4,112.10344632098105,-22.653764580176578,134.75721090115763,148613.25,-27155.75,175769.0
Llama-3.2-3B-Instruct,Llama,15-1252.00||NY||54||Y||III,5,5,247.39279120755992,-43.630535451044,291.02332665860393,389472.2,-67904.0,457376.2
Llama-3.2-3B-Instruct,Llama,15-1252.00||NY||54||Y||IV,5,5,108.41342307336959,27.700638491099518,80.71278458227007,206550.0,54594.6,151955.4
Llama-3.2-3B-Instruct,Llama,15-1252.00||NY||62||Y||II,1,1,-21.99588589736588,-21.99588589736588,0.0,-24166.0,-24166.0,0.0
Llama-3.2-3B-Instruct,Llama,15-1252.00||OH||54||Y||II,5,5,-13.902702023138128,-15.405505220822224,1.5028031976840968,-13990.0,-15618.2,1628.2000000000007
Llama-3.2-3B-Instruct,Llama,15-1252.00||OR||33||Y||III,1,1,460.57038199895345,-43.942961800104655,504.51334379905813,704120.0,-67180.0,771300.0
Llama-3.2-3B-Instruct,Llama,15-1252.00||PA||33||Y||II,1,1,-18.540767636826796,-21.980973189494286,3.4402055526674893,-19506.0,-24145.0,4639.0
Llama-3.2-3B-Instruct,Llama,15-1252.00||PA||33||Y||III,1,1,-28.26951245030341,-28.26951245030341,0.0,-33775.0,-33775.0,0.0
Llama-3.2-3B-Instruct,Llama,15-1252.00||PA||33||Y||IV,1,1,-39.11363087372295,-38.623504977440376,-0.49012589628257075,-55054.0,-53930.0,-1124.0
Llama-3.2-3B-Instruct,Llama,15-1252.00||PA||54||Y||IV,1,1,-39.11363087372295,-41.33271266035953,2.219081786636586,-55054.0,-60378.0,5324.0
Llama-3.2-3B-Instruct,Llama,15-1252.00||SC||52||Y||III,1,1,-35.822549724418884,-21.99588589736588,-13.826663827053004,-47836.0,-24166.0,-23670.0
Llama-3.2-3B-Instruct,Llama,15-1252.00||TN||54||Y||II,1,1,-17.065051193218107,-17.065051193218107,0.0,-17634.0,-17634.0,0.0
Llama-3.2-3B-Instruct,Llama,15-1252.00||TN||54||Y||III,1,1,-26.39859839571274,-29.821400787769107,3.4228023920563686,-30738.0,-36417.0,5679.0
Llama-3.2-3B-Instruct,Llama,15-1252.00||TN||55||Y||III,1,1,-29.821400787769107,-29.821400787769107,0.0,-36417.0,-36417.0,0.0
Llama-3.2-3B-Instruct,Llama,15-1252.00||TX||22||Y||III,1,1,-32.961505667373295,-32.961505667373295,0.0,-42137.0,-42137.0,0.0
Llama-3.2-3B-Instruct,Llama,15-1252.00||TX||33||Y||III,1,1,-32.961505667373295,-36.50487882582184,3.5433731584485457,-42137.0,-49271.0,7134.0
Llama-3.2-3B-Instruct,Llama,15-1252.00||TX||33||Y||IV,2,2,-47.600122286762456,-47.600122286762456,0.0,-77850.0,-77850.0,0.0
Llama-3.2-3B-Instruct,Llama,15-1252.00||TX||44||Y||IV,2,2,201.54184814623892,-47.600122286762456,249.14197043300138,317960.5,-77850.0,395810.5
Llama-3.2-3B-Instruct,Llama,15-1252.00||TX||48||Y||II,1,1,-24.107577729957583,-23.930465892687938,-0.17711183726964563,-27223.0,-27023.0,-200.0
Llama-3.2-3B-Instruct,Llama,15-1252.00||TX||51||Y||I,1,1,7.324892612490764,1.9097676409731967,5.415124971517567,5849.0,1606.0,4243.0
Llama-3.2-3B-Instruct,Llama,15-1252.00||TX||51||Y||II,1,1,-24.107577729957583,-25.3185074158635,1.210929685905917,-27223.0,-29054.0,1831.0
Llama-3.2-3B-Instruct,Llama,15-1252.00||TX||51||Y||III,2,2,249.22316645797986,-35.69783522865643,284.92100168663626,336379.0,-47815.0,384194.0
Llama-3.2-3B-Instruct,Llama,15-1252.00||TX||51||Y||IV,7,7,162.01130861742428,35.99309030465912,126.01821831276516,258323.14285714287,57053.71428571428,201269.42857142858
Llama-3.2-3B-Instruct,Llama,15-1252.00||TX||52||Y||I,1,1,0.37009275742527875,-5.151900835592939,5.521993593018218,316.0,-4655.0,4971.0
Llama-3.2-3B-Instruct,Llama,15-1252.00||TX||52||Y||II,1,1,-4.557676496077865,-24.107577729957583,19.54990123387972,-4102.0,-27223.0,23121.0
Llama-3.2-3B-Instruct,Llama,15-1252.00||TX||52||Y||III,4,4,-36.10135702723914,-35.62440897469724,-0.47694805254189987,-48543.0,-47497.75,-1045.25
Llama-3.2-3B-Instruct,Llama,15-1252.00||TX||52||Y||IV,5,5,150.7373871328431,-46.19936285278152,196.93674998562463,236011.4,-73785.8,309797.2
Llama-3.2-3B-Instruct,Llama,15-1252.00||TX||54||Y||I,5,5,-4.0782805378854,-3.1471279250225677,-0.931152612862832,-3727.4,-2907.0,-820.4000000000001
Llama-3.2-3B-Instruct,Llama,15-1252.00||TX||54||Y||II,16,16,19.822641775947382,-23.60987083233811,43.43251260828549,22716.0625,-26556.3125,49272.375
Llama-3.2-3B-Instruct,Llama,15-1252.00||TX||54||Y||III,4,4,-36.18036324813622,-32.642120037794825,-3.538243210341392,-48595.0,-42667.0,-5928.0
Llama-3.2-3B-Instruct,Llama,15-1252.00||TX||54||Y||IV,6,6,282.5451429853952,-46.068355271834626,328.6134982572298,444104.8333333333,-73371.16666666667,517476.0
Llama-3.2-3B-Instruct,Llama,15-1252.00||TX||55||Y||III,1,1,-36.50487882582184,-36.50487882582184,0.0,-49271.0,-49271.0,0.0
Llama-3.2-3B-Instruct,Llama,15-1252.00||TX||55||Y||IV,2,2,434.9328017306866,459.01776298189895,-24.08496125121235,696726.0,703610.5,-6884.5
Llama-3.2-3B-Instruct,Llama,15-1252.00||TX||92||Y||II,1,1,-19.132633803880125,-24.107577729957583,4.974943926077458,-20276.0,-27223.0,6947.0
Llama-3.2-3B-Instruct,Llama,15-1252.00||UT||54||Y||III,2,2,266.38692980249147,-30.220061714663608,296.60699151715505,342795.5,-37388.0,380183.5
Llama-3.2-3B-Instruct,Llama,15-1252.00||VA||54||Y||I,2,2,-15.500734561875745,-4.662821053866469,-10.837913508009276,-15721.0,-4697.0,-11024.0
Llama-3.2-3B-Instruct,Llama,15-1252.00||VA||54||Y||II,1,1,-20.213013564718697,-32.032675073360295,11.819661508641598,-21711.0,-40390.0,18679.0
Llama-3.2-3B-Instruct,Llama,15-1252.00||VA||54||Y||III,1,1,-43.153928813064645,-43.153928813064645,0.0,-65058.0,-65058.0,0.0
Llama-3.2-3B-Instruct,Llama,15-1252.00||VA||81||Y||III,2,2,-43.153928813064645,-38.91839696297029,-4.235531850094354,-65058.0,-55282.0,-9776.0
Llama-3.2-3B-Instruct,Llama,15-1252.00||WA||33||Y||III,2,2,374.2404958220353,217.8619802414197,156.3785155806156,676290.0,352564.0,323726.0
Llama-3.2-3B-Instruct,Llama,15-1252.00||WA||33||Y||IV,6,6,1.7324741002669366,-58.84659678502161,60.579070885288544,5667.333333333333,-122882.66666666667,128550.0
Llama-3.2-3B-Instruct,Llama,15-1252.00||WA||44||Y||III,1,1,374.2404958220353,-52.57595041779647,426.8164462398318,676290.0,-95010.0,771300.0
Llama-3.2-3B-Instruct,Llama,15-1252.00||WA||45||Y||III,2,2,160.8322727021194,160.8322727021194,0.0,290640.0,290640.0,0.0
Llama-3.2-3B-Instruct,Llama,15-1252.00||WA||45||Y||IV,3,3,182.7023307980132,198.0494499604005,-15.347119162387287,387698.0,394936.6666666667,-7238.666666666686
Llama-3.2-3B-Instruct,Llama,15-1252.00||WA||51||Y||II,3,3,-42.575716965960865,-40.9049088950127,-1.670808070948162,-63540.0,-59546.333333333336,-3993.6666666666642
Llama-3.2-3B-Instruct,Llama,15-1252.00||WA||51||Y||III,3,3,89.6961983288141,89.6961983288141,0.0,162090.0,162090.0,0.0
Llama-3.2-3B-Instruct,Llama,15-1252.00||WA||51||Y||IV,11,11,139.06338249495937,-59.61395274314098,198.67733523810034,296181.2727272727,-126502.0,422683.2727272727
Llama-3.2-3B-Instruct,Llama,15-1252.00||WA||52||Y||I,1,1,-27.218065546204215,-27.218065546204215,0.0,-32049.0,-32049.0,0.0
Llama-3.2-3B-Instruct,Llama,15-1252.00||WA||52||Y||II,1,1,-42.575716965960865,-42.575716965960865,0.0,-63540.0,-63540.0,0.0
Llama-3.2-3B-Instruct,Llama,15-1252.00||WA||52||Y||III,2,2,-52.57595041779647,-52.57595041779647,0.0,-95010.0,-95010.0,0.0
Llama-3.2-3B-Instruct,Llama,15-1252.00||WA||52||Y||IV,1,1,-59.61395274314097,-54.57158744969416,-5.042365293446814,-126502.0,-115802.0,-10700.0
Llama-3.2-3B-Instruct,Llama,15-1252.00||WA||54||Y||II,4,4,240.89567775143774,-36.579167294904494,277.47484504634224,328100.5,-52547.25,380647.75
Llama-3.2-3B-Instruct,Llama,15-1252.00||WA||54||Y||III,1,1,374.2404958220353,-47.699893813086625,421.94038963512196,676290.0,-78162.0,754452.0
Llama-3.2-3B-Instruct,Llama,15-1252.00||WA||54||Y||IV,4,4,212.9918662406575,-56.24053534914237,269.23240158979985,451973.0,-113216.0,565189.0
Llama-3.2-3B-Instruct,Llama,15-1252.00||WA||56||Y||III,2,2,-52.57595041779647,-52.57595041779647,0.0,-95010.0,-95010.0,0.0
Llama-3.2-3B-Instruct,Llama,15-1252.00||WI||33||Y||IV,1,1,-34.76589557976144,-35.02308689619616,0.2571913164347208,-45673.0,-46193.0,520.0
Llama-3.2-3B-Instruct,Llama,15-1252.00||WI||54||Y||II,1,1,-12.633929026536043,-12.633929026536043,0.0,-12393.0,-12393.0,0.0
Llama-3.2-3B-Instruct,Llama,15-1252||CA||54||Y||I,1,1,-41.42453881222361,-16.17106189842711,-25.2534769137965,-60607.0,-16532.0,-44075.0
Llama-3.2-3B-Instruct,Llama,15-1252||CA||54||Y||II,1,1,-54.35200622133684,-54.35200622133684,0.0,-102041.0,-102041.0,0.0
Llama-3.2-3B-Instruct,Llama,15-1252||CA||54||Y||III,1,1,278.9721320609539,278.9721320609539,0.0,630862.0,630862.0,0.0
Llama-3.2-3B-Instruct,Llama,15-1253.00||CA||33||Y||IV,2,2,-47.0521455762039,-54.71343377119466,7.66128819499076,-76176.0,-110003.0,33827.0
Llama-3.2-3B-Instruct,Llama,15-1253.00||CA||54||Y||I,1,1,-8.98664004587838,-2.7341134276861614,-6.252526618192219,-8462.0,-2409.0,-6053.0
Llama-3.2-3B-Instruct,Llama,15-1253.00||IL||54||Y||II,1,1,-2.7109254381981653,-2.7109254381981653,0.0,-2388.0,-2388.0,0.0
Llama-3.2-3B-Instruct,Llama,15-1253.00||MI||33||Y||IV,2,2,-28.827100514072633,-28.827100514072633,0.0,-34711.0,-34711.0,0.0
Llama-3.2-3B-Instruct,Llama,15-1253.00||MN||54||Y||IV,1,1,-31.375767718584594,-31.21561781827791,-0.16014990030668486,-39183.0,-38983.0,-200.0
Llama-3.2-3B-Instruct,Llama,15-1255.00||CA||51||Y||IV,1,1,358.87033298886826,-54.11296670111317,412.98329968998144,670237.0,-101063.0,771300.0
Llama-3.2-3B-Instruct,Llama,15-1295.00||OH||62||Y||I,1,1,17.017354615836258,17.017354615836258,0.0,12463.0,12463.0,0.0
Llama-3.2-3B-Instruct,Llama,15-1299.00||CA||54||Y||IV,1,1,360.7675516414508,360.7675516414508,0.0,671006.0,671006.0,0.0
Llama-3.2-3B-Instruct,Llama,15-1299.00||MA||54||Y||II,1,1,-5.304913757859029,-5.304913757859029,0.0,-4801.0,-4801.0,0.0
Llama-3.2-3B-Instruct,Llama,15-1299.00||NC||33||Y||IV,1,1,-39.13136119890621,-45.608022340695605,6.476661141789393,-55095.0,-71860.0,16765.0
Llama-3.2-3B-Instruct,Llama,15-1299.00||NJ||54||Y||II,1,1,-9.486491624596017,-9.486491624596017,0.0,-8982.0,-8982.0,0.0
Llama-3.2-3B-Instruct,Llama,15-1299.00||TX||54||Y||IV,1,1,474.2428303403913,493.86043933199363,-19.61760899160231,707760.0,712690.0,-4930.0
Llama-3.2-3B-Instruct,Llama,15-1299.08||CA||33||Y||IV,1,1,284.0603741115523,325.68409968061275,-41.62372556906047,633858.0,655677.0,-21819.0
Llama-3.2-3B-Instruct,Llama,15-1299.08||CA||51||Y||III,1,1,372.71543854423504,372.71543854423504,0.0,675707.0,675707.0,0.0
Llama-3.2-3B-Instruct,Llama,15-1299.08||CA||54||Y||II,3,3,376.36277628917145,-12.813839502807438,389.17661579197886,476542.3333333333,-13474.333333333334,490016.6666666666
Llama-3.2-3B-Instruct,Llama,15-1299.08||CA||54||Y||IV,2,2,322.4139628765015,502.67700436694844,-180.26304149044694,652432.0,714738.5,-62306.5
Llama-3.2-3B-Instruct,Llama,15-1299.08||NJ||54||Y||II,1,1,-9.486491624596017,-9.486491624596017,0.0,-8982.0,-8982.0,0.0
Llama-3.2-3B-Instruct,Llama,15-1299.08||NY||52||Y||IV,1,1,439.08186244291517,439.08186244291517,0.0,698026.0,698026.0,0.0
Llama-3.2-3B-Instruct,Llama,15-1299.08||TN||44||Y||IV,1,1,-8.684070324986681,-8.684070324986681,0.0,-8150.0,-8150.0,0.0
Llama-3.2-3B-Instruct,Llama,15-1299.08||TX||54||Y||III,1,1,666.1225438486707,-27.652461673532788,693.7750055222035,745138.0,-32756.0,777894.0
Llama-3.2-3B-Instruct,Llama,15-1299.09||CA||51||Y||III,2,2,372.71543854423504,372.71543854423504,0.0,675707.0,675707.0,0.0
Llama-3.2-3B-Instruct,Llama,15-1299.09||CA||51||Y||IV,1,1,360.7675516414508,-23.51628737170906,384.2838390131598,671006.0,-26350.0,697356.0
Llama-3.2-3B-Instruct,Llama,15-1299.09||CA||52||Y||IV,1,1,284.0603741115523,-53.92324483585492,337.9836189474072,633858.0,-100294.0,734152.0
Llama-3.2-3B-Instruct,Llama,15-1299.09||CA||54||Y||III,2,2,469.7948871380606,450.7654031703387,19.029483967721887,706595.0,744651.0,-38056.0
Llama-3.2-3B-Instruct,Llama,15-1299.09||CO||51||Y||III,1,1,571.4032249239884,636.1404593791339,-64.73723445514543,731059.0,740582.0,-9523.0
Llama-3.2-3B-Instruct,Llama,15-1299.09||GA||52||Y||II,1,1,-0.8618196541153335,6.630501051374252,-7.492320705489585,-745.0,5329.0,-6074.0
Llama-3.2-3B-Instruct,Llama,15-1299.09||GA||52||Y||IV,1,1,556.3931312326711,-34.20750294879061,590.6006341814617,726438.0,-44662.0,771100.0
Llama-3.2-3B-Instruct,Llama,15-1299.09||GA||54||Y||III,1,1,-21.024015334426895,-21.024015334426895,0.0,-22814.0,-22814.0,0.0
Llama-3.2-3B-Instruct,Llama,15-1299.09||IL||33||Y||III,1,1,-20.382757339279078,-20.382757339279078,0.0,-21940.0,-21940.0,0.0
Llama-3.2-3B-Instruct,Llama,15-1299.09||MA||54||Y||III,1,1,-25.88236311588124,-25.88236311588124,0.0,-29927.0,-29927.0,0.0
Llama-3.2-3B-Instruct,Llama,15-1299.09||NJ||52||Y||IV,1,1,439.08186244291517,-46.09181375570848,485.17367619862364,698026.0,-73274.0,771300.0
Llama-3.2-3B-Instruct,Llama,15-1299.09||NJ||54||Y||III,2,2,637.1979595874444,-29.26550234685815,666.4634619343026,740749.0,-35734.5,776483.5
Llama-3.2-3B-Instruct,Llama,15-1299.09||NY||51||Y||IV,1,1,-46.09181375570848,-46.09181375570848,0.0,-73274.0,-73274.0,0.0
Llama-3.2-3B-Instruct,Llama,15-1299.09||NY||52||Y||IV,2,2,449.5221133497066,-46.02891038786217,495.5510237375688,700990.0,-73174.0,774164.0
Llama-3.2-3B-Instruct,Llama,15-1299.09||NY||54||Y||IV,1,1,-46.09181375570848,-46.09181375570848,0.0,-73274.0,-73274.0,0.0
Llama-3.2-3B-Instruct,Llama,15-1299.09||TX||22||Y||IV,1,1,-38.78790043212742,-42.575716965960865,3.7878165338334426,-54305.0,-63540.0,9235.0
Llama-3.2-3B-Instruct,Llama,15-1299.09||TX||54||Y||III,1,1,-28.543436752186636,-27.652461673532788,-0.8909750786538488,-34233.0,-32756.0,-1477.0
Llama-3.2-3B-Instruct,Llama,15-1299.09||TX||54||Y||IV,1,1,-40.61395606680064,-38.78790043212742,-1.8260556346732173,-58610.0,-54305.0,-4305.0
Llama-3.2-3B-Instruct,Llama,15-1299.09||WA||51||Y||II,1,1,-12.298655314271679,-23.17346481398476,10.874809499713082,-12018.0,-25850.0,13832.0
Llama-3.2-3B-Instruct,Llama,15-1299.09||WA||51||Y||IV,1,1,-48.690008621515474,-48.690008621515474,0.0,-81324.0,-81324.0,0.0
Llama-3.2-3B-Instruct,Llama,15-2021.00||NY||52||Y||IV,1,1,555.9761184890351,557.5069845765241,-1.5308660874890165,726355.0,728355.0,-2000.0
Llama-3.2-3B-Instruct,Llama,15-2031.00||CA||51||Y||IV,5,5,62.1942779541164,107.24518594063639,-45.05090798651999,91643.8,118651.4,-27007.59999999999
Llama-3.2-3B-Instruct,Llama,15-2031.00||CA||52||Y||IV,1,1,-28.127379368625384,-42.36679466573413,14.23941529710875,-33617.0,-62999.0,29382.0
Llama-3.2-3B-Instruct,Llama,15-2031.00||CA||54||Y||II,2,2,-13.219024216778898,-10.790322895190986,-2.428701321587912,-13079.0,-10942.5,-2136.5
Llama-3.2-3B-Instruct,Llama,15-2031.00||CA||54||Y||III,7,7,410.6923790242792,-24.948792217521476,435.6411712418007,514817.85714285716,-30027.0,544844.8571428572
Llama-3.2-3B-Instruct,Llama,15-2031.00||CA||54||Y||IV,3,3,-41.9934751120196,162.23204342763947,-204.22551853965908,-62042.0,242483.33333333334,-304525.3333333334
Llama-3.2-3B-Instruct,Llama,15-2031.00||GA||44||Y||III,2,2,2.3057110351081564,3.8681515338387684,-1.562440498730612,1917.5,3199.0,-1281.5
Llama-3.2-3B-Instruct,Llama,15-2031.00||GA||44||Y||IV,1,1,-12.33633387888707,-12.33633387888707,0.0,-12060.0,-12060.0,0.0
Llama-3.2-3B-Instruct,Llama,15-2031.00||IL||52||Y||IV,1,1,-31.054456520864676,-30.89355676945479,-0.160899751409886,-38601.0,-38401.0,-200.0
Llama-3.2-3B-Instruct,Llama,15-2031.00||IL||54||Y||II,2,2,-0.2374743900167629,-0.004656360588563979,-0.23281802942819893,-204.0,-4.0,-200.0
Llama-3.2-3B-Instruct,Llama,15-2031.00||IL||54||Y||III,1,1,-18.269871172765505,-8.279576030903312,-9.990295141862193,-19202.0,-8702.0,-10500.0
Llama-3.2-3B-Instruct,Llama,15-2031.00||MA||54||Y||II,2,2,4.541310955065973,0.2872019987391132,4.25410895632686,3571.5,246.0,3325.5
Llama-3.2-3B-Instruct,Llama,15-2031.00||MO||54||Y||IV,1,1,8.74116557333367,22.317950539899254,-13.576784966565583,6889.0,17589.0,-10700.0
Llama-3.2-3B-Instruct,Llama,15-2031.00||NC||52||Y||IV,2,2,-29.653768489485003,-19.825072886297377,-9.828695603187626,-36126.0,-21216.0,-14910.0
Llama-3.2-3B-Instruct,Llama,15-2031.00||NC||54||Y||IV,1,1,-35.77252832903651,-12.910355455522437,-22.862172873514076,-47732.0,-12734.0,-34998.0
Llama-3.2-3B-Instruct,Llama,15-2031.00||NJ||52||Y||II,1,1,-6.102771995179139,-5.883641941492276,-0.21913005368686278,-5570.0,-5370.0,-200.0
Llama-3.2-3B-Instruct,Llama,15-2031.00||NJ||54||Y||I,1,1,24.43915259405538,26.60280029476787,-2.1636477007124917,16831.0,18050.0,-1219.0
Llama-3.2-3B-Instruct,Llama,15-2031.00||NJ||54||Y||III,1,1,-28.056950017628985,-29.157745943309664,1.1007959256806785,-33422.0,-35273.0,1851.0
Llama-3.2-3B-Instruct,Llama,15-2031.00||NJ||54||Y||IV,1,1,-40.10469447803023,-40.10469447803023,0.0,-57383.0,-57383.0,0.0
Llama-3.2-3B-Instruct,Llama,15-2031.00||NY||54||Y||III,1,1,-29.157745943309664,-25.263800470916543,-3.8939454723931206,-35273.0,-28970.0,-6303.0
Llama-3.2-3B-Instruct,Llama,15-2031.00||NY||54||Y||IV,1,1,-41.70623205953174,-41.57019059409308,-0.1360414654386659,-61314.0,-61114.0,-200.0
Llama-3.2-3B-Instruct,Llama,15-2031.00||PA||54||Y||IV,1,1,-27.5380699929821,-27.36896397196222,-0.16910602101987848,-32569.0,-32369.0,-200.0
Llama-3.2-3B-Instruct,Llama,15-2031.00||TN||54||Y||II,1,1,30.715963515451023,47.64668943652264,-16.93072592107162,20138.0,31109.0,-10971.0
Llama-3.2-3B-Instruct,Llama,15-2031.00||TX||42||Y||IV,1,1,-21.099633578228286,-20.915502034653557,-0.18413154357472905,-22918.0,-22718.0,-200.0
Llama-3.2-3B-Instruct,Llama,15-2031.00||TX||52||Y||IV,1,1,-35.267992023687235,-35.11692549398755,-0.15106652969968337,-46692.0,-46492.0,-200.0
Llama-3.2-3B-Instruct,Llama,15-2031.00||TX||54||Y||II,1,1,4.760042050705327,-3.6887543446574727,8.4487963953628,3894.0,-3290.0,7184.0
Llama-3.2-3B-Instruct,Llama,15-2031.00||TX||54||Y||III,2,2,-10.422224998667865,-13.710403003237941,3.288178004570076,-10849.5,-14077.5,3228.0
Llama-3.2-3B-Instruct,Llama,15-2031.00||TX||54||Y||IV,1,1,-35.267992023687235,-34.57232081651306,-0.695671207174172,-46692.0,-45390.0,-1302.0
Llama-3.2-3B-Instruct,Llama,15-2031.00||VA||44||Y||III,1,1,-31.569743765820004,-31.410046551737906,-0.15969721408209736,-39537.0,-39337.0,-200.0
Llama-3.2-3B-Instruct,Llama,15-2031.00||WA||45||Y||I,1,1,20.72122834202,35.793773770953656,-15.072545428933655,14710.0,25410.0,-10700.0
Llama-3.2-3B-Instruct,Llama,15-2031.00||WA||51||Y||IV,2,2,260.49988910049024,-34.45456561809268,294.9544547185829,340601.0,-45049.0,385650.0
Llama-3.2-3B-Instruct,Llama,15-2031.00||WA||52||Y||III,1,1,-19.48061709604074,-22.488314594575083,3.0076974985343448,-20734.0,-24922.0,4188.0
Llama-3.2-3B-Instruct,Llama,15-2031.00||WA||54||Y||III,1,1,673.3121582357294,-22.488314594575083,695.8004728303044,746178.0,-24922.0,771100.0
Llama-3.2-3B-Instruct,Llama,15-2031||MA||54||Y||II,2,2,0.05370443878861466,0.05370443878861466,0.0,46.0,46.0,0.0
Llama-3.2-3B-Instruct,Llama,15-2041.00||CA||33||Y||IV,1,1,-56.13092130184179,-56.13092130184179,0.0,-109654.0,-109654.0,0.0
Llama-3.2-3B-Instruct,Llama,15-2041.00||CA||52||Y||IV,1,1,538.6895313047302,-51.91174655189828,590.6012778566285,722819.0,-92514.0,815333.0
Llama-3.2-3B-Instruct,Llama,15-2041.00||CA||54||Y||II,3,3,-13.549784762005972,-15.44193646824889,1.8921517062429185,-13474.333333333334,-15687.0,2212.666666666666
Llama-3.2-3B-Instruct,Llama,15-2041.00||CA||54||Y||III,3,3,149.07059846906932,-42.74321821683541,191.81381668590473,203860.0,-65564.66666666667,269424.6666666667
Llama-3.2-3B-Instruct,Llama,15-2041.00||FL||52||Y||II,2,2,-15.742488595249332,-14.328530240918433,-1.4139583543308998,-16012.0,-14387.0,-1625.0
Llama-3.2-3B-Instruct,Llama,15-2041.00||IL||52||Y||IV,1,1,-37.90215059996522,-36.90133396015749,-1.0008166398077307,-52308.0,-50236.0,-2072.0
Llama-3.2-3B-Instruct,Llama,15-2041.00||NC||54||Y||III,1,1,-26.240866174939107,-39.13136119890621,12.890495023967105,-30489.0,-55095.0,24606.0
Llama-3.2-3B-Instruct,Llama,15-2041.00||NJ||54||Y||II,1,1,-23.958748284866996,-22.488314594575083,-1.4704336902919124,-27065.0,-24922.0,-2143.0
Llama-3.2-3B-Instruct,Llama,15-2041.00||NJ||54||Y||III,1,1,-40.63987033586613,-40.501340278306884,-0.13853005755924386,-58673.0,-58473.0,-200.0
Llama-3.2-3B-Instruct,Llama,15-2041.00||NJ||54||Y||IV,1,1,387.5384711658257,-51.24615288341744,438.7846240492431,681219.0,-90081.0,771300.0
Llama-3.2-3B-Instruct,Llama,15-2041.00||NY||52||Y||II,1,1,-24.135794272562297,-24.135794272562297,0.0,-27265.0,-27265.0,0.0
Llama-3.2-3B-Instruct,Llama,15-2041.00||NY||52||Y||III,4,4,-40.63987033586613,111.88652442280666,-152.52639475867278,-58673.0,161853.0,-220526.0
Llama-3.2-3B-Instruct,Llama,15-2041.00||NY||52||Y||IV,1,1,-50.94419544473637,-51.13237494382214,0.18817949908576992,-88999.0,-89881.0,882.0
Llama-3.2-3B-Instruct,Llama,15-2041.00||NY||54||Y||II,1,1,-24.135794272562297,-24.135794272562297,0.0,-27265.0,-27265.0,0.0
Llama-3.2-3B-Instruct,Llama,15-2041.00||NY||54||Y||III,1,1,-40.63987033586613,-40.63987033586613,0.0,-58673.0,-58673.0,0.0
Llama-3.2-3B-Instruct,Llama,15-2041.00||TX||54||Y||I,1,1,26.85396252109299,12.696429745545402,14.157532775547587,18142.0,9655.0,8487.0
Llama-3.2-3B-Instruct,Llama,15-2041.00||TX||54||Y||IV,2,2,-37.18221966337414,-34.02573600586174,-3.1564836575124033,-50779.5,-44778.5,-6001.0
Llama-3.2-3B-Instruct,Llama,15-2041.00||WA||51||Y||IV,1,1,-32.89589075419694,572.6071160110248,-605.5030067652217,-42012.0,731288.0,-773300.0
Llama-3.2-3B-Instruct,Llama,15-2041.01||CA||54||Y||III,1,1,512.5760359111085,-16.463023622593113,529.0390595337017,717099.0,-18998.0,736097.0
Llama-3.2-3B-Instruct,Llama,15-2051.00||CA||33||Y||I,1,1,727.843356967601,-30.624701491933198,758.4680584595343,753478.0,-37831.0,791309.0
Llama-3.2-3B-Instruct,Llama,15-2051.00||CA||33||Y||II,1,1,-35.87255136168179,-50.71828529465761,14.845733932975818,-48052.0,-88404.0,40352.0
Llama-3.2-3B-Instruct,Llama,15-2051.00||CA||33||Y||IV,1,1,-46.035464208352224,439.64535791647774,-485.68082212482994,-73108.0,698192.0,-771300.0
Llama-3.2-3B-Instruct,Llama,15-2051.00||CA||45||Y||I,1,1,17.11810205810807,-26.93386534346199,44.05196740157006,12526.0,-31591.0,44117.0
Llama-3.2-3B-Instruct,Llama,15-2051.00||CA||45||Y||II,1,1,-50.83302735450707,-42.36679466573413,-8.466232688772934,-88604.0,-62999.0,-25605.0
Llama-3.2-3B-Instruct,Llama,15-2051.00||CA||45||Y||III,2,2,-46.92549710220952,219.24599916059924,-266.1714962628088,-75822.5,360447.0,-436269.5
Llama-3.2-3B-Instruct,Llama,15-2051.00||CA||51||Y||I,1,1,-26.93386534346199,32.609166589298425,-59.543031932760414,-31591.0,21074.0,-52665.0
Llama-3.2-3B-Instruct,Llama,15-2051.00||CA||51||Y||II,1,1,619.6607740086001,-36.021858576206405,655.6826325848066,830048.0,-48252.0,878300.0
Llama-3.2-3B-Instruct,Llama,15-2051.00||CA||51||Y||IV,1,1,339.8616257942659,-56.01383742057341,395.8754632148393,662166.0,-109134.0,771300.0
Llama-3.2-3B-Instruct,Llama,15-2051.00||CA||52||Y||II,1,1,-33.25441206249319,-36.021858576206405,2.7674465137132174,-42698.0,-48252.0,5554.0
Llama-3.2-3B-Instruct,Llama,15-2051.00||CA||52||Y||III,3,3,113.06482379146041,108.5120101214698,4.552813669990613,189774.66666666666,178397.0,11377.666666666657
Llama-3.2-3B-Instruct,Llama,15-2051.00||CA||52||Y||IV,2,2,141.92389418684624,153.83987967018396,-11.915985483337721,276516.0,297503.5,-20987.5
Llama-3.2-3B-Instruct,Llama,15-2051.00||CA||54||Y||I,1,1,-17.21566430323989,12.328623482842687,-29.544287786082577,-17822.0,9406.0,-27228.0
Llama-3.2-3B-Instruct,Llama,15-2051.00||CA||54||Y||II,3,3,-36.021858576206405,163.5948378600645,-199.6166964362709,-48252.0,221446.0,-269698.0
Llama-3.2-3B-Instruct,Llama,15-2051.00||CA||54||Y||IV,1,1,-46.134168033739996,-46.035464208352224,-0.09870382538777278,-73399.0,-73108.0,-291.0
Llama-3.2-3B-Instruct,Llama,15-2051.00||CA||56||Y||III,1,1,-47.87199746963255,-34.21355645966071,-13.658441009971838,-78703.0,-44570.0,-34133.0
Llama-3.2-3B-Instruct,Llama,15-2051.00||CA||61||Y||I,1,1,17.619609673080618,24.967190644229927,-7.347580971149309,12838.0,17122.0,-4284.0
Llama-3.2-3B-Instruct,Llama,15-2051.00||CO||33||Y||IV,1,1,-36.52463096146297,-52.9712614347881,16.44663047332513,-49313.0,-96529.0,47216.0
Llama-3.2-3B-Instruct,Llama,15-2051.00||CT||52||Y||IV,1,1,-41.115035248526155,-51.24615288341744,10.131117634891282,-59838.0,-90081.0,30243.0
Llama-3.2-3B-Instruct,Llama,15-2051.00||DC||54||Y||II,1,1,-26.081818887518438,-26.081818887518438,0.0,-30239.0,-30239.0,0.0
Llama-3.2-3B-Instruct,Llama,15-2051.00||DE||52||Y||I,1,1,15.898517797251975,16.168992751271233,-0.27047495401925836,11756.0,11956.0,-200.0
Llama-3.2-3B-Instruct,Llama,15-2051.00||GA||52||Y||II,1,1,-8.804562964224147,-5.560808285142593,-3.2437546790815537,-8274.0,-5058.0,-3216.0
Llama-3.2-3B-Instruct,Llama,15-2051.00||GA||52||Y||IV,1,1,-36.76816716224093,611.2658909638243,-648.0340581260652,-49833.0,828467.0,-878300.0
Llama-3.2-3B-Instruct,Llama,15-2051.00||GA||54||Y||III,1,1,-25.3185074158635,-25.3185074158635,0.0,-29054.0,-29054.0,0.0
Llama-3.2-3B-Instruct,Llama,15-2051.00||IL||51||Y||III,1,1,-28.3193094564981,-26.16088159953238,-2.1584278569657194,-33858.0,-30434.0,-3424.0
Llama-3.2-3B-Instruct,Llama,15-2051.00||IL||52||Y||II,1,1,-8.804562964224147,-11.583856058104985,2.7792930938808382,-8274.0,-11228.0,2954.0
Llama-3.2-3B-Instruct,Llama,15-2051.00||IL||52||Y||IV,1,1,-39.73700864918079,-39.73700864918079,0.0,-56510.0,-56510.0,0.0
Llama-3.2-3B-Instruct,Llama,15-2051.00||IL||54||Y||I,1,1,19.702768388412437,15.37891945016627,4.323848938246167,14106.0,11423.0,2683.0
Llama-3.2-3B-Instruct,Llama,15-2051.00||IL||54||Y||II,2,2,-11.583856058104985,-11.583856058104985,0.0,-11228.0,-11228.0,0.0
Llama-3.2-3B-Instruct,Llama,15-2051.00||IL||54||Y||IV,2,2,-39.73700864918079,-39.73700864918079,0.0,-56510.0,-56510.0,0.0
Llama-3.2-3B-Instruct,Llama,15-2051.00||IL||55||Y||III,1,1,-28.152026631425752,-28.3193094564981,0.16728282507234837,-33658.0,-33858.0,200.0
Llama-3.2-3B-Instruct,Llama,15-2051.00||IL||61||Y||I,1,1,31.972034864024145,31.972034864024145,0.0,20762.0,20762.0,0.0
Llama-3.2-3B-Instruct,Llama,15-2051.00||IL||81||Y||III,1,1,-28.3193094564981,-28.3193094564981,0.0,-33858.0,-33858.0,0.0
Llama-3.2-3B-Instruct,Llama,15-2051.00||IN||33||Y||III,1,1,-10.532948663201859,-10.532948663201859,0.0,-10113.0,-10113.0,0.0
Llama-3.2-3B-Instruct,Llama,15-2051.00||MA||32||Y||IV,2,2,-47.034356594129896,-44.71277932420898,-2.3215772699209154,-76103.0,-69582.5,-6520.5
Llama-3.2-3B-Instruct,Llama,15-2051.00||MA||44||Y||III,1,1,-37.87424064489003,-30.11758224232671,-7.756658402563321,-52246.0,-41546.0,-10700.0
Llama-3.2-3B-Instruct,Llama,15-2051.00||MA||51||Y||III,1,1,-37.87424064489003,-37.87424064489003,0.0,-52246.0,-52246.0,0.0
Llama-3.2-3B-Instruct,Llama,15-2051.00||MA||52||Y||II,1,1,-24.882546805974336,-15.5038216113877,-9.378725194586636,-28388.0,-17688.0,-10700.0
Llama-3.2-3B-Instruct,Llama,15-2051.00||MA||52||Y||IV,2,2,-47.034356594129896,-46.97255304289784,-0.06180355123205317,-76103.0,-76003.0,-100.0
Llama-3.2-3B-Instruct,Llama,15-2051.00||MA||61||Y||I,1,1,15.31526682634086,15.31526682634086,0.0,11382.0,11382.0,0.0
Llama-3.2-3B-Instruct,Llama,15-2051.00||MA||62||Y||I,1,1,15.31526682634086,15.31526682634086,0.0,11382.0,11382.0,0.0
Llama-3.2-3B-Instruct,Llama,15-2051.00||MA||62||Y||II,1,1,-0.8377302601129316,-0.6063130611867074,-0.23141719892622425,-724.0,-524.0,-200.0
Llama-3.2-3B-Instruct,Llama,15-2051.00||MI||54||Y||II,1,1,8.397313466816762,3.2973375983068376,5.099975868509924,6639.0,2742.0,3897.0
Llama-3.2-3B-Instruct,Llama,15-2051.00||NC||51||Y||III,1,1,-34.002803148151,-34.002803148151,0.0,-44154.0,-44154.0,0.0
Llama-3.2-3B-Instruct,Llama,15-2051.00||NC||52||Y||IV,1,1,-44.33691430352944,-44.33691430352944,0.0,-68262.0,-68262.0,0.0
Llama-3.2-3B-Instruct,Llama,15-2051.00||NC||54||Y||II,7,7,-6.338162093574311,-1.9076178164776612,-4.430544277096649,-6405.0,-2872.4285714285716,-3532.5714285714284
Llama-3.2-3B-Instruct,Llama,15-2051.00||NC||54||Y||III,1,1,-23.799192644888233,-14.285206195650241,-9.513986449237992,-26766.0,-16066.0,-10700.0
Llama-3.2-3B-Instruct,Llama,15-2051.00||NC||54||Y||IV,1,1,-37.761445503137345,-44.20701211987374,6.445566616736393,-51996.0,-68062.0,16066.0
Llama-3.2-3B-Instruct,Llama,15-2051.00||NJ||52||Y||II,1,1,-21.72872656200053,-21.546063146742654,-0.18266341525787766,-23791.0,-23591.0,-200.0
Llama-3.2-3B-Instruct,Llama,15-2051.00||NJ||52||Y||IV,1,1,-49.451755032705954,-49.333789466854626,-0.11796556585132834,-83841.0,-83641.0,-200.0
Llama-3.2-3B-Instruct,Llama,15-2051.00||NJ||54||Y||II,6,6,-21.914662061026107,-21.69828265945755,-0.21637940156855606,-24061.333333333332,-23757.666666666668,-303.66666666666424
Llama-3.2-3B-Instruct,Llama,15-2051.00||NJ||54||Y||IV,3,3,-47.826604346555364,-44.57630297425417,-3.2503013723011946,-78869.66666666667,-68927.0,-9942.666666666672
Llama-3.2-3B-Instruct,Llama,15-2051.00||NV||52||Y||I,1,1,42.37062878976659,42.37062878976659,0.0,25505.0,25505.0,0.0
Llama-3.2-3B-Instruct,Llama,15-2051.00||NY||51||Y||II,1,1,-23.458907168247503,-21.72872656200053,-1.7301806062469716,-26266.0,-23791.0,-2475.0
Llama-3.2-3B-Instruct,Llama,15-2051.00||NY||51||Y||III,2,2,-38.56895043940762,-35.141243654923755,-3.427706784483867,-53806.0,-49288.0,-4518.0
Llama-3.2-3B-Instruct,Llama,15-2051.00||NY||52||Y||II,3,3,-21.72872656200053,-21.72872656200053,0.0,-23791.0,-23791.0,0.0
Llama-3.2-3B-Instruct,Llama,15-2051.00||NY||52||Y||III,4,4,237.90661333562713,-38.56895043940762,276.47556377503474,331894.0,-53806.0,385700.0
Llama-3.2-3B-Instruct,Llama,15-2051.00||NY||52||Y||IV,4,4,64.28179614370566,64.15837242101253,0.12342372269313273,108984.0,108568.0,416.0
Llama-3.2-3B-Instruct,Llama,15-2051.00||NY||54||Y||II,6,6,-11.821265709831964,-10.819731744512488,-1.0015339653194761,-13395.833333333334,-13018.0,-377.83333333333394
Llama-3.2-3B-Instruct,Llama,15-2051.00||NY||54||Y||IV,2,2,-49.575178755399065,-49.451755032705954,-0.12342372269311142,-84257.0,-83841.0,-416.0
Llama-3.2-3B-Instruct,Llama,15-2051.00||NY||62||Y||II,1,1,-21.72872656200053,-21.546063146742654,-0.18266341525787766,-23791.0,-23591.0,-200.0
Llama-3.2-3B-Instruct,Llama,15-2051.00||OH||42||Y||III,2,2,-16.666666666666668,-15.924439659391211,-0.7422270072754564,-17160.0,-16270.0,-890.0
Llama-3.2-3B-Instruct,Llama,15-2051.00||OH||52||Y||IV,1,1,-27.829755699091347,-31.489875370730108,3.6601196716387605,-33047.0,-39391.0,6344.0
Llama-3.2-3B-Instruct,Llama,15-2051.00||PA||48||Y||III,1,1,-27.423316000745245,-27.253942175776157,-0.16937382496908882,-32382.0,-32182.0,-200.0
Llama-3.2-3B-Instruct,Llama,15-2051.00||PA||54||Y||I,1,1,15.898517797251975,16.168992751271233,-0.27047495401925836,11756.0,11956.0,-200.0
Llama-3.2-3B-Instruct,Llama,15-2051.00||PA||54||Y||II,2,2,-4.986019662926262,-10.637101225875664,5.651081562949402,-5021.5,-10213.0,5191.5
Llama-3.2-3B-Instruct,Llama,15-2051.00||PA||61||Y||I,1,1,66.54035251365164,87.33360539458599,-20.793252880934347,34241.0,44941.0,-10700.0
Llama-3.2-3B-Instruct,Llama,15-2051.00||TX||33||Y||IV,2,2,113.69302560685568,-31.37531792278146,145.06834352963713,162907.5,-44509.5,207417.0
Llama-3.2-3B-Instruct,Llama,15-2051.00||TX||42||Y||III,2,2,-29.54981093018655,-26.839709050975856,-2.7101018792106935,-36011.5,-31491.0,-4520.5
Llama-3.2-3B-Instruct,Llama,15-2051.00||TX||42||Y||IV,2,2,-42.38306855540839,-37.50132194044784,-4.881746614960555,-63041.0,-51625.5,-11415.5
Llama-3.2-3B-Instruct,Llama,15-2051.00||TX||45||Y||II,2,2,208.30484657012727,-10.552512651769165,218.85735922189644,209011.0,-10134.0,219145.0
Llama-3.2-3B-Instruct,Llama,15-2051.00||TX||51||Y||II,1,1,-14.589541454469348,-7.548916202079342,-7.040625252390006,-14639.0,-7014.0,-7625.0
Llama-3.2-3B-Instruct,Llama,15-2051.00||TX||52||Y||II,3,3,-10.511367238436618,-10.552512651769165,0.041145413332547065,-10211.666666666666,-10134.0,-77.66666666666606
Llama-3.2-3B-Instruct,Llama,15-2051.00||TX||52||Y||III,3,3,-27.918380392453724,219.02460422213412,-246.94298461458783,-33193.0,260650.0,-293843.0
Llama-3.2-3B-Instruct,Llama,15-2051.00||TX||52||Y||IV,5,5,-39.55125447017415,72.87613488074683,-112.42738935092098,-56073.0,104178.2,-160251.2
Llama-3.2-3B-Instruct,Llama,15-2051.00||TX||54||Y||I,2,2,19.306119817058725,23.687099894953242,-4.380980077894517,13638.5,16272.0,-2633.5
Llama-3.2-3B-Instruct,Llama,15-2051.00||TX||54||Y||II,8,8,-7.989497097828092,-8.160640554388152,0.1711434565600598,-7722.0,-7738.0,16.0
Llama-3.2-3B-Instruct,Llama,15-2051.00||TX||54||Y||III,1,1,-22.94412774910536,-22.94412774910536,0.0,-25518.0,-25518.0,0.0
Llama-3.2-3B-Instruct,Llama,15-2051.00||TX||54||Y||IV,3,3,-36.662907985918906,-37.979433738690055,1.316525752771149,-51930.666666666664,-54829.0,2898.3333333333358
Llama-3.2-3B-Instruct,Llama,15-2051.00||VA||52||Y||II,1,1,-26.081818887518438,-22.43021880277048,-3.651600084747958,-30239.0,-24839.0,-5400.0
Llama-3.2-3B-Instruct,Llama,15-2051.00||VA||52||Y||IV,1,1,-42.94160336091932,-48.6389624710832,5.697359110163873,-64497.0,-81158.0,16661.0
Llama-3.2-3B-Instruct,Llama,15-2051.00||WA||51||Y||I,1,1,-10.837833057627684,-10.837833057627684,0.0,-10417.0,-10417.0,0.0
Llama-3.2-3B-Instruct,Llama,15-2051.00||WA||51||Y||III,1,1,-47.52697125923023,-43.24014650267904,-4.286824756551191,-77622.0,-65287.0,-12335.0
Llama-3.2-3B-Instruct,Llama,15-2051.00||WA||51||Y||IV,1,1,-56.47846267913911,-53.31760912076958,-3.1608535583695314,-111214.0,-97881.0,-13333.0
Llama-3.2-3B-Instruct,Llama,15-2051.00||WA||52||Y||III,1,1,-47.52697125923023,-41.944749285317506,-5.5822219739127235,-77622.0,-61918.0,-15704.0
Llama-3.2-3B-Instruct,Llama,15-2051.00||WA||54||Y||II,1,1,-27.626800885030487,-25.679790916590214,-1.9470099684402733,-32714.0,-33309.0,595.0
Llama-3.2-3B-Instruct,Llama,15-2051.00||WA||54||Y||III,1,1,-47.52697125923023,-47.52697125923023,0.0,-77622.0,-77622.0,0.0
Llama-3.2-3B-Instruct,Llama,15-2051.00||WI||54||Y||II,1,1,-8.865659261779937,-8.865659261779937,0.0,-8337.0,-8337.0,0.0
Llama-3.2-3B-Instruct,Llama,15-2051.01||AR||45||Y||III,1,1,-24.74534597822269,-15.132627279049908,-9.612718699172783,-28180.0,-17189.0,-10991.0
Llama-3.2-3B-Instruct,Llama,15-2051.01||AR||45||Y||IV,1,1,546.202335979973,-35.228960722660815,581.4312967026337,724379.0,-46721.0,771100.0
Llama-3.2-3B-Instruct,Llama,15-2051.01||CA||51||Y||III,1,1,-45.9789967347865,-41.363600420916896,-4.615396313869603,-72942.0,-68003.0,-4939.0
Llama-3.2-3B-Instruct,Llama,15-2051.01||CA||51||Y||IV,3,3,-60.32002187774799,-53.68613778297515,-6.633884094772839,-136139.33333333334,-103517.66666666667,-32621.66666666667
Llama-3.2-3B-Instruct,Llama,15-2051.01||CA||52||Y||II,1,1,-36.021858576206405,-35.87255136168179,-0.1493072145246117,-48252.0,-48052.0,-200.0
Llama-3.2-3B-Instruct,Llama,15-2051.01||CA||54||Y||I,1,1,17.11810205810807,-17.022468654005912,34.140570712113984,12526.0,-17622.0,30148.0
Llama-3.2-3B-Instruct,Llama,15-2051.01||CA||54||Y||IV,3,3,211.22926246005986,211.57143408650427,-0.34217162644441146,417074.6666666667,417741.3333333333,-666.6666666666279
Llama-3.2-3B-Instruct,Llama,15-2051.01||CT||54||Y||IV,1,1,-38.17653155228005,-38.17653155228005,0.0,-53044.0,-53044.0,0.0
Llama-3.2-3B-Instruct,Llama,15-2051.01||MA||61||Y||II,1,1,-24.882546805974336,-0.6063130611867074,-24.27623374478763,-28388.0,-524.0,-27864.0
Llama-3.2-3B-Instruct,Llama,15-2051.01||NC||52||Y||IV,1,1,-30.507691184937116,-44.20701211987374,13.699320934936623,-37623.0,-68062.0,30439.0
Llama-3.2-3B-Instruct,Llama,15-2051.01||NC||54||Y||II,1,1,-18.76838113610788,-18.76838113610788,0.0,-19847.0,-19847.0,0.0
Llama-3.2-3B-Instruct,Llama,15-2051.01||NJ||54||Y||II,1,1,-21.72872656200053,-21.546063146742654,-0.18266341525787766,-23791.0,-23591.0,-200.0
Llama-3.2-3B-Instruct,Llama,15-2051.01||NY||52||Y||II,1,1,-21.72872656200053,-11.956233845704213,-9.772492716296318,-23791.0,-13091.0,-10700.0
Llama-3.2-3B-Instruct,Llama,15-2051.01||NY||54||Y||II,2,2,-21.72872656200053,-22.59381686512402,0.8650903031234876,-23791.0,-25028.5,1237.5
Llama-3.2-3B-Instruct,Llama,15-2051.01||TX||22||Y||IV,1,1,-38.83333690198346,-35.189355994648416,-3.6439809073350418,-54409.0,-52341.0,-2068.0
Llama-3.2-3B-Instruct,Llama,15-2051.01||TX||33||Y||II,1,1,-10.760772226503114,-14.390217163814668,3.629444937311554,-10334.0,-14439.0,4105.0
Llama-3.2-3B-Instruct,Llama,15-2051.01||TX||33||Y||III,1,1,-31.181241467919378,-31.020637597366097,-0.16060387055328107,-38830.0,-38630.0,-200.0
Llama-3.2-3B-Instruct,Llama,15-2051.01||TX||51||Y||III,1,1,-31.181241467919378,-25.98910945685139,-5.1921320110679865,-38830.0,-30164.0,-8666.0
Llama-3.2-3B-Instruct,Llama,15-2051.01||TX||51||Y||IV,1,1,-39.41018388550712,-35.60167721186071,-3.8085066736464057,-55873.0,-47378.0,-8495.0
Llama-3.2-3B-Instruct,Llama,15-2051.01||TX||54||Y||I,1,1,17.150121661153182,17.42351751100418,-0.2733958498509992,12546.0,12746.0,-200.0
Llama-3.2-3B-Instruct,Llama,15-2051.01||TX||55||Y||III,1,1,620.8161960754628,-18.918691596645722,639.7348876721086,738107.0,-22493.0,760600.0
Llama-3.2-3B-Instruct,Llama,15-2051.02||NY||54||Y||II,1,1,10.906926182834662,22.910943223443223,-12.004017040608561,8428.0,16012.0,-7584.0
Llama-3.2-3B-Instruct,Llama,15-2051.02||NY||62||Y||III,1,1,-9.486491624596017,-30.899029432425845,21.41253780782983,-8982.0,-43106.0,34124.0
Llama-3.2-3B-Instruct,Llama,17-2011.00||TX||54||Y||I,1,1,-7.349348094012844,-11.46968585684328,4.120337762830435,-6798.0,-11103.0,4305.0
Llama-3.2-3B-Instruct,Llama,17-2031.00||CA||33||Y||III,2,2,-28.629724012725063,-36.03396907731584,7.404245064590775,-34378.0,-49209.0,14831.0
Llama-3.2-3B-Instruct,Llama,17-2031.00||CA||54||Y||III,1,1,517.5330383778409,-30.449037891883556,547.9820762697244,718222.0,-37519.0,755741.0
Llama-3.2-3B-Instruct,Llama,17-2041.00||PA||32||Y||III,1,1,-29.55720497456004,-28.66100273230851,-0.8962022422515297,-35959.0,-34511.0,-1448.0
Llama-3.2-3B-Instruct,Llama,17-2051.00||AZ||54||Y||II,1,1,2.162458574732375,2.4008773812078297,-0.23841880647545466,1814.0,2014.0,-200.0
Llama-3.2-3B-Instruct,Llama,17-2061.00||CA||33||Y||IV,1,1,273.27409730388956,-62.67259026961104,335.9466875735006,627410.0,-143890.0,771300.0
Llama-3.2-3B-Instruct,Llama,17-2061.00||MA||54||Y||II,1,1,-42.172739541160595,-42.172739541160595,0.0,-62500.0,-62500.0,0.0
Llama-3.2-3B-Instruct,Llama,17-2061.00||TX||54||Y||II,1,1,-24.205573587809212,-27.678104271802056,3.4725306839928436,-27369.0,-32798.0,5429.0
Llama-3.2-3B-Instruct,Llama,17-2071.00||CA||33||Y||II,1,1,-22.84284067991933,-35.922301127886854,13.079460447967524,-25372.0,-48156.0,22784.0
Llama-3.2-3B-Instruct,Llama,17-2071.00||CA||33||Y||IV,1,1,-54.367076138293854,-45.48554126432833,-8.88153487396552,-102103.0,-71506.0,-30597.0
Llama-3.2-3B-Instruct,Llama,17-2071.00||CA||54||Y||II,1,1,-46.400650447182436,-22.84284067991933,-23.557809767263105,-74190.0,-25372.0,-48818.0
Llama-3.2-3B-Instruct,Llama,17-2071.00||IL||33||Y||IV,2,2,-24.644160833019768,-35.451114747816476,10.806953914796708,-28065.5,-47285.0,19219.5
Llama-3.2-3B-Instruct,Llama,17-2071.00||IL||54||Y||III,1,1,-27.678104271802056,-13.039066463723998,-14.639037808078058,-32798.0,-12850.0,-19948.0
Llama-3.2-3B-Instruct,Llama,17-2071.00||IN||32||Y||III,1,1,-23.2168295807836,-23.2168295807836,0.0,-25913.0,-25913.0,0.0
Llama-3.2-3B-Instruct,Llama,17-2071.00||MI||33||Y||II,1,1,-10.664025852183885,-10.664025852183885,0.0,-10230.0,-10230.0,0.0
Llama-3.2-3B-Instruct,Llama,17-2071.00||MI||54||Y||I,1,1,4.679426889298758,20.192007979552397,-15.51258109025364,3831.0,16195.0,-12364.0
Llama-3.2-3B-Instruct,Llama,17-2072.00||CA||33||Y||III,6,6,294.2914652756049,-44.45156898512929,338.7430342607342,543389.0,-71591.0,614980.0
Llama-3.2-3B-Instruct,Llama,17-2072.00||CA||33||Y||IV,5,5,279.18709964731596,102.23887158650751,176.94822806080845,510623.2,220929.0,289694.2
Llama-3.2-3B-Instruct,Llama,17-2072.00||CA||54||Y||III,1,1,359.58642584409455,-48.30323051181947,407.88965635591404,670528.0,-90072.0,760600.0
Llama-3.2-3B-Instruct,Llama,17-2072.00||ID||33||Y||III,1,1,-17.8426259682491,-17.8426259682491,0.0,-18612.0,-18612.0,0.0
Llama-3.2-3B-Instruct,Llama,17-2072.00||TX||33||Y||IV,1,1,-46.829301583953246,-46.829301583953246,0.0,-75479.0,-75479.0,0.0
Llama-3.2-3B-Instruct,Llama,17-2074.00||TN||54||Y||II,1,1,26.17879491171891,26.17879491171891,0.0,17822.0,17822.0,0.0
Llama-3.2-3B-Instruct,Llama,17-2112.00||AR||45||Y||III,3,3,-22.45045697221971,-21.347906591188032,-1.1025503810316764,-24810.0,-23331.666666666668,-1478.3333333333321
Llama-3.2-3B-Instruct,Llama,17-2112.00||AR||45||Y||IV,1,1,-31.886281086322416,-31.727322582439854,-0.1589585038825625,-40119.0,-39919.0,-200.0
Llama-3.2-3B-Instruct,Llama,17-2112.00||CA||33||Y||III,2,2,-37.29554767397817,-40.307208879445106,3.011661205466936,-54155.0,-57949.0,3794.0
Llama-3.2-3B-Instruct,Llama,17-2112.00||CA||33||Y||IV,2,2,-44.39197556867375,-45.96199060944191,1.570015040768162,-69811.0,-77555.0,7744.0
Llama-3.2-3B-Instruct,Llama,17-2112.00||CA||54||Y||III,1,1,-40.97999380186633,-40.97999380186633,0.0,-59505.0,-59505.0,0.0
Llama-3.2-3B-Instruct,Llama,17-2112.00||IN||33||Y||III,1,1,-13.803508207273898,-5.496391480373174,-8.307116726900723,-13724.0,-4996.0,-8728.0
Llama-3.2-3B-Instruct,Llama,17-2112.00||OH||32||Y||IV,1,1,-28.802857854947245,-26.31922047622315,-2.4836373787240937,-34670.0,-30684.0,-3986.0
Llama-3.2-3B-Instruct,Llama,17-2112.00||TX||33||Y||IV,1,1,-41.304689475158696,-35.511057934698364,-5.793631540460332,-60449.0,-47191.0,-13258.0
Llama-3.2-3B-Instruct,Llama,17-2112.02||CA||33||Y||IV,1,1,-47.31031098570815,-39.71029990080691,-7.60001108490124,-77130.0,-56447.0,-20683.0
Llama-3.2-3B-Instruct,Llama,17-2112.02||IN||33||Y||IV,1,1,431.0880829015544,-14.607413312076524,445.6954962136309,432640.0,-14660.0,447300.0
Llama-3.2-3B-Instruct,Llama,17-2141.00||CA||33||Y||III,1,1,610.254348961139,521.7629947820927,88.49135417904631,736339.0,808957.0,-72618.0
Llama-3.2-3B-Instruct,Llama,17-2141.00||CA||54||Y||IV,4,4,-50.36879092399964,-48.19611168351112,-2.1726792404885202,-89290.5,-83887.5,-5403.0
Llama-3.2-3B-Instruct,Llama,17-2141.00||NY||33||Y||IV,1,1,-36.612426035502956,-18.23797603297132,-18.374450002531635,-49500.0,-19161.0,-30339.0
Llama-3.2-3B-Instruct,Llama,17-2141.00||TN||33||Y||IV,1,1,-27.11469442601759,-14.79696086016386,-12.317733565853729,-31882.0,-14918.0,-16964.0
Llama-3.2-3B-Instruct,Llama,17-2141.02||CA||33||Y||IV,1,1,-51.07246641584407,-51.07246641584407,0.0,-89457.0,-89457.0,0.0
Llama-3.2-3B-Instruct,Llama,17-2141.02||MI||33||Y||II,1,1,-8.267657674974904,-8.267657674974904,0.0,-7742.0,-7742.0,0.0
Llama-3.2-3B-Instruct,Llama,17-2141.02||MI||33||Y||III,1,1,-21.74373584629995,-21.74373584629995,0.0,-23812.0,-23812.0,0.0
Llama-3.2-3B-Instruct,Llama,17-2199.05||CA||33||Y||II,1,1,-35.75230527026014,-33.80143520342348,-1.9508700668366572,-47690.0,-43759.0,-3931.0
Llama-3.2-3B-Instruct,Llama,17-2199.05||CA||51||Y||IV,1,1,356.4288833736326,-54.35711166263674,410.7859950362693,669238.0,-102062.0,771300.0
Llama-3.2-3B-Instruct,Llama,17-2199.05||CA||54||Y||III,1,1,440.2815516230512,-48.548923549824096,488.8304751728753,698379.0,-80866.0,779245.0
Llama-3.2-3B-Instruct,Llama,17-2199.08||CA||33||Y||IV,1,1,453.1209056467384,329.0083749242853,124.11253072245307,702061.0,657237.0,44824.0
Llama-3.2-3B-Instruct,Llama,17-2199.08||CA||54||Y||III,1,1,-48.548923549824096,-45.97184483769488,-2.5770787121292145,-80866.0,-72921.0,-7945.0
Llama-3.2-3B-Instruct,Llama,19-1013.00||NC||32||Y||III,1,1,12.437498363831514,26.18131364695411,-13.743815283122595,9502.0,20002.0,-10500.0
Llama-3.2-3B-Instruct,Llama,19-1029.00||TX||61||Y||II,1,1,32.22655948652277,62.97645474035707,-30.749895253834303,20887.0,33193.0,-12306.0
Llama-3.2-3B-Instruct,Llama,19-1029.01||CA||62||Y||II,1,1,0.443027589601744,-23.677687051861856,24.1207146414636,378.0,-26649.0,27027.0
Llama-3.2-3B-Instruct,Llama,19-1029.01||MA||32||Y||III,1,1,-24.469435239371077,-24.293167877035888,-0.1762673623351887,-27764.0,-27564.0,-200.0
Llama-3.2-3B-Instruct,Llama,19-1029.01||MA||62||Y||III,1,1,-3.3734912653685645,-3.3734912653685645,0.0,-2999.0,-2999.0,0.0
Llama-3.2-3B-Instruct,Llama,19-1029.01||NC||54||Y||III,2,2,-6.698746910824905,-19.348630049402644,12.649883138577739,-6153.0,-21081.0,14928.0
Llama-3.2-3B-Instruct,Llama,19-1029.01||NJ||32||Y||IV,1,1,-28.49395077179808,-38.10754986783759,9.613599096039511,-34150.0,-52766.0,18616.0
Llama-3.2-3B-Instruct,Llama,19-1029.01||TX||61||Y||I,1,1,48.743404609830606,29.31857224661195,19.424832363218655,28084.0,12288.0,15796.0
Llama-3.2-3B-Instruct,Llama,19-1042.00||MA||62||Y||I,1,1,22.95375963042137,20.017925664509985,2.9358339659113852,15999.0,14294.0,1705.0
Llama-3.2-3B-Instruct,Llama,19-1042.00||NY||54||Y||I,1,1,26.237661409299,30.344187744300292,-4.106526335001291,17251.0,19951.0,-2700.0
Llama-3.2-3B-Instruct,Llama,19-3011.00||CA||51||Y||III,1,1,-42.76708138828228,-34.05561796888225,-8.711463419400026,-64039.0,-44258.0,-19781.0
Llama-3.2-3B-Instruct,Llama,25-1021.00||NV||61||Y||II,1,1,-12.809034489775156,-12.809034489775156,0.0,-12590.0,-12590.0,0.0
Llama-3.2-3B-Instruct,Llama,25-1021.00||NY||61||Y||I,2,2,31.340996168582375,31.340996168582375,0.0,20450.0,20450.0,0.0
Llama-3.2-3B-Instruct,Llama,25-1021.00||VA||61||Y||I,1,1,49.74663637952123,54.86086013733285,-5.114223757811622,28470.0,30360.0,-1890.0
Llama-3.2-3B-Instruct,Llama,25-1022.00||FL||61||Y||II,1,1,17.161332658892366,17.161332658892366,0.0,12553.0,12553.0,0.0
Llama-3.2-3B-Instruct,Llama,25-1071.00||NY||61||Y||II,1,1,-22.20618537984623,-12.493305374762851,-9.712880005083377,-24463.0,-13763.0,-10700.0
Llama-3.2-3B-Instruct,Llama,25-9031.00||DC||61||Y||I,1,1,29.241441713165436,29.241441713165436,0.0,19390.0,19390.0,0.0
Llama-3.2-3B-Instruct,Llama,27-1024.00||CA||51||Y||IV,1,1,-33.13567917609425,-33.13567917609425,0.0,-42470.0,-42470.0,0.0
Llama-3.2-3B-Instruct,Llama,41-9031.00||CA||54||Y||I,1,1,4.118146696988793,-21.72872656200053,25.846873258989326,4509.0,-23791.0,28300.0
Llama-3.2-3B-Instruct,Llama,41-9031.00||TX||51||Y||IV,1,1,-48.65157969790113,-48.65157969790113,0.0,-81199.0,-81199.0,0.0
Llama-3.2-3B-Instruct,Llama,41-9031.00||TX||54||Y||IV,1,1,-41.81349085107105,-43.95185906567051,2.13836821459946,-61585.0,-75595.0,14010.0
Llama-3.3-70B-Instruct,Llama,11-3021.00||AZ||52||Y||II,1,1,10.551969904143848,-6.558317806006419,17.110287710150267,14894.0,-9257.0,24151.0
Llama-3.3-70B-Instruct,Llama,11-3021.00||CA||33||Y||II,5,5,-31.7125306918992,-17.45253021467029,-14.26000047722891,-77321.4,-39244.6,-38076.799999999996
Llama-3.3-70B-Instruct,Llama,11-3021.00||CA||45||Y||II,6,6,-22.757432371017234,-28.05156445822918,5.2941320872119455,-53745.333333333336,-69757.83333333333,16012.499999999993
Llama-3.3-70B-Instruct,Llama,11-3021.00||CA||51||Y||II,1,1,-13.63128045371036,-13.890506552783128,0.2592260990727677,-27304.0,-27907.0,603.0
Llama-3.3-70B-Instruct,Llama,11-3021.00||CA||51||Y||III,2,2,-15.037117426229624,-21.374357334589913,6.337239908360289,-32447.0,-50803.0,18356.0
Llama-3.3-70B-Instruct,Llama,11-3021.00||CA||51||Y||IV,1,1,-39.92588976010727,-24.046841752412043,-15.879048007695225,-109579.0,-65998.0,-43581.0
Llama-3.3-70B-Instruct,Llama,11-3021.00||CA||52||Y||II,1,1,3.952077329311572,-23.86028902534743,27.812366354659,7940.0,-51679.0,59619.0
Llama-3.3-70B-Instruct,Llama,11-3021.00||CA||54||Y||I,1,1,27.242541109953514,-7.615990498918804,34.85853160887232,44714.0,-13595.0,58309.0
Llama-3.3-70B-Instruct,Llama,11-3021.00||CA||54||Y||II,1,1,0.06856879331059842,-30.42233242037781,30.490901213688407,113.0,-75643.0,75756.0
Llama-3.3-70B-Instruct,Llama,11-3021.00||CA||54||Y||IV,2,2,-23.90510682951001,-15.93223691996654,-7.972869909543471,-65609.0,-45159.5,-20449.5
Llama-3.3-70B-Instruct,Llama,11-3021.00||CT||54||Y||IV,1,1,-4.338235294117647,-16.745265404107762,12.407030109990115,-8437.0,-31389.0,22952.0
Llama-3.3-70B-Instruct,Llama,11-3021.00||FL||44||Y||IV,1,1,-9.519375506580724,-30.58464570057368,21.06527019399296,-19731.0,-57738.0,38007.0
Llama-3.3-70B-Instruct,Llama,11-3021.00||GA||42||Y||IV,1,1,-26.766162149477882,-26.766162149477882,0.0,-57032.0,-57032.0,0.0
Llama-3.3-70B-Instruct,Llama,11-3021.00||IL||52||Y||II,1,1,-8.604056327063958,14.621821871915705,-23.225878198979665,-12379.0,21037.0,-33416.0
Llama-3.3-70B-Instruct,Llama,11-3021.00||IL||52||Y||IV,1,1,-18.630627431834657,-18.871776663263947,0.24114923142929,-37779.0,-38268.0,489.0
Llama-3.3-70B-Instruct,Llama,11-3021.00||IL||54||Y||II,1,1,16.449810250635974,-8.32812043871721,24.777930689353184,23667.0,-11982.0,35649.0
Llama-3.3-70B-Instruct,Llama,11-3021.00||MI||33||Y||II,1,1,-4.9607275733774285,6.1039591935875634,-11.064686766964993,-6840.0,7539.0,-14379.0
Llama-3.3-70B-Instruct,Llama,11-3021.00||NC||52||Y||IV,1,1,-28.34701711850709,-28.34701711850709,0.0,-61733.0,-61733.0,0.0
Llama-3.3-70B-Instruct,Llama,11-3021.00||NJ||54||Y||III,2,2,-26.221371656486706,-29.554293946408407,3.332922289921701,-58642.0,-65489.0,6847.0
Llama-3.3-70B-Instruct,Llama,11-3021.00||NY||51||Y||II,3,3,-11.924008542231013,-18.658540081122528,6.734531538891515,-22185.333333333332,-34715.333333333336,12530.000000000004
Llama-3.3-70B-Instruct,Llama,11-3021.00||NY||51||Y||III,1,1,-26.221371656486706,-3.547366208848945,-22.67400544763776,-58642.0,-5739.0,-52903.0
Llama-3.3-70B-Instruct,Llama,11-3021.00||NY||51||Y||IV,2,2,-20.92800710436061,-19.63689674179324,-1.2911103625673697,-54674.0,-51301.0,-3373.0
Llama-3.3-70B-Instruct,Llama,11-3021.00||NY||52||Y||II,1,1,-12.31242206647461,-9.951304983445844,-2.361117083028766,-22908.0,-18515.0,-4393.0
Llama-3.3-70B-Instruct,Llama,11-3021.00||NY||52||Y||III,1,1,-26.261167401471994,-26.221371656486706,-0.039795744985287484,-58731.0,-58642.0,-89.0
Llama-3.3-70B-Instruct,Llama,11-3021.00||NY||54||Y||II,1,1,-11.317022831835576,-11.317022831835576,0.0,-21056.0,-21056.0,0.0
Llama-3.3-70B-Instruct,Llama,11-3021.00||NY||54||Y||III,1,1,-12.807075594029744,-6.737940431228187,-6.069135162801556,-28642.0,-11275.0,-17367.0
Llama-3.3-70B-Instruct,Llama,11-3021.00||NY||54||Y||IV,1,1,-20.05795259676629,-19.63689674179324,-0.4210558549730514,-52401.0,-51301.0,-1100.0
Llama-3.3-70B-Instruct,Llama,11-3021.00||PA||51||Y||IV,1,1,-12.115104010775218,-27.02269155941335,14.907587548638132,-25905.0,-57781.0,31876.0
Llama-3.3-70B-Instruct,Llama,11-3021.00||TX||44||Y||IV,1,1,-25.478762524236608,-25.478762524236608,0.0,-53351.0,-53351.0,0.0
Llama-3.3-70B-Instruct,Llama,11-3021.00||TX||54||Y||II,2,2,1.4042098056650698,-0.6784281212853447,2.0826379269504143,2123.0,-712.5,2835.5
Llama-3.3-70B-Instruct,Llama,11-3021.00||TX||54||Y||III,2,2,-12.30303018086206,-15.031564641007922,2.7285344601458625,-22490.0,-27662.5,5172.5
Llama-3.3-70B-Instruct,Llama,11-3021.00||TX||54||Y||IV,1,1,-26.57283755423172,-24.321742082545224,-2.2510954716864973,-56471.0,-50149.0,-6322.0
Llama-3.3-70B-Instruct,Llama,11-3021.00||VA||51||Y||II,1,1,-10.689674908424909,-10.689674908424909,0.0,-18677.0,-18677.0,0.0
Llama-3.3-70B-Instruct,Llama,11-3021.00||WA||45||Y||III,1,1,-31.94494882799604,-31.94494882799604,0.0,-77409.0,-77409.0,0.0
Llama-3.3-70B-Instruct,Llama,11-3021.00||WA||51||Y||II,2,2,-16.875346539644134,-18.396088512525832,1.520741972881698,-33479.0,-36496.0,3017.0
Llama-3.3-70B-Instruct,Llama,11-3021.00||WA||51||Y||III,3,3,-29.450830346946905,-31.1108941743927,1.6600638274457964,-69408.0,-73430.66666666667,4022.6666666666715
Llama-3.3-70B-Instruct,Llama,11-3021||CA||51||Y||II,1,1,0.06856879331059842,0.06856879331059842,0.0,113.0,113.0,0.0
Llama-3.3-70B-Instruct,Llama,11-3051.01||CA||33||Y||II,1,1,13.58758540886048,-9.428724928366762,23.016310337227242,19727.0,-13689.0,33416.0
Llama-3.3-70B-Instruct,Llama,11-9041.00||CA||33||Y||III,1,1,-24.456627432095793,-25.87753173470964,1.4209043026138453,-52818.0,-56958.0,4140.0
Llama-3.3-70B-Instruct,Llama,11-9041.00||CA||33||Y||IV,1,1,-37.38368010272667,-25.117072289881825,-12.266607812844846,-93162.0,-62593.0,-30569.0
Llama-3.3-70B-Instruct,Llama,11-9041.00||CA||51||Y||IV,2,2,-32.172508577275735,-25.009931582432138,-7.162576994843597,-80175.5,-62326.0,-17849.5
Llama-3.3-70B-Instruct,Llama,11-9041.00||CA||54||Y||I,1,1,7.550727121705539,10.315740183289853,-2.7650130615843134,11454.0,15421.0,-3967.0
Llama-3.3-70B-Instruct,Llama,11-9041.00||CA||54||Y||II,1,1,-18.97410918355877,-14.603673219211068,-4.370435964347703,-40512.0,-26685.0,-13827.0
Llama-3.3-70B-Instruct,Llama,11-9041.00||TX||54||Y||IV,1,1,-2.498155911819905,-27.15011344643741,24.651957534617505,-5351.0,-58155.0,52804.0
Llama-3.3-70B-Instruct,Llama,13-1081.02||AR||45||Y||III,1,1,72.09310632218121,34.800571496606736,37.29253482557448,60551.0,29229.0,31322.0
Llama-3.3-70B-Instruct,Llama,13-1081.02||AR||45||Y||IV,1,1,49.28220275964637,35.3414442700157,13.940758489630667,47717.0,34219.0,13498.0
Llama-3.3-70B-Instruct,Llama,13-1082.00||NY||51||Y||IV,1,1,25.02844292453144,25.02844292453144,0.0,37618.0,37618.0,0.0
Llama-3.3-70B-Instruct,Llama,13-1111.00||CA||54||Y||II,1,1,18.637384303631087,34.51677679968245,-15.87939249605136,20418.0,29565.0,-9147.0
Llama-3.3-70B-Instruct,Llama,13-1111.00||FL||54||Y||IV,2,2,21.82478798199322,14.645141328732347,7.179646653260875,25889.0,17964.0,7925.0
Llama-3.3-70B-Instruct,Llama,13-1111.00||GA||54||Y||IV,2,2,3.6032548302684875,-6.242965193389971,9.846220023658457,5026.0,-8708.0,13734.0
Llama-3.3-70B-Instruct,Llama,13-1111.00||IL||54||Y||IV,1,1,-7.635915069859004,-2.489203778677463,-5.146711291181541,-11947.0,-3689.0,-8258.0
Llama-3.3-70B-Instruct,Llama,13-1111.00||NJ||54||Y||IV,1,1,-7.746177662868269,-7.746177662868269,0.0,-12134.0,-12134.0,0.0
Llama-3.3-70B-Instruct,Llama,13-1111.00||NY||52||Y||IV,1,1,-9.50075775604013,59.59653994701395,-69.09729770305408,-15171.0,93355.0,-108526.0
Llama-3.3-70B-Instruct,Llama,13-1111.00||NY||54||Y||II,1,1,41.841164453524,41.93348786045415,-0.09232340693014862,42601.0,42695.0,-94.0
Llama-3.3-70B-Instruct,Llama,13-1111.00||TX||54||Y||IV,1,1,11.233325892685329,1.520201359329418,9.713124533355911,14594.0,1975.0,12619.0
Llama-3.3-70B-Instruct,Llama,13-1111.00||WA||51||Y||IV,1,1,4.34804875550548,-7.4880927993444635,11.836141554849943,6792.0,-11697.0,18489.0
Llama-3.3-70B-Instruct,Llama,13-1161.00||IL||51||Y||III,1,1,42.92494414588491,10.46468812136387,32.46025602452104,35544.0,8526.0,27018.0
Llama-3.3-70B-Instruct,Llama,13-1161.00||IL||54||Y||II,1,1,55.71126866797405,27.609852095569018,28.101416572405036,36931.0,17958.0,18973.0
Llama-3.3-70B-Instruct,Llama,13-2051.00||NY||52||Y||IV,1,1,-8.877200035736621,17.175355132672205,-26.052555168408826,-15898.0,30759.0,-46657.0
Llama-3.3-70B-Instruct,Llama,13-2099.01||CA||52||Y||II,2,2,84.46181553435261,59.606228670667015,24.855586863685595,66126.0,53620.0,12506.0
Llama-3.3-70B-Instruct,Llama,13-2099.01||CA||52||Y||IV,1,1,44.45555737577707,18.70266629429449,25.752891081482577,51560.0,22769.0,28791.0
Llama-3.3-70B-Instruct,Llama,13-2099.01||IL||52||Y||IV,1,1,50.91766710058982,32.5876283689311,18.330038731658718,63365.0,40554.0,22811.0
Llama-3.3-70B-Instruct,Llama,13-2099.01||NJ||52||Y||IV,1,1,14.463313313923033,10.431975999460661,4.031337314462371,23745.0,12379.0,11366.0
Llama-3.3-70B-Instruct,Llama,15-1211.00||CO||51||Y||IV,1,1,-0.41443131197506516,-19.190029201537584,18.77559788956252,-601.0,-24512.0,23911.0
Llama-3.3-70B-Instruct,Llama,15-1211.00||UT||54||Y||III,1,1,9.211236311696556,28.4568586996773,-19.245622387980745,8706.0,26896.0,-18190.0
Llama-3.3-70B-Instruct,Llama,15-1211.00||VA||54||Y||III,1,1,23.498473820145573,-9.313407476058078,32.81188129620365,25020.0,-12059.0,37079.0
Llama-3.3-70B-Instruct,Llama,15-1211||NJ||54||Y||III,1,1,13.50818177531163,2.993696653410252,10.514485121901378,17187.0,3809.0,13378.0
Llama-3.3-70B-Instruct,Llama,15-1212.00||CA||54||Y||II,1,1,6.421657201858544,-5.366166212811813,11.787823414670356,9951.0,-7370.0,17321.0
Llama-3.3-70B-Instruct,Llama,15-1221.00||CA||33||Y||II,1,1,-20.287950949800187,-13.823348722346916,-6.4646022274532715,-33354.0,-22726.0,-10628.0
Llama-3.3-70B-Instruct,Llama,15-1221.00||CA||45||Y||I,1,1,49.37938310680817,53.17548977016488,-3.79610666335671,47739.0,51409.0,-3670.0
Llama-3.3-70B-Instruct,Llama,15-1221.00||CA||45||Y||II,1,1,0.30899679446238815,-3.3795003740807648,3.6884971685431527,508.0,-5556.0,6064.0
Llama-3.3-70B-Instruct,Llama,15-1221.00||CA||51||Y||I,2,2,15.489815714127833,21.105299423703332,-5.6154837095755,16997.0,26954.0,-9957.0
Llama-3.3-70B-Instruct,Llama,15-1221.00||CA||51||Y||II,1,1,0.30899679446238815,-3.5656283644459044,3.8746251589082927,508.0,-5862.0,6370.0
Llama-3.3-70B-Instruct,Llama,15-1221.00||CA||51||Y||III,1,1,-1.3660278277820324,-3.909777940927975,2.5437501131459426,-2747.0,-6710.0,3963.0
Llama-3.3-70B-Instruct,Llama,15-1221.00||CA||51||Y||IV,1,1,-31.45096851791106,-21.126161027730745,-10.324807490180316,-74786.0,-44171.0,-30615.0
Llama-3.3-70B-Instruct,Llama,15-1221.00||CA||54||Y||I,1,1,70.57758745526387,49.771632288119186,20.80595516714468,68233.0,43698.0,24535.0
Llama-3.3-70B-Instruct,Llama,15-1221.00||CA||54||Y||II,2,2,11.043495992049852,8.068862696684334,2.9746332953655177,14684.5,4459.0,10225.5
Llama-3.3-70B-Instruct,Llama,15-1221.00||CA||54||Y||III,1,1,30.342099720949825,-3.909777940927975,34.2518776618778,46103.0,-6710.0,52813.0
Llama-3.3-70B-Instruct,Llama,15-1221.00||CA||54||Y||IV,1,1,-11.707585812453214,-11.341281831125215,-0.3663039813279987,-27839.0,-20870.0,-6969.0
Llama-3.3-70B-Instruct,Llama,15-1221.00||IL||51||Y||II,1,1,45.506528690708826,60.34930715935335,-14.842778468644525,40985.0,54353.0,-13368.0
Llama-3.3-70B-Instruct,Llama,15-1221.00||MA||33||Y||II,1,1,0.7302579268207625,-0.9673999469917838,1.6976578738125463,1047.0,-1387.0,2434.0
Llama-3.3-70B-Instruct,Llama,15-1221.00||NM||54||Y||II,1,1,-9.78279203133492,-25.73765174104525,15.954859709710332,-15660.0,-41259.0,25599.0
Llama-3.3-70B-Instruct,Llama,15-1221.00||NY||54||Y||II,2,2,4.662297875793788,20.378448200071688,-15.7161503242779,6894.0,30133.0,-23239.0
Llama-3.3-70B-Instruct,Llama,15-1221.00||NY||54||Y||III,3,3,-11.865340677604102,-17.01530415367689,5.149963476072788,-22036.666666666668,-31601.333333333332,9564.666666666664
Llama-3.3-70B-Instruct,Llama,15-1221.00||TN||54||Y||II,4,4,49.138806809803526,45.654227237470906,3.4845795723326205,38981.75,36493.25,2488.5
Llama-3.3-70B-Instruct,Llama,15-1221.00||TX||54||Y||II,1,1,58.41103042801044,1.091012369377222,57.32001805863322,53251.0,1114.0,52137.0
Llama-3.3-70B-Instruct,Llama,15-1241.00||CA||51||Y||III,1,1,-11.364857892247496,-29.564754697510427,18.19989680526293,-21145.0,-55007.0,33862.0
Llama-3.3-70B-Instruct,Llama,15-1242.00||MA||54||Y||IV,1,1,-0.11139704586315084,16.227292054601705,-16.338689100464855,-158.0,22135.0,-22293.0
Llama-3.3-70B-Instruct,Llama,15-1242.00||TX||52||Y||III,1,1,21.091452991452993,18.201580314619715,2.889872676833278,24677.0,20179.0,4498.0
Llama-3.3-70B-Instruct,Llama,15-1243.00||CA||54||Y||II,1,1,5.6826923076923075,9.837658770736324,-4.154966463044016,7092.0,11641.0,-4549.0
Llama-3.3-70B-Instruct,Llama,15-1243.00||IN||33||Y||IV,1,1,-14.989393379133176,-17.63430316972451,2.644909790591335,-23106.0,-28056.0,4950.0
Llama-3.3-70B-Instruct,Llama,15-1243.00||MA||54||Y||IV,1,1,-10.85650963539555,-21.883834698235088,11.027325062839537,-20084.0,-40484.0,20400.0
Llama-3.3-70B-Instruct,Llama,15-1243.00||NC||52||Y||IV,1,1,-16.08736856934288,-16.08736856934288,0.0,-25123.0,-25123.0,0.0
Llama-3.3-70B-Instruct,Llama,15-1243.00||PA||54||Y||II,3,3,16.347876411471898,3.708482230012478,12.63939418145942,16760.333333333332,4369.0,12391.333333333332
Llama-3.3-70B-Instruct,Llama,15-1243.00||TX||54||Y||II,1,1,15.567872993528457,14.78776858857802,0.7801044049504373,15925.0,15127.0,798.0
Llama-3.3-70B-Instruct,Llama,15-1243.00||TX||54||Y||III,1,1,-3.5789179365301274,2.8764553026794055,-6.455373239209533,-4864.0,3664.0,-8528.0
Llama-3.3-70B-Instruct,Llama,15-1251.00||CA||54||Y||II,3,3,25.40508480555063,35.89169509514525,-10.486610289594623,28749.0,30570.666666666668,-1821.6666666666679
Llama-3.3-70B-Instruct,Llama,15-1251.00||CA||54||Y||III,1,1,26.591694173639365,25.356558670760755,1.2351355028786095,34641.0,26508.0,8133.0
Llama-3.3-70B-Instruct,Llama,15-1251.00||MO||54||Y||II,1,1,19.43557345181894,19.43557345181894,0.0,16797.0,16797.0,0.0
Llama-3.3-70B-Instruct,Llama,15-1251.00||NC||54||Y||III,1,1,51.89442070001155,41.1709576645481,10.723463035463453,44925.0,38219.0,6706.0
Llama-3.3-70B-Instruct,Llama,15-1251.00||NJ||54||Y||I,1,1,38.15483042000161,54.21340043365367,-16.05857001365206,28507.0,40505.0,-11998.0
Llama-3.3-70B-Instruct,Llama,15-1251.00||TX||54||Y||II,2,2,40.98078297294418,98.70369880353738,-57.722915830593195,33950.0,63253.5,-29303.5
Llama-3.3-70B-Instruct,Llama,15-1252.00||AR||54||Y||II,1,1,23.877587758775878,23.877587758775878,0.0,19896.0,19896.0,0.0
Llama-3.3-70B-Instruct,Llama,15-1252.00||AZ||51||Y||III,2,2,-2.575940050849726,-2.2625897676078326,-0.3133502832418933,-3465.0,-3043.5,-421.5
Llama-3.3-70B-Instruct,Llama,15-1252.00||AZ||54||Y||II,1,1,-7.0683880726015555,-7.0683880726015555,0.0,-7851.0,-7851.0,0.0
Llama-3.3-70B-Instruct,Llama,15-1252.00||AZ||54||Y||IV,1,1,-16.489166360631657,-8.4991198855218,-7.990046475109857,-26042.0,-13423.0,-12619.0
Llama-3.3-70B-Instruct,Llama,15-1252.00||CA||33||Y||I,1,1,21.52705620527786,10.408060790680548,11.118995414597311,29212.0,15546.0,13666.0
Llama-3.3-70B-Instruct,Llama,15-1252.00||CA||33||Y||II,20,20,-6.152529890695975,-5.967360588445436,-0.1851693022505394,-13077.7,-11551.0,-1526.7000000000007
Llama-3.3-70B-Instruct,Llama,15-1252.00||CA||33||Y||III,15,15,-15.38636022640912,-14.143747632252884,-1.2426125941562365,-34021.13333333333,-27785.0,-6236.133333333331
Llama-3.3-70B-Instruct,Llama,15-1252.00||CA||33||Y||IV,15,15,-23.209467252967055,-27.67726318145253,4.467795928485476,-53184.0,-69834.53333333334,16650.53333333334
Llama-3.3-70B-Instruct,Llama,15-1252.00||CA||42||Y||II,1,1,9.501260922208425,-12.160369871258808,21.661630793467232,12320.0,-22830.0,35150.0
Llama-3.3-70B-Instruct,Llama,15-1252.00||CA||42||Y||III,2,2,-27.07506036137226,-13.42484292594148,-13.650217435430779,-61227.0,-21117.0,-40110.0
Llama-3.3-70B-Instruct,Llama,15-1252.00||CA||44||Y||II,1,1,9.416428235402995,2.0255263336983487,7.3909019017046464,12210.0,3274.0,8936.0
Llama-3.3-70B-Instruct,Llama,15-1252.00||CA||44||Y||IV,1,1,-5.015033003490421,-22.762655026415377,17.747622022924958,-8707.0,-48601.0,39894.0
Llama-3.3-70B-Instruct,Llama,15-1252.00||CA||45||Y||I,1,1,10.408060790680548,-10.011716265524052,20.4197770562046,15546.0,-14954.0,30500.0
Llama-3.3-70B-Instruct,Llama,15-1252.00||CA||45||Y||II,1,1,2.0255263336983487,-12.581162345997944,14.606688679696292,3274.0,-23620.0,26894.0
Llama-3.3-70B-Instruct,Llama,15-1252.00||CA||45||Y||III,1,1,-27.07506036137226,23.09271271077008,-50.16777307214234,-61227.0,30938.0,-92165.0
Llama-3.3-70B-Instruct,Llama,15-1252.00||CA||45||Y||IV,3,3,-17.4800642763346,-23.342072970806054,5.862008694471456,-48369.666666666664,-60511.666666666664,12142.0
Llama-3.3-70B-Instruct,Llama,15-1252.00||CA||51||Y||I,3,3,17.82072440041209,6.517301392433615,11.303423007978473,24656.666666666668,5651.333333333333,19005.333333333336
Llama-3.3-70B-Instruct,Llama,15-1252.00||CA||51||Y||II,20,20,-3.790826809227604,-5.2149914449794466,1.4241646357518425,-7785.9,-11121.95,3336.050000000001
Llama-3.3-70B-Instruct,Llama,15-1252.00||CA||51||Y||III,18,18,-22.25653239300866,-16.93659108691521,-5.3199413060934475,-49487.5,-35937.833333333336,-13549.666666666664
Llama-3.3-70B-Instruct,Llama,15-1252.00||CA||51||Y||IV,22,22,-24.333518200085585,-23.08102039513501,-1.2524978049505755,-59098.09090909091,-53385.59090909091,-5712.5
Llama-3.3-70B-Instruct,Llama,15-1252.00||CA||52||Y||II,4,4,2.0255263336983487,-1.6431350880068614,3.66866142170521,3274.0,-3449.5,6723.5
Llama-3.3-70B-Instruct,Llama,15-1252.00||CA||52||Y||III,1,1,-27.07506036137226,-12.08216490558393,-14.992895455788329,-61227.0,-22663.0,-38564.0
Llama-3.3-70B-Instruct,Llama,15-1252.00||CA||52||Y||IV,1,1,-1.7165311551575555,-22.762655026415377,21.046123871257823,-3665.0,-48601.0,44936.0
Llama-3.3-70B-Instruct,Llama,15-1252.00||CA||53||Y||II,1,1,-2.7874983947604983,-12.507037373868608,9.719538979108108,-3473.0,-20216.0,16743.0
Llama-3.3-70B-Instruct,Llama,15-1252.00||CA||53||Y||III,1,1,-12.08216490558393,-17.2800926662551,5.1979277606711705,-22663.0,-27151.0,4488.0
Llama-3.3-70B-Instruct,Llama,15-1252.00||CA||54||Y||I,4,4,15.967558497979203,2.461248299912721,13.506310198066481,22379.0,944.0,21435.0
Llama-3.3-70B-Instruct,Llama,15-1252.00||CA||54||Y||II,21,21,-6.2737493944184815,-6.406532154862392,0.13278276044391024,-12136.380952380952,-12576.52380952381,440.1428571428569
Llama-3.3-70B-Instruct,Llama,15-1252.00||CA||54||Y||III,15,15,-14.911621944707143,-9.09690265202804,-5.8147192926791025,-32120.2,-20458.133333333335,-11662.066666666666
Llama-3.3-70B-Instruct,Llama,15-1252.00||CA||54||Y||IV,17,17,-18.290186271797783,-20.65071991409224,2.360533642294456,-44340.23529411765,-44738.41176470588,398.1764705882306
Llama-3.3-70B-Instruct,Llama,15-1252.00||CA||56||Y||II,1,1,2.0255263336983487,-12.507037373868608,14.532563707566956,3274.0,-20216.0,23490.0
Llama-3.3-70B-Instruct,Llama,15-1252.00||CO||51||Y||III,1,1,-0.6274857006338097,-8.672372359711623,8.044886659077815,-893.0,-12342.0,11449.0
Llama-3.3-70B-Instruct,Llama,15-1252.00||CO||54||Y||II,1,1,12.991510277033065,-14.365002986659587,27.35651326369265,15119.0,-17315.0,32434.0
Llama-3.3-70B-Instruct,Llama,15-1252.00||DC||54||Y||II,1,1,17.70022575571113,-5.585692759140296,23.285918514851428,21718.0,-7043.0,28761.0
Llama-3.3-70B-Instruct,Llama,15-1252.00||DC||54||Y||III,1,1,-4.203425357194975,-11.58945088752606,7.386025530331084,-6337.0,-17178.0,10841.0
Llama-3.3-70B-Instruct,Llama,15-1252.00||FL||33||Y||IV,1,1,-12.510264986880847,-5.8515453252295355,-6.658719661651311,-18738.0,-8145.0,-10593.0
Llama-3.3-70B-Instruct,Llama,15-1252.00||FL||44||Y||III,1,1,2.287751884158602,6.795218269909673,-4.507466385751071,3163.0,8373.0,-5210.0
Llama-3.3-70B-Instruct,Llama,15-1252.00||FL||52||Y||IV,1,1,34.73353736511631,-20.842419373350168,55.57595673846648,48347.0,-34504.0,82851.0
Llama-3.3-70B-Instruct,Llama,15-1252.00||FL||54||Y||II,4,4,23.44338408411444,15.699904289725504,7.7434797943889375,23919.0,15827.5,8091.5
Llama-3.3-70B-Instruct,Llama,15-1252.00||FL||62||Y||IV,1,1,68.81328420889908,63.55432964728789,5.258954561611191,53417.0,50921.0,2496.0
Llama-3.3-70B-Instruct,Llama,15-1252.00||GA||31||Y||IV,1,1,-13.861737581426533,-2.2781846112544555,-11.583552970172079,-21088.0,-3055.0,-18033.0
Llama-3.3-70B-Instruct,Llama,15-1252.00||GA||52||Y||II,1,1,11.640548528419512,43.125646257880916,-31.485097729461405,12249.0,47129.0,-34880.0
Llama-3.3-70B-Instruct,Llama,15-1252.00||GA||52||Y||III,2,2,1.6915900322704478,17.618481144985104,-15.926891112714657,2166.5,22274.5,-20108.0
Llama-3.3-70B-Instruct,Llama,15-1252.00||GA||54||Y||I,2,2,58.48308445119379,29.630159442103675,28.852925009090114,48524.0,25018.0,23506.0
Llama-3.3-70B-Instruct,Llama,15-1252.00||GA||54||Y||II,3,3,23.417186797543234,-3.249705131235403,26.666891928778636,24916.0,-3679.6666666666665,28595.666666666668
Llama-3.3-70B-Instruct,Llama,15-1252.00||GA||54||Y||III,1,1,0.2570635084578485,-10.164719563604091,10.42178307206194,336.0,-13286.0,13622.0
Llama-3.3-70B-Instruct,Llama,15-1252.00||GA||54||Y||IV,1,1,7.178024202825196,-13.564625224313255,20.742649427138453,10920.0,-20636.0,31556.0
Llama-3.3-70B-Instruct,Llama,15-1252.00||IL||33||Y||IV,1,1,-19.097556961132405,-11.516693633391295,-7.58086332774111,-24366.0,-17154.0,-7212.0
Llama-3.3-70B-Instruct,Llama,15-1252.00||IL||51||Y||III,1,1,36.496897641289294,0.6028751329309066,35.89402250835839,47704.0,788.0,46916.0
Llama-3.3-70B-Instruct,Llama,15-1252.00||IL||51||Y||IV,2,2,-13.274816861215356,-13.127409854816849,-0.1474070063985078,-20090.0,-19864.0,-226.0
Llama-3.3-70B-Instruct,Llama,15-1252.00||IL||52||Y||III,1,1,0.6028751329309066,-21.02871307581078,21.63158820874169,788.0,-27486.0,28274.0
Llama-3.3-70B-Instruct,Llama,15-1252.00||IL||52||Y||IV,1,1,-5.743655302412648,-14.524155833991012,8.780500531578364,-8806.0,-22268.0,13462.0
Llama-3.3-70B-Instruct,Llama,15-1252.00||IL||54||Y||II,1,1,21.667884933889727,-1.7595973738482205,23.427482307737947,23418.0,-1860.0,25278.0
Llama-3.3-70B-Instruct,Llama,15-1252.00||IL||54||Y||III,2,2,0.2570635084578485,3.4197833126872776,-3.1627198042294293,336.0,4111.0,-3775.0
Llama-3.3-70B-Instruct,Llama,15-1252.00||IN||33||Y||IV,1,1,11.250028887707703,-8.440072381493046,19.69010126920075,14604.0,-9515.0,24119.0
Llama-3.3-70B-Instruct,Llama,15-1252.00||MA||33||Y||II,1,1,10.173021467478373,0.31506995621061623,9.857951511267757,13335.0,413.0,12922.0
Llama-3.3-70B-Instruct,Llama,15-1252.00||MA||33||Y||III,1,1,5.429284762557727,-4.827300720427608,10.256585482985336,8394.0,-6647.0,15041.0
Llama-3.3-70B-Instruct,Llama,15-1252.00||MA||33||Y||IV,1,1,-26.180732157793983,-26.227888464107874,0.047156306313890894,-46636.0,-46720.0,84.0
Llama-3.3-70B-Instruct,Llama,15-1252.00||MA||51||Y||IV,1,1,-7.421504398448333,-12.193273489735082,4.77176909128675,-13220.0,-21720.0,8500.0
Llama-3.3-70B-Instruct,Llama,15-1252.00||MA||54||Y||II,3,3,5.363309480579585,-2.7717052602003616,8.135014740779948,7030.333333333333,-3583.6666666666665,10614.0
Llama-3.3-70B-Instruct,Llama,15-1252.00||MA||54||Y||III,3,3,1.0223303744805765,-15.143224281938174,16.16555465641875,1661.6666666666667,-23412.333333333332,25074.0
Llama-3.3-70B-Instruct,Llama,15-1252.00||MA||54||Y||IV,4,4,-7.759215828622999,-9.467404348102406,1.7081885194794069,-13746.0,-16972.5,3226.5
Llama-3.3-70B-Instruct,Llama,15-1252.00||MI||33||Y||II,1,1,18.62119581172326,18.743301178992496,-0.12210536726923493,19029.0,18187.0,842.0
Llama-3.3-70B-Instruct,Llama,15-1252.00||MI||33||Y||III,4,4,9.434026215560332,-1.6095160206300987,11.04354223619043,11071.5,-1880.75,12952.25
Llama-3.3-70B-Instruct,Llama,15-1252.00||MI||51||Y||IV,2,2,17.738255130482504,-5.816842170156782,23.555097300639286,24565.0,-8111.5,32676.5
Llama-3.3-70B-Instruct,Llama,15-1252.00||MI||52||Y||II,1,1,18.62119581172326,1.008904980917898,17.612290830805364,19029.0,1031.0,17998.0
Llama-3.3-70B-Instruct,Llama,15-1252.00||MI||52||Y||III,1,1,8.88582372932056,0.8824335889787203,8.003390140341839,10694.0,1062.0,9632.0
Llama-3.3-70B-Instruct,Llama,15-1252.00||MI||54||Y||II,2,2,23.403035564058392,9.875721694882083,13.527313869176309,22142.0,10092.0,12050.0
Llama-3.3-70B-Instruct,Llama,15-1252.00||MI||54||Y||III,1,1,8.890809229823263,0.6398058978470947,8.251003331976168,10700.0,770.0,9930.0
Llama-3.3-70B-Instruct,Llama,15-1252.00||MI||54||Y||IV,1,1,17.738255130482504,-5.374550496079026,23.11280562656153,24565.0,-7443.0,32008.0
Llama-3.3-70B-Instruct,Llama,15-1252.00||MN||45||Y||III,1,1,6.768724387124107,4.169382661091591,2.599341726032516,8308.0,5245.0,3063.0
Llama-3.3-70B-Instruct,Llama,15-1252.00||MO||54||Y||II,1,1,33.83424526100148,6.221633499681679,27.612611761319798,26095.0,6059.0,20036.0
Llama-3.3-70B-Instruct,Llama,15-1252.00||MO||54||Y||IV,1,1,-6.428602030761321,-6.428602030761321,0.0,-9003.0,-9003.0,0.0
Llama-3.3-70B-Instruct,Llama,15-1252.00||NC||42||Y||III,1,1,6.096483345315121,-1.8624191229331417,7.9589024682482625,8141.0,-2487.0,10628.0
Llama-3.3-70B-Instruct,Llama,15-1252.00||NC||52||Y||II,1,1,21.658998020718197,11.364162146878133,10.294835873840064,25278.0,13263.0,12015.0
Llama-3.3-70B-Instruct,Llama,15-1252.00||NC||52||Y||IV,1,1,0.8099368743855918,-15.275200589646277,16.085137464031867,1310.0,-23626.0,24936.0
Llama-3.3-70B-Instruct,Llama,15-1252.00||NC||54||Y||I,2,2,27.43596964054482,12.84972506804224,14.58624457250258,23718.5,11753.0,11965.5
Llama-3.3-70B-Instruct,Llama,15-1252.00||NC||54||Y||II,6,6,10.870847689630809,5.487810179037889,5.38303751059292,12265.333333333334,6297.5,5967.833333333334
Llama-3.3-70B-Instruct,Llama,15-1252.00||NC||54||Y||IV,1,1,-15.388986098646022,-8.099944037444038,-7.289042061201984,-23834.0,-12737.0,-11097.0
Llama-3.3-70B-Instruct,Llama,15-1252.00||NC||56||Y||II,1,1,7.993844730662492,-7.986728812353234,15.980573543015726,8987.0,-8979.0,17966.0
Llama-3.3-70B-Instruct,Llama,15-1252.00||NC||61||Y||IV,1,1,17.63296081863471,17.63296081863471,0.0,19644.0,19644.0,0.0
Llama-3.3-70B-Instruct,Llama,15-1252.00||NH||33||Y||III,1,1,11.236641739735678,-21.95843888429808,33.19508062403376,13238.0,-32419.0,45657.0
Llama-3.3-70B-Instruct,Llama,15-1252.00||NJ||32||Y||IV,2,2,11.60128701012335,-10.896172996800765,22.497460006924115,15199.0,-21021.5,36220.5
Llama-3.3-70B-Instruct,Llama,15-1252.00||NJ||33||Y||III,2,2,13.59192847641066,-18.50626535244551,32.09819382885617,17831.0,-29759.0,47590.0
Llama-3.3-70B-Instruct,Llama,15-1252.00||NJ||45||Y||III,1,1,7.462175353545999,1.457044246136625,6.005131107409374,11329.0,2343.0,8986.0
Llama-3.3-70B-Instruct,Llama,15-1252.00||NJ||51||Y||II,1,1,9.412335128828685,-0.380311673750161,9.792646802578846,12424.0,-502.0,12926.0
Llama-3.3-70B-Instruct,Llama,15-1252.00||NJ||51||Y||IV,1,1,-5.551452566909578,-23.777902021182328,18.22644945427275,-8494.0,-45081.0,36587.0
Llama-3.3-70B-Instruct,Llama,15-1252.00||NJ||52||Y||II,2,2,18.942653659751805,10.562278973052662,8.380374686699144,21796.0,11385.5,10410.5
Llama-3.3-70B-Instruct,Llama,15-1252.00||NJ||52||Y||IV,1,1,-23.777902021182328,23.52446246984507,-47.3023644910274,-45081.0,35788.0,-80869.0
Llama-3.3-70B-Instruct,Llama,15-1252.00||NJ||54||Y||II,2,2,9.412335128828685,-0.810016618823828,10.222351747652514,12424.0,-661.0,13085.0
Llama-3.3-70B-Instruct,Llama,15-1252.00||NJ||61||Y||IV,1,1,41.57419466875054,13.7874446470435,27.786750021707043,47881.0,15879.0,32002.0
Llama-3.3-70B-Instruct,Llama,15-1252.00||NV||54||Y||II,2,2,12.148246421544737,-6.84193426111442,18.990180682659158,13460.5,-7581.0,21041.5
Llama-3.3-70B-Instruct,Llama,15-1252.00||NY||33||Y||IV,2,2,-13.202561289505887,-22.32108949744715,9.118528207941264,-25031.0,-42319.0,17288.0
Llama-3.3-70B-Instruct,Llama,15-1252.00||NY||45||Y||II,1,1,32.79662935886653,6.339360807401177,26.457268551465354,40555.0,7839.0,32716.0
Llama-3.3-70B-Instruct,Llama,15-1252.00||NY||51||Y||II,3,3,24.405100115911726,7.560432987436893,16.844667128474832,32214.0,7892.666666666667,24321.333333333332
Llama-3.3-70B-Instruct,Llama,15-1252.00||NY||51||Y||III,8,8,0.5130024626649226,-10.63924055602846,11.152243018693383,733.25,-17031.5,17764.75
Llama-3.3-70B-Instruct,Llama,15-1252.00||NY||51||Y||IV,6,6,-4.4035309693207765,-19.220044446319818,14.816513476999042,-8615.5,-36439.666666666664,27824.166666666664
Llama-3.3-70B-Instruct,Llama,15-1252.00||NY||52||Y||II,1,1,-0.380311673750161,23.526292264218124,-23.906603937968285,-502.0,31054.0,-31556.0
Llama-3.3-70B-Instruct,Llama,15-1252.00||NY||52||Y||III,2,2,-8.195018811604116,9.37315381984391,-17.56817263144803,-13178.0,15072.5,-28250.5
Llama-3.3-70B-Instruct,Llama,15-1252.00||NY||52||Y||IV,2,2,-6.278047023085167,10.712741043925902,-16.990788067011067,-12229.5,20310.5,-32540.0
Llama-3.3-70B-Instruct,Llama,15-1252.00||NY||54||Y||II,4,4,18.792185240822928,23.392254443782488,-4.60006920295956,24451.75,24769.0,-317.25
Llama-3.3-70B-Instruct,Llama,15-1252.00||NY||54||Y||III,5,5,0.370498568142654,-6.940896184182307,7.311394752324961,440.8,-13374.0,13814.8
Llama-3.3-70B-Instruct,Llama,15-1252.00||NY||54||Y||IV,5,5,-12.363082870026599,-10.110390658554099,-2.2526922114724997,-23271.0,-18248.6,-5022.4000000000015
Llama-3.3-70B-Instruct,Llama,15-1252.00||NY||62||Y||II,1,1,31.62488850053702,19.686709264012524,11.938179236524494,34745.0,21629.0,13116.0
Llama-3.3-70B-Instruct,Llama,15-1252.00||OH||54||Y||II,5,5,16.210280883663383,2.4564941929687416,13.753786690694643,15946.6,2446.2,13500.400000000001
Llama-3.3-70B-Instruct,Llama,15-1252.00||OR||33||Y||III,1,1,-13.988095238095237,-14.283751962323391,0.29565672422815403,-21385.0,-21837.0,452.0
Llama-3.3-70B-Instruct,Llama,15-1252.00||PA||33||Y||II,1,1,12.36906640305686,4.55368928945332,7.815377113603539,13013.0,5002.0,8011.0
Llama-3.3-70B-Instruct,Llama,15-1252.00||PA||33||Y||III,1,1,1.6204226825695753,6.408872148985143,-4.7884494664155675,1936.0,7657.0,-5721.0
Llama-3.3-70B-Instruct,Llama,15-1252.00||PA||33||Y||IV,1,1,-6.899271068673004,-6.14982453627444,-0.7494465323985642,-9711.0,-8587.0,-1124.0
Llama-3.3-70B-Instruct,Llama,15-1252.00||PA||54||Y||IV,1,1,0.8759964192847095,-10.2924465011843,11.168442920469008,1233.0,-15035.0,16268.0
Llama-3.3-70B-Instruct,Llama,15-1252.00||SC||52||Y||III,1,1,-1.8624191229331417,6.8765587169825055,-8.738977839915647,-2487.0,7555.0,-10042.0
Llama-3.3-70B-Instruct,Llama,15-1252.00||TN||54||Y||II,1,1,14.019586970406642,25.77854336423636,-11.758956393829717,14487.0,26638.0,-12151.0
Llama-3.3-70B-Instruct,Llama,15-1252.00||TN||54||Y||III,1,1,-11.351105309263298,-3.8454924375803534,-7.505612871682945,-13217.0,-4696.0,-8521.0
Llama-3.3-70B-Instruct,Llama,15-1252.00||TN||55||Y||III,1,1,7.67952045988683,-7.286454793353915,14.965975253240746,9378.0,-8898.0,18276.0
Llama-3.3-70B-Instruct,Llama,15-1252.00||TX||22||Y||III,1,1,2.512574606725752,-8.147875810602564,10.660450417328317,3212.0,-10416.0,13628.0
Llama-3.3-70B-Instruct,Llama,15-1252.00||TX||33||Y||III,1,1,2.507881129876327,-2.910254795474583,5.41813592535091,3206.0,-3928.0,7134.0
Llama-3.3-70B-Instruct,Llama,15-1252.00||TX||33||Y||IV,2,2,-15.647814124121064,-19.875878936105167,4.228064811984103,-25592.0,-32507.0,6915.0
Llama-3.3-70B-Instruct,Llama,15-1252.00||TX||44||Y||IV,2,2,-10.200087206239314,-19.737694894527667,9.537607688288354,-15562.5,-32281.0,16718.5
Llama-3.3-70B-Instruct,Llama,15-1252.00||TX||48||Y||II,1,1,7.229705197346865,-8.591695225950426,15.821400423297291,8164.0,-9702.0,17866.0
Llama-3.3-70B-Instruct,Llama,15-1252.00||TX||51||Y||I,1,1,64.67545804060062,22.744785597069946,41.93067244353067,51644.0,19127.0,32517.0
Llama-3.3-70B-Instruct,Llama,15-1252.00||TX||51||Y||II,1,1,25.47045331774749,3.741046063753769,21.729407253993724,28762.0,4293.0,24469.0
Llama-3.3-70B-Instruct,Llama,15-1252.00||TX||51||Y||III,2,2,-2.908032095783539,1.9755033681610157,-4.883535463944554,-3925.0,2603.0,-6528.0
Llama-3.3-70B-Instruct,Llama,15-1252.00||TX||51||Y||IV,7,7,4.2306014812287955,-8.2370455531356,12.467647034364395,6533.571428571428,-13168.0,19701.571428571428
Llama-3.3-70B-Instruct,Llama,15-1252.00||TX||52||Y||I,1,1,53.90588400637122,14.239389076420785,39.66649492995043,46027.0,12866.0,33161.0
Llama-3.3-70B-Instruct,Llama,15-1252.00||TX||52||Y||II,1,1,14.687451389969112,16.046332456629738,-1.3588810666606257,13219.0,18120.0,-4901.0
Llama-3.3-70B-Instruct,Llama,15-1252.00||TX||52||Y||III,4,4,4.531519350816623,-0.19890425532162292,4.730423606138246,6086.5,-297.5,6384.0
Llama-3.3-70B-Instruct,Llama,15-1252.00||TX||52||Y||IV,5,5,4.675571528308654,-10.090566571370928,14.766138099679583,6841.8,-16179.0,23020.8
Llama-3.3-70B-Instruct,Llama,15-1252.00||TX||54||Y||I,5,5,44.140926125156845,24.054340474962732,20.086585650194113,39306.8,20994.0,18312.800000000003
Llama-3.3-70B-Instruct,Llama,15-1252.00||TX||54||Y||II,16,16,16.016791563996996,1.4946943962553443,14.522097167741652,17685.8125,1699.3125,15986.5
Llama-3.3-70B-Instruct,Llama,15-1252.00||TX||54||Y||III,4,4,-0.34438679613781087,-3.433528929711751,3.08914213357394,-514.5,-4356.25,3841.75
Llama-3.3-70B-Instruct,Llama,15-1252.00||TX||54||Y||IV,6,6,4.25275029550436,-16.113481600659707,20.366231896164066,6570.166666666667,-25798.5,32368.666666666668
Llama-3.3-70B-Instruct,Llama,15-1252.00||TX||55||Y||III,1,1,7.00150402679094,-2.8020834105104058,9.803587437301346,9450.0,-3782.0,13232.0
Llama-3.3-70B-Instruct,Llama,15-1252.00||TX||55||Y||IV,2,2,4.055057387513566,22.578831974090402,-18.523774586576835,5987.0,34529.5,-28542.5
Llama-3.3-70B-Instruct,Llama,15-1252.00||TX||92||Y||II,1,1,23.659130369140183,5.575480637248391,18.083649731891793,25073.0,6296.0,18777.0
Llama-3.3-70B-Instruct,Llama,15-1252.00||UT||54||Y||III,2,2,1.6956092230250404,4.486209016404698,-2.7905997933796574,2179.0,5353.5,-3174.5
Llama-3.3-70B-Instruct,Llama,15-1252.00||VA||54||Y||I,2,2,42.39753108330622,30.605160427933523,11.792370655372697,43000.0,27035.0,15965.0
Llama-3.3-70B-Instruct,Llama,15-1252.00||VA||54||Y||II,1,1,22.42228449600134,-6.87524783884527,29.297532334846608,24084.0,-8669.0,32753.0
Llama-3.3-70B-Instruct,Llama,15-1252.00||VA||54||Y||III,1,1,8.120298756948221,-22.112922697302963,30.233221454251186,12242.0,-33337.0,45579.0
Llama-3.3-70B-Instruct,Llama,15-1252.00||VA||81||Y||III,2,2,-4.206078616060176,-2.045176142818977,-2.1609024732411988,-6341.0,-3082.0,-3259.0
Llama-3.3-70B-Instruct,Llama,15-1252.00||WA||33||Y||III,2,2,-8.74273698190471,-16.055113532535355,7.3123765506306455,-15799.0,-27326.0,11527.0
Llama-3.3-70B-Instruct,Llama,15-1252.00||WA||33||Y||IV,6,6,-21.10140573761903,-34.79661948176391,13.695213744144883,-44291.666666666664,-72716.66666666667,28425.000000000007
Llama-3.3-70B-Instruct,Llama,15-1252.00||WA||44||Y||III,1,1,-12.081788500913065,-8.74273698190471,-3.339051519008356,-21833.0,-15799.0,-6034.0
Llama-3.3-70B-Instruct,Llama,15-1252.00||WA||45||Y||III,2,2,-8.74273698190471,-12.081788500913065,3.339051519008356,-15799.0,-21833.0,6034.0
Llama-3.3-70B-Instruct,Llama,15-1252.00||WA||45||Y||IV,3,3,-22.285840849756365,-19.447606529007576,-2.8382343207487892,-47291.0,-40296.333333333336,-6994.666666666664
Llama-3.3-70B-Instruct,Llama,15-1252.00||WA||51||Y||II,3,3,3.036942732064683,-9.384538889177529,12.421481621242211,4532.333333333333,-13835.333333333334,18367.666666666668
Llama-3.3-70B-Instruct,Llama,15-1252.00||WA||51||Y||III,3,3,-10.963053142235259,-22.214413517053107,11.251360374817848,-19811.333333333332,-40143.666666666664,20332.333333333332
Llama-3.3-70B-Instruct,Llama,15-1252.00||WA||51||Y||IV,11,11,-21.562286278685317,-27.230657580984158,5.668371302298841,-45490.545454545456,-57784.0,12293.454545454544
Llama-3.3-70B-Instruct,Llama,15-1252.00||WA||52||Y||I,1,1,11.673984492437302,11.602646306975005,0.07133818546229698,13746.0,13662.0,84.0
Llama-3.3-70B-Instruct,Llama,15-1252.00||WA||52||Y||II,1,1,6.457384079335299,-12.91074778879657,19.36813186813187,9637.0,-19268.0,28905.0
Llama-3.3-70B-Instruct,Llama,15-1252.00||WA||52||Y||III,2,2,-8.74273698190471,-16.911626362680536,8.168889380775827,-15799.0,-30561.0,14762.0
Llama-3.3-70B-Instruct,Llama,15-1252.00||WA||52||Y||IV,1,1,-22.285840849756365,-25.129357875986088,2.8435170262297227,-47291.0,-53325.0,6034.0
Llama-3.3-70B-Instruct,Llama,15-1252.00||WA||54||Y||II,4,4,6.543932078069384,-4.831220232242938,11.375152310312322,8691.0,-6996.25,15687.25
Llama-3.3-70B-Instruct,Llama,15-1252.00||WA||54||Y||III,1,1,-8.74273698190471,-19.803859345058648,11.061122363153938,-15799.0,-32451.0,16652.0
Llama-3.3-70B-Instruct,Llama,15-1252.00||WA||54||Y||IV,4,4,-13.07621982827683,-16.53288755585569,3.4566677275788606,-27748.0,-33860.5,6112.5
Llama-3.3-70B-Instruct,Llama,15-1252.00||WA||56||Y||III,2,2,-8.74273698190471,-10.412262741408888,1.6695257595041788,-15799.0,-18816.0,3017.0
Llama-3.3-70B-Instruct,Llama,15-1252.00||WI||33||Y||IV,1,1,10.000532833991764,-0.0743026544244198,10.074835488416184,13138.0,-98.0,13236.0
Llama-3.3-70B-Instruct,Llama,15-1252.00||WI||54||Y||II,1,1,5.227692088120457,19.703750522463377,-14.47605843434292,5128.0,19328.0,-14200.0
Llama-3.3-70B-Instruct,Llama,15-1252||CA||54||Y||I,1,1,12.71572788725078,29.012442288128963,-16.29671440087818,18604.0,29660.0,-11056.0
Llama-3.3-70B-Instruct,Llama,15-1252||CA||54||Y||II,1,1,-12.160369871258808,-12.160369871258808,0.0,-22830.0,-22830.0,0.0
Llama-3.3-70B-Instruct,Llama,15-1252||CA||54||Y||III,1,1,-27.07506036137226,-23.432594256604375,-3.642466104767884,-61227.0,-52990.0,-8237.0
Llama-3.3-70B-Instruct,Llama,15-1253.00||CA||33||Y||IV,2,2,-9.271940049465181,-26.187870859922505,16.915930810457326,-14854.5,-52651.5,37797.0
Llama-3.3-70B-Instruct,Llama,15-1253.00||CA||54||Y||I,1,1,75.13540494042182,33.721867232632306,41.413537707789516,70749.0,29712.0,41037.0
Llama-3.3-70B-Instruct,Llama,15-1253.00||IL||54||Y||II,1,1,30.799881936245573,16.97507038416129,13.824811552084281,27131.0,14953.0,12178.0
Llama-3.3-70B-Instruct,Llama,15-1253.00||MI||33||Y||IV,2,2,8.829758078580861,8.829758078580861,0.0,10632.0,10632.0,0.0
Llama-3.3-70B-Instruct,Llama,15-1253.00||MN||54||Y||IV,1,1,4.932616929445961,5.612453256247848,-0.6798363268018868,6160.0,7009.0,-849.0
Llama-3.3-70B-Instruct,Llama,15-1255.00||CA||51||Y||IV,1,1,-11.70039033427392,-11.70039033427392,0.0,-21852.0,-21852.0,0.0
Llama-3.3-70B-Instruct,Llama,15-1295.00||OH||62||Y||I,1,1,40.94105438507858,60.87633300107869,-19.93527861600011,29984.0,44584.0,-14600.0
Llama-3.3-70B-Instruct,Llama,15-1299.00||CA||54||Y||IV,1,1,0.8317472606643225,12.077808961579406,-11.246061700915083,1547.0,22464.0,-20917.0
Llama-3.3-70B-Instruct,Llama,15-1299.00||MA||54||Y||II,1,1,45.296737052629254,45.296737052629254,0.0,40994.0,40994.0,0.0
Llama-3.3-70B-Instruct,Llama,15-1299.00||NC||33||Y||IV,1,1,-6.9263823289179305,-16.82977913175933,9.9033968028414,-9752.0,-26517.0,16765.0
Llama-3.3-70B-Instruct,Llama,15-1299.00||NJ||54||Y||II,1,1,38.880674256986545,37.27213197862318,1.608542278363366,36813.0,35290.0,1523.0
Llama-3.3-70B-Instruct,Llama,15-1299.00||TX||54||Y||IV,1,1,25.66403109086036,12.986626013443281,12.677405077417077,38301.0,18741.0,19560.0
Llama-3.3-70B-Instruct,Llama,15-1299.08||CA||33||Y||IV,1,1,-16.62573607837162,-19.03557964067692,2.4098435623053014,-37099.0,-38323.0,1224.0
Llama-3.3-70B-Instruct,Llama,15-1299.08||CA||51||Y||III,1,1,-9.036201066781398,-9.036201066781398,0.0,-16382.0,-16382.0,0.0
Llama-3.3-70B-Instruct,Llama,15-1299.08||CA||54||Y||II,3,3,24.6174042860119,35.92458662945619,-11.307182343444293,29907.0,34702.0,-4795.0
Llama-3.3-70B-Instruct,Llama,15-1299.08||CA||54||Y||IV,2,2,-6.904491707834146,12.180870875399304,-19.08536258323345,-17689.0,17333.0,-35022.0
Llama-3.3-70B-Instruct,Llama,15-1299.08||NJ||54||Y||II,1,1,49.643015567900974,38.40962379332925,11.233391774571722,47003.0,36367.0,10636.0
Llama-3.3-70B-Instruct,Llama,15-1299.08||NY||52||Y||IV,1,1,5.3889315233937625,18.200460452652635,-12.811528929258873,8567.0,28934.0,-20367.0
Llama-3.3-70B-Instruct,Llama,15-1299.08||TN||44||Y||IV,1,1,39.6302610548748,39.6302610548748,0.0,37193.0,37193.0,0.0
Llama-3.3-70B-Instruct,Llama,15-1299.08||TX||54||Y||III,1,1,45.71525629793853,10.62588640507868,35.08936989285985,51138.0,12587.0,38551.0
Llama-3.3-70B-Instruct,Llama,15-1299.09||CA||51||Y||III,2,2,-0.5998576889344873,-9.036201066781398,8.43634337784691,-1087.5,-16382.0,15294.5
Llama-3.3-70B-Instruct,Llama,15-1299.09||CA||51||Y||IV,1,1,-6.986246868178544,39.95626952253458,-46.94251639071312,-12994.0,44771.0,-57765.0
Llama-3.3-70B-Instruct,Llama,15-1299.09||CA||52||Y||IV,1,1,-26.095938908856244,-11.335311891781455,-14.760627017074789,-58231.0,-21083.0,-37148.0
Llama-3.3-70B-Instruct,Llama,15-1299.09||CA||54||Y||III,2,2,9.009341444765798,0.30421255460504604,8.705128890160752,13550.5,-938.0,14488.5
Llama-3.3-70B-Instruct,Llama,15-1299.09||CO||51||Y||III,1,1,10.747922870698213,34.0368327921799,-23.28890992148169,13751.0,39625.0,-25874.0
Llama-3.3-70B-Instruct,Llama,15-1299.09||GA||52||Y||II,1,1,80.51130776794494,48.636946162172926,31.874361605772016,69598.0,39090.0,30508.0
Llama-3.3-70B-Instruct,Llama,15-1299.09||GA||52||Y||IV,1,1,43.641335151115946,0.36840734670118414,43.27292780441476,56979.0,481.0,56498.0
Llama-3.3-70B-Instruct,Llama,15-1299.09||GA||54||Y||III,1,1,44.23115911310983,20.76137641226017,23.469782700849663,47997.0,22529.0,25468.0
Llama-3.3-70B-Instruct,Llama,15-1299.09||IL||33||Y||III,1,1,22.16183574879227,21.741917502787068,0.4199182460052029,23855.0,23403.0,452.0
Llama-3.3-70B-Instruct,Llama,15-1299.09||MA||54||Y||III,1,1,42.62326273275273,14.066783709687185,28.556479023065542,49284.0,16265.0,33019.0
Llama-3.3-70B-Instruct,Llama,15-1299.09||NJ||52||Y||IV,1,1,32.00083032445557,18.20737982311573,13.79345050133984,50873.0,28945.0,21928.0
Llama-3.3-70B-Instruct,Llama,15-1299.09||NJ||54||Y||III,2,2,40.34115835562705,14.155238813046227,26.185919542580827,46897.0,16667.0,30230.0
Llama-3.3-70B-Instruct,Llama,15-1299.09||NY||51||Y||IV,1,1,2.564570307094242,3.0652811151509054,-0.5007108080566636,4077.0,4873.0,-796.0
Llama-3.3-70B-Instruct,Llama,15-1299.09||NY||52||Y||IV,2,2,20.49666979995743,-3.236063758853649,23.73273355881108,31909.0,-5144.5,37053.5
Llama-3.3-70B-Instruct,Llama,15-1299.09||NY||54||Y||IV,1,1,2.564570307094242,12.226527608288148,-9.661957301193906,4077.0,19437.0,-15360.0
Llama-3.3-70B-Instruct,Llama,15-1299.09||TX||22||Y||IV,1,1,11.455305167672583,4.558429375502547,6.896875792170036,16038.0,6803.0,9235.0
Llama-3.3-70B-Instruct,Llama,15-1299.09||TX||54||Y||III,1,1,36.032618211834944,11.34260822583913,24.690009985995815,43215.0,13436.0,29779.0
Llama-3.3-70B-Instruct,Llama,15-1299.09||TX||54||Y||IV,1,1,13.05384242256254,3.2184564836970107,9.835385938865528,18838.0,4506.0,14332.0
Llama-3.3-70B-Instruct,Llama,15-1299.09||WA||51||Y||II,1,1,51.54526289936347,39.95607350963694,11.589189389726535,50369.0,44571.0,5798.0
Llama-3.3-70B-Instruct,Llama,15-1299.09||WA||51||Y||IV,1,1,-2.409234601015423,-2.3787000670562315,-0.030534533959191368,-4024.0,-3973.0,-51.0
Llama-3.3-70B-Instruct,Llama,15-2021.00||NY||52||Y||IV,1,1,28.241417581997016,37.53530559914272,-9.2938880171457,36896.0,49038.0,-12142.0
Llama-3.3-70B-Instruct,Llama,15-2031.00||CA||51||Y||IV,5,5,8.44187671181989,20.199847861265898,-11.757971149446007,12534.8,26728.4,-14193.600000000002
Llama-3.3-70B-Instruct,Llama,15-2031.00||CA||52||Y||IV,1,1,9.643816360852432,-2.816427817268442,12.460244178120874,11526.0,-4188.0,15714.0
Llama-3.3-70B-Instruct,Llama,15-2031.00||CA||54||Y||II,2,2,46.23860186330737,41.636853579727514,4.601748283579859,45638.0,42428.5,3209.5
Llama-3.3-70B-Instruct,Llama,15-2031.00||CA||54||Y||III,7,7,33.660249855870376,17.538005130145063,16.122244725725313,40792.57142857143,19122.14285714286,21670.42857142857
Llama-3.3-70B-Instruct,Llama,15-2031.00||CA||54||Y||IV,3,3,11.620933789985244,7.881739483261022,3.7391943067242224,17169.0,9814.333333333334,7354.666666666666
Llama-3.3-70B-Instruct,Llama,15-2031.00||GA||44||Y||III,2,2,55.156101221179426,24.812275546849495,30.34382567432993,46189.5,20520.0,25669.5
Llama-3.3-70B-Instruct,Llama,15-2031.00||GA||44||Y||IV,1,1,21.95069558101473,34.04562193126023,-12.094926350245498,21459.0,33283.0,-11824.0
Llama-3.3-70B-Instruct,Llama,15-2031.00||IL||52||Y||IV,1,1,5.423930620027192,16.258919879968786,-10.834989259941594,6742.0,20210.0,-13468.0
Llama-3.3-70B-Instruct,Llama,15-2031.00||IL||54||Y||II,2,2,60.593220338983045,29.534713168187743,31.058507170795302,52052.0,25371.5,26680.5
Llama-3.3-70B-Instruct,Llama,15-2031.00||IL||54||Y||III,1,1,9.625887233354266,24.681737740480674,-15.055850507126408,10117.0,25941.0,-15824.0
Llama-3.3-70B-Instruct,Llama,15-2031.00||MA||54||Y||II,2,2,76.16735710849198,20.665117799518995,55.50223930897299,62288.5,17700.5,44588.0
Llama-3.3-70B-Instruct,Llama,15-2031.00||MO||54||Y||IV,1,1,50.16812373907196,66.27501237136948,-16.106888632297526,39538.0,52232.0,-12694.0
Llama-3.3-70B-Instruct,Llama,15-2031.00||NC||52||Y||IV,2,2,7.565708469456438,22.451782910966585,-14.886074441510146,9217.0,24027.0,-14810.0
Llama-3.3-70B-Instruct,Llama,15-2031.00||NC||54||Y||IV,1,1,8.235655614845015,14.786990287324858,-6.551334672479843,10989.0,14585.0,-3596.0
Llama-3.3-70B-Instruct,Llama,15-2031.00||NJ||52||Y||II,1,1,58.44308096855484,58.333515941711404,0.10956502684343405,53341.0,53241.0,100.0
Llama-3.3-70B-Instruct,Llama,15-2031.00||NJ||54||Y||I,1,1,71.84654924566931,52.13117170228445,19.71537754338486,49480.0,35371.0,14109.0
Llama-3.3-70B-Instruct,Llama,15-2031.00||NJ||54||Y||III,1,1,0.6086197343899532,19.457234258884213,-18.84861452449426,725.0,23538.0,-22813.0
Llama-3.3-70B-Instruct,Llama,15-2031.00||NJ||54||Y||IV,1,1,14.02332911666655,0.9980221270171858,13.025306989649366,20065.0,1428.0,18637.0
Llama-3.3-70B-Instruct,Llama,15-2031.00||NY||54||Y||III,1,1,19.539897332462616,26.023371413621696,-6.4834740811590805,23638.0,29841.0,-6203.0
Llama-3.3-70B-Instruct,Llama,15-2031.00||NY||54||Y||IV,1,1,10.974465016937163,-1.7025589399649013,12.677023956902065,16134.0,-2503.0,18637.0
Llama-3.3-70B-Instruct,Llama,15-2031.00||PA||54||Y||IV,1,1,22.188401018018247,22.188401018018247,0.0,26242.0,26242.0,0.0
Llama-3.3-70B-Instruct,Llama,15-2031.00||TN||54||Y||II,1,1,58.60559470424941,58.502703282228794,0.10289142202061896,38423.0,38197.0,226.0
Llama-3.3-70B-Instruct,Llama,15-2031.00||TX||42||Y||IV,1,1,19.6597249074739,20.645749323316576,-0.9860244158426745,21354.0,22425.0,-1071.0
Llama-3.3-70B-Instruct,Llama,15-2031.00||TX||52||Y||IV,1,1,-1.0189437428243397,-1.0189437428243397,0.0,-1349.0,-1349.0,0.0
Llama-3.3-70B-Instruct,Llama,15-2031.00||TX||54||Y||II,1,1,44.51140503141579,15.863886085884067,28.647518945531722,36413.0,14149.0,22264.0
Llama-3.3-70B-Instruct,Llama,15-2031.00||TX||54||Y||III,2,2,30.99301434467394,23.436745455417253,7.556268889256689,29418.5,23353.5,6065.0
Llama-3.3-70B-Instruct,Llama,15-2031.00||TX||54||Y||IV,1,1,9.082875098193245,-21.269708279381522,30.352583377574767,12025.0,-27925.0,39950.0
Llama-3.3-70B-Instruct,Llama,15-2031.00||VA||44||Y||III,1,1,15.469869128133059,4.636010124803373,10.833859003329685,19374.0,5806.0,13568.0
Llama-3.3-70B-Instruct,Llama,15-2031.00||WA||45||Y||I,1,1,85.23031412875052,45.40216931962248,39.82814480912804,60505.0,32231.0,28274.0
Llama-3.3-70B-Instruct,Llama,15-2031.00||WA||51||Y||IV,2,2,16.534734491277177,5.3751845138394945,11.159549977437683,21619.0,7028.0,14591.0
Llama-3.3-70B-Instruct,Llama,15-2031.00||WA||52||Y||III,1,1,35.869177142642386,-6.858746458284456,42.72792360092684,38177.0,-7601.0,45778.0
Llama-3.3-70B-Instruct,Llama,15-2031.00||WA||54||Y||III,1,1,27.849163523488116,18.24637707314432,9.602786450343796,30863.0,20221.0,10642.0
Llama-3.3-70B-Instruct,Llama,15-2031||MA||54||Y||II,2,2,68.60508557685573,53.336680131692624,15.268405445163104,58763.0,45685.0,13078.0
Llama-3.3-70B-Instruct,Llama,15-2041.00||CA||33||Y||IV,1,1,-25.97489685391648,-15.583504816896506,-10.391392037019974,-50743.0,-30443.0,-20300.0
Llama-3.3-70B-Instruct,Llama,15-2041.00||CA||52||Y||IV,1,1,21.51571384920369,-18.911533325103527,40.42724717430721,28870.0,-33703.0,62573.0
Llama-3.3-70B-Instruct,Llama,15-2041.00||CA||54||Y||II,3,3,41.359052216076655,29.83157293748216,11.527479278594495,41067.666666666664,30305.0,10762.666666666664
Llama-3.3-70B-Instruct,Llama,15-2041.00||CA||54||Y||III,3,3,5.692710434614365,5.3176363620058575,0.37507407260850734,7783.666666666667,6846.333333333333,937.3333333333339
Llama-3.3-70B-Instruct,Llama,15-2041.00||FL||52||Y||II,2,2,23.365974516281263,3.053553920968426,20.312420595312837,23766.0,3043.0,20723.0
Llama-3.3-70B-Instruct,Llama,15-2041.00||IL||52||Y||IV,1,1,4.643933685003768,-3.7411118293471235,8.385045514350892,6409.0,-5093.0,11502.0
Llama-3.3-70B-Instruct,Llama,15-2041.00||NC||54||Y||III,1,1,1.7471533449810224,-6.323377960865088,8.07053130584611,2030.0,-8903.0,10933.0
Llama-3.3-70B-Instruct,Llama,15-2041.00||NJ||54||Y||II,1,1,4.650998096755632,-6.858746458284456,11.509744555040088,5254.0,-7601.0,12855.0
Llama-3.3-70B-Instruct,Llama,15-2041.00||NJ||54||Y||III,1,1,0.03324721381421734,-8.644968241984305,8.678215455798522,48.0,-12481.0,12529.0
Llama-3.3-70B-Instruct,Llama,15-2041.00||NJ||54||Y||IV,1,1,-7.241965855240328,-17.789180855723885,10.547215000483558,-12730.0,-31270.0,18540.0
Llama-3.3-70B-Instruct,Llama,15-2041.00||NY||52||Y||II,1,1,28.01398663302793,27.925463639180276,0.08852299384765416,31646.0,31546.0,100.0
Llama-3.3-70B-Instruct,Llama,15-2041.00||NY||52||Y||III,4,4,0.16485076849549432,10.113416349095166,-9.948565580599672,238.0,14591.0,-14353.0
Llama-3.3-70B-Instruct,Llama,15-2041.00||NY||52||Y||IV,1,1,-5.5518348702625655,-6.754427384074502,1.2025925138119362,-9699.0,-11873.0,2174.0
Llama-3.3-70B-Instruct,Llama,15-2041.00||NY||54||Y||II,1,1,4.650998096755632,27.925463639180276,-23.274465542424643,5254.0,31546.0,-26292.0
Llama-3.3-70B-Instruct,Llama,15-2041.00||NY||54||Y||III,1,1,0.16485076849549432,0.09558573971587485,0.06926502877961947,238.0,138.0,100.0
Llama-3.3-70B-Instruct,Llama,15-2041.00||TX||54||Y||I,1,1,74.39977500814115,35.73673482806233,38.663040180078816,50263.0,27176.0,23087.0
Llama-3.3-70B-Instruct,Llama,15-2041.00||TX||54||Y||IV,2,2,5.929626170020406,0.8805773230322096,5.049048846988196,8034.5,564.5,7470.0
Llama-3.3-70B-Instruct,Llama,15-2041.00||WA||51||Y||IV,1,1,27.746805311951892,27.746805311951892,0.0,35436.0,35436.0,0.0
Llama-3.3-70B-Instruct,Llama,15-2041.01||CA||54||Y||III,1,1,17.876927255702245,13.557427338428742,4.319499917273504,25010.0,15645.0,9365.0
Llama-3.3-70B-Instruct,Llama,15-2051.00||CA||33||Y||I,1,1,59.30043855412376,6.813674300378043,52.48676425374572,61389.0,8417.0,52972.0
Llama-3.3-70B-Instruct,Llama,15-2051.00||CA||33||Y||II,1,1,7.8125,-25.433724986230953,33.246224986230956,10465.0,-44332.0,54797.0
Llama-3.3-70B-Instruct,Llama,15-2051.00||CA||33||Y||IV,1,1,-9.059367286282807,18.330940506775477,-27.390307793058284,-14387.0,29111.0,-43498.0
Llama-3.3-70B-Instruct,Llama,15-2051.00||CA||45||Y||I,1,1,59.951622160876816,40.59987552327118,19.351746637605636,43869.0,47620.0,-3751.0
Llama-3.3-70B-Instruct,Llama,15-2051.00||CA||45||Y||II,1,1,-17.035179915549843,10.902561550514799,-27.937741466064644,-29693.0,16212.0,-45905.0
Llama-3.3-70B-Instruct,Llama,15-2051.00||CA||45||Y||III,2,2,-10.49936081316227,-12.12690765983589,1.6275468466736207,-17006.5,-19937.0,2930.5
Llama-3.3-70B-Instruct,Llama,15-2051.00||CA||51||Y||I,1,1,23.130504471783855,104.08504317147897,-80.95453869969512,27130.0,67266.0,-40136.0
Llama-3.3-70B-Instruct,Llama,15-2051.00||CA||51||Y||II,1,1,7.8125,7.815486144290492,-0.0029861442904923763,10465.0,10469.0,-4.0
Llama-3.3-70B-Instruct,Llama,15-2051.00||CA||51||Y||IV,1,1,-15.358202367143312,-15.358202367143312,0.0,-29923.0,-29923.0,0.0
Llama-3.3-70B-Instruct,Llama,15-2051.00||CA||52||Y||II,1,1,12.476051028832225,-1.8342391304347827,14.310290159267009,16019.0,-2457.0,18476.0
Llama-3.3-70B-Instruct,Llama,15-2051.00||CA||52||Y||III,3,3,-0.24534932073350993,0.1670691329639159,-0.4124184536974258,-1667.3333333333333,274.6666666666667,-1942.0
Llama-3.3-70B-Instruct,Llama,15-2051.00||CA||52||Y||IV,2,2,-20.616524836527507,-15.087877556539102,-5.528647279988405,-40168.0,-25869.5,-14298.5
Llama-3.3-70B-Instruct,Llama,15-2051.00||CA||54||Y||I,1,1,59.30043855412376,56.579809683592416,2.7206288705313426,61389.0,43167.0,18222.0
Llama-3.3-70B-Instruct,Llama,15-2051.00||CA||54||Y||II,3,3,12.913332138875617,22.990682030196087,-10.07734989132047,17297.666666666668,27766.0,-10468.333333333332
Llama-3.3-70B-Instruct,Llama,15-2051.00||CA||54||Y||IV,1,1,-9.169133684058353,-16.948768324013905,7.779634639955551,-14588.0,-26916.0,12328.0
Llama-3.3-70B-Instruct,Llama,15-2051.00||CA||56||Y||III,1,1,0.30899679446238815,0.5933829738235972,-0.284386179361209,508.0,773.0,-265.0
Llama-3.3-70B-Instruct,Llama,15-2051.00||CA||61||Y||I,1,1,60.63654579890753,31.705503222607835,28.931042576299692,44181.0,21743.0,22438.0
Llama-3.3-70B-Instruct,Llama,15-2051.00||CO||33||Y||IV,1,1,6.965255197647634,-28.088833281201126,35.05408847884876,9404.0,-51186.0,60590.0
Llama-3.3-70B-Instruct,Llama,15-2051.00||CT||52||Y||IV,1,1,-0.7056576289353983,-25.45098730807084,24.74532967913544,-1027.0,-44738.0,43711.0
Llama-3.3-70B-Instruct,Llama,15-2051.00||DC||54||Y||II,1,1,24.562916706198948,2.827348864489085,21.735567841709862,28478.0,3278.0,25200.0
Llama-3.3-70B-Instruct,Llama,15-2051.00||DE||52||Y||I,1,1,39.593476144109054,55.819268635724335,-16.22579249161528,29277.0,41275.0,-11998.0
Llama-3.3-70B-Instruct,Llama,15-2051.00||GA||52||Y||II,1,1,25.799689275757125,13.482046658897513,12.317642616859612,24245.0,12263.0,11982.0
Llama-3.3-70B-Instruct,Llama,15-2051.00||GA||52||Y||IV,1,1,6.6242169803664055,-3.312846317870924,9.93706329823733,8978.0,-4490.0,13468.0
Llama-3.3-70B-Instruct,Llama,15-2051.00||GA||54||Y||III,1,1,25.849207870749602,3.0195025881450754,22.829705282604525,29663.0,3465.0,26198.0
Llama-3.3-70B-Instruct,Llama,15-2051.00||IL||51||Y||III,1,1,20.9546830826879,-11.27185517561504,32.22653825830294,25053.0,-13113.0,38166.0
Llama-3.3-70B-Instruct,Llama,15-2051.00||IL||52||Y||II,1,1,25.799689275757125,35.662553648068666,-9.862864372311542,24245.0,34567.0,-10322.0
Llama-3.3-70B-Instruct,Llama,15-2051.00||IL||52||Y||IV,1,1,1.618029674425146,14.72329653329583,-13.105266858870685,2301.0,20938.0,-18637.0
Llama-3.3-70B-Instruct,Llama,15-2051.00||IL||54||Y||I,1,1,64.0095538732296,38.967648127953474,25.041905745276132,45827.0,28944.0,16883.0
Llama-3.3-70B-Instruct,Llama,15-2051.00||IL||54||Y||II,2,2,35.995790689996696,28.626918950148564,7.368871739848132,34890.0,27747.5,7142.5
Llama-3.3-70B-Instruct,Llama,15-2051.00||IL||54||Y||IV,2,2,-3.117221011180648,-3.0820617396807535,-0.03515927149989473,-4433.0,-4383.0,-50.0
Llama-3.3-70B-Instruct,Llama,15-2051.00||IL||55||Y||III,1,1,-1.0112246775623546,-13.664497566034894,12.65327288847254,-1209.0,-16337.0,15128.0
Llama-3.3-70B-Instruct,Llama,15-2051.00||IL||61||Y||I,1,1,83.32409375096246,29.07850565154455,54.245588099417915,54109.0,18883.0,35226.0
Llama-3.3-70B-Instruct,Llama,15-2051.00||IL||81||Y||III,1,1,20.9546830826879,-0.28354438849763297,21.23822747118553,25053.0,-339.0,25392.0
Llama-3.3-70B-Instruct,Llama,15-2051.00||IN||33||Y||III,1,1,20.00354118713091,20.00354118713091,0.0,19206.0,19206.0,0.0
Llama-3.3-70B-Instruct,Llama,15-2051.00||MA||32||Y||IV,2,2,-10.687070079046743,-4.39048492786021,-6.296585151186533,-17292.0,-7734.5,-9557.5
Llama-3.3-70B-Instruct,Llama,15-2051.00||MA||44||Y||III,1,1,-4.676467603265046,4.693865715569861,-9.370333318834906,-6451.0,6475.0,-12926.0
Llama-3.3-70B-Instruct,Llama,15-2051.00||MA||51||Y||III,1,1,-4.676467603265046,-4.676467603265046,0.0,-6451.0,-6451.0,0.0
Llama-3.3-70B-Instruct,Llama,15-2051.00||MA||52||Y||II,1,1,26.753909263025033,14.86133510973985,11.892574153285183,30523.0,16955.0,13568.0
Llama-3.3-70B-Instruct,Llama,15-2051.00||MA||52||Y||IV,2,2,-4.897004381871782,-19.010772358979747,14.113767977107965,-7923.5,-30760.0,22836.5
Llama-3.3-70B-Instruct,Llama,15-2051.00||MA||61||Y||I,1,1,26.91541753007347,77.5451438413305,-50.62972631125703,20003.0,57630.0,-37627.0
Llama-3.3-70B-Instruct,Llama,15-2051.00||MA||62||Y||I,1,1,76.72569229527167,11.682230415242605,65.04346188002907,57021.0,8682.0,48339.0
Llama-3.3-70B-Instruct,Llama,15-2051.00||MA||62||Y||II,1,1,67.32736276960104,51.628019994445985,15.699342775155053,58187.0,44619.0,13568.0
Llama-3.3-70B-Instruct,Llama,15-2051.00||MI||54||Y||II,1,1,30.558682536269462,24.12636186536473,6.432320670904733,24160.0,20063.0,4097.0
Llama-3.3-70B-Instruct,Llama,15-2051.00||NC||51||Y||III,1,1,-8.859950405840406,-20.50995733670122,11.650006930860814,-11505.0,-26633.0,15128.0
Llama-3.3-70B-Instruct,Llama,15-2051.00||NC||52||Y||IV,1,1,-6.138527688650446,-14.886140736025773,8.747613047375328,-9451.0,-22919.0,13468.0
Llama-3.3-70B-Instruct,Llama,15-2051.00||NC||54||Y||II,7,7,33.44443478462629,21.78470231011761,11.65973247450868,29816.85714285714,18667.285714285714,11149.571428571428
Llama-3.3-70B-Instruct,Llama,15-2051.00||NC||54||Y||III,1,1,5.2309142318567385,-7.540945708036206,12.771859939892945,5883.0,-8481.0,14364.0
Llama-3.3-70B-Instruct,Llama,15-2051.00||NC||54||Y||IV,1,1,4.949308621891704,-14.886140736025773,19.835449357917476,6815.0,-22919.0,29734.0
Llama-3.3-70B-Instruct,Llama,15-2051.00||NJ||52||Y||II,1,1,32.07569571928286,5.231480212985542,26.84421550629732,35120.0,5728.0,29392.0
Llama-3.3-70B-Instruct,Llama,15-2051.00||NJ||52||Y||IV,1,1,-14.7633905662937,-22.53260273326216,7.76921216696846,-25030.0,-38202.0,13172.0
Llama-3.3-70B-Instruct,Llama,15-2051.00||NJ||54||Y||II,6,6,19.72917506029258,7.843567051173156,11.885608009119423,21612.0,8588.0,13024.0
Llama-3.3-70B-Instruct,Llama,15-2051.00||NJ||54||Y||IV,3,3,-12.022992073804687,-6.54219508882666,-5.480796984978027,-20058.666666666668,-10116.0,-9942.666666666668
Llama-3.3-70B-Instruct,Llama,15-2051.00||NV||52||Y||I,1,1,95.79034803555112,71.47769748317967,24.31265055237145,57661.0,43026.0,14635.0
Llama-3.3-70B-Instruct,Llama,15-2051.00||NY||51||Y||II,1,1,29.15617240948145,8.146788320501228,21.00938408898022,32645.0,8920.0,23725.0
Llama-3.3-70B-Instruct,Llama,15-2051.00||NY||51||Y||III,2,2,3.591243387381188,3.0129954775068795,0.5782479098743085,5010.0,4223.0,787.0
Llama-3.3-70B-Instruct,Llama,15-2051.00||NY||52||Y||II,3,3,31.927129474873126,38.28290300877089,-6.355773533897761,34957.333333333336,41916.333333333336,-6959.0
Llama-3.3-70B-Instruct,Llama,15-2051.00||NY||52||Y||III,4,4,8.48476051209267,4.865740541625449,3.619019970467221,11836.75,6788.0,5048.75
Llama-3.3-70B-Instruct,Llama,15-2051.00||NY||52||Y||IV,4,4,-8.618859155012652,-3.533103397533056,-5.085755757479596,-14612.5,-6004.25,-8608.25
Llama-3.3-70B-Instruct,Llama,15-2051.00||NY||54||Y||II,6,6,35.55022301123295,26.72070119517772,8.82952181605523,35094.833333333336,23547.666666666668,11547.166666666668
Llama-3.3-70B-Instruct,Llama,15-2051.00||NY||54||Y||IV,2,2,-14.94216554545367,-8.953586448115795,-5.988579097337876,-25396.0,-15180.0,-10216.0
Llama-3.3-70B-Instruct,Llama,15-2051.00||NY||62||Y||II,1,1,31.898512206482724,31.902165474787882,-0.003653268305157553,34926.0,34930.0,-4.0
Llama-3.3-70B-Instruct,Llama,15-2051.00||OH||42||Y||III,2,2,21.01544289044289,18.546540080258392,2.468902810184499,21637.5,18949.0,2688.5
Llama-3.3-70B-Instruct,Llama,15-2051.00||OH||52||Y||IV,1,1,10.35478791043142,-5.3896763156422125,15.744464226073633,12296.0,-6742.0,19038.0
Llama-3.3-70B-Instruct,Llama,15-2051.00||PA||48||Y||III,1,1,2.5524635422841753,3.290933419149405,-0.7384698768652296,3014.0,3886.0,-872.0
Llama-3.3-70B-Instruct,Llama,15-2051.00||PA||54||Y||I,1,1,95.43303040138483,39.593476144109054,55.83955425727577,70567.0,29277.0,41290.0
Llama-3.3-70B-Instruct,Llama,15-2051.00||PA||54||Y||II,2,2,48.63809737926519,14.90214866736796,33.73594871189723,41848.5,14308.0,27540.5
Llama-3.3-70B-Instruct,Llama,15-2051.00||PA||61||Y||I,1,1,100.58881828251617,27.90959793233448,72.6792203501817,51762.0,14362.0,37400.0
Llama-3.3-70B-Instruct,Llama,15-2051.00||TX||33||Y||IV,2,2,-1.3272378028270821,-6.7138567070026,5.386618904175518,-1978.5,-9866.5,7888.0
Llama-3.3-70B-Instruct,Llama,15-2051.00||TX||42||Y||III,2,2,-2.7651794521719752,11.739444047238148,-14.504623499410123,-3427.5,13755.0,-17182.5
Llama-3.3-70B-Instruct,Llama,15-2051.00||TX||42||Y||IV,2,2,-2.8438695450481037,-4.548807621988884,1.7049380769407807,-4230.0,-6382.5,2152.5
Llama-3.3-70B-Instruct,Llama,15-2051.00||TX||45||Y||II,2,2,17.81959158452845,14.90565841264552,2.9139331718829293,17880.0,14314.5,3565.5
Llama-3.3-70B-Instruct,Llama,15-2051.00||TX||51||Y||II,1,1,43.929080417385066,28.311126417977913,15.617953999407153,44078.0,26305.0,17773.0
Llama-3.3-70B-Instruct,Llama,15-2051.00||TX||52||Y||II,3,3,31.240696564806427,32.35069523988032,-1.1099986750738893,30163.333333333332,31067.666666666668,-904.3333333333358
Llama-3.3-70B-Instruct,Llama,15-2051.00||TX||52||Y||III,3,3,10.409920404621522,10.97852023065291,-0.568599826031388,12376.666666666666,13041.666666666666,-665.0
Llama-3.3-70B-Instruct,Llama,15-2051.00||TX||52||Y||IV,5,5,-1.8677745409915851,-3.072531040294747,1.204756499303162,-2648.0,-4062.6,1414.6
Llama-3.3-70B-Instruct,Llama,15-2051.00||TX||54||Y||I,2,2,73.96338128883818,48.62754526492397,25.33583602391421,52518.5,33593.0,18925.5
Llama-3.3-70B-Instruct,Llama,15-2051.00||TX||54||Y||II,8,8,28.56887619645311,21.763938461282308,6.804937735170803,26392.0,20251.0,6141.0
Llama-3.3-70B-Instruct,Llama,15-2051.00||TX||54||Y||III,1,1,6.294844359725944,-7.1903828516966675,13.485227211422611,7001.0,-7997.0,14998.0
Llama-3.3-70B-Instruct,Llama,15-2051.00||TX||54||Y||IV,3,3,-6.998716760463933,-9.391447491870743,2.39273073140681,-10154.333333333334,-13838.0,3683.666666666666
Llama-3.3-70B-Instruct,Llama,15-2051.00||VA||52||Y||II,1,1,24.562916706198948,7.831929130658575,16.73098757554037,28478.0,8673.0,19805.0
Llama-3.3-70B-Instruct,Llama,15-2051.00||VA||52||Y||IV,1,1,-3.7856947875124005,-1.8045284013951983,-1.9811663861172022,-5686.0,-3011.0,-2675.0
Llama-3.3-70B-Instruct,Llama,15-2051.00||WA||51||Y||I,1,1,22.16465349521937,36.33696432472924,-14.172310829509868,21304.0,34926.0,-13622.0
Llama-3.3-70B-Instruct,Llama,15-2051.00||WA||51||Y||III,1,1,0.9729246519146226,-13.209084225794273,14.182008877708896,1589.0,-19944.0,21533.0
Llama-3.3-70B-Instruct,Llama,15-2051.00||WA||51||Y||IV,1,1,-26.659861665498646,-28.618430011820394,1.9585683463217478,-52497.0,-52538.0,41.0
Llama-3.3-70B-Instruct,Llama,15-2051.00||WA||52||Y||III,1,1,-13.248062110432153,-21.947865436464387,8.699803326032233,-21637.0,-32399.0,10762.0
Llama-3.3-70B-Instruct,Llama,15-2051.00||WA||54||Y||II,1,1,11.382100089516442,1.0284560053658574,10.353644084150584,13478.0,1334.0,12144.0
Llama-3.3-70B-Instruct,Llama,15-2051.00||WA||54||Y||III,1,1,0.9729246519146226,-9.328198283146177,10.3011229350608,1589.0,-15235.0,16824.0
Llama-3.3-70B-Instruct,Llama,15-2051.00||WI||54||Y||II,1,1,25.71540989185108,9.766368557057328,15.949041334793753,24182.0,9184.0,14998.0
Llama-3.3-70B-Instruct,Llama,15-2051.01||AR||45||Y||III,1,1,26.81858096241658,15.365924517338827,11.452656445077752,30541.0,17454.0,13087.0
Llama-3.3-70B-Instruct,Llama,15-2051.01||AR||45||Y||IV,1,1,22.906628663635473,-1.189856810007465,24.09648547364294,30379.0,-1578.0,31957.0
Llama-3.3-70B-Instruct,Llama,15-2051.01||CA||51||Y||III,1,1,-8.844442203199657,-19.77518658418642,10.930744380986765,-14031.0,-32511.0,18480.0
Llama-3.3-70B-Instruct,Llama,15-2051.01||CA||51||Y||IV,3,3,-26.120500569093064,-26.090931207855323,-0.029569361237740566,-63758.333333333336,-50235.666666666664,-13522.666666666672
Llama-3.3-70B-Instruct,Llama,15-2051.01||CA||52||Y||II,1,1,5.772963449593885,21.68537983755375,-15.912416387959865,7733.0,29048.0,-21315.0
Llama-3.3-70B-Instruct,Llama,15-2051.01||CA||54||Y||I,1,1,97.36108453822396,13.426131643515388,83.93495289470857,71243.0,13899.0,57344.0
Llama-3.3-70B-Instruct,Llama,15-2051.01||CA||54||Y||IV,3,3,-13.258590673523145,-12.431875526968284,-0.8267151465548608,-24744.333333333332,-22122.0,-2622.333333333332
Llama-3.3-70B-Instruct,Llama,15-2051.01||CT||54||Y||IV,1,1,4.0066501612160295,-5.68646361123906,9.693113772455089,5567.0,-7901.0,13468.0
Llama-3.3-70B-Instruct,Llama,15-2051.01||MA||61||Y||II,1,1,3.7348362667414627,19.43557345181894,-15.700737185077477,4261.0,16797.0,-12536.0
Llama-3.3-70B-Instruct,Llama,15-2051.01||NC||52||Y||IV,1,1,6.259983944600764,-14.886140736025773,21.146124680626535,7720.0,-22919.0,30639.0
Llama-3.3-70B-Instruct,Llama,15-2051.01||NC||54||Y||II,1,1,-2.3887202473829046,-2.3887202473829046,0.0,-2526.0,-2526.0,0.0
Llama-3.3-70B-Instruct,Llama,15-2051.01||NJ||54||Y||II,1,1,20.096628946671416,20.096628946671416,0.0,22004.0,22004.0,0.0
Llama-3.3-70B-Instruct,Llama,15-2051.01||NY||52||Y||II,1,1,32.07569571928286,5.231480212985542,26.84421550629732,35120.0,5728.0,29392.0
Llama-3.3-70B-Instruct,Llama,15-2051.01||NY||54||Y||II,2,2,32.07569571928286,24.511286019545416,7.564409699737446,35120.0,27048.5,8071.5
Llama-3.3-70B-Instruct,Llama,15-2051.01||TX||22||Y||IV,1,1,3.141839567765097,-11.898535037414028,15.040374605179125,4402.0,-17698.0,22100.0
Llama-3.3-70B-Instruct,Llama,15-2051.01||TX||33||Y||II,1,1,19.977299706354,30.600265101306572,-10.622965394952573,19185.0,30704.0,-11519.0
Llama-3.3-70B-Instruct,Llama,15-2051.01||TX||33||Y||III,1,1,5.4677587729864285,5.230065044567574,0.23769372841885428,6809.0,6513.0,296.0
Llama-3.3-70B-Instruct,Llama,15-2051.01||TX||51||Y||III,1,1,-5.067855135308761,-0.7280465949820788,-4.339808540326683,-6311.0,-845.0,-5466.0
Llama-3.3-70B-Instruct,Llama,15-2051.01||TX||51||Y||IV,1,1,1.8677745409915851,-1.5291783765911722,3.396952917582757,2648.0,-2035.0,4683.0
Llama-3.3-70B-Instruct,Llama,15-2051.01||TX||54||Y||I,1,1,79.13306176012249,41.10096508734998,38.03209667277251,57889.0,30067.0,27822.0
Llama-3.3-70B-Instruct,Llama,15-2051.01||TX||55||Y||III,1,1,37.09806296417788,2.186840268140261,34.91122269603762,44107.0,2600.0,41507.0
Llama-3.3-70B-Instruct,Llama,15-2051.02||NY||54||Y||II,1,1,87.14540842737344,47.73208562271062,39.41332280466282,67339.0,33359.0,33980.0
Llama-3.3-70B-Instruct,Llama,15-2051.02||NY||62||Y||III,1,1,52.73336008956296,-6.06640574598942,58.79976583555238,49929.0,-8463.0,58392.0
Llama-3.3-70B-Instruct,Llama,17-2011.00||TX||54||Y||I,1,1,41.67117126856797,19.02420379533692,22.646967473231047,38545.0,18416.0,20129.0
Llama-3.3-70B-Instruct,Llama,17-2031.00||CA||33||Y||III,2,2,23.23656290078116,-3.1822209158794,26.418783816660557,27902.0,-5392.5,33294.5
Llama-3.3-70B-Instruct,Llama,17-2031.00||CA||54||Y||III,1,1,18.830794506333856,6.354539478489519,12.476255027844337,26133.0,7830.0,18303.0
Llama-3.3-70B-Instruct,Llama,17-2041.00||PA||32||Y||III,1,1,2.746200445507525,-4.311898414596673,7.058098860104198,3341.0,-5192.0,8533.0
Llama-3.3-70B-Instruct,Llama,17-2051.00||AZ||54||Y||II,1,1,42.12025844598622,23.049138116014593,19.071120329971624,35333.0,19335.0,15998.0
Llama-3.3-70B-Instruct,Llama,17-2061.00||CA||33||Y||IV,1,1,-9.034801167298227,-42.55324709264341,33.51844592534518,-20743.0,-97698.0,76955.0
Llama-3.3-70B-Instruct,Llama,17-2061.00||MA||54||Y||II,1,1,10.803643724696355,-11.572874493927126,22.37651821862348,16011.0,-17151.0,33162.0
Llama-3.3-70B-Instruct,Llama,17-2061.00||TX||54||Y||II,1,1,15.89648798521257,9.682863845803304,6.213624139409266,17974.0,11474.0,6500.0
Llama-3.3-70B-Instruct,Llama,17-2071.00||CA||33||Y||II,1,1,17.985630942091618,-3.046488034851107,21.032118976942726,19977.0,-4084.0,24061.0
Llama-3.3-70B-Instruct,Llama,17-2071.00||CA||33||Y||IV,1,1,-13.206924277034979,3.685609963996285,-16.892534241031264,-24803.0,5794.0,-30597.0
Llama-3.3-70B-Instruct,Llama,17-2071.00||CA||54||Y||II,1,1,1.9450872474826444,17.980229040622298,-16.035141793139655,3110.0,19971.0,-16861.0
Llama-3.3-70B-Instruct,Llama,17-2071.00||IL||33||Y||IV,2,2,15.225848680963718,-1.2989548412848828,16.5248035222486,17277.5,-1942.0,19219.5
Llama-3.3-70B-Instruct,Llama,17-2071.00||IL||54||Y||III,1,1,22.036658846562812,16.9142567224759,5.122402124086911,26113.0,16669.0,9444.0
Llama-3.3-70B-Instruct,Llama,17-2071.00||IN||32||Y||III,1,1,17.413742126813183,17.40836640893086,0.005375717882323272,19436.0,19430.0,6.0
Llama-3.3-70B-Instruct,Llama,17-2071.00||MI||33||Y||II,1,1,20.107369957260502,20.107369957260502,0.0,19289.0,19289.0,0.0
Llama-3.3-70B-Instruct,Llama,17-2071.00||MI||54||Y||I,1,1,26.080689882617353,28.69646530764915,-2.6157754250317957,21352.0,23016.0,-1664.0
Llama-3.3-70B-Instruct,Llama,17-2072.00||CA||33||Y||III,6,6,-14.123101498929854,-10.034818809582822,-4.088282689347032,-26184.0,-16914.833333333332,-9269.166666666668
Llama-3.3-70B-Instruct,Llama,17-2072.00||CA||33||Y||IV,5,5,-9.788891520189107,-33.28486609807904,23.495974577889935,-19365.2,-71925.6,52560.40000000001
Llama-3.3-70B-Instruct,Llama,17-2072.00||CA||54||Y||III,1,1,-12.587412587412587,-14.978656313012142,2.391243725599555,-23472.0,-27931.0,4459.0
Llama-3.3-70B-Instruct,Llama,17-2072.00||ID||33||Y||III,1,1,25.626006595597822,24.599279085819465,1.0267275097783575,26731.0,25660.0,1071.0
Llama-3.3-70B-Instruct,Llama,17-2072.00||TX||33||Y||IV,1,1,1.2216231643080053,-18.697224824573922,19.91884798888193,1969.0,-30136.0,32105.0
Llama-3.3-70B-Instruct,Llama,17-2074.00||TN||54||Y||II,1,1,51.65986074796557,51.621669261729195,0.038191486236371475,35169.0,35143.0,26.0
Llama-3.3-70B-Instruct,Llama,17-2112.00||AR||45||Y||III,3,3,14.993816547522094,14.039375581180403,0.9544409663416911,16569.666666666668,15328.666666666666,1241.0000000000018
Llama-3.3-70B-Instruct,Llama,17-2112.00||AR||45||Y||IV,1,1,49.356615455535334,4.151996121412505,45.204619334122825,62100.0,5224.0,56876.0
Llama-3.3-70B-Instruct,Llama,17-2112.00||CA||33||Y||III,2,2,-2.4241589476946386,2.176541308453985,-4.600700256148624,-3520.0,3275.5,-6795.5
Llama-3.3-70B-Instruct,Llama,17-2112.00||CA||33||Y||IV,2,2,6.379360650954228,-3.2558572820024425,9.635217932956671,8518.5,-5505.5,14024.0
Llama-3.3-70B-Instruct,Llama,17-2112.00||CA||54||Y||III,1,1,12.255087634723322,12.357012499569574,-0.10192486484625185,17795.0,17943.0,-148.0
Llama-3.3-70B-Instruct,Llama,17-2112.00||IN||33||Y||III,1,1,31.802180560025747,13.559452561168808,18.24272799885694,31619.0,12325.0,19294.0
Llama-3.3-70B-Instruct,Llama,17-2112.00||OH||32||Y||IV,1,1,8.866827282545485,12.402216427640157,-3.5353891450946726,10673.0,14459.0,-3786.0
Llama-3.3-70B-Instruct,Llama,17-2112.00||TX||33||Y||IV,1,1,-10.45856138408872,-1.390613359821207,-9.067948024267512,-15306.0,-1848.0,-13458.0
Llama-3.3-70B-Instruct,Llama,17-2112.02||CA||33||Y||IV,1,1,-19.62031527939643,-7.811631620786931,-11.808683658609498,-31987.0,-11104.0,-20883.0
Llama-3.3-70B-Instruct,Llama,17-2112.02||IN||33||Y||IV,1,1,2.8766440813072935,12.81486648066959,-9.938222399362296,2887.0,12861.0,-9974.0
Llama-3.3-70B-Instruct,Llama,17-2141.00||CA||33||Y||III,1,1,36.672992930607236,-16.170352740852536,52.84334567145977,44250.0,-25071.0,69321.0
Llama-3.3-70B-Instruct,Llama,17-2141.00||CA||54||Y||IV,4,4,-5.088179376960905,-18.690922757003353,13.602743380042448,-11035.0,-33206.25,22171.25
Llama-3.3-70B-Instruct,Llama,17-2141.00||NY||33||Y||IV,1,1,6.886834319526627,24.730394723065647,-17.84356040353902,9311.0,25982.0,-16671.0
Llama-3.3-70B-Instruct,Llama,17-2141.00||TN||33||Y||IV,1,1,11.448180844006735,12.300382868138627,-0.8522020241318913,13461.0,12401.0,1060.0
Llama-3.3-70B-Instruct,Llama,17-2141.02||CA||33||Y||IV,1,1,-6.940630405864453,-25.185405093715925,18.24477468785147,-12157.0,-44114.0,31957.0
Llama-3.3-70B-Instruct,Llama,17-2141.02||MI||33||Y||II,1,1,27.07972918135025,10.229384250656757,16.850344930693492,25358.0,9579.0,15779.0
Llama-3.3-70B-Instruct,Llama,17-2141.02||MI||33||Y||III,1,1,19.666337935568706,-5.7445759368836296,25.410913872452333,21537.0,-6291.0,27828.0
Llama-3.3-70B-Instruct,Llama,17-2199.05||CA||33||Y||II,1,1,23.630706949546443,1.2281880749889926,22.40251887455745,31521.0,1590.0,29931.0
Llama-3.3-70B-Instruct,Llama,17-2199.05||CA||51||Y||IV,1,1,-12.170194181996358,-13.187972007115391,1.0177778251190333,-22851.0,-24762.0,1911.0
Llama-3.3-70B-Instruct,Llama,17-2199.05||CA||54||Y||III,1,1,3.965427024164518,-20.816973451964987,24.782400476129506,6290.0,-34674.0,40964.0
Llama-3.3-70B-Instruct,Llama,17-2199.08||CA||33||Y||IV,1,1,5.202692672600184,-18.403307919885062,23.606000592485245,8061.0,-36763.0,44824.0
Llama-3.3-70B-Instruct,Llama,17-2199.08||CA||54||Y||III,1,1,-21.323079139800438,-17.382313817212097,-3.940765322588341,-35517.0,-27572.0,-7945.0
Llama-3.3-70B-Instruct,Llama,19-1013.00||NC||32||Y||III,1,1,59.64815832875206,35.10955784182832,24.53860048692374,45570.0,26823.0,18747.0
Llama-3.3-70B-Instruct,Llama,19-1029.00||TX||61||Y||II,1,1,82.40013577523028,41.00783577133967,41.39230000389061,53406.0,21614.0,31792.0
Llama-3.3-70B-Instruct,Llama,19-1029.01||CA||62||Y||II,1,1,53.59344600454748,16.437285093603673,37.15616091094381,45727.0,18500.0,27227.0
Llama-3.3-70B-Instruct,Llama,19-1029.01||MA||32||Y||III,1,1,16.287985616583235,15.493019812451527,0.7949658041317083,18481.0,17579.0,902.0
Llama-3.3-70B-Instruct,Llama,19-1029.01||MA||62||Y||III,1,1,16.13966411320712,47.40660749839706,-31.266943385189936,14348.0,42144.0,-27796.0
Llama-3.3-70B-Instruct,Llama,19-1029.01||NC||54||Y||III,2,2,12.182509008959968,9.223355629879041,2.9591533790809272,11190.0,10264.0,926.0
Llama-3.3-70B-Instruct,Llama,19-1029.01||NJ||32||Y||IV,1,1,9.339173967459324,-5.360882815998151,14.700056783457475,11193.0,-7423.0,18616.0
Llama-3.3-70B-Instruct,Llama,19-1029.01||TX||61||Y||I,1,1,79.1533601777284,57.21511738881466,21.93824278891374,45605.0,23980.0,21625.0
Llama-3.3-70B-Instruct,Llama,19-1042.00||MA||62||Y||I,1,1,88.65582990201001,83.51819174859256,5.1376381534174556,61794.0,59637.0,2157.0
Llama-3.3-70B-Instruct,Llama,19-1042.00||NY||54||Y||I,1,1,40.453847206801626,99.3079742657683,-58.85412705896667,26598.0,65294.0,-38696.0
Llama-3.3-70B-Instruct,Llama,19-3011.00||CA||51||Y||III,1,1,-3.551512965893989,0.8348851167300204,-4.38639808262401,-5318.0,1085.0,-6403.0
Llama-3.3-70B-Instruct,Llama,25-1021.00||NV||61||Y||II,1,1,5.0167870587038355,-4.546749414996439,9.563536473700275,4931.0,-4469.0,9400.0
Llama-3.3-70B-Instruct,Llama,25-1021.00||NY||61||Y||I,2,2,121.3287356321839,63.879693486590035,57.44904214559387,79167.0,41681.5,37485.5
Llama-3.3-70B-Instruct,Llama,25-1021.00||VA||61||Y||I,1,1,80.36169840992487,69.53559812070834,10.826100289216527,45991.0,38481.0,7510.0
Llama-3.3-70B-Instruct,Llama,25-1022.00||FL||61||Y||II,1,1,41.11446812582881,13.470135480607544,27.64433264522126,30074.0,9853.0,20221.0
Llama-3.3-70B-Instruct,Llama,25-1071.00||NY||61||Y||II,1,1,22.237956482666593,8.021749589245028,14.216206893421566,24498.0,8837.0,15661.0
Llama-3.3-70B-Instruct,Llama,25-9031.00||DC||61||Y||I,1,1,55.664304026542,26.407781631729755,29.256522394812244,36911.0,17511.0,19400.0
Llama-3.3-70B-Instruct,Llama,27-1024.00||CA||51||Y||IV,1,1,28.665834438636185,2.903955683857377,25.76187875477881,36741.0,3722.0,33019.0
Llama-3.3-70B-Instruct,Llama,41-9031.00||CA||54||Y||I,1,1,90.74353143180718,20.5103615822305,70.23316984957668,99356.0,22457.0,76899.0
Llama-3.3-70B-Instruct,Llama,41-9031.00||TX||51||Y||IV,1,1,-15.26551986530776,-13.414100743563473,-1.8514191217442875,-25478.0,-22388.0,-3090.0
Llama-3.3-70B-Instruct,Llama,41-9031.00||TX||54||Y||IV,1,1,-11.027599551889194,-23.809994476583622,12.782394924694428,-16242.0,-40952.0,24710.0
Olmo-3-7B-Instruct,Olmo,11-3021.00||CA||33||Y||II,4,5,-9.810720377270941,-18.285802368564237,8.475081991293296,-25629.75,-37908.0,12278.25
Olmo-3-7B-Instruct,Olmo,11-3021.00||CA||45||Y||II,6,5,-28.725976940124962,-52.54240014800335,23.81642320787839,-68656.33333333333,-130643.0,61986.66666666667
Olmo-3-7B-Instruct,Olmo,11-3021.00||CA||51||Y||II,1,1,24.81028836169023,24.435684172278716,0.37460418941151374,49696.0,49093.0,603.0
Olmo-3-7B-Instruct,Olmo,11-3021.00||CA||51||Y||III,2,2,-17.553520309912578,-49.51237367575163,31.958853365839055,-34326.0,-117682.0,83356.0
Olmo-3-7B-Instruct,Olmo,11-3021.00||CA||51||Y||IV,1,1,-23.485003060599876,-8.91071792928557,-14.574285131314307,-64456.0,-24456.0,-40000.0
Olmo-3-7B-Instruct,Olmo,11-3021.00||CA||52||Y||II,1,1,-40.27087159730622,-44.59578004524678,4.324908447940558,-80907.0,-96590.0,15683.0
Olmo-3-7B-Instruct,Olmo,11-3021.00||CA||54||Y||II,1,1,-2.911443100037622,-15.541559585429713,12.63011648539209,-4798.0,-38643.0,33845.0
Olmo-3-7B-Instruct,Olmo,11-3021.00||CA||54||Y||IV,2,2,-8.91071792928557,-29.450037275052562,20.53931934576699,-24456.0,-68178.5,43722.5
Olmo-3-7B-Instruct,Olmo,11-3021.00||CT||54||Y||IV,1,1,7.9802550390785685,-35.98292878100827,43.96318382008684,15520.0,-67450.0,82970.0
Olmo-3-7B-Instruct,Olmo,11-3021.00||IL||52||Y||IV,1,1,-40.82227449587975,-40.82227449587975,0.0,-82779.0,-82779.0,0.0
Olmo-3-7B-Instruct,Olmo,11-3021.00||IL||54||Y||II,1,1,-16.59368614204095,-16.59368614204095,0.0,-23874.0,-23874.0,0.0
Olmo-3-7B-Instruct,Olmo,11-3021.00||NJ||54||Y||III,2,2,-26.221371656486706,-45.829081954561104,19.607710298074398,-58642.0,-101541.0,42899.0
Olmo-3-7B-Instruct,Olmo,11-3021.00||NY||51||Y||II,2,3,-3.2549339983660834,-22.245632139427556,18.990698141061472,-6056.0,-41389.333333333336,35333.333333333336
Olmo-3-7B-Instruct,Olmo,11-3021.00||NY||51||Y||IV,1,2,-4.305487506124448,-21.53049975502205,17.2250122488976,-11248.0,-56248.0,45000.0
Olmo-3-7B-Instruct,Olmo,11-3021.00||NY||52||Y||II,1,1,-35.50328933224406,-35.50328933224406,0.0,-66056.0,-66056.0,0.0
Olmo-3-7B-Instruct,Olmo,11-3021.00||NY||54||Y||II,1,1,-35.50328933224406,-35.50328933224406,0.0,-66056.0,-66056.0,0.0
Olmo-3-7B-Instruct,Olmo,11-3021.00||NY||54||Y||III,1,1,-19.514223625258225,-28.287995410431705,8.77377178517348,-43642.0,-47336.0,3694.0
Olmo-3-7B-Instruct,Olmo,11-3021.00||NY||54||Y||IV,1,1,-19.616609505144538,-54.066634002939736,34.4500244977952,-51248.0,-141248.0,90000.0
Olmo-3-7B-Instruct,Olmo,11-3021.00||PA||51||Y||IV,1,1,-1.788386710565699,-43.87907812032326,42.09069140975756,-3824.0,-93824.0,90000.0
Olmo-3-7B-Instruct,Olmo,11-3021.00||TX||44||Y||IV,1,1,-42.691767672426145,-14.037651508639216,-28.65411616378693,-89394.0,-29394.0,-60000.0
Olmo-3-7B-Instruct,Olmo,11-3021.00||TX||54||Y||II,2,2,7.072082367843522,-12.9560768354886,20.028159203332123,11080.0,-19258.5,30338.5
Olmo-3-7B-Instruct,Olmo,11-3021.00||TX||54||Y||III,2,2,25.527259167304056,0.11097858687758233,25.416280580426474,47033.0,1294.5,45738.5
Olmo-3-7B-Instruct,Olmo,11-3021.00||TX||54||Y||IV,1,1,-43.533131934837236,-41.80125127309763,-1.7318806617396092,-92514.0,-86190.0,-6324.0
Olmo-3-7B-Instruct,Olmo,11-3021.00||WA||51||Y||III,1,3,-50.478705843512714,-26.049397391430034,-24.42930845208268,-122320.0,-60985.666666666664,-61334.333333333336
Olmo-3-7B-Instruct,Olmo,11-3021||CA||51||Y||II,1,1,-27.183582325028215,-27.183582325028215,0.0,-44798.0,-44798.0,0.0
Olmo-3-7B-Instruct,Olmo,11-9041.00||CA||33||Y||III,1,1,-44.43569821175556,-45.4808137897195,1.0451155779639407,-95966.0,-100106.0,4140.0
Olmo-3-7B-Instruct,Olmo,11-9041.00||CA||33||Y||IV,1,1,-35.79583074175879,-27.770309584478643,-8.02552115728015,-89205.0,-69205.0,-20000.0
Olmo-3-7B-Instruct,Olmo,11-9041.00||CA||51||Y||IV,1,2,-15.732027848558415,-48.83730262233904,33.10527477378062,-39205.0,-121705.0,82500.0
Olmo-3-7B-Instruct,Olmo,11-9041.00||CA||54||Y||I,1,1,18.659933814125807,20.409391932570742,-1.7494581184449345,28306.0,30510.0,-2204.0
Olmo-3-7B-Instruct,Olmo,11-9041.00||CA||54||Y||II,1,1,-15.695604930870395,-28.85600455321571,13.160399622345313,-33512.0,-52728.0,19216.0
Olmo-3-7B-Instruct,Olmo,11-9041.00||TX||54||Y||IV,1,1,-1.9598689063389947,-25.302757261972566,23.342888355633573,-4198.0,-54198.0,50000.0
Olmo-3-7B-Instruct,Olmo,13-1111.00||CA||54||Y||II,1,1,-31.5406101100827,-12.438415018563056,-19.102195091519643,-34554.0,-10654.0,-23900.0
Olmo-3-7B-Instruct,Olmo,13-1111.00||NY||52||Y||IV,1,1,-24.850640648288472,-23.393660825433304,-1.4569798228551676,-39682.0,-36645.0,-3037.0
Olmo-3-7B-Instruct,Olmo,13-1111.00||NY||54||Y||II,1,1,17.859668421466175,17.859668421466175,0.0,18184.0,18184.0,0.0
Olmo-3-7B-Instruct,Olmo,13-1161.00||IL||51||Y||III,1,1,-9.425759314051083,-7.946093232196774,-1.479666081854309,-7805.0,-6474.0,-1331.0
Olmo-3-7B-Instruct,Olmo,13-1161.00||IL||54||Y||II,1,1,13.13923668728315,-15.439254635466314,28.578491322749464,8710.0,-10042.0,18752.0
Olmo-3-7B-Instruct,Olmo,13-2051.00||NY||52||Y||IV,1,1,-58.12114714553739,-32.993835432859825,-25.127311712677567,-104088.0,-59088.0,-45000.0
Olmo-3-7B-Instruct,Olmo,13-2099.01||CA||52||Y||II,2,2,-4.203548300570946,9.211744678786312,-13.415292979357258,-3291.0,6604.0,-9895.0
Olmo-3-7B-Instruct,Olmo,13-2099.01||CA||52||Y||IV,1,1,3.465222752002483,-21.966125084194445,25.431347836196927,4019.0,-26742.0,30761.0
Olmo-3-7B-Instruct,Olmo,13-2099.01||IL||52||Y||IV,1,1,-3.5726339135046525,-3.5726339135046525,0.0,-4446.0,-4446.0,0.0
Olmo-3-7B-Instruct,Olmo,13-2099.01||NJ||52||Y||IV,1,1,-26.90681837562586,-36.796332501853975,9.889514126228114,-44174.0,-43664.0,-510.0
Olmo-3-7B-Instruct,Olmo,15-1221.00||CA||45||Y||II,1,1,-27.00863122935713,-27.00863122935713,0.0,-44403.0,-44403.0,0.0
Olmo-3-7B-Instruct,Olmo,15-1221.00||CA||51||Y||I,2,2,-4.184657283260991,-6.038586820345778,1.8539295370847872,-11206.0,-7712.0,-3494.0
Olmo-3-7B-Instruct,Olmo,15-1221.00||CA||51||Y||II,1,1,-27.00863122935713,-27.00863122935713,0.0,-44403.0,-44403.0,0.0
Olmo-3-7B-Instruct,Olmo,15-1221.00||CA||51||Y||III,1,1,-40.32641451261599,-30.078486898456482,-10.247927614159508,-81094.0,-51621.0,-29473.0
Olmo-3-7B-Instruct,Olmo,15-1221.00||CA||51||Y||IV,1,1,-49.53445535060937,-42.60625017935547,-6.9282051712539,-117786.0,-89082.0,-28704.0
Olmo-3-7B-Instruct,Olmo,15-1221.00||CA||54||Y||III,1,1,-21.023534986574003,-30.078486898456482,9.05495191188248,-31944.0,-51621.0,19677.0
Olmo-3-7B-Instruct,Olmo,15-1221.00||MA||33||Y||II,1,1,-16.302816410227795,-16.302816410227795,0.0,-23374.0,-23374.0,0.0
Olmo-3-7B-Instruct,Olmo,15-1221.00||NM||54||Y||II,1,1,-53.14754774264885,-25.14316369942485,-28.004384043223997,-85077.0,-40306.0,-44771.0
Olmo-3-7B-Instruct,Olmo,15-1221.00||NY||54||Y||II,1,2,-18.84598997747976,102.88502505630059,-121.73101503378035,-27867.0,152133.0,-180000.0
Olmo-3-7B-Instruct,Olmo,15-1221.00||NY||54||Y||III,3,1,-35.387647195016235,-59.617279496885146,24.22963230186891,-65723.0,-110723.0,45000.0
Olmo-3-7B-Instruct,Olmo,15-1221.00||TN||54||Y||II,2,4,50.12385217804689,36.049741036354995,14.074111141691894,40066.0,28816.0,11250.0
Olmo-3-7B-Instruct,Olmo,15-1243.00||PA||54||Y||II,1,2,17.04690654779903,-17.240325606267668,34.2872321540667,17477.0,-20311.0,37788.0
Olmo-3-7B-Instruct,Olmo,15-1251.00||CA||54||Y||II,1,2,-42.6837749230052,-30.039271289049747,-12.644503633955456,-55853.0,-32203.0,-23650.0
Olmo-3-7B-Instruct,Olmo,15-1251.00||CA||54||Y||III,1,1,-42.427266446610886,-28.257812724194334,-14.169453722416552,-55270.0,-29541.0,-25729.0
Olmo-3-7B-Instruct,Olmo,15-1251.00||NC||54||Y||III,1,1,38.616148781333024,29.268555423893137,9.347593357439887,33430.0,27170.0,6260.0
Olmo-3-7B-Instruct,Olmo,15-1252.00||AZ||51||Y||III,2,1,-44.243721843079534,-10.78995494892725,-33.45376689415228,-59514.0,-14514.0,-45000.0
Olmo-3-7B-Instruct,Olmo,15-1252.00||AZ||54||Y||II,1,1,-32.47623163353501,-32.47623163353501,0.0,-36072.0,-36072.0,0.0
Olmo-3-7B-Instruct,Olmo,15-1252.00||AZ||54||Y||IV,1,1,-52.511808730229085,-24.018893968366534,-28.49291476186255,-82934.0,-37934.0,-45000.0
Olmo-3-7B-Instruct,Olmo,15-1252.00||CA||33||Y||I,1,1,32.64651913426039,-19.65989354935895,52.30641268361934,44301.0,-29365.0,73666.0
Olmo-3-7B-Instruct,Olmo,15-1252.00||CA||33||Y||II,19,17,-36.60937514514893,-45.77471550124863,9.165340356099698,-66773.31578947368,-74742.94117647059,7969.625386996908
Olmo-3-7B-Instruct,Olmo,15-1252.00||CA||33||Y||III,14,13,-39.55709858989082,-49.45572005297981,9.898621463088986,-80357.14285714286,-90672.15384615384,10315.010989010989
Olmo-3-7B-Instruct,Olmo,15-1252.00||CA||33||Y||IV,15,15,-46.29523688588269,-55.572980070500435,9.277743184617748,-104634.8,-133373.2,28738.40000000001
Olmo-3-7B-Instruct,Olmo,15-1252.00||CA||42||Y||III,2,2,-52.46265554661313,-44.36201393085516,-8.100641615757965,-118638.0,-69852.0,-48786.0
Olmo-3-7B-Instruct,Olmo,15-1252.00||CA||44||Y||II,1,1,-42.15953172356883,-25.75957237513688,-16.399959348431953,-54667.0,-41637.0,-13030.0
Olmo-3-7B-Instruct,Olmo,15-1252.00||CA||44||Y||IV,1,1,-56.801714107984196,-64.873168721196,8.071454613211799,-98618.0,-138512.0,39894.0
Olmo-3-7B-Instruct,Olmo,15-1252.00||CA||45||Y||I,1,1,-19.65989354935895,-49.78743346834935,30.127539918990397,-29365.0,-74365.0,45000.0
Olmo-3-7B-Instruct,Olmo,15-1252.00||CA||45||Y||II,1,1,-25.75957237513688,-36.08215573582755,10.322583360690668,-41637.0,-67741.0,26104.0
Olmo-3-7B-Instruct,Olmo,15-1252.00||CA||45||Y||III,1,1,-57.990253738867416,-44.01857090607809,-13.971682832789327,-131138.0,-58973.0,-72165.0
Olmo-3-7B-Instruct,Olmo,15-1252.00||CA||45||Y||IV,3,2,-60.00535348891244,-53.94107336811946,-6.064280120792979,-139926.0,-131513.0,-8413.0
Olmo-3-7B-Instruct,Olmo,15-1252.00||CA||51||Y||I,3,3,-16.497625635966177,-27.641611606779875,11.143985970813699,-23587.666666666668,-34533.333333333336,10945.666666666668
Olmo-3-7B-Instruct,Olmo,15-1252.00||CA||51||Y||II,20,19,-31.864174942166375,-39.96483196091067,8.100657018744297,-55798.4,-67411.47368421052,11613.073684210518
Olmo-3-7B-Instruct,Olmo,15-1252.00||CA||51||Y||III,18,18,-46.77287792250104,-49.038402281659586,2.2655243591585474,-101065.16666666667,-99956.38888888889,-1108.777777777781
Olmo-3-7B-Instruct,Olmo,15-1252.00||CA||51||Y||IV,18,21,-43.94103144538571,-48.37827444928035,4.437243003894636,-105472.83333333333,-108074.61904761905,2601.7857142857247
Olmo-3-7B-Instruct,Olmo,15-1252.00||CA||52||Y||II,4,4,-29.626261313931835,-19.83350254996065,-9.792758763971186,-47887.0,-34413.0,-13474.0
Olmo-3-7B-Instruct,Olmo,15-1252.00||CA||53||Y||II,1,1,-39.8035186849878,-31.94627467720881,-7.857244007778991,-49592.0,-51637.0,2045.0
Olmo-3-7B-Instruct,Olmo,15-1252.00||CA||53||Y||III,1,1,-36.02524870184567,-23.6267128300758,-12.39853587176987,-67574.0,-37123.0,-30451.0
Olmo-3-7B-Instruct,Olmo,15-1252.00||CA||54||Y||I,3,3,-16.962924780848102,-29.237188943577802,12.2742641627297,-24809.666666666668,-40104.666666666664,15294.999999999996
Olmo-3-7B-Instruct,Olmo,15-1252.00||CA||54||Y||II,20,20,-30.06217799599309,-35.87800683659766,5.815828840604574,-53227.1,-61256.6,8029.5
Olmo-3-7B-Instruct,Olmo,15-1252.00||CA||54||Y||III,15,15,-31.3887822168841,-34.82535641935499,3.43657420247089,-64855.4,-66546.8,1691.4000000000015
Olmo-3-7B-Instruct,Olmo,15-1252.00||CA||54||Y||IV,14,17,-38.655062945185705,-39.15782893750175,0.5027659923160428,-92716.21428571429,-82947.41176470589,-9768.802521008402
Olmo-3-7B-Instruct,Olmo,15-1252.00||CA||56||Y||II,1,1,-25.75957237513688,-25.75957237513688,0.0,-41637.0,-41637.0,0.0
Olmo-3-7B-Instruct,Olmo,15-1252.00||CO||51||Y||III,1,1,-47.29963320544711,-47.29963320544711,0.0,-67314.0,-67314.0,0.0
Olmo-3-7B-Instruct,Olmo,15-1252.00||CO||54||Y||II,1,1,-35.553722416993196,-37.777925267140105,2.2242028501469093,-41376.0,-45536.0,4160.0
Olmo-3-7B-Instruct,Olmo,15-1252.00||DC||54||Y||II,1,1,-2.1996919290295764,-40.51867713537949,38.318985206349915,-2699.0,-51090.0,48391.0
Olmo-3-7B-Instruct,Olmo,15-1252.00||DC||54||Y||III,1,1,-20.402234043964498,-49.39988260772765,28.99764856376315,-30758.0,-73221.0,42463.0
Olmo-3-7B-Instruct,Olmo,15-1252.00||FL||54||Y||II,4,3,-5.392946637589477,-11.305982310717004,5.913035673127528,-5033.5,-11552.666666666666,6519.166666666666
Olmo-3-7B-Instruct,Olmo,15-1252.00||FL||62||Y||IV,1,1,-3.3828871769767863,-6.392751054641671,3.009863877664885,-2626.0,-5122.0,2496.0
Olmo-3-7B-Instruct,Olmo,15-1252.00||GA||52||Y||III,1,1,-42.61975257637311,-42.61975257637311,0.0,-55707.0,-55707.0,0.0
Olmo-3-7B-Instruct,Olmo,15-1252.00||GA||54||Y||I,2,2,44.628846223379256,8.970245793325411,35.658600430053845,37029.0,7085.0,29944.0
Olmo-3-7B-Instruct,Olmo,15-1252.00||GA||54||Y||II,3,3,-18.931646567930375,-30.48906874147764,11.557422173547266,-19912.333333333332,-32931.0,13018.666666666668
Olmo-3-7B-Instruct,Olmo,15-1252.00||GA||54||Y||III,1,1,-8.191604122196974,-42.61975257637311,34.42814845417614,-10707.0,-55707.0,45000.0
Olmo-3-7B-Instruct,Olmo,15-1252.00||IL||52||Y||III,1,1,-27.31835326340594,-42.61975257637311,15.30139931296717,-35707.0,-55707.0,20000.0
Olmo-3-7B-Instruct,Olmo,15-1252.00||IL||54||Y||II,1,1,-30.60503159784228,-29.048492989991107,-1.5565386078511736,-33077.0,-30706.0,-2371.0
Olmo-3-7B-Instruct,Olmo,15-1252.00||IL||54||Y||III,2,1,-8.191604122196974,-41.29342329790065,33.10181917570368,-10707.0,-52754.0,42047.0
Olmo-3-7B-Instruct,Olmo,15-1252.00||IN||33||Y||IV,1,1,-7.559335351621178,-33.472892421231904,25.913557069610725,-9813.0,-37736.0,27923.0
Olmo-3-7B-Instruct,Olmo,15-1252.00||MA||33||Y||II,1,1,-8.454250011443218,-42.78390625715201,34.32965624570879,-11082.0,-56082.0,45000.0
Olmo-3-7B-Instruct,Olmo,15-1252.00||MA||33||Y||III,1,1,-22.383348641061797,-12.851498954217988,-9.53184968684381,-34606.0,-17696.0,-16910.0
Olmo-3-7B-Instruct,Olmo,15-1252.00||MA||33||Y||IV,1,1,-46.66846309738339,-38.24769411275971,-8.420768984623678,-83131.0,-68131.0,-15000.0
Olmo-3-7B-Instruct,Olmo,15-1252.00||MA||51||Y||IV,1,1,-32.633848123010594,-32.633848123010594,0.0,-58131.0,-58131.0,0.0
Olmo-3-7B-Instruct,Olmo,15-1252.00||MA||54||Y||II,3,3,-19.897468760012817,-40.37772071223899,20.480251952226173,-26082.0,-51187.0,25105.0
Olmo-3-7B-Instruct,Olmo,15-1252.00||MA||54||Y||III,3,3,-20.017424805059367,-41.78751148079635,21.77008667573698,-30099.333333333332,-64606.0,34506.66666666667
Olmo-3-7B-Instruct,Olmo,15-1252.00||MA||54||Y||IV,2,3,-38.81958696151919,-31.933579787281918,-6.886007174237275,-67937.5,-56335.333333333336,-11602.166666666664
Olmo-3-7B-Instruct,Olmo,15-1252.00||MI||33||Y||II,1,1,-26.607300127214014,-22.70591145189216,-3.9013886753218543,-27190.0,-22032.0,-5158.0
Olmo-3-7B-Instruct,Olmo,15-1252.00||MI||33||Y||III,4,3,-36.14407199803727,-26.456210346397768,-9.687861651639501,-42520.0,-31902.0,-10618.0
Olmo-3-7B-Instruct,Olmo,15-1252.00||MI||51||Y||IV,2,2,-13.348641739959273,-13.901196649698047,0.5525549097387739,-18486.0,-19380.5,894.5
Olmo-3-7B-Instruct,Olmo,15-1252.00||MI||52||Y||II,1,1,-26.607300127214014,-26.607300127214014,0.0,-27190.0,-27190.0,0.0
Olmo-3-7B-Instruct,Olmo,15-1252.00||MI||52||Y||III,1,1,-37.68124371619207,-37.68124371619207,0.0,-45349.0,-45349.0,0.0
Olmo-3-7B-Instruct,Olmo,15-1252.00||MI||54||Y||II,2,2,-4.875488240263577,-26.607300127214014,21.73181188695044,-3991.0,-27190.0,23199.0
Olmo-3-7B-Instruct,Olmo,15-1252.00||MI||54||Y||III,1,1,-37.68124371619207,-37.68124371619207,0.0,-45349.0,-45349.0,0.0
Olmo-3-7B-Instruct,Olmo,15-1252.00||MN||45||Y||III,1,1,-2.2331576245916196,-40.380610184581634,38.147452559990015,-2741.0,-50798.0,48057.0
Olmo-3-7B-Instruct,Olmo,15-1252.00||MO||54||Y||II,1,1,-2.7565282784015768,-22.986876963834636,20.230348685433057,-2126.0,-22386.0,20260.0
Olmo-3-7B-Instruct,Olmo,15-1252.00||NC||42||Y||III,1,1,-28.858135633836568,-43.835370237239395,14.977234603402827,-38536.0,-58536.0,20000.0
Olmo-3-7B-Instruct,Olmo,15-1252.00||NC||52||Y||II,1,1,-18.600964792775194,-35.73760378376989,17.136638990994697,-21709.0,-41709.0,20000.0
Olmo-3-7B-Instruct,Olmo,15-1252.00||NC||52||Y||IV,1,1,-25.80730921658701,-51.50935222959998,25.702043013012972,-41741.0,-79669.0,37928.0
Olmo-3-7B-Instruct,Olmo,15-1252.00||NC||54||Y||I,2,2,11.6535687718598,-18.00380368235952,29.65737245421932,11086.5,-16468.0,27554.5
Olmo-3-7B-Instruct,Olmo,15-1252.00||NC||54||Y||II,6,5,-14.037867538257208,-34.53191738438142,20.494049846124213,-15825.333333333334,-39587.2,23761.86666666666
Olmo-3-7B-Instruct,Olmo,15-1252.00||NC||56||Y||II,1,1,-33.28826585070804,-33.28826585070804,0.0,-37424.0,-37424.0,0.0
Olmo-3-7B-Instruct,Olmo,15-1252.00||NJ||32||Y||IV,2,2,-29.138690309287973,-29.138690309287973,0.0,-51298.5,-51298.5,0.0
Olmo-3-7B-Instruct,Olmo,15-1252.00||NJ||33||Y||III,2,1,-33.80535753219851,-53.35965921457666,19.554301682378153,-50194.5,-85805.0,35610.5
Olmo-3-7B-Instruct,Olmo,15-1252.00||NJ||51||Y||II,1,1,-9.088842928248368,-43.18052683015523,34.09168390190686,-11997.0,-56997.0,45000.0
Olmo-3-7B-Instruct,Olmo,15-1252.00||NJ||52||Y||II,2,2,-35.02293896329043,-29.36333848251684,-5.659600480773587,-40939.0,-35109.5,-5829.5
Olmo-3-7B-Instruct,Olmo,15-1252.00||NV||54||Y||II,2,2,-32.31169112470894,-32.31169112470894,0.0,-35802.0,-35802.0,0.0
Olmo-3-7B-Instruct,Olmo,15-1252.00||NY||33||Y||IV,2,2,-36.70619013460484,-48.573779484366426,11.867589349761587,-69592.0,-92092.0,22500.0
Olmo-3-7B-Instruct,Olmo,15-1252.00||NY||45||Y||II,1,1,-39.34786827974381,-39.34786827974381,0.0,-48656.0,-48656.0,0.0
Olmo-3-7B-Instruct,Olmo,15-1252.00||NY||51||Y||II,3,3,-20.452737562217322,-38.376405926153446,17.923668363936123,-26997.0,-48094.666666666664,21097.666666666664
Olmo-3-7B-Instruct,Olmo,15-1252.00||NY||51||Y||III,8,8,-33.76273527650157,-32.59672675686598,-1.1660085196355894,-54056.75,-52181.75,-1875.0
Olmo-3-7B-Instruct,Olmo,15-1252.00||NY||51||Y||IV,6,5,-42.29650096018412,-47.25515844550403,4.958657485319911,-79657.0,-89592.0,9935.0
Olmo-3-7B-Instruct,Olmo,15-1252.00||NY||52||Y||II,1,1,-43.18052683015523,-9.088842928248368,-34.09168390190686,-56997.0,-11997.0,-45000.0
Olmo-3-7B-Instruct,Olmo,15-1252.00||NY||52||Y||III,2,1,-39.36755697894966,-40.92223500513044,1.554678026180781,-63305.0,-65805.0,2500.0
Olmo-3-7B-Instruct,Olmo,15-1252.00||NY||52||Y||IV,1,2,-36.70619013460484,-55.16688467867843,18.46069454407359,-69592.0,-104592.0,35000.0
Olmo-3-7B-Instruct,Olmo,15-1252.00||NY||54||Y||II,4,4,-7.555779508083798,-18.01657185543227,10.460792347348473,-9911.75,-21605.75,11694.0
Olmo-3-7B-Instruct,Olmo,15-1252.00||NY||54||Y||III,5,5,-24.49206575554576,-36.70001351373976,12.207947758194003,-39007.8,-59604.0,20596.199999999997
Olmo-3-7B-Instruct,Olmo,15-1252.00||NY||54||Y||IV,5,4,-41.44558296873144,-41.399337897732075,-0.04624507099936892,-77670.0,-75558.75,-2111.25
Olmo-3-7B-Instruct,Olmo,15-1252.00||NY||62||Y||II,1,1,9.22396373764404,-31.735022663972476,40.958986401616514,10134.0,-34866.0,45000.0
Olmo-3-7B-Instruct,Olmo,15-1252.00||OH||54||Y||II,4,4,-2.1352682783207984,-26.15028518564049,24.015016907319694,-1637.75,-26561.0,24923.25
Olmo-3-7B-Instruct,Olmo,15-1252.00||OR||33||Y||III,1,1,-37.859759288330714,-50.941915227629515,13.0821559392988,-57880.0,-77880.0,20000.0
Olmo-3-7B-Instruct,Olmo,15-1252.00||PA||33||Y||III,1,1,0.4394224733207784,-37.22536095417451,37.66478342749529,525.0,-44475.0,45000.0
Olmo-3-7B-Instruct,Olmo,15-1252.00||PA||54||Y||IV,1,1,-14.744874035551387,-48.65756650556552,33.912692470014136,-20754.0,-71078.0,50324.0
Olmo-3-7B-Instruct,Olmo,15-1252.00||TN||54||Y||II,1,1,16.128283043335205,16.128283043335205,0.0,16666.0,16666.0,0.0
Olmo-3-7B-Instruct,Olmo,15-1252.00||TN||54||Y||III,1,1,-35.58803826929353,-38.58348960423201,2.9954513349384797,-41438.0,-47117.0,5679.0
Olmo-3-7B-Instruct,Olmo,15-1252.00||TN||55||Y||III,1,1,-1.7335833667712113,-38.58348960423201,36.84990623746079,-2117.0,-47117.0,45000.0
Olmo-3-7B-Instruct,Olmo,15-1252.00||TX||22||Y||III,1,1,-41.331539382181994,-41.331539382181994,0.0,-52837.0,-52837.0,0.0
Olmo-3-7B-Instruct,Olmo,15-1252.00||TX||33||Y||III,1,1,-41.331539382181994,-44.43250772388143,3.100968341699435,-52837.0,-59971.0,7134.0
Olmo-3-7B-Instruct,Olmo,15-1252.00||TX||33||Y||IV,2,2,-34.27086517884439,-26.627942525221645,-7.642922653622744,-56050.0,-43550.0,-12500.0
Olmo-3-7B-Instruct,Olmo,15-1252.00||TX||44||Y||IV,1,2,-49.926893264165685,-54.14246407826353,4.215570814097845,-74781.0,-88550.0,13769.0
Olmo-3-7B-Instruct,Olmo,15-1252.00||TX||48||Y||II,1,1,-33.58306102388353,-33.58306102388353,0.0,-37923.0,-37923.0,0.0
Olmo-3-7B-Instruct,Olmo,15-1252.00||TX||51||Y||I,1,1,-6.0750648082052825,-10.814088995647728,4.739024187442445,-4851.0,-9094.0,4243.0
Olmo-3-7B-Instruct,Olmo,15-1252.00||TX||51||Y||II,1,1,6.26710236178635,-34.64280112240096,40.90990348418731,7077.0,-39754.0,46831.0
Olmo-3-7B-Instruct,Olmo,15-1252.00||TX||51||Y||III,1,2,-29.61450978358314,-43.72622686288486,14.111717079301716,-39971.0,-58515.0,18544.0
Olmo-3-7B-Instruct,Olmo,15-1252.00||TX||51||Y||IV,5,3,-23.565905298156665,-51.22949263126585,27.663587333109184,-36998.0,-79065.66666666667,42067.66666666667
Olmo-3-7B-Instruct,Olmo,15-1252.00||TX||52||Y||III,3,3,-17.971118889989253,-32.29162321133612,14.32050432134687,-24698.0,-42606.666666666664,17908.666666666664
Olmo-3-7B-Instruct,Olmo,15-1252.00||TX||52||Y||IV,3,4,-23.3885237218753,-34.55671412747776,11.168190405602463,-36831.666666666664,-55662.0,18830.333333333336
Olmo-3-7B-Instruct,Olmo,15-1252.00||TX||54||Y||I,5,5,24.352082181727987,3.6837195841474655,20.668362597580522,21572.6,2933.0,18639.6
Olmo-3-7B-Instruct,Olmo,15-1252.00||TX||54||Y||II,14,16,-9.012628501601883,-25.591802207853014,16.579173706251133,-10228.357142857143,-28818.8125,18590.455357142855
Olmo-3-7B-Instruct,Olmo,15-1252.00||TX||54||Y||III,3,4,-21.599647424522683,-41.05203037146572,19.452382946943036,-29069.666666666668,-53367.0,24297.333333333332
Olmo-3-7B-Instruct,Olmo,15-1252.00||TX||54||Y||IV,3,4,5.262920924895066,-41.19494620015342,46.45786712504848,8741.0,-65969.75,74710.75
Olmo-3-7B-Instruct,Olmo,15-1252.00||TX||55||Y||III,1,1,-11.092012358210281,-29.61450978358314,18.522497425372862,-14971.0,-39971.0,25000.0
Olmo-3-7B-Instruct,Olmo,15-1252.00||UT||54||Y||III,2,2,-16.386472771908988,-19.92843713491487,3.5419643630058815,-21054.5,-25688.0,4633.5
Olmo-3-7B-Instruct,Olmo,15-1252.00||VA||54||Y||I,2,1,18.31869139527317,13.21881079078193,5.09988060449124,18579.0,12843.0,5736.0
Olmo-3-7B-Instruct,Olmo,15-1252.00||VA||54||Y||II,1,1,-30.174749327350085,-40.51867713537949,10.343927808029406,-32411.0,-51090.0,18679.0
Olmo-3-7B-Instruct,Olmo,15-1252.00||VA||54||Y||III,1,1,-36.9851019514719,-20.402234043964498,-16.5828679075074,-55758.0,-30758.0,-25000.0
Olmo-3-7B-Instruct,Olmo,15-1252.00||VA||81||Y||III,2,2,-20.402234043964498,-31.62010700719634,11.21787296323184,-30758.0,-43482.0,12724.0
Olmo-3-7B-Instruct,Olmo,15-1252.00||WA||33||Y||III,1,2,-58.49703945548116,-43.91252092250335,-14.58451853297781,-105710.0,-74786.0,-30924.0
Olmo-3-7B-Instruct,Olmo,15-1252.00||WA||33||Y||IV,6,5,-45.9099996339444,-46.401977789025196,0.491978155080794,-96082.66666666667,-96858.8,776.1333333333314
Olmo-3-7B-Instruct,Olmo,15-1252.00||WA||44||Y||III,1,1,-33.59526312876985,-58.49703945548116,24.901776326711307,-60710.0,-105710.0,45000.0
Olmo-3-7B-Instruct,Olmo,15-1252.00||WA||45||Y||III,2,2,-47.429583310276136,-33.59526312876985,-13.834320181506286,-85710.0,-60710.0,-25000.0
Olmo-3-7B-Instruct,Olmo,15-1252.00||WA||45||Y||IV,3,2,-55.23133617967786,-50.518845251222885,-4.712490928454976,-117202.0,-107202.0,-10000.0
Olmo-3-7B-Instruct,Olmo,15-1252.00||WA||51||Y||II,3,3,-29.643527204502817,-24.148657858242675,-5.494869346260142,-44240.0,-35246.333333333336,-8993.666666666664
Olmo-3-7B-Instruct,Olmo,15-1252.00||WA||51||Y||III,2,3,-33.59526312876985,-37.284415177171525,3.6891520484016738,-60710.0,-67376.66666666667,6666.6666666666715
Olmo-3-7B-Instruct,Olmo,15-1252.00||WA||51||Y||IV,10,11,-49.402909705815034,-53.731907247896736,4.3289975420817015,-104030.4,-114020.18181818182,9989.78181818183
Olmo-3-7B-Instruct,Olmo,15-1252.00||WA||52||Y||I,1,1,-36.30519155152061,-6.580947608896891,-29.724243942623715,-42749.0,-7749.0,-35000.0
Olmo-3-7B-Instruct,Olmo,15-1252.00||WA||52||Y||II,1,1,-19.59260251943179,-49.745376574644865,30.152774055213076,-29240.0,-74240.0,45000.0
Olmo-3-7B-Instruct,Olmo,15-1252.00||WA||52||Y||III,1,2,-33.59526312876985,-33.59526312876985,0.0,-60710.0,-60710.0,0.0
Olmo-3-7B-Instruct,Olmo,15-1252.00||WA||52||Y||IV,1,1,-43.450108858540446,-64.65631803658778,21.20620917804733,-92202.0,-137202.0,45000.0
Olmo-3-7B-Instruct,Olmo,15-1252.00||WA||54||Y||II,4,4,-16.083320690135757,-23.55809454263844,7.474773852502683,-23249.5,-31997.25,8747.75
Olmo-3-7B-Instruct,Olmo,15-1252.00||WA||54||Y||III,1,1,-33.59526312876985,-54.22977871623684,20.634515587466986,-60710.0,-88862.0,28152.0
Olmo-3-7B-Instruct,Olmo,15-1252.00||WA||54||Y||IV,3,3,-47.37718463225292,-50.51884525122289,3.141660618969972,-100535.33333333333,-107202.0,6666.6666666666715
Olmo-3-7B-Instruct,Olmo,15-1252.00||WA||56||Y||III,2,2,-47.429583310276136,-46.0461512921255,-1.3834320181506357,-85710.0,-83210.0,-2500.0
Olmo-3-7B-Instruct,Olmo,15-1252.00||WI||54||Y||II,1,1,-23.541944889033875,22.332888177545797,-45.87483306657967,-23093.0,21907.0,-45000.0
Olmo-3-7B-Instruct,Olmo,15-1252||CA||54||Y||I,1,1,-17.980684451188253,-26.63745206980202,8.656767618613767,-26307.0,-27232.0,925.0
Olmo-3-7B-Instruct,Olmo,15-1252||CA||54||Y||II,1,1,-36.08215573582755,-36.08215573582755,0.0,-67741.0,-67741.0,0.0
Olmo-3-7B-Instruct,Olmo,15-1252||CA||54||Y||III,1,1,-46.93505735435884,-46.93505735435884,0.0,-106138.0,-106138.0,0.0
Olmo-3-7B-Instruct,Olmo,15-1253.00||CA||33||Y||IV,2,2,-53.6629045299334,-62.696403435909936,9.033498905976536,-86876.0,-126053.0,39177.0
Olmo-3-7B-Instruct,Olmo,15-1253.00||IL||54||Y||II,1,1,-14.85786940332395,-14.85786940332395,0.0,-13088.0,-13088.0,0.0
Olmo-3-7B-Instruct,Olmo,15-1253.00||MI||33||Y||IV,1,2,-37.7133318384533,-37.7133318384533,0.0,-45411.0,-45411.0,0.0
Olmo-3-7B-Instruct,Olmo,15-1255.00||CA||51||Y||IV,1,1,-49.13339365934366,-59.84215288895552,10.708759229611857,-91763.0,-111763.0,20000.0
Olmo-3-7B-Instruct,Olmo,15-1299.00||CA||54||Y||IV,1,1,-35.481789735152745,12.906867963482693,-48.38865769863544,-65994.0,24006.0,-90000.0
Olmo-3-7B-Instruct,Olmo,15-1299.08||CA||54||Y||II,3,3,-1.9378434532314757,4.720463208973546,-6.658306662205021,-3357.6666666666665,5825.666666666667,-9183.333333333334
Olmo-3-7B-Instruct,Olmo,15-1299.08||TN||44||Y||IV,1,1,27.863612147043153,-20.08524240809803,47.94885455514118,26150.0,-18850.0,45000.0
Olmo-3-7B-Instruct,Olmo,15-1299.09||CA||51||Y||III,1,2,-33.80880673826347,-46.21965547483907,12.410848736575602,-61293.0,-83793.0,22500.0
Olmo-3-7B-Instruct,Olmo,15-1299.09||CA||52||Y||IV,1,1,-46.22258472183632,-35.481789735152745,-10.740794986683575,-103142.0,-65994.0,-37148.0
Olmo-3-7B-Instruct,Olmo,15-1299.09||CA||54||Y||III,2,2,-15.228882018549914,-39.422961290907296,24.19407927235738,-22905.0,-68349.0,45444.0
Olmo-3-7B-Instruct,Olmo,15-1299.09||GA||54||Y||III,1,1,10.584809333357908,-30.884494166651308,41.46930350000922,11486.0,-33514.0,45000.0
Olmo-3-7B-Instruct,Olmo,15-1299.09||NJ||52||Y||IV,1,1,32.09707247726043,-24.51595858442261,56.613031061683046,51026.0,-38974.0,90000.0
Olmo-3-7B-Instruct,Olmo,15-1299.09||TX||22||Y||IV,1,1,-14.28877540087854,-19.59260251943179,5.303827118553249,-20005.0,-29240.0,9235.0
Olmo-3-7B-Instruct,Olmo,15-1299.09||TX||54||Y||III,1,1,0.055864524359434016,1.3034375633146484,-1.2475730389552144,67.0,1544.0,-1477.0
Olmo-3-7B-Instruct,Olmo,15-1299.09||WA||51||Y||II,1,1,22.802349618289362,7.575078440161363,15.227271178128,22282.0,8450.0,13832.0
Olmo-3-7B-Instruct,Olmo,15-2031.00||CA||52||Y||IV,1,1,-37.247420868997715,-49.56253908903221,12.315118220034492,-44517.0,-73699.0,29182.0
Olmo-3-7B-Instruct,Olmo,15-2031.00||CA||54||Y||II,1,2,23.432662339666116,-26.44584915988974,49.878511499555856,22781.0,-26992.5,49773.5
Olmo-3-7B-Instruct,Olmo,15-2031.00||CA||54||Y||III,7,7,18.381218979783718,4.763835373883326,13.617383605900391,22475.0,4173.0,18302.0
Olmo-3-7B-Instruct,Olmo,15-2031.00||GA||44||Y||III,2,2,43.25187076094491,-9.311858381398048,52.56372914234296,36217.5,-7701.0,43918.5
Olmo-3-7B-Instruct,Olmo,15-2031.00||IL||54||Y||II,1,2,39.69081765691935,4.768113242689514,34.922704414229834,34096.0,4096.0,30000.0
Olmo-3-7B-Instruct,Olmo,15-2031.00||NJ||52||Y||II,1,1,31.478032212117892,4.086775501259998,27.391256710857895,28730.0,3730.0,25000.0
Olmo-3-7B-Instruct,Olmo,15-2031.00||NJ||54||Y||IV,1,1,-16.13259436830371,-16.13259436830371,0.0,-23083.0,-23083.0,0.0
Olmo-3-7B-Instruct,Olmo,15-2031.00||NY||54||Y||III,1,1,-0.8043117059178494,-34.59492456614633,33.790612860228485,-973.0,-39670.0,38697.0
Olmo-3-7B-Instruct,Olmo,15-2031.00||NY||54||Y||IV,1,1,-18.375120736800575,-48.98445046050036,30.609329723699787,-27014.0,-72014.0,45000.0
Olmo-3-7B-Instruct,Olmo,15-2031.00||TX||54||Y||III,1,1,-32.31169112470894,12.614726252369602,-44.92641737707854,-35802.0,13442.0,-49244.0
Olmo-3-7B-Instruct,Olmo,15-2031.00||WA||54||Y||III,1,1,8.28174911118731,-32.32390680550793,40.60565591669524,9178.0,-35822.0,45000.0
Olmo-3-7B-Instruct,Olmo,15-2031||MA||54||Y||II,2,2,40.09853597029911,-12.438415018563056,52.536950988862166,34346.0,-10654.0,45000.0
Olmo-3-7B-Instruct,Olmo,15-2041.00||CA||33||Y||IV,1,1,-38.573051997911485,-38.573051997911485,0.0,-75354.0,-75354.0,0.0
Olmo-3-7B-Instruct,Olmo,15-2041.00||CA||54||Y||III,1,1,-46.390661968106016,-31.03131178444986,-15.359350183656158,-64901.0,-53992.0,-10909.0
Olmo-3-7B-Instruct,Olmo,15-2041.00||NY||52||Y||III,3,2,-16.881965464456652,-47.75977590714751,30.877810442690855,-24373.0,-68572.0,44199.0
Olmo-3-7B-Instruct,Olmo,15-2041.00||NY||52||Y||IV,1,1,-31.31042536019096,-31.73323624282488,0.42281088263392164,-54699.0,-55781.0,1082.0
Olmo-3-7B-Instruct,Olmo,15-2041.00||WA||51||Y||IV,1,1,-6.038586820345778,-6.038586820345778,0.0,-7712.0,-7712.0,0.0
Olmo-3-7B-Instruct,Olmo,15-2041.01||CA||54||Y||III,1,1,-14.225059148969628,-35.00753912546145,20.78247997649182,-19901.0,-40398.0,20497.0
Olmo-3-7B-Instruct,Olmo,15-2051.00||CA||51||Y||I,1,1,2.309640125840857,16.05236282610714,-13.742722700266281,2709.0,10374.0,-7665.0
Olmo-3-7B-Instruct,Olmo,15-2051.00||CA||52||Y||III,2,2,-27.00863122935713,-27.00863122935713,0.0,-44403.0,-44403.0,0.0
Olmo-3-7B-Instruct,Olmo,15-2051.00||CA||52||Y||IV,2,2,-49.95739963250767,-20.797200239809186,-29.160199392698487,-97334.0,-31346.5,-65987.5
Olmo-3-7B-Instruct,Olmo,15-2051.00||CA||54||Y||I,1,1,15.91738954038755,-1.6960704642566913,17.613460004644242,16478.0,-1294.0,17772.0
Olmo-3-7B-Instruct,Olmo,15-2051.00||CA||54||Y||II,2,2,-10.415671285236503,-33.925131559688964,23.50946027445246,-13952.0,-40055.0,26103.0
Olmo-3-7B-Instruct,Olmo,15-2051.00||CO||33||Y||IV,1,1,-11.119669957707776,-58.842994254482,47.72332429677422,-15013.0,-107229.0,92216.0
Olmo-3-7B-Instruct,Olmo,15-2051.00||IL||51||Y||III,1,1,0.3696950434098931,-35.53045541286296,35.900150456272854,442.0,-41334.0,41776.0
Olmo-3-7B-Instruct,Olmo,15-2051.00||IL||54||Y||II,1,1,23.803235391218223,-22.62297788048861,46.42621327170683,23072.0,-21928.0,45000.0
Olmo-3-7B-Instruct,Olmo,15-2051.00||IL||54||Y||IV,2,1,-31.439420575205684,-15.617748400253147,-15.821672174952537,-44710.0,-22210.0,-22500.0
Olmo-3-7B-Instruct,Olmo,15-2051.00||IL||81||Y||III,1,1,0.3696950434098931,0.3696950434098931,0.0,442.0,442.0,0.0
Olmo-3-7B-Instruct,Olmo,15-2051.00||MA||52||Y||II,1,1,5.181964799102447,-34.26127200056097,39.44323679966342,5912.0,-39088.0,45000.0
Olmo-3-7B-Instruct,Olmo,15-2051.00||NC||54||Y||II,2,6,5.233069081133209,-15.06363850343376,20.296707584566967,2434.0,-14710.166666666666,17144.166666666664
Olmo-3-7B-Instruct,Olmo,15-2051.00||NJ||54||Y||II,3,2,-17.514617107308144,-31.501219278296848,13.986602170988704,-19206.666666666668,-34491.0,15284.333333333332
Olmo-3-7B-Instruct,Olmo,15-2051.00||NY||51||Y||II,1,1,7.175392529875141,-31.501219278296848,38.67661180817199,8034.0,-34491.0,42525.0
Olmo-3-7B-Instruct,Olmo,15-2051.00||NY||54||Y||II,4,3,-0.41701504182412386,-31.501219278296848,31.084204236472722,826.75,-34491.0,35317.75
Olmo-3-7B-Instruct,Olmo,15-2051.00||NY||54||Y||IV,1,1,-29.566304520082408,-29.2206604892032,-0.3456440308792068,-50373.0,-49541.0,-832.0
Olmo-3-7B-Instruct,Olmo,15-2051.00||NY||62||Y||II,1,1,-31.501219278296848,-31.501219278296848,0.0,-34491.0,-34491.0,0.0
Olmo-3-7B-Instruct,Olmo,15-2051.00||PA||54||Y||II,1,1,-21.885577994646557,24.983075208565506,-46.86865320321206,-21013.0,23987.0,-45000.0
Olmo-3-7B-Instruct,Olmo,15-2051.00||TX||42||Y||III,1,2,-39.773548542519876,-36.04947643931922,-3.7240721032006547,-49530.0,-42291.0,-7239.0
Olmo-3-7B-Instruct,Olmo,15-2051.00||TX||51||Y||II,1,1,19.59457439280838,-19.280194588544244,38.874768981352624,19661.0,-17914.0,37575.0
Olmo-3-7B-Instruct,Olmo,15-2051.00||TX||52||Y||II,2,2,0.7531422454419996,-21.90265947476935,22.65580172021135,1549.5,-21034.0,22583.5
Olmo-3-7B-Instruct,Olmo,15-2051.00||TX||54||Y||II,1,2,-21.90265947476935,-21.90265947476935,0.0,-21034.0,-21034.0,0.0
Olmo-3-7B-Instruct,Olmo,15-2051.00||VA||52||Y||II,1,1,-35.31080999491112,-32.27318288949692,-3.0376271054141952,-40939.0,-35739.0,-5200.0
Olmo-3-7B-Instruct,Olmo,15-2051.00||WA||51||Y||III,1,1,-26.525514015258203,-50.326849331399394,23.80133531614119,-43322.0,-75987.0,32665.0
Olmo-3-7B-Instruct,Olmo,15-2051.00||WI||54||Y||II,1,1,-20.244159213926434,-20.244159213926434,0.0,-19037.0,-19037.0,0.0
Olmo-3-7B-Instruct,Olmo,15-2051.01||AR||45||Y||IV,1,1,-9.51659239486959,-9.51659239486959,0.0,-12621.0,-12621.0,0.0
Olmo-3-7B-Instruct,Olmo,15-2051.01||CA||51||Y||III,1,1,-24.35798842677223,-54.380394518348204,30.022406091575974,-38642.0,-89403.0,50761.0
Olmo-3-7B-Instruct,Olmo,15-2051.01||CA||51||Y||IV,3,3,-49.87650832495101,-45.70383821206619,-4.172670112884823,-116839.33333333333,-87851.0,-28988.33333333333
Olmo-3-7B-Instruct,Olmo,15-2051.01||CA||52||Y||II,1,1,-10.415671285236503,-10.415671285236503,0.0,-13952.0,-13952.0,0.0
Olmo-3-7B-Instruct,Olmo,15-2051.01||CA||54||Y||I,1,1,63.99267499385027,-27.55163153725778,91.54430653110805,46826.0,-28522.0,75348.0
Olmo-3-7B-Instruct,Olmo,15-2051.01||CA||54||Y||IV,3,3,-43.19712484077804,-43.19712484077804,0.0,-77825.33333333333,-77825.33333333333,0.0
Olmo-3-7B-Instruct,Olmo,15-2051.01||NC||54||Y||II,1,1,-29.076002156089533,-29.076002156089533,0.0,-30747.0,-30747.0,0.0
Olmo-3-7B-Instruct,Olmo,15-2051.01||NJ||54||Y||II,1,1,-31.501219278296848,9.598049154725047,-41.09926843302189,-34491.0,10509.0,-45000.0
Olmo-3-7B-Instruct,Olmo,15-2051.01||NY||52||Y||II,1,1,9.598049154725047,-31.501219278296848,41.09926843302189,10509.0,-34491.0,45000.0
Olmo-3-7B-Instruct,Olmo,15-2051.01||NY||54||Y||II,2,2,9.598049154725047,-11.708665257051496,21.306714411776543,10509.0,-13228.5,23737.5
Olmo-3-7B-Instruct,Olmo,15-2051.01||TX||33||Y||II,1,1,-21.90265947476935,-25.253391004494762,3.3507315297254117,-21034.0,-25339.0,4305.0
Olmo-3-7B-Instruct,Olmo,15-2051.01||TX||51||Y||III,1,1,-39.773548542519876,-35.380479735318445,-4.393068807201431,-49530.0,-41064.0,-8466.0
Olmo-3-7B-Instruct,Olmo,15-2051.01||TX||51||Y||IV,1,1,-15.357649199777109,-9.82731931649108,-5.530329883286029,-21773.0,-13078.0,-8695.0
Olmo-3-7B-Instruct,Olmo,15-2051.01||TX||54||Y||I,1,1,64.03750991059955,2.5234436941247234,61.51406621647483,46846.0,1846.0,45000.0
Olmo-3-7B-Instruct,Olmo,17-2011.00||TX||54||Y||I,1,1,29.73253475750827,23.96310031713893,5.769434440369338,27502.0,23197.0,4305.0
Olmo-3-7B-Instruct,Olmo,17-2031.00||CA||33||Y||III,1,2,-0.06495777744466097,-44.020393008152716,43.955435230708055,-78.0,-59909.0,59831.0
Olmo-3-7B-Instruct,Olmo,17-2031.00||CA||54||Y||III,1,1,-13.530963120955771,-39.13276361600078,25.60180049504501,-18778.0,-48219.0,29441.0
Olmo-3-7B-Instruct,Olmo,17-2071.00||CA||33||Y||II,1,1,-32.47623163353501,-44.05323148534941,11.5769998518144,-36072.0,-59056.0,22984.0
Olmo-3-7B-Instruct,Olmo,17-2071.00||IL||54||Y||III,1,1,1.2675319414673665,-23.896499238964992,25.16403118043236,1502.0,-23550.0,25052.0
Olmo-3-7B-Instruct,Olmo,17-2072.00||CA||33||Y||III,6,6,-50.43775844031836,-41.741303301194044,-8.696455139124318,-93394.33333333333,-67324.33333333333,-26070.0
Olmo-3-7B-Instruct,Olmo,17-2072.00||CA||33||Y||IV,5,5,-44.9005036100839,-42.153999935212475,-2.746503674871427,-87116.8,-91091.0,3974.199999999997
Olmo-3-7B-Instruct,Olmo,17-2072.00||ID||33||Y||III,1,1,-28.10031444129151,-28.10031444129151,0.0,-29312.0,-29312.0,0.0
Olmo-3-7B-Instruct,Olmo,17-2072.00||TX||33||Y||IV,1,1,-25.5486136531434,-53.467883533214625,27.919269880071226,-41179.0,-86179.0,45000.0
Olmo-3-7B-Instruct,Olmo,17-2074.00||TN||54||Y||II,1,1,10.167748758776698,10.167748758776698,0.0,6922.0,6922.0,0.0
Olmo-3-7B-Instruct,Olmo,17-2141.00||CA||33||Y||III,1,1,-21.26702082694491,-51.6263230200654,30.359302193120488,-25661.0,-80043.0,54382.0
Olmo-3-7B-Instruct,Olmo,17-2141.00||CA||54||Y||IV,3,2,-28.860166275780134,-53.48190583243261,24.621739556652475,-51364.333333333336,-89112.0,37747.666666666664
Olmo-3-7B-Instruct,Olmo,17-2141.00||NY||33||Y||IV,1,1,-29.733727810650887,14.219358277572077,-43.95308608822296,-40200.0,14939.0,-55139.0
Olmo-3-7B-Instruct,Olmo,17-2141.02||MI||33||Y||II,1,1,-19.907733709233035,-19.907733709233035,0.0,-18642.0,-18642.0,0.0
Olmo-3-7B-Instruct,Olmo,17-2199.05||CA||33||Y||II,1,1,-10.038233750655971,-42.066600236368274,32.028366485712304,-13390.0,-54459.0,41069.0
Olmo-3-7B-Instruct,Olmo,17-2199.08||CA||54||Y||III,1,1,-54.972803573358306,-52.71748381361863,-2.2553197597396775,-91566.0,-83621.0,-7945.0
Olmo-3-7B-Instruct,Olmo,19-1029.01||CA||62||Y||II,1,1,-12.097700475844448,-33.362357728633754,21.264657252789306,-10322.0,-37549.0,27227.0
Olmo-3-7B-Instruct,Olmo,19-1029.01||MA||62||Y||III,1,1,-15.634596564640772,-15.634596564640772,0.0,-13899.0,-13899.0,0.0
Olmo-3-7B-Instruct,Olmo,19-1042.00||NY||54||Y||I,1,1,14.070175972258133,14.070175972258133,0.0,9251.0,9251.0,0.0
Olmo-3-7B-Instruct,Olmo,19-3011.00||CA||51||Y||III,1,1,-49.91284835613968,-42.289047230643746,-7.6238011254959375,-74739.0,-54958.0,-19781.0
Olmo-3-7B-Instruct,Olmo,25-1021.00||NY||61||Y||I,2,1,64.75095785440612,45.593869731800766,19.15708812260536,42250.0,29750.0,12500.0
Olmo-3-7B-Instruct,Olmo,25-1021.00||VA||61||Y||I,1,1,65.99685479643544,35.52584026020961,30.47101453622583,37770.0,19660.0,18110.0
Olmo-3-7B-Instruct,Olmo,25-1022.00||FL||61||Y||II,1,1,29.87545627298454,29.87545627298454,0.0,21853.0,21853.0,0.0
Olmo-3-7B-Instruct,Olmo,25-1071.00||NY||61||Y||II,1,1,-13.764149487577498,-13.764149487577498,0.0,-15163.0,-15163.0,0.0
Olmo-3-7B-Instruct,Olmo,27-1024.00||CA||51||Y||IV,1,1,36.53741125068269,-41.483966606850274,78.02137785753297,46830.0,-53170.0,100000.0
Olmo-3-7B-Instruct,Olmo,41-9031.00||TX||51||Y||IV,1,1,-28.100228281775205,-28.100228281775205,0.0,-46899.0,-46899.0,0.0
Qwen2.5-32B-Instruct,Qwen,11-3021.00||AZ||52||Y||II,1,1,-18.525813147808343,-18.525813147808343,0.0,-26149.0,-26149.0,0.0
Qwen2.5-32B-Instruct,Qwen,11-3021.00||CA||33||Y||II,5,5,-37.886979060128674,-31.749010435718304,-6.1379686244103695,-92232.4,-67908.0,-24324.399999999994
Qwen2.5-32B-Instruct,Qwen,11-3021.00||CA||45||Y||II,6,6,-31.752502259460556,-41.101328606708705,9.34882634724815,-73656.33333333333,-99668.83333333333,26012.5
Qwen2.5-32B-Instruct,Qwen,11-3021.00||CA||51||Y||II,1,1,-25.113826982985863,-25.33858949663277,0.22476251364690825,-50304.0,-50907.0,603.0
Qwen2.5-32B-Instruct,Qwen,11-3021.00||CA||51||Y||III,2,2,-24.815277420569508,-36.89046709468954,12.075189674120033,-54326.0,-87682.0,33356.0
Qwen2.5-32B-Instruct,Qwen,11-3021.00||CA||51||Y||IV,1,1,-39.88107383332847,-34.41571690908561,-5.465356924242862,-109456.0,-94456.0,-15000.0
Qwen2.5-32B-Instruct,Qwen,11-3021.00||CA||52||Y||II,1,1,-25.33858949663277,-30.744725056558476,5.406135559925705,-50907.0,-66590.0,15683.0
Qwen2.5-32B-Instruct,Qwen,11-3021.00||CA||54||Y||I,1,1,-8.610699859260478,-15.969211118953984,7.358511259693506,-14133.0,-28506.0,14373.0
Qwen2.5-32B-Instruct,Qwen,11-3021.00||CA||54||Y||II,1,1,-8.97947790628527,-39.672542561021224,30.693064654735956,-14798.0,-98643.0,83845.0
Qwen2.5-32B-Instruct,Qwen,11-3021.00||CA||54||Y||IV,2,2,-34.41571690908561,-17.110913662690127,-17.304803246395483,-94456.0,-53178.5,-41277.5
Qwen2.5-32B-Instruct,Qwen,11-3021.00||CT||54||Y||IV,1,1,-7.445495680789798,-14.812483328887703,7.366987648097905,-14480.0,-27766.0,13286.0
Qwen2.5-32B-Instruct,Qwen,11-3021.00||FL||44||Y||IV,1,1,-13.157590026631672,-28.488566116293484,15.330976089661812,-27272.0,-53781.0,26509.0
Qwen2.5-32B-Instruct,Qwen,11-3021.00||GA||42||Y||IV,1,1,-15.522703273495248,-29.602252727912706,14.079549454417458,-33075.0,-63075.0,30000.0
Qwen2.5-32B-Instruct,Qwen,11-3021.00||IL||52||Y||II,1,1,-9.643159987211032,4.257892322448809,-13.90105230965984,-13874.0,6126.0,-20000.0
Qwen2.5-32B-Instruct,Qwen,11-3021.00||IL||52||Y||IV,1,1,-11.233411743819627,-11.233411743819627,0.0,-22779.0,-22779.0,0.0
Qwen2.5-32B-Instruct,Qwen,11-3021.00||IL||54||Y||II,1,1,4.257892322448809,-27.019475374285832,31.277367696734643,6126.0,-38874.0,45000.0
Qwen2.5-32B-Instruct,Qwen,11-3021.00||MI||33||Y||II,1,1,-9.343428849096698,-24.135697514371305,14.792268665274607,-12883.0,-29810.0,16927.0
Qwen2.5-32B-Instruct,Qwen,11-3021.00||NC||52||Y||IV,1,1,-31.12188670927926,-31.12188670927926,0.0,-67776.0,-67776.0,0.0
Qwen2.5-32B-Instruct,Qwen,11-3021.00||NJ||54||Y||III,2,2,-26.221371656486706,-33.404210448406126,7.182838791919419,-58642.0,-74041.0,15399.0
Qwen2.5-32B-Instruct,Qwen,11-3021.00||NY||51||Y||II,3,3,-29.232775795101116,-31.920138739590943,2.687362944489827,-54389.333333333336,-59389.333333333336,5000.0
Qwen2.5-32B-Instruct,Qwen,11-3021.00||NY||51||Y||III,1,1,-32.92851968771519,-10.373218281391008,-22.55530140632418,-73642.0,-16782.0,-56860.0
Qwen2.5-32B-Instruct,Qwen,11-3021.00||NY||51||Y||IV,2,2,-31.099951004409604,-31.099951004409604,0.0,-81248.0,-81248.0,0.0
Qwen2.5-32B-Instruct,Qwen,11-3021.00||NY||52||Y||II,1,1,-27.441200498774563,-19.379111665305068,-8.062088833469495,-51056.0,-36056.0,-15000.0
Qwen2.5-32B-Instruct,Qwen,11-3021.00||NY||52||Y||III,1,1,-32.92851968771519,-32.92851968771519,0.0,-73642.0,-73642.0,0.0
Qwen2.5-32B-Instruct,Qwen,11-3021.00||NY||54||Y||II,1,1,-19.379111665305068,-27.441200498774563,8.062088833469495,-36056.0,-51056.0,15000.0
Qwen2.5-32B-Instruct,Qwen,11-3021.00||NY||54||Y||III,1,1,-19.514223625258225,-16.87383467992542,-2.6403889453328055,-43642.0,-28236.0,-15406.0
Qwen2.5-32B-Instruct,Qwen,11-3021.00||NY||54||Y||IV,1,1,-4.305487506124448,-31.099951004409604,26.794463498285154,-11248.0,-81248.0,70000.0
Qwen2.5-32B-Instruct,Qwen,11-3021.00||PA||51||Y||IV,1,1,-15.818617180484885,-29.84884765040407,14.030230469919186,-33824.0,-63824.0,30000.0
Qwen2.5-32B-Instruct,Qwen,11-3021.00||TX||44||Y||IV,1,1,-28.36470959053268,-28.36470959053268,0.0,-59394.0,-59394.0,0.0
Qwen2.5-32B-Instruct,Qwen,11-3021.00||TX||54||Y||II,2,2,-17.16986681841496,-17.12923215921524,-0.04063465919972131,-26420.0,-24258.5,-2161.5
Qwen2.5-32B-Instruct,Qwen,11-3021.00||TX||54||Y||III,2,2,-17.979134599291278,-27.140191853505307,9.161057254214029,-32967.0,-49705.5,16738.5
Qwen2.5-32B-Instruct,Qwen,11-3021.00||TX||54||Y||IV,1,1,-29.416414918546543,-27.251564091372035,-2.164850827174508,-62514.0,-56190.0,-6324.0
Qwen2.5-32B-Instruct,Qwen,11-3021.00||VA||51||Y||II,1,1,-25.595238095238095,-22.733516483516482,-2.861721611721613,-44720.0,-39720.0,-5000.0
Qwen2.5-32B-Instruct,Qwen,11-3021.00||WA||45||Y||III,1,1,-38.09838230439089,-38.09838230439089,0.0,-92320.0,-92320.0,0.0
Qwen2.5-32B-Instruct,Qwen,11-3021.00||WA||51||Y||II,2,2,-31.952215333434143,-29.431927012450224,-2.5202883209839193,-63390.0,-58390.0,-5000.0
Qwen2.5-32B-Instruct,Qwen,11-3021.00||WA||51||Y||III,3,3,-35.829778195766416,-35.829778195766416,0.0,-84319.0,-84319.0,0.0
Qwen2.5-32B-Instruct,Qwen,11-3021||CA||51||Y||II,1,1,-8.97947790628527,-18.081530115656744,9.102052209371474,-14798.0,-29798.0,15000.0
Qwen2.5-32B-Instruct,Qwen,11-3051.01||CA||33||Y||II,1,1,-13.902358386599074,-29.744324443464844,15.84196605686577,-20184.0,-43184.0,23000.0
Qwen2.5-32B-Instruct,Qwen,11-9041.00||CA||33||Y||III,1,1,-30.54462276469444,-34.12264999591106,3.5780272312166197,-65966.0,-75106.0,9140.0
Qwen2.5-32B-Instruct,Qwen,11-9041.00||CA||33||Y||IV,1,1,-39.80859132039887,-27.770309584478643,-12.038281735920226,-99205.0,-69205.0,-30000.0
Qwen2.5-32B-Instruct,Qwen,11-9041.00||CA||51||Y||IV,2,2,-27.770309584478643,-31.381794105254713,3.61148452077607,-69205.0,-78205.0,9000.0
Qwen2.5-32B-Instruct,Qwen,11-9041.00||CA||54||Y||I,1,1,-1.1167218215618284,0.3411599438089504,-1.4578817653707787,-1694.0,510.0,-2204.0
Qwen2.5-32B-Instruct,Qwen,11-9041.00||CA||54||Y||II,1,1,-29.746337442391997,-31.59231207039972,1.845974628007724,-63512.0,-57728.0,-5784.0
Qwen2.5-32B-Instruct,Qwen,11-9041.00||TX||54||Y||IV,1,1,-15.965601919719138,-15.965601919719138,0.0,-34198.0,-34198.0,0.0
Qwen2.5-32B-Instruct,Qwen,13-1081.02||AR||45||Y||III,1,1,25.014882724133827,5.964995832837243,19.049886891296584,21010.0,5010.0,16000.0
Qwen2.5-32B-Instruct,Qwen,13-1081.02||AR||45||Y||IV,1,1,18.772205238370653,18.772205238370653,0.0,18176.0,18176.0,0.0
Qwen2.5-32B-Instruct,Qwen,13-1082.00||NY||51||Y||IV,1,1,-0.2002648019640588,19.75968223764313,-19.95994703960719,-301.0,29699.0,-30000.0
Qwen2.5-32B-Instruct,Qwen,13-1111.00||CA||54||Y||II,1,1,-1.4184785585190864,10.911340976486796,-12.329819535005882,-1554.0,9346.0,-10900.0
Qwen2.5-32B-Instruct,Qwen,13-1111.00||FL||54||Y||IV,2,2,13.806882365834332,11.314834298349835,2.4920480674844967,16378.0,13453.0,2925.0
Qwen2.5-32B-Instruct,Qwen,13-1111.00||GA||54||Y||IV,2,2,-3.215399505323153,-8.592321755027422,5.376922249704268,-4485.0,-11985.0,7500.0
Qwen2.5-32B-Instruct,Qwen,13-1111.00||IL||54||Y||IV,1,1,-4.127625305193726,1.214574898785425,-5.342200203979152,-6458.0,1800.0,-8258.0
Qwen2.5-32B-Instruct,Qwen,13-1111.00||NJ||54||Y||IV,1,1,-4.242076031791631,-23.393660825433304,19.151584793641675,-6645.0,-36645.0,30000.0
Qwen2.5-32B-Instruct,Qwen,13-1111.00||NY||52||Y||IV,1,1,-15.456970729324533,27.67723195761116,-43.134202686935694,-24682.0,43355.0,-68037.0
Qwen2.5-32B-Instruct,Qwen,13-1111.00||NY||54||Y||II,1,1,-6.694429166339279,-6.694429166339279,0.0,-6816.0,-6816.0,0.0
Qwen2.5-32B-Instruct,Qwen,13-1111.00||TX||54||Y||IV,1,1,3.912497979479206,-11.481946165628825,15.39444414510803,5083.0,-14917.0,20000.0
Qwen2.5-32B-Instruct,Qwen,13-1111.00||WA||51||Y||IV,1,1,-3.9741882618047732,-3.9741882618047732,0.0,-6208.0,-6208.0,0.0
Qwen2.5-32B-Instruct,Qwen,13-1161.00||IL||51||Y||III,1,1,38.88050238512167,4.3277610035103224,34.55274138161135,32195.0,3526.0,28669.0
Qwen2.5-32B-Instruct,Qwen,13-1161.00||IL||54||Y||II,1,1,43.30969980389199,15.310107315273209,27.99959248861878,28710.0,9958.0,18752.0
Qwen2.5-32B-Instruct,Qwen,13-2051.00||NY||52||Y||IV,1,1,0.5092468507102653,95.43464665415885,-94.92539980344858,912.0,170912.0,-170000.0
Qwen2.5-32B-Instruct,Qwen,13-2099.01||CA||52||Y||II,2,2,91.59290339885811,32.86607604968623,58.726827349171884,71709.0,29104.0,42605.0
Qwen2.5-32B-Instruct,Qwen,13-2099.01||CA||52||Y||IV,1,1,55.19783412800373,47.853657735210525,7.344176392793202,64019.0,58258.0,5761.0
Qwen2.5-32B-Instruct,Qwen,13-2099.01||IL||52||Y||IV,1,1,100.89034601353197,44.641049129743024,56.24929688378894,125554.0,55554.0,70000.0
Qwen2.5-32B-Instruct,Qwen,13-2099.01||NJ||52||Y||IV,1,1,9.63977243656121,5.339445830243376,4.300326606317833,15826.0,6336.0,9490.0
Qwen2.5-32B-Instruct,Qwen,15-1211.00||CO||51||Y||IV,1,1,3.4354356010977947,-20.14592939960699,23.581365000704785,4982.0,-25733.0,30715.0
Qwen2.5-32B-Instruct,Qwen,15-1211.00||UT||54||Y||III,1,1,0.513146061471724,7.919377876527535,-7.406231815055811,485.0,7485.0,-7000.0
Qwen2.5-32B-Instruct,Qwen,15-1211.00||VA||54||Y||III,1,1,8.006574313219065,-21.223354958294717,29.229929271513782,8525.0,-27480.0,36005.0
Qwen2.5-32B-Instruct,Qwen,15-1211||NJ||54||Y||III,1,1,-3.32772686546049,-9.61535438640615,6.28762752094566,-4234.0,-12234.0,8000.0
Qwen2.5-32B-Instruct,Qwen,15-1212.00||CA||54||Y||II,1,1,-30.304594734124937,-20.818103711901678,-9.486491022223259,-46960.0,-28592.0,-18368.0
Qwen2.5-32B-Instruct,Qwen,15-1221.00||CA||33||Y||II,1,1,-33.091245293577366,-33.091245293577366,0.0,-54403.0,-54403.0,0.0
Qwen2.5-32B-Instruct,Qwen,15-1221.00||CA||45||Y||I,1,1,10.676679285876828,19.985932683754317,-9.30925339787749,10322.0,19322.0,-9000.0
Qwen2.5-32B-Instruct,Qwen,15-1221.00||CA||45||Y||II,1,1,-23.96732419724701,-17.88471013302677,-6.082614064220241,-39403.0,-29403.0,-10000.0
Qwen2.5-32B-Instruct,Qwen,15-1221.00||CA||51||Y||I,2,2,-7.692607906726784,-11.128163367577049,3.4355554608502645,-15706.0,-14212.0,-1494.0
Qwen2.5-32B-Instruct,Qwen,15-1221.00||CA||51||Y||II,1,1,-20.92601716513689,-21.534278571558914,0.6082614064220238,-34403.0,-35403.0,1000.0
Qwen2.5-32B-Instruct,Qwen,15-1221.00||CA||51||Y||III,1,1,-25.40801814076999,-21.338297760763542,-4.069720380006448,-51094.0,-36621.0,-14473.0
Qwen2.5-32B-Instruct,Qwen,15-1221.00||CA||51||Y||IV,1,1,-36.91806918826171,-28.257812724194334,-8.660256464067377,-87786.0,-59082.0,-28704.0
Qwen2.5-32B-Instruct,Qwen,15-1221.00||CA||54||Y||I,1,1,55.15422329795817,8.204152761483877,46.95007053647429,53322.0,7203.0,46119.0
Qwen2.5-32B-Instruct,Qwen,15-1221.00||CA||54||Y||II,2,2,-8.917938084040962,-13.681669010433946,4.763730926392984,-15221.0,-24276.0,9055.0
Qwen2.5-32B-Instruct,Qwen,15-1221.00||CA||54||Y||III,1,1,-1.279418733217501,-21.338297760763542,20.05887902754604,-1944.0,-36621.0,34677.0
Qwen2.5-32B-Instruct,Qwen,15-1221.00||CA||54||Y||IV,1,1,-24.301683025914055,-18.48623504222413,-5.815447983689925,-57786.0,-34018.0,-23768.0
Qwen2.5-32B-Instruct,Qwen,15-1221.00||IL||51||Y||II,1,1,27.686978148871912,43.231479836560666,-15.544501687688754,24936.0,38936.0,-14000.0
Qwen2.5-32B-Instruct,Qwen,15-1221.00||MA||33||Y||II,1,1,-12.815433760653955,-10.02552764099488,-2.789906119659074,-18374.0,-14374.0,-4000.0
Qwen2.5-32B-Instruct,Qwen,15-1221.00||NM||54||Y||II,1,1,-32.53246874941434,-40.73833792871134,8.205869179296997,-52077.0,-65306.0,13229.0
Qwen2.5-32B-Instruct,Qwen,15-1221.00||NY||54||Y||II,2,2,-15.464572893208086,1.4425125281502973,-16.90708542135838,-22867.0,2133.0,-25000.0
Qwen2.5-32B-Instruct,Qwen,15-1221.00||NY||54||Y||III,3,3,-28.6212980262721,-21.567782845061373,-7.053515181210727,-53156.333333333336,-40056.333333333336,-13100.0
Qwen2.5-32B-Instruct,Qwen,15-1221.00||TN||54||Y||II,4,4,31.709658156830503,19.19208346886181,12.517574687968693,25132.75,15341.0,9791.75
Qwen2.5-32B-Instruct,Qwen,15-1221.00||TX||54||Y||II,1,1,37.11252001842792,-6.960345519895796,44.07286553832372,33834.0,-7107.0,40941.0
Qwen2.5-32B-Instruct,Qwen,15-1241.00||CA||51||Y||III,1,1,-19.379111665305068,-27.441200498774563,8.062088833469495,-36056.0,-51056.0,15000.0
Qwen2.5-32B-Instruct,Qwen,15-1242.00||MA||54||Y||IV,1,1,-8.344202770825255,9.965837279885049,-18.310040050710306,-11835.0,13594.0,-25429.0
Qwen2.5-32B-Instruct,Qwen,15-1242.00||TX||52||Y||III,1,1,-1.7094017094017093,3.7306970702843123,-5.440098779686021,-2000.0,4136.0,-6136.0
Qwen2.5-32B-Instruct,Qwen,15-1243.00||CA||54||Y||II,1,1,3.8461538461538463,-2.8149850842129283,6.661138930366775,4800.0,-3331.0,8131.0
Qwen2.5-32B-Instruct,Qwen,15-1243.00||IN||33||Y||IV,1,1,-2.6915516805169024,-5.719080572473743,3.0275288919568406,-4149.0,-9099.0,4950.0
Qwen2.5-32B-Instruct,Qwen,15-1243.00||MA||54||Y||IV,1,1,-10.808400227033163,-18.916727479121057,8.108327252087895,-19995.0,-34995.0,15000.0
Qwen2.5-32B-Instruct,Qwen,15-1243.00||NC||52||Y||IV,1,1,-3.9483626397551324,-13.553526375779619,9.605163736024487,-6166.0,-21166.0,15000.0
Qwen2.5-32B-Instruct,Qwen,15-1243.00||PA||54||Y||II,3,3,12.169952108307404,-4.083659420597397,16.253611528904802,12477.0,-4811.0,17288.0
Qwen2.5-32B-Instruct,Qwen,15-1243.00||TX||54||Y||II,1,1,6.555614210022093,2.6453164408469707,3.9102977691751226,6706.0,2706.0,4000.0
Qwen2.5-32B-Instruct,Qwen,15-1243.00||TX||54||Y||III,1,1,-4.640673401664373,5.982932822521766,-10.62360622418614,-6307.0,7621.0,-13928.0
Qwen2.5-32B-Instruct,Qwen,15-1251.00||CA||54||Y||II,3,3,0.8036156214917982,-0.9832849203364198,1.786900541828218,-228.33333333333334,-3076.0,2847.6666666666665
Qwen2.5-32B-Instruct,Qwen,15-1251.00||CA||54||Y||III,1,1,-0.5143164197436094,2.352187180149415,-2.866503599893025,-670.0,2459.0,-3129.0
Qwen2.5-32B-Instruct,Qwen,15-1251.00||MO||54||Y||II,1,1,26.122373414792186,3.09636212163288,23.026011293159307,22576.0,2676.0,19900.0
Qwen2.5-32B-Instruct,Qwen,15-1251.00||NC||54||Y||III,1,1,49.012359939933,23.882365614564257,25.12999432536874,42430.0,22170.0,20260.0
Qwen2.5-32B-Instruct,Qwen,15-1251.00||NJ||54||Y||I,1,1,6.004229461680541,-1.2233316379794952,7.227561099660036,4486.0,-914.0,5400.0
Qwen2.5-32B-Instruct,Qwen,15-1251.00||TX||54||Y||II,2,2,12.098585170120705,65.68887580585204,-53.59029063573133,9261.0,41618.0,-32357.0
Qwen2.5-32B-Instruct,Qwen,15-1252.00||AR||54||Y||II,1,1,12.451245124512452,6.810681068106811,5.640564056405641,10375.0,5675.0,4700.0
Qwen2.5-32B-Instruct,Qwen,15-1252.00||AZ||51||Y||III,2,2,-16.73729128566543,-14.507040159388614,-2.2302511262768174,-22514.0,-19514.0,-3000.0
Qwen2.5-32B-Instruct,Qwen,15-1252.00||AZ||54||Y||II,1,1,-15.640305387496399,-15.640305387496399,0.0,-17372.0,-17372.0,0.0
Qwen2.5-32B-Instruct,Qwen,15-1252.00||AZ||54||Y||IV,1,1,-17.940405485835857,-5.0236174604581665,-12.916788025377691,-28334.0,-7934.0,-20400.0
Qwen2.5-32B-Instruct,Qwen,15-1252.00||CA||33||Y||I,1,1,10.538765945216987,-19.65989354935895,30.19865949457594,14301.0,-29365.0,43666.0
Qwen2.5-32B-Instruct,Qwen,15-1252.00||CA||33||Y||II,20,20,-20.420918822793702,-20.327945752031802,-0.09297307076190009,-38008.0,-35043.9,-2964.0999999999985
Qwen2.5-32B-Instruct,Qwen,15-1252.00||CA||33||Y||III,15,15,-25.782810076377576,-24.307384302022278,-1.4754257743552976,-54395.86666666667,-46637.933333333334,-7757.933333333334
Qwen2.5-32B-Instruct,Qwen,15-1252.00||CA||33||Y||IV,15,15,-31.3550535460638,-31.286256529469657,-0.06879701659414295,-71968.13333333333,-77973.2,6005.066666666666
Qwen2.5-32B-Instruct,Qwen,15-1252.00||CA||42||Y||II,1,1,-0.5143945645383945,-31.288317416014618,30.77392285147622,-667.0,-58741.0,58074.0
Qwen2.5-32B-Instruct,Qwen,15-1252.00||CA||42||Y||III,2,2,-39.395413420124,-14.204912596650917,-25.190500823473084,-89088.0,-22352.0,-66736.0
Qwen2.5-32B-Instruct,Qwen,15-1252.00||CA||44||Y||II,1,1,-0.5143945645383945,-16.47951892202899,15.965124357490597,-667.0,-26637.0,25970.0
Qwen2.5-32B-Instruct,Qwen,15-1252.00||CA||44||Y||IV,1,1,-13.60342821596839,-22.720971186631196,9.117542970662806,-23618.0,-48512.0,24894.0
Qwen2.5-32B-Instruct,Qwen,15-1252.00||CA||45||Y||I,1,1,4.442138385833362,-41.158906035550494,45.601044421383854,6635.0,-61477.0,68112.0
Qwen2.5-32B-Instruct,Qwen,15-1252.00||CA||45||Y||II,1,1,-13.9429709781795,-31.288317416014618,17.34534643783512,-22537.0,-58741.0,36204.0
Qwen2.5-32B-Instruct,Qwen,15-1252.00||CA||45||Y||III,1,1,-40.3019395236537,-3.7119419584543154,-36.58999756519938,-91138.0,-4973.0,-86165.0
Qwen2.5-32B-Instruct,Qwen,15-1252.00||CA||45||Y||IV,3,3,-27.445726170255778,-35.39129185149094,7.945565681235163,-71259.33333333333,-89513.33333333333,18254.0
Qwen2.5-32B-Instruct,Qwen,15-1252.00||CA||51||Y||I,3,3,-14.265956012337256,-17.189142644205198,2.9231866318679423,-20254.333333333332,-22533.333333333332,2279.0
Qwen2.5-32B-Instruct,Qwen,15-1252.00||CA||51||Y||II,20,20,-23.404981425866946,-22.378609016105578,-1.0263724097613682,-41143.4,-39068.35,-2075.050000000003
Qwen2.5-32B-Instruct,Qwen,15-1252.00||CA||51||Y||III,18,18,-30.671026115930903,-28.132518725354355,-2.538507390576548,-67154.05555555556,-58345.27777777778,-8808.777777777781
Qwen2.5-32B-Instruct,Qwen,15-1252.00||CA||51||Y||IV,22,22,-29.643647306092568,-25.72780765103678,-3.9158396550557875,-71070.95454545454,-59067.22727272727,-12003.727272727272
Qwen2.5-32B-Instruct,Qwen,15-1252.00||CA||52||Y||II,4,4,-20.036872745720352,-22.50173190880237,2.464859163082018,-32387.0,-38413.0,6026.0
Qwen2.5-32B-Instruct,Qwen,15-1252.00||CA||52||Y||III,1,1,-33.668821692948555,-28.02840478957638,-5.640416903372174,-76138.0,-52574.0,-23564.0
Qwen2.5-32B-Instruct,Qwen,15-1252.00||CA||52||Y||IV,1,1,-15.695604930870395,-26.936190940087677,11.240586009217282,-33512.0,-57512.0,24000.0
Qwen2.5-32B-Instruct,Qwen,15-1252.00||CA||53||Y||II,1,1,-12.71510209323231,-25.75957237513688,13.04447028190457,-15842.0,-41637.0,25795.0
Qwen2.5-32B-Instruct,Qwen,15-1252.00||CA||53||Y||III,1,1,-20.03156087730709,-14.080051933835275,-5.951508943471815,-37574.0,-22123.0,-15451.0
Qwen2.5-32B-Instruct,Qwen,15-1252.00||CA||54||Y||I,4,4,-14.677613285172441,-27.824431028714862,13.146817743542421,-21032.0,-35649.0,14617.0
Qwen2.5-32B-Instruct,Qwen,15-1252.00||CA||54||Y||II,21,21,-24.158560737741233,-21.56104087283794,-2.597519864903294,-43199.19047619047,-38227.09523809524,-4972.095238095237
Qwen2.5-32B-Instruct,Qwen,15-1252.00||CA||54||Y||III,15,15,-25.061359572893497,-20.511405316357294,-4.5499542565362034,-51735.4,-41026.8,-10708.599999999999
Qwen2.5-32B-Instruct,Qwen,15-1252.00||CA||54||Y||IV,17,17,-26.54595097651881,-23.05133569140452,-3.494615285114289,-63035.94117647059,-49841.529411764706,-13194.411764705881
Qwen2.5-32B-Instruct,Qwen,15-1252.00||CA||56||Y||II,1,1,-13.9429709781795,-20.19154030327215,6.248569325092648,-22537.0,-32637.0,10100.0
Qwen2.5-32B-Instruct,Qwen,15-1252.00||CO||51||Y||III,1,1,-9.35536911336903,-5.139339769804798,-4.216029343564231,-13314.0,-7314.0,-6000.0
Qwen2.5-32B-Instruct,Qwen,15-1252.00||CO||54||Y||II,1,1,-1.1823743727228981,-22.263887967080375,21.081513594357478,-1376.0,-26836.0,25460.0
Qwen2.5-32B-Instruct,Qwen,15-1252.00||DC||54||Y||II,1,1,13.366857105599882,-13.55381077008486,26.920667875684742,16401.0,-17090.0,33491.0
Qwen2.5-32B-Instruct,Qwen,15-1252.00||DC||54||Y||III,1,1,-0.5027925549556242,-22.413153331849063,21.910360776893437,-758.0,-33221.0,32463.0
Qwen2.5-32B-Instruct,Qwen,15-1252.00||FL||33||Y||IV,1,1,0.1462134716686362,7.7632656580025,-7.617052186333864,219.0,10806.0,-10587.0
Qwen2.5-32B-Instruct,Qwen,15-1252.00||FL||44||Y||III,1,1,-2.356464002083062,4.69164658047866,-7.048110582561723,-3258.0,5781.0,-9039.0
Qwen2.5-32B-Instruct,Qwen,15-1252.00||FL||52||Y||IV,1,1,29.315918789603,-9.391290690861206,38.70720948046421,40806.0,-15547.0,56353.0
Qwen2.5-32B-Instruct,Qwen,15-1252.00||FL||54||Y||II,4,4,12.208730162674081,10.431076223862405,1.7776539388116763,12779.0,10461.75,2317.25
Qwen2.5-32B-Instruct,Qwen,15-1252.00||FL||62||Y||IV,1,1,61.02852137170536,56.012081575597215,5.016439796108145,47374.0,44878.0,2496.0
Qwen2.5-32B-Instruct,Qwen,15-1252.00||GA||31||Y||IV,1,1,-1.4007664447088364,11.858491550955272,-13.259257995664107,-2131.0,15902.0,-18033.0
Qwen2.5-32B-Instruct,Qwen,15-1252.00||GA||52||Y||II,1,1,9.287540270082774,5.231371759560042,4.056168510522732,9773.0,5717.0,4056.0
Qwen2.5-32B-Instruct,Qwen,15-1252.00||GA||52||Y||III,2,2,6.398317444959555,-2.1597477263345173,8.558065171294071,8394.5,-3105.5,11500.0
Qwen2.5-32B-Instruct,Qwen,15-1252.00||GA||54||Y||I,2,2,14.497836593508575,-7.099340219829066,21.59717681333764,12029.0,-6415.0,18444.0
Qwen2.5-32B-Instruct,Qwen,15-1252.00||GA||54||Y||II,3,3,7.935484099908531,-12.745868424929233,20.681352524837763,8421.0,-13797.666666666666,22218.666666666664
Qwen2.5-32B-Instruct,Qwen,15-1252.00||GA||54||Y||III,1,1,14.760494847253781,-12.016953950438767,26.77744879769255,19293.0,-15707.0,35000.0
Qwen2.5-32B-Instruct,Qwen,15-1252.00||GA||54||Y||IV,1,1,-1.4007664447088364,-1.4007664447088364,0.0,-2131.0,-2131.0,0.0
Qwen2.5-32B-Instruct,Qwen,15-1252.00||IL||33||Y||IV,1,1,-9.865425160870622,-9.364950419271025,-0.5004747415995965,-12587.0,-13949.0,1362.0
Qwen2.5-32B-Instruct,Qwen,15-1252.00||IL||51||Y||III,1,1,10.935145019011989,3.284445362528403,7.650699656483585,14293.0,4293.0,10000.0
Qwen2.5-32B-Instruct,Qwen,15-1252.00||IL||51||Y||IV,2,2,-0.7289403415848493,-7.5769218654621495,6.8479815238773005,-1133.0,-11333.0,10200.0
Qwen2.5-32B-Instruct,Qwen,15-1252.00||IL||52||Y||III,1,1,-12.016953950438767,-21.96286350386743,9.945909553428661,-15707.0,-28707.0,13000.0
Qwen2.5-32B-Instruct,Qwen,15-1252.00||IL||52||Y||IV,1,1,-2.1634913284241146,-2.1634913284241146,0.0,-3317.0,-3317.0,0.0
Qwen2.5-32B-Instruct,Qwen,15-1252.00||IL||54||Y||II,1,1,-0.07124550089288192,-10.128091120655403,10.056845619762521,-77.0,-10706.0,10629.0
Qwen2.5-32B-Instruct,Qwen,15-1252.00||IL||54||Y||III,2,2,3.284445362528403,-4.802214057570187,8.08665942009859,4293.0,-6160.0,10453.0
Qwen2.5-32B-Instruct,Qwen,15-1252.00||IN||33||Y||IV,1,1,-3.7076409912720605,-9.52313369287539,5.81549270160333,-4813.0,-10736.0,5923.0
Qwen2.5-32B-Instruct,Qwen,15-1252.00||MA||33||Y||II,1,1,-1.58831876230146,-12.268656260966418,10.680337498664958,-2082.0,-16082.0,14000.0
Qwen2.5-32B-Instruct,Qwen,15-1252.00||MA||33||Y||III,1,1,-12.68126722119452,-1.9579363234952358,-10.723330897699284,-19606.0,-2696.0,-16910.0
Qwen2.5-32B-Instruct,Qwen,15-1252.00||MA||33||Y||IV,1,1,-15.79231015376324,-29.826925128136036,14.034614974372795,-28131.0,-53131.0,25000.0
Qwen2.5-32B-Instruct,Qwen,15-1252.00||MA||51||Y||IV,1,1,-15.79231015376324,-15.79231015376324,0.0,-28131.0,-28131.0,0.0
Qwen2.5-32B-Instruct,Qwen,15-1252.00||MA||54||Y||II,3,3,-5.148431261856446,-24.47844623550272,19.33001497364627,-6748.666666666667,-31187.0,24438.333333333332
Qwen2.5-32B-Instruct,Qwen,15-1252.00||MA||54||Y||III,3,3,-8.291958480484032,-19.580525119766804,11.288566639282772,-12399.333333333334,-30272.666666666668,17873.333333333336
Qwen2.5-32B-Instruct,Qwen,15-1252.00||MA||54||Y||IV,4,4,-11.346462545936957,-8.820231850549854,-2.5262306953871025,-20034.25,-15534.25,-4500.0
Qwen2.5-32B-Instruct,Qwen,15-1252.00||MI||33||Y||II,1,1,-2.388687738526275,-3.4339187072306046,1.0452309687043297,-2441.0,-3332.0,891.0
Qwen2.5-32B-Instruct,Qwen,15-1252.00||MI||33||Y||III,4,4,-2.0875770636571485,-8.658569181222003,6.570992117564854,-2520.0,-10513.75,7993.75
Qwen2.5-32B-Instruct,Qwen,15-1252.00||MI||51||Y||IV,2,2,8.314197825050908,-8.674110081658005,16.98830790670891,11514.0,-12080.5,23594.5
Qwen2.5-32B-Instruct,Qwen,15-1252.00||MI||52||Y||II,1,1,-7.0359134944710835,-8.308053625599374,1.2721401311282907,-7190.0,-8490.0,1300.0
Qwen2.5-32B-Instruct,Qwen,15-1252.00||MI||52||Y||III,1,1,-15.246491454021221,-4.444573698161181,-10.801917755860039,-18349.0,-5349.0,-13000.0
Qwen2.5-32B-Instruct,Qwen,15-1252.00||MI||54||Y||II,2,2,12.4400865559189,-4.911439475486839,17.35152603140574,12009.0,-5019.0,17028.0
Qwen2.5-32B-Instruct,Qwen,15-1252.00||MI||54||Y||III,1,1,7.6868108584200945,-4.444573698161181,12.131384556581276,9251.0,-5349.0,14600.0
Qwen2.5-32B-Instruct,Qwen,15-1252.00||MI||54||Y||IV,1,1,19.145617607555998,-9.738168479124244,28.883786086680242,26514.0,-13486.0,40000.0
Qwen2.5-32B-Instruct,Qwen,15-1252.00||MN||45||Y||III,1,1,5.099355553564009,-0.6343503076360515,5.73370586120006,6259.0,-798.0,7057.0
Qwen2.5-32B-Instruct,Qwen,15-1252.00||MO||54||Y||II,1,1,21.489510670850297,-3.784938286817407,25.274448957667705,16574.0,-3686.0,20260.0
Qwen2.5-32B-Instruct,Qwen,15-1252.00||MO||54||Y||IV,1,1,7.1076646244805275,-3.603101837967525,10.710766462448053,9954.0,-5046.0,15000.0
Qwen2.5-32B-Instruct,Qwen,15-1252.00||NC||42||Y||III,1,1,-3.3968368080517615,1.096333572969087,-4.493170381020849,-4536.0,1464.0,-6000.0
Qwen2.5-32B-Instruct,Qwen,15-1252.00||NC||52||Y||II,1,1,10.53132149191579,-1.4643258017804968,11.995647293696287,12291.0,-1709.0,14000.0
Qwen2.5-32B-Instruct,Qwen,15-1252.00||NC||52||Y||IV,1,1,-7.259136520733766,-19.182253715999973,11.923117195266208,-11741.0,-29669.0,17928.0
Qwen2.5-32B-Instruct,Qwen,15-1252.00||NC||54||Y||I,2,2,-2.9013537163604983,-24.563499387770758,21.662145671410258,-2163.5,-22468.0,20304.5
Qwen2.5-32B-Instruct,Qwen,15-1252.00||NC||54||Y||II,6,6,-0.11262686181029125,-11.191133150577443,11.078506288767151,-175.33333333333334,-12703.666666666666,12528.333333333332
Qwen2.5-32B-Instruct,Qwen,15-1252.00||NC||54||Y||IV,1,1,-16.062423729798486,-4.609279609279609,-11.453144120518877,-24877.0,-7248.0,-17629.0
Qwen2.5-32B-Instruct,Qwen,15-1252.00||NC||56||Y||II,1,1,-15.498470077563509,-6.6035721909912475,-8.894897886572261,-17424.0,-7424.0,-10000.0
Qwen2.5-32B-Instruct,Qwen,15-1252.00||NC||61||Y||IV,1,1,21.179480274673487,34.64386697185943,-13.464386697185944,23595.0,38595.0,-15000.0
Qwen2.5-32B-Instruct,Qwen,15-1252.00||NH||33||Y||III,1,1,9.497415351707396,-30.91209580189382,40.409511153601215,11189.0,-45638.0,56827.0
Qwen2.5-32B-Instruct,Qwen,15-1252.00||NJ||32||Y||IV,2,2,1.3901639413162337,-11.423362886609967,12.8135268279262,1201.5,-21298.5,22500.0
Qwen2.5-32B-Instruct,Qwen,15-1252.00||NJ||33||Y||III,2,2,0.5957185852561262,-22.2660986909611,22.861817276217227,305.5,-35805.0,36110.5
Qwen2.5-32B-Instruct,Qwen,15-1252.00||NJ||45||Y||III,1,1,-4.4915326803628,-9.828674481514879,5.337141801152079,-6819.0,-15805.0,8986.0
Qwen2.5-32B-Instruct,Qwen,15-1252.00||NJ||51||Y||II,1,1,-2.270506147866997,-17.4223656598256,15.151859511958605,-2997.0,-22997.0,20000.0
Qwen2.5-32B-Instruct,Qwen,15-1252.00||NJ||51||Y||IV,1,1,-5.23185516813176,-20.882737668256045,15.650882500124284,-8005.0,-39592.0,31587.0
Qwen2.5-32B-Instruct,Qwen,15-1252.00||NJ||52||Y||II,2,2,5.2923592168452505,2.2235507561708037,3.068808460674447,6061.0,2190.5,3870.5
Qwen2.5-32B-Instruct,Qwen,15-1252.00||NJ||52||Y||IV,1,1,-20.882737668256045,18.319080266349395,-39.201817934605444,-39592.0,27869.0,-67461.0
Qwen2.5-32B-Instruct,Qwen,15-1252.00||NJ||54||Y||II,2,2,-2.270506147866997,-12.635474309338047,10.364968161471051,-2997.0,-14589.0,11592.0
Qwen2.5-32B-Instruct,Qwen,15-1252.00||NJ||61||Y||IV,1,1,30.242250586090126,8.535208821741772,21.707041764348354,34830.0,9830.0,25000.0
Qwen2.5-32B-Instruct,Qwen,15-1252.00||NV||54||Y||II,2,2,-5.332936228587931,-15.434739445136369,10.101803216548438,-5909.0,-17102.0,11193.0
Qwen2.5-32B-Instruct,Qwen,15-1252.00||NY||33||Y||IV,2,2,-20.882737668256045,-23.519979745980844,2.6372420777247996,-39592.0,-44592.0,5000.0
Qwen2.5-32B-Instruct,Qwen,15-1252.00||NY||45||Y||II,1,1,-7.000064695607168,1.086886200426991,-8.086950896034159,-8656.0,1344.0,-10000.0
Qwen2.5-32B-Instruct,Qwen,15-1252.00||NY||51||Y||II,3,3,-3.2806301153309043,-10.888761230383173,7.608131115052268,-4330.333333333333,-14094.666666666666,9764.333333333332
Qwen2.5-32B-Instruct,Qwen,15-1252.00||NY||51||Y||III,8,8,-14.94081586143573,-17.151946313268024,2.211130451832293,-23856.75,-27456.75,3600.0
Qwen2.5-32B-Instruct,Qwen,15-1252.00||NY||51||Y||IV,6,6,-11.247049708838839,-16.258773225311895,5.011723516473056,-21323.666666666668,-30825.333333333332,9501.666666666664
Qwen2.5-32B-Instruct,Qwen,15-1252.00||NY||52||Y||II,1,1,-17.4223656598256,2.2750517057205846,-19.697417365546187,-22997.0,3003.0,-26000.0
Qwen2.5-32B-Instruct,Qwen,15-1252.00||NY||52||Y||III,2,2,-19.59205248593016,-8.2739964553341,-11.318056030596061,-31505.0,-13305.0,-18200.0
Qwen2.5-32B-Instruct,Qwen,15-1252.00||NY||52||Y||IV,2,2,0.05544006279632052,-5.059285201907254,5.114725264703575,-1109.0,-9592.0,8483.0
Qwen2.5-32B-Instruct,Qwen,15-1252.00||NY||54||Y||II,4,4,0.5139264922068114,8.514579468239145,-8.000652976032333,588.25,8144.25,-7556.0
Qwen2.5-32B-Instruct,Qwen,15-1252.00||NY||54||Y||III,5,5,-10.092554909832844,-15.814154984656522,5.721600074823678,-16207.8,-26884.0,10676.2
Qwen2.5-32B-Instruct,Qwen,15-1252.00||NY||54||Y||IV,5,5,-10.543785154778892,-12.293068688202549,1.7492835334236574,-19670.0,-21965.4,2295.4000000000015
Qwen2.5-32B-Instruct,Qwen,15-1252.00||NY||62||Y||II,1,1,17.41576101796734,4.6729652485755375,12.742795769391805,19134.0,5134.0,14000.0
Qwen2.5-32B-Instruct,Qwen,15-1252.00||OH||54||Y||II,5,5,3.7009259580693814,-11.206848735163481,14.907774693232863,3690.0,-11370.2,15060.2
Qwen2.5-32B-Instruct,Qwen,15-1252.00||OR||33||Y||III,1,1,-15.620094191522764,-15.620094191522764,0.0,-23880.0,-23880.0,0.0
Qwen2.5-32B-Instruct,Qwen,15-1252.00||PA||33||Y||II,1,1,9.309354979754007,-2.5900132004187717,11.899368180172779,9794.0,-2845.0,12639.0
Qwen2.5-32B-Instruct,Qwen,15-1252.00||PA||33||Y||III,1,1,-3.7455534630675875,7.9723791588198365,-11.717932621887424,-4475.0,9525.0,-14000.0
Qwen2.5-32B-Instruct,Qwen,15-1252.00||PA||33||Y||IV,1,1,-7.924463958395498,-10.477691040607318,2.55322708221182,-11154.0,-14630.0,3476.0
Qwen2.5-32B-Instruct,Qwen,15-1252.00||PA||54||Y||IV,1,1,6.568907455560765,2.6848669888689605,3.884040466691805,9246.0,3922.0,5324.0
Qwen2.5-32B-Instruct,Qwen,15-1252.00||SC||52||Y||III,1,1,-3.3968368080517615,4.6729652485755375,-8.0698020566273,-4536.0,5134.0,-9670.0
Qwen2.5-32B-Instruct,Qwen,15-1252.00||TN||54||Y||II,1,1,5.4831904310294775,11.289604583196237,-5.806414152166759,5666.0,11666.0,-6000.0
Qwen2.5-32B-Instruct,Qwen,15-1252.00||TN||54||Y||III,1,1,-8.105601264192103,-5.828017393155744,-2.2775838710363585,-9438.0,-7117.0,-2321.0
Qwen2.5-32B-Instruct,Qwen,15-1252.00||TN||55||Y||III,1,1,5.636397880720948,-16.47354586175553,22.109943742476478,6883.0,-20117.0,27000.0
Qwen2.5-32B-Instruct,Qwen,15-1252.00||TX||22||Y||III,1,1,5.6032291120724045,-10.04169371934573,15.644922831418135,7163.0,-12837.0,20000.0
Qwen2.5-32B-Instruct,Qwen,15-1252.00||TX||33||Y||III,1,1,1.3790999475895085,-14.796511843284854,16.175611790874363,1763.0,-19971.0,21734.0
Qwen2.5-32B-Instruct,Qwen,15-1252.00||TX||33||Y||IV,2,2,-11.036380311831245,-18.9850198715989,7.948639559767656,-18050.0,-31050.0,13000.0
Qwen2.5-32B-Instruct,Qwen,15-1252.00||TX||44||Y||IV,2,2,-2.1555840755135973,-8.284928156527055,6.129344081013458,-3389.5,-13550.0,10160.5
Qwen2.5-32B-Instruct,Qwen,15-1252.00||TX||48||Y||II,1,1,-4.359607874392285,-17.023104239171825,12.66349636477954,-4923.0,-19223.0,14300.0
Qwen2.5-32B-Instruct,Qwen,15-1252.00||TX||51||Y||I,1,1,18.971584576273308,-17.94896187599591,36.92054645226922,15149.0,-15094.0,30243.0
Qwen2.5-32B-Instruct,Qwen,15-1252.00||TX||51||Y||II,1,1,19.550490157009644,-17.21421475504122,36.76470491205086,22077.0,-19754.0,41831.0
Qwen2.5-32B-Instruct,Qwen,15-1252.00||TX||51||Y||III,2,2,-0.46009883604626167,-6.527161746270528,6.067062910224266,-621.0,-8515.0,7894.0
Qwen2.5-32B-Instruct,Qwen,15-1252.00||TX||51||Y||IV,7,7,-0.09055361098179107,-3.907060235832442,3.8165066248506507,-219.71428571428572,-6417.714285714285,6198.0
Qwen2.5-32B-Instruct,Qwen,15-1252.00||TX||52||Y||I,1,1,4.23498547737281,-23.63455259808533,27.86953807545814,3616.0,-21355.0,24971.0
Qwen2.5-32B-Instruct,Qwen,15-1252.00||TX||52||Y||II,1,1,13.33081487078065,-2.588489501695846,15.919304372476496,11998.0,-2923.0,14921.0
Qwen2.5-32B-Instruct,Qwen,15-1252.00||TX||52||Y||III,4,4,-3.991747891231622,0.791139188197092,-4.782887079428714,-5593.0,1052.25,-6645.25
Qwen2.5-32B-Instruct,Qwen,15-1252.00||TX||52||Y||IV,5,5,-1.0884409143634328,-10.85224590690127,9.763804992537837,-2208.6,-17485.8,15277.199999999999
Qwen2.5-32B-Instruct,Qwen,15-1252.00||TX||54||Y||I,5,5,6.5652228641304164,-8.825365242962569,15.390588107092984,5792.6,-7912.0,13704.6
Qwen2.5-32B-Instruct,Qwen,15-1252.00||TX||54||Y||II,16,16,2.148220152153775,-9.311105563158605,11.459325715312382,2278.5625,-10382.4375,12661.0
Qwen2.5-32B-Instruct,Qwen,15-1252.00||TX||54||Y||III,4,4,-6.691090664488059,-9.773673966543377,3.082583302055318,-9045.0,-12367.0,3322.0
Qwen2.5-32B-Instruct,Qwen,15-1252.00||TX||54||Y||IV,6,6,2.6793921181851914,-5.603889040550698,8.283281158735889,4204.833333333333,-9071.166666666666,13276.0
Qwen2.5-32B-Instruct,Qwen,15-1252.00||TX||55||Y||III,1,1,0.021486097013432515,-24.42821050447874,24.449696601492175,29.0,-32971.0,33000.0
Qwen2.5-32B-Instruct,Qwen,15-1252.00||TX||55||Y||IV,2,2,3.183106948118974,12.636168190518475,-9.453061242399501,4726.0,19110.5,-14384.5
Qwen2.5-32B-Instruct,Qwen,15-1252.00||TX||92||Y||II,1,1,21.725673737449988,-9.672962992481603,31.39863672993159,23024.0,-10923.0,33947.0
Qwen2.5-32B-Instruct,Qwen,15-1252.00||UT||54||Y||III,2,2,0.3466252332934483,-0.5413352579344481,0.8879604912278964,445.5,-1188.0,1633.5
Qwen2.5-32B-Instruct,Qwen,15-1252.00||VA||54||Y||I,2,2,6.979816803226157,5.682987163158524,1.2968296400676333,7079.0,4603.0,2476.0
Qwen2.5-32B-Instruct,Qwen,15-1252.00||VA||54||Y||II,1,1,1.4793643109178762,-8.79530494091522,10.274669251833096,1589.0,-11090.0,12679.0
Qwen2.5-32B-Instruct,Qwen,15-1252.00||VA||54||Y||III,1,1,-7.732922962628849,-23.718807625465978,15.98588466283713,-11658.0,-35758.0,24100.0
Qwen2.5-32B-Instruct,Qwen,15-1252.00||VA||81||Y||III,2,2,-0.5027925549556242,-11.40204129372497,10.899248738769346,-758.0,-15982.0,15224.0
Qwen2.5-32B-Instruct,Qwen,15-1252.00||WA||33||Y||III,2,2,-18.34984228874993,-29.216950947495366,10.867108658745437,-33160.0,-50286.0,17126.0
Qwen2.5-32B-Instruct,Qwen,15-1252.00||WA||33||Y||IV,6,6,-32.163190134854716,-34.46571172803534,2.3025215931806216,-67082.66666666667,-72082.66666666667,5000.0
Qwen2.5-32B-Instruct,Qwen,15-1252.00||WA||44||Y||III,1,1,-19.760942947263572,-28.61490786342759,8.853964916164017,-35710.0,-51710.0,16000.0
Qwen2.5-32B-Instruct,Qwen,15-1252.00||WA||45||Y||III,2,2,-28.61490786342759,-25.294671019866083,-3.3202368435615064,-51710.0,-45710.0,-6000.0
Qwen2.5-32B-Instruct,Qwen,15-1252.00||WA||45||Y||IV,3,3,-34.02512700163052,-20.07450192765813,-13.950625073972393,-72202.0,-41630.0,-30572.0
Qwen2.5-32B-Instruct,Qwen,15-1252.00||WA||51||Y||II,3,3,-16.689002054855713,-24.148657858242675,7.459655803386962,-24906.666666666668,-35246.333333333336,10339.666666666668
Qwen2.5-32B-Instruct,Qwen,15-1252.00||WA||51||Y||III,3,3,-25.645140464464244,-27.508162248907087,1.863021784442843,-46343.333333333336,-49710.0,3366.6666666666642
Qwen2.5-32B-Instruct,Qwen,15-1252.00||WA||51||Y||IV,11,11,-25.036247334270158,-28.515796698000443,3.4795493637302854,-52500.545454545456,-60511.09090909091,8010.545454545456
Qwen2.5-32B-Instruct,Qwen,15-1252.00||WA||52||Y||I,1,1,-19.31990929859277,-24.415493974471122,5.095584675878353,-22749.0,-28749.0,6000.0
Qwen2.5-32B-Instruct,Qwen,15-1252.00||WA||52||Y||II,1,1,-12.89198606271777,-22.942910747788797,10.050924685071028,-19240.0,-34240.0,15000.0
Qwen2.5-32B-Instruct,Qwen,15-1252.00||WA||52||Y||III,2,2,-24.18792540534558,-25.294671019866083,1.1067456145205021,-43710.0,-45710.0,2000.0
Qwen2.5-32B-Instruct,Qwen,15-1252.00||WA||52||Y||IV,1,1,-38.737617930085484,-22.243899680493115,-16.49371824959237,-82202.0,-47202.0,-35000.0
Qwen2.5-32B-Instruct,Qwen,15-1252.00||WA||54||Y||II,4,4,-8.514607808616518,-19.284606429751886,10.769998621135368,-12499.5,-27572.25,15072.75
Qwen2.5-32B-Instruct,Qwen,15-1252.00||WA||54||Y||III,1,1,-23.025842510099054,-21.275219391927354,-1.7506231181716991,-41610.0,-34862.0,-6748.0
Qwen2.5-32B-Instruct,Qwen,15-1252.00||WA||54||Y||IV,4,4,-27.89888879463907,-18.460056081380813,-9.438832713258257,-59202.0,-38416.0,-20786.0
Qwen2.5-32B-Instruct,Qwen,15-1252.00||WA||56||Y||III,2,2,-28.61490786342759,-26.954789441646838,-1.6601184217807514,-51710.0,-48710.0,-3000.0
Qwen2.5-32B-Instruct,Qwen,15-1252.00||WI||33||Y||IV,1,1,14.178712520837616,-1.7385304754611692,15.917242996298786,18627.0,-2293.0,20920.0
Qwen2.5-32B-Instruct,Qwen,15-1252.00||WI||54||Y||II,1,1,-3.153130192776243,11.1190400946041,-14.272170287380344,-3093.0,10907.0,-14000.0
Qwen2.5-32B-Instruct,Qwen,15-1252||CA||54||Y||I,1,1,-17.980684451188253,-16.855779012442287,-1.1249054387459658,-26307.0,-17232.0,-9075.0
Qwen2.5-32B-Instruct,Qwen,15-1252||CA||54||Y||II,1,1,-31.288317416014618,-28.092425202805995,-3.195892213208623,-58741.0,-52741.0,-6000.0
Qwen2.5-32B-Instruct,Qwen,15-1252||CA||54||Y||III,1,1,-31.015574560666497,-31.015574560666497,0.0,-70138.0,-70138.0,0.0
Qwen2.5-32B-Instruct,Qwen,15-1253.00||CA||33||Y||IV,2,2,-12.009240328951789,-35.34043262224388,23.33119229329209,-19376.0,-71053.0,51677.0
Qwen2.5-32B-Instruct,Qwen,15-1253.00||CA||54||Y||I,1,1,13.633950001061999,-0.2508256818259202,13.88477568288792,12838.0,-221.0,13059.0
Qwen2.5-32B-Instruct,Qwen,15-1253.00||IL||54||Y||II,1,1,6.37090182544728,1.0353283080555808,5.335573517391699,5612.0,912.0,4700.0
Qwen2.5-32B-Instruct,Qwen,15-1253.00||MI||33||Y||IV,2,2,-0.3413309415252759,-2.4175532135768325,2.076222272051557,-411.0,-2911.0,2500.0
Qwen2.5-32B-Instruct,Qwen,15-1253.00||MN||54||Y||IV,1,1,0.09368769167941193,0.09368769167941193,0.0,117.0,117.0,0.0
Qwen2.5-32B-Instruct,Qwen,15-1255.00||CA||51||Y||IV,1,1,-19.684305777911042,-33.07025481492587,13.385949037014825,-36763.0,-61763.0,25000.0
Qwen2.5-32B-Instruct,Qwen,15-1295.00||OH||62||Y||I,1,1,21.659816759288336,29.71585400821989,-8.056037248931553,15863.0,21763.0,-5900.0
Qwen2.5-32B-Instruct,Qwen,15-1299.00||CA||54||Y||IV,1,1,-3.2226846027291205,-19.352237168940935,16.129552566211814,-5994.0,-35994.0,30000.0
Qwen2.5-32B-Instruct,Qwen,15-1299.00||MA||54||Y||II,1,1,38.12002077325113,42.53986143799516,-4.419840664744029,34499.0,38499.0,-4000.0
Qwen2.5-32B-Instruct,Qwen,15-1299.00||NC||33||Y||IV,1,1,6.537874214283177,-20.665143437420664,27.203017651703842,9205.0,-32560.0,41765.0
Qwen2.5-32B-Instruct,Qwen,15-1299.00||NJ||54||Y||II,1,1,26.740035064743033,36.24553769459876,-9.505502629855727,25318.0,34318.0,-9000.0
Qwen2.5-32B-Instruct,Qwen,15-1299.00||TX||54||Y||IV,1,1,20.611096220852318,3.9429006998821983,16.66819552097012,30760.0,5690.0,25070.0
Qwen2.5-32B-Instruct,Qwen,15-1299.08||CA||33||Y||IV,1,1,-26.05605399252494,-18.04215117001038,-8.01390282251456,-58142.0,-36323.0,-21819.0
Qwen2.5-32B-Instruct,Qwen,15-1299.08||CA||51||Y||III,1,1,-17.26100842282934,-17.26100842282934,0.0,-31293.0,-31293.0,0.0
Qwen2.5-32B-Instruct,Qwen,15-1299.08||CA||54||Y||II,3,3,15.041040904771378,19.19341486382382,-4.15237395905244,17975.666666666668,18609.0,-633.3333333333321
Qwen2.5-32B-Instruct,Qwen,15-1299.08||CA||54||Y||IV,2,2,-18.000457752512258,5.486056773678262,-23.48651452619052,-39568.0,7738.5,-47306.5
Qwen2.5-32B-Instruct,Qwen,15-1299.08||NJ||54||Y||II,1,1,42.58253944783591,21.45920027037874,21.123339177457172,40318.0,20318.0,20000.0
Qwen2.5-32B-Instruct,Qwen,15-1299.08||NY||52||Y||IV,1,1,13.226062123366084,13.226062123366084,0.0,21026.0,21026.0,0.0
Qwen2.5-32B-Instruct,Qwen,15-1299.08||TN||44||Y||IV,1,1,59.82951518380394,59.82951518380394,0.0,56150.0,56150.0,0.0
Qwen2.5-32B-Instruct,Qwen,15-1299.08||TX||54||Y||III,1,1,34.09379413920724,-5.450124940906328,39.54391908011357,38138.0,-6456.0,44594.0
Qwen2.5-32B-Instruct,Qwen,15-1299.09||CA||51||Y||III,2,2,-17.26100842282934,-25.53490758054641,8.273899157717068,-31293.0,-46293.0,15000.0
Qwen2.5-32B-Instruct,Qwen,15-1299.09||CA||51||Y||IV,1,1,-3.2226846027291205,33.86880856760375,-37.09149317033287,-5994.0,37950.0,-43944.0
Qwen2.5-32B-Instruct,Qwen,15-1299.09||CA||52||Y||IV,1,1,-32.7782309022954,-19.352237168940935,-13.425993733354463,-73142.0,-35994.0,-37148.0
Qwen2.5-32B-Instruct,Qwen,15-1299.09||CA||54||Y||III,2,2,-0.2692729629999003,-15.660056657678842,15.390783694678941,-405.0,-28349.0,27944.0
Qwen2.5-32B-Instruct,Qwen,15-1299.09||CO||51||Y||III,1,1,5.517386920533683,7.371712278170042,-1.854325357636359,7059.0,8582.0,-1523.0
Qwen2.5-32B-Instruct,Qwen,15-1299.09||GA||52||Y||II,1,1,67.7367112036555,16.584340122681066,51.15237108097443,58555.0,13329.0,45226.0
Qwen2.5-32B-Instruct,Qwen,15-1299.09||GA||52||Y||IV,1,1,37.86553514805227,-11.91924143318883,49.7847765812411,49438.0,-15562.0,65000.0
Qwen2.5-32B-Instruct,Qwen,15-1299.09||GA||54||Y||III,1,1,24.407910500027647,3.212488711134047,21.1954217888936,26486.0,3486.0,23000.0
Qwen2.5-32B-Instruct,Qwen,15-1299.09||IL||33||Y||III,1,1,25.418060200668897,-5.2396878483835,30.657748049052397,27360.0,-5640.0,33000.0
Qwen2.5-32B-Instruct,Qwen,15-1299.09||MA||54||Y||III,1,1,16.754737215356275,-0.5422608906224324,17.29699810597871,19373.0,-627.0,20000.0
Qwen2.5-32B-Instruct,Qwen,15-1299.09||NJ||52||Y||IV,1,1,13.226062123366084,-5.644948230528263,18.87101035389435,21026.0,-8974.0,30000.0
Qwen2.5-32B-Instruct,Qwen,15-1299.09||NJ||54||Y||III,2,2,24.730109848517433,-1.7566624746345179,26.48677232315195,28749.0,-2534.5,31283.5
Qwen2.5-32B-Instruct,Qwen,15-1299.09||NY||51||Y||IV,1,1,3.7905569464189113,-5.644948230528263,9.435505176947174,6026.0,-8974.0,15000.0
Qwen2.5-32B-Instruct,Qwen,15-1299.09||NY||52||Y||IV,2,2,15.418880283485638,-5.644948230528263,21.0638285140139,23990.0,-8974.0,32964.0
Qwen2.5-32B-Instruct,Qwen,15-1299.09||NY||54||Y||IV,1,1,13.226062123366084,3.7905569464189113,9.435505176947173,21026.0,6026.0,15000.0
Qwen2.5-32B-Instruct,Qwen,15-1299.09||TX||22||Y||IV,1,1,7.139030748901825,0.5092468507102653,6.62978389819156,9995.0,760.0,9235.0
Qwen2.5-32B-Instruct,Qwen,15-1299.09||TX||54||Y||III,1,1,4.2248588795410775,-5.450124940906328,9.674983820447405,5067.0,-6456.0,11523.0
Qwen2.5-32B-Instruct,Qwen,15-1299.09||TX||54||Y||IV,1,1,3.9429006998821983,28.56683689868219,-24.623936198799992,5690.0,39995.0,-34305.0
Qwen2.5-32B-Instruct,Qwen,15-1299.09||WA||51||Y||II,1,1,17.685585050860638,12.057373375168087,5.628211675692551,17282.0,13450.0,3832.0
Qwen2.5-32B-Instruct,Qwen,15-1299.09||WA||51||Y||IV,1,1,-1.2118018967334037,-1.2118018967334037,0.0,-2024.0,-2024.0,0.0
Qwen2.5-32B-Instruct,Qwen,15-2021.00||NY||52||Y||IV,1,1,53.08660874889969,37.77794787400972,15.308660874889974,69355.0,49355.0,20000.0
Qwen2.5-32B-Instruct,Qwen,15-2031.00||CA||51||Y||IV,5,5,-13.693548429647766,-1.576626962300331,-12.116921467347435,-20316.2,-3788.6,-16527.600000000002
Qwen2.5-32B-Instruct,Qwen,15-2031.00||CA||52||Y||IV,1,1,4.587631885003807,-9.21257036025797,13.800202245261778,5483.0,-13699.0,19182.0
Qwen2.5-32B-Instruct,Qwen,15-2031.00||CA||54||Y||II,2,2,3.9128226028336193,12.783031288169063,-8.870208685335443,3721.0,13007.5,-9286.5
Qwen2.5-32B-Instruct,Qwen,15-2031.00||CA||54||Y||III,7,7,6.890787223371364,-5.634919432713079,12.525706656084441,7903.571428571428,-7255.571428571428,15159.142857142857
Qwen2.5-32B-Instruct,Qwen,15-2031.00||CA||54||Y||IV,3,3,-8.62449405043928,-1.6143429058254892,-7.010151144613791,-12742.0,-2650.0,-10092.0
Qwen2.5-32B-Instruct,Qwen,15-2031.00||GA||44||Y||III,2,2,37.283042812572205,14.871646050229138,22.411396762343067,31217.5,12299.0,18918.5
Qwen2.5-32B-Instruct,Qwen,15-2031.00||GA||44||Y||IV,1,1,7.405891980360066,7.405891980360066,0.0,7240.0,7240.0,0.0
Qwen2.5-32B-Instruct,Qwen,15-2031.00||IL||52||Y||IV,1,1,16.652319772165953,8.607332201671749,8.044987570494204,20699.0,10699.0,10000.0
Qwen2.5-32B-Instruct,Qwen,15-2031.00||IL||54||Y||II,2,2,30.960141553361893,7.096293536971503,23.863848016390392,26596.0,6096.0,20500.0
Qwen2.5-32B-Instruct,Qwen,15-2031.00||IL||54||Y||III,1,1,-12.313752354855284,-9.611615383151605,-2.7021369717036787,-12942.0,-10102.0,-2840.0
Qwen2.5-32B-Instruct,Qwen,15-2031.00||MA||54||Y||II,2,2,34.183713011169864,1.571438578466855,32.61227443270301,27871.5,1346.0,26525.5
Qwen2.5-32B-Instruct,Qwen,15-2031.00||MO||54||Y||IV,1,1,58.60730101128015,37.03670807374605,21.5705929375341,46189.0,29189.0,17000.0
Qwen2.5-32B-Instruct,Qwen,15-2031.00||NC||52||Y||IV,2,2,2.6053551786974865,12.132765193989684,-9.527410015292197,3174.0,12984.0,-9810.0
Qwen2.5-32B-Instruct,Qwen,15-2031.00||NC||54||Y||IV,1,1,-6.319323700461658,3.4126163391933817,-9.73194003965504,-8432.0,3366.0,-11798.0
Qwen2.5-32B-Instruct,Qwen,15-2031.00||NJ||52||Y||II,1,1,42.43453489646105,25.999780869946314,16.43475402651474,38730.0,23730.0,15000.0
Qwen2.5-32B-Instruct,Qwen,15-2031.00||NJ||54||Y||I,1,1,37.94305130029476,10.537951363301401,27.40509993699336,26131.0,7150.0,18981.0
Qwen2.5-32B-Instruct,Qwen,15-2031.00||NJ||54||Y||III,1,1,-14.373499437551418,-4.937465384837939,-9.43603405271348,-17122.0,-5973.0,-11149.0
Qwen2.5-32B-Instruct,Qwen,15-2031.00||NJ||54||Y||IV,1,1,1.3397818049663481,-5.649168664341675,6.9889504693080235,1917.0,-8083.0,10000.0
Qwen2.5-32B-Instruct,Qwen,15-2031.00||NY||54||Y||III,1,1,3.3288419730022403,-11.049097409959012,14.377939382961252,4027.0,-12670.0,16697.0
Qwen2.5-32B-Instruct,Qwen,15-2031.00||NY||54||Y||IV,1,1,2.031099078999279,-14.974084100833934,17.005183179833214,2986.0,-22014.0,25000.0
Qwen2.5-32B-Instruct,Qwen,15-2031.00||PA||54||Y||IV,1,1,14.146564188417928,5.691263137424008,8.45530105099392,16731.0,6731.0,10000.0
Qwen2.5-32B-Instruct,Qwen,15-2031.00||TN||54||Y||II,1,1,35.90189439004301,27.123186962981116,8.778707427061896,23538.0,17709.0,5829.0
Qwen2.5-32B-Instruct,Qwen,15-2031.00||TX||42||Y||IV,1,1,15.082214734206117,15.082214734206117,0.0,16382.0,16382.0,0.0
Qwen2.5-32B-Instruct,Qwen,15-2031.00||TX||52||Y||IV,1,1,-5.583418937700163,-5.583418937700163,0.0,-7392.0,-7392.0,0.0
Qwen2.5-32B-Instruct,Qwen,15-2031.00||TX||54||Y||II,1,1,34.46446470919003,-0.21302836640879022,34.677493075598825,28194.0,-190.0,28384.0
Qwen2.5-32B-Instruct,Qwen,15-2031.00||TX||54||Y||III,2,2,13.234519061080476,-4.346421065432957,17.580940126513433,11600.5,-4777.5,16378.0
Qwen2.5-32B-Instruct,Qwen,15-2031.00||TX||54||Y||IV,1,1,1.969907547283824,-16.977682991850102,18.947590539133927,2608.0,-22290.0,24898.0
Qwen2.5-32B-Instruct,Qwen,15-2031.00||VA||44||Y||III,1,1,-0.1892411986872889,-14.561990466076319,14.372749267389029,-237.0,-18237.0,18000.0
Qwen2.5-32B-Instruct,Qwen,15-2031.00||WA||45||Y||I,1,1,33.82166502324271,5.6486829130863505,28.172982110156358,24010.0,4010.0,20000.0
Qwen2.5-32B-Instruct,Qwen,15-2031.00||WA||51||Y||IV,2,2,8.987449234793383,-2.484913842553289,11.472363077346671,11751.0,-3249.0,15000.0
Qwen2.5-32B-Instruct,Qwen,15-2031.00||WA||52||Y||III,1,1,17.443674013942914,-14.276948620310046,31.720622634252962,18566.0,-15822.0,34388.0
Qwen2.5-32B-Instruct,Qwen,15-2031.00||WA||54||Y||III,1,1,12.793488657486781,-7.960513255490787,20.754001912977568,14178.0,-8822.0,23000.0
Qwen2.5-32B-Instruct,Qwen,15-2031||MA||54||Y||II,2,2,31.342377472155412,10.911340976486796,20.431036495668614,26846.0,9346.0,17500.0
Qwen2.5-32B-Instruct,Qwen,15-2041.00||CA||33||Y||IV,1,1,-36.013595831157794,-33.6588961577444,-2.3546996734133927,-70354.0,-65754.0,-4600.0
Qwen2.5-32B-Instruct,Qwen,15-2041.00||CA||52||Y||IV,1,1,11.789299528249156,-32.66522270977589,44.45452223802505,15819.0,-58214.0,74033.0
Qwen2.5-32B-Instruct,Qwen,15-2041.00||CA||54||Y||II,3,3,8.945428771334363,-6.484097374664081,15.429526145998445,8825.666666666666,-6587.0,15412.666666666666
Qwen2.5-32B-Instruct,Qwen,15-2041.00||CA||54||Y||III,3,3,-6.378337955192052,-16.081868545025472,9.70353058983342,-9006.666666666666,-25398.0,16391.333333333336
Qwen2.5-32B-Instruct,Qwen,15-2041.00||FL||52||Y||II,2,2,-0.20843165014944143,-13.210641130992832,13.00220948084339,-212.0,-13237.0,13025.0
Qwen2.5-32B-Instruct,Qwen,15-2041.00||IL||52||Y||IV,1,1,-9.425540548374007,10.183933713345478,-19.609474261719484,-13008.0,13864.0,-26872.0
Qwen2.5-32B-Instruct,Qwen,15-2041.00||NC||54||Y||III,1,1,-9.629999397533329,-24.002983060478,14.372983662944673,-11189.0,-33795.0,22606.0
Qwen2.5-32B-Instruct,Qwen,15-2041.00||NJ||54||Y||II,1,1,-15.90315584473067,-14.276948620310046,-1.6262072244206234,-17965.0,-15822.0,-2143.0
Qwen2.5-32B-Instruct,Qwen,15-2041.00||NJ||54||Y||III,1,1,-13.418714025475678,-34.19822265936151,20.779508633885833,-19373.0,-49373.0,30000.0
Qwen2.5-32B-Instruct,Qwen,15-2041.00||NJ||54||Y||IV,1,1,-14.666545303531098,-28.888787752942584,14.222242449411485,-25781.0,-50781.0,25000.0
Qwen2.5-32B-Instruct,Qwen,15-2041.00||NY||52||Y||II,1,1,-2.6247067675828797,-4.3951666445359185,1.7704598769530389,-2965.0,-4965.0,2000.0
Qwen2.5-32B-Instruct,Qwen,15-2041.00||NY||52||Y||III,4,4,-13.418714025475678,-4.255401080584215,-9.163312944891462,-19373.0,-6072.0,-13301.0
Qwen2.5-32B-Instruct,Qwen,15-2041.00||NY||52||Y||IV,1,1,-17.00009731023074,2.400145635762682,-19.40024294599342,-29699.0,4219.0,-33918.0
Qwen2.5-32B-Instruct,Qwen,15-2041.00||NY||54||Y||II,1,1,-4.3951666445359185,1.8014429247997168,-6.196609569335635,-4965.0,2035.0,-7000.0
Qwen2.5-32B-Instruct,Qwen,15-2041.00||NY||54||Y||III,1,1,-13.418714025475678,-20.345216903437624,6.926502877961946,-19373.0,-29373.0,10000.0
Qwen2.5-32B-Instruct,Qwen,15-2041.00||TX||54||Y||I,1,1,31.73865419343379,-9.264251430074298,41.002905623508084,21442.0,-7045.0,28487.0
Qwen2.5-32B-Instruct,Qwen,15-2041.00||TX||54||Y||IV,2,2,-0.828512124275723,-12.034590599572386,11.206078475296664,-1479.5,-16978.5,15499.0
Qwen2.5-32B-Instruct,Qwen,15-2041.00||WA||51||Y||IV,1,1,5.706589827110999,17.451766474567776,-11.745176647456777,7288.0,22288.0,-15000.0
Qwen2.5-32B-Instruct,Qwen,15-2041.01||CA||54||Y||III,1,1,-10.651103280176697,-11.610253210627567,0.9591499304508702,-14901.0,-13398.0,-1503.0
Qwen2.5-32B-Instruct,Qwen,15-2051.00||CA||33||Y||I,1,1,20.747280771237033,-10.953525835620209,31.700806606857242,21478.0,-13531.0,35009.0
Qwen2.5-32B-Instruct,Qwen,15-2051.00||CA||33||Y||II,1,1,-10.415671285236503,-39.76041857903433,29.344747293797827,-13952.0,-69304.0,55352.0
Qwen2.5-32B-Instruct,Qwen,15-2051.00||CA||33||Y||IV,1,1,-5.546320084630497,13.344415898443403,-18.8907359830739,-8808.0,21192.0,-30000.0
Qwen2.5-32B-Instruct,Qwen,15-2051.00||CA||45||Y||I,1,1,8.235165495941182,-1.1006812116871711,9.335846707628352,6026.0,-1291.0,7317.0
Qwen2.5-32B-Instruct,Qwen,15-2051.00||CA||45||Y||II,1,1,-31.15476409032495,-12.57506775432249,-18.57969633600246,-54304.0,-18699.0,-35605.0
Qwen2.5-32B-Instruct,Qwen,15-2051.00||CA||45||Y||III,2,2,-19.435030588682885,-17.884710133026772,-1.550320455656113,-31522.5,-29403.0,-2119.5
Qwen2.5-32B-Instruct,Qwen,15-2051.00||CA||51||Y||I,1,1,2.309640125840857,46.99965957973571,-44.690019453894855,2709.0,30374.0,-27665.0
Qwen2.5-32B-Instruct,Qwen,15-2051.00||CA||51||Y||II,1,1,-10.415671285236503,-6.682990922121357,-3.7326803631151453,-13952.0,-8952.0,-5000.0
Qwen2.5-32B-Instruct,Qwen,15-2051.00||CA||51||Y||IV,1,1,-15.312522455012985,-25.577671248344746,10.265148793331761,-29834.0,-49834.0,20000.0
Qwen2.5-32B-Instruct,Qwen,15-2051.00||CA||52||Y||II,1,1,0.936151653452546,-10.415671285236503,11.351822938689049,1202.0,-13952.0,15154.0
Qwen2.5-32B-Instruct,Qwen,15-2051.00||CA||52||Y||III,3,3,-15.135885927375833,-8.76078903669641,-6.375096890679423,-24825.333333333332,-14403.0,-10422.333333333332
Qwen2.5-32B-Instruct,Qwen,15-2051.00||CA||52||Y||IV,2,2,-24.294527649178278,-9.095790214112903,-15.198737435065375,-47334.0,-16346.5,-30987.5
Qwen2.5-32B-Instruct,Qwen,15-2051.00||CA||54||Y||I,1,1,15.91738954038755,22.81437596665531,-6.896986426267759,16478.0,17406.0,-928.0
Qwen2.5-32B-Instruct,Qwen,15-2051.00||CA||54||Y||II,3,3,-10.415671285236503,2.2739080457159946,-12.689579330952498,-13952.0,1979.3333333333333,-15931.333333333334
Qwen2.5-32B-Instruct,Qwen,15-2051.00||CA||54||Y||IV,1,1,-15.147172515226368,-14.991688076167447,-0.1554844390589203,-24099.0,-23808.0,-291.0
Qwen2.5-32B-Instruct,Qwen,15-2051.00||CA||56||Y||III,1,1,-27.00863122935713,-4.045444077684809,-22.96318715167232,-44403.0,-5270.0,-39133.0
Qwen2.5-32B-Instruct,Qwen,15-2051.00||CA||61||Y||I,1,1,59.20507260300294,15.488932310653562,43.71614029234938,43138.0,10622.0,32516.0
Qwen2.5-32B-Instruct,Qwen,15-2051.00||CO||33||Y||IV,1,1,7.39706546776977,-25.917389658067595,33.31445512583736,9987.0,-47229.0,57216.0
Qwen2.5-32B-Instruct,Qwen,15-2051.00||CT||52||Y||IV,1,1,-0.36966290590773543,-28.888787752942584,28.51912484703485,-538.0,-50781.0,50243.0
Qwen2.5-32B-Instruct,Qwen,15-2051.00||DC||54||Y||II,1,1,11.265406808752878,-12.02270159307912,23.288108401831998,13061.0,-13939.0,27000.0
Qwen2.5-32B-Instruct,Qwen,15-2051.00||DE||52||Y||I,1,1,20.361354538569728,28.475603159147465,-8.114248620577737,15056.0,21056.0,-6000.0
Qwen2.5-32B-Instruct,Qwen,15-2051.00||GA||52||Y||II,1,1,22.374273735288483,19.835528485674708,2.5387452496137755,21026.0,18042.0,2984.0
Qwen2.5-32B-Instruct,Qwen,15-2051.00||GA||52||Y||IV,1,1,10.674153158271418,10.674153158271418,0.0,14467.0,14467.0,0.0
Qwen2.5-32B-Instruct,Qwen,15-2051.00||GA||54||Y||III,1,1,8.928664795998397,7.185806159262422,1.742858636735975,10246.0,8246.0,2000.0
Qwen2.5-32B-Instruct,Qwen,15-2051.00||IL||51||Y||III,1,1,4.551765670218638,-18.338576856293088,22.890342526511727,5442.0,-21334.0,26776.0
Qwen2.5-32B-Instruct,Qwen,15-2051.00||IL||52||Y||II,1,1,17.053653138102028,18.644767249917464,-1.5911141118154362,16026.0,18072.0,-2046.0
Qwen2.5-32B-Instruct,Qwen,15-2051.00||IL||52||Y||IV,1,1,1.9618873496941143,5.477814499683567,-3.5159271499894524,2790.0,7790.0,-5000.0
Qwen2.5-32B-Instruct,Qwen,15-2051.00||IL||54||Y||I,1,1,32.69268374444786,27.899618993766577,4.793064750681285,23406.0,20723.0,2683.0
Qwen2.5-32B-Instruct,Qwen,15-2051.00||IL||54||Y||II,2,2,17.613073621657314,18.644767249917464,-1.0316936282601503,17072.0,18072.0,-1000.0
Qwen2.5-32B-Instruct,Qwen,15-2051.00||IL||54||Y||IV,2,2,-8.585894100274242,5.477814499683567,-14.06370859995781,-12210.0,7790.0,-20000.0
Qwen2.5-32B-Instruct,Qwen,15-2051.00||IL||55||Y||III,1,1,0.3696950434098931,-20.540658090633833,20.910353134043728,442.0,-24558.0,25000.0
Qwen2.5-32B-Instruct,Qwen,15-2051.00||IL||61||Y||I,1,1,46.293387538883245,13.492870122270473,32.80051741661277,30062.0,8762.0,21300.0
Qwen2.5-32B-Instruct,Qwen,15-2051.00||IL||81||Y||III,1,1,4.551765670218638,-3.8123755833988526,8.364141253617492,5442.0,-4558.0,10000.0
Qwen2.5-32B-Instruct,Qwen,15-2051.00||IN||33||Y||III,1,1,13.526293314447003,28.107652088779645,-14.581358774332642,12987.0,26987.0,-14000.0
Qwen2.5-32B-Instruct,Qwen,15-2051.00||MA||32||Y||IV,2,2,-25.835738521535447,-4.776324470782053,-21.059414050753393,-41803.0,-7782.5,-34020.5
Qwen2.5-32B-Instruct,Qwen,15-2051.00||MA||44||Y||III,1,1,-13.009438475925363,-2.135618285416032,-10.873820190509331,-17946.0,-2946.0,-15000.0
Qwen2.5-32B-Instruct,Qwen,15-2051.00||MA||51||Y||III,1,1,-13.009438475925363,-9.384831745755585,-3.624606730169777,-17946.0,-12946.0,-5000.0
Qwen2.5-32B-Instruct,Qwen,15-2051.00||MA||52||Y||II,1,1,5.181964799102447,-7.9657808007853586,13.147745599887806,5912.0,-9088.0,15000.0
Qwen2.5-32B-Instruct,Qwen,15-2051.00||MA||52||Y||IV,2,2,1.97585953288876,-15.020117055926033,16.99597658881479,3197.0,-24303.0,27500.0
Qwen2.5-32B-Instruct,Qwen,15-2051.00||MA||61||Y||I,1,1,-1.7734599962324067,48.01259452622514,-49.78605452245755,-1318.0,35682.0,-37000.0
Qwen2.5-32B-Instruct,Qwen,15-2051.00||MA||62||Y||I,1,1,48.01259452622514,0.9176780860625958,47.09491644016255,35682.0,682.0,35000.0
Qwen2.5-32B-Instruct,Qwen,15-2051.00||MA||62||Y||II,1,1,44.63574932889012,21.494029436267702,23.14171989262242,38576.0,18576.0,20000.0
Qwen2.5-32B-Instruct,Qwen,15-2051.00||MI||54||Y||II,1,1,20.160382489470155,26.26566295485702,-6.1052804653868655,15939.0,21842.0,-5903.0
Qwen2.5-32B-Instruct,Qwen,15-2051.00||NC||51||Y||III,1,1,-11.439000723889906,-21.450244120319745,10.011243396429839,-14854.0,-27854.0,13000.0
Qwen2.5-32B-Instruct,Qwen,15-2051.00||NC||52||Y||IV,1,1,-18.81113521518297,-15.563580623790285,-3.2475545913926833,-28962.0,-23962.0,-5000.0
Qwen2.5-32B-Instruct,Qwen,15-2051.00||NC||54||Y||II,7,7,25.683913176650577,7.399244167929488,18.28466900872109,22895.0,6070.428571428572,16824.571428571428
Qwen2.5-32B-Instruct,Qwen,15-2051.00||NC||54||Y||III,1,1,2.2531253890064553,2.2531253890064553,0.0,2534.0,2534.0,0.0
Qwen2.5-32B-Instruct,Qwen,15-2051.00||NC||54||Y||IV,1,1,8.935626307227515,-22.05868980657565,30.994316113803166,12304.0,-33962.0,46266.0
Qwen2.5-32B-Instruct,Qwen,15-2051.00||NJ||52||Y||II,1,1,9.598049154725047,5.031463773278169,4.5665853814468775,10509.0,5509.0,5000.0
Qwen2.5-32B-Instruct,Qwen,15-2051.00||NJ||52||Y||IV,1,1,-26.271521342920003,-11.525825611504002,-14.745695731416001,-44541.0,-19541.0,-25000.0
Qwen2.5-32B-Instruct,Qwen,15-2051.00||NJ||54||Y||II,6,6,6.923879951370566,-6.841658218483712,13.765538169854278,7572.0,-7491.0,15063.0
Qwen2.5-32B-Instruct,Qwen,15-2051.00||NJ||54||Y||IV,3,3,-8.681337829443454,-2.9923622653223565,-5.6889755641210975,-14569.666666666666,-4627.0,-9942.666666666666
Qwen2.5-32B-Instruct,Qwen,15-2051.00||NV||52||Y||I,1,1,31.57238973336656,31.57238973336656,0.0,19005.0,19005.0,0.0
Qwen2.5-32B-Instruct,Qwen,15-2051.00||NY||51||Y||II,1,1,11.641033885286605,-4.101706989615585,15.74274087490219,13034.0,-4491.0,17525.0
Qwen2.5-32B-Instruct,Qwen,15-2051.00||NY||51||Y||III,2,2,-15.77423193267673,-13.426600451012494,-2.347631481664237,-22006.0,-18838.0,-3168.0
Qwen2.5-32B-Instruct,Qwen,15-2051.00||NY||52||Y||II,3,3,0.46487839183129215,6.553658900427128,-6.0887805085958355,509.0,7175.666666666667,-6666.666666666667
Qwen2.5-32B-Instruct,Qwen,15-2051.00||NY||52||Y||III,4,4,5.730219488767509,-6.8140438404082975,12.544263329175806,7994.0,-9506.0,17500.0
Qwen2.5-32B-Instruct,Qwen,15-2051.00||NY||52||Y||IV,4,4,-11.525825611504002,-0.693382708206481,-10.83244290329752,-19541.0,-1207.0,-18334.0
Qwen2.5-32B-Instruct,Qwen,15-2051.00||NY||54||Y||II,6,6,10.268172467374184,1.86858294425977,8.399589523114415,9929.833333333334,-418.0,10347.833333333334
Qwen2.5-32B-Instruct,Qwen,15-2051.00||NY||54||Y||IV,2,2,-19.114700996511505,-7.986858635964162,-11.127842360547344,-32457.0,-13541.0,-18916.0
Qwen2.5-32B-Instruct,Qwen,15-2051.00||NY||62||Y||II,1,1,0.4648783918312921,-1.3617557607474586,1.8266341525787508,509.0,-1491.0,2000.0
Qwen2.5-32B-Instruct,Qwen,15-2051.00||OH||42||Y||III,2,2,11.693861693861693,2.76989331506313,8.923968378798563,12040.0,2830.0,9210.0
Qwen2.5-32B-Instruct,Qwen,15-2051.00||OH||52||Y||IV,1,1,26.318980690038487,-0.07274704015476732,26.391727730193253,31253.0,-91.0,31344.0
Qwen2.5-32B-Instruct,Qwen,15-2051.00||PA||48||Y||III,1,1,5.858640605680798,-2.6100506427736656,8.468691248454464,6918.0,-3082.0,10000.0
Qwen2.5-32B-Instruct,Qwen,15-2051.00||PA||54||Y||I,1,1,62.28497241155469,20.361354538569728,41.92361787298496,46056.0,15056.0,31000.0
Qwen2.5-32B-Instruct,Qwen,15-2051.00||PA||54||Y||II,2,2,27.030270250003287,9.360190807494819,17.670079442508467,23028.5,8987.0,14041.5
Qwen2.5-32B-Instruct,Qwen,15-2051.00||PA||61||Y||I,1,1,84.61299286810859,39.13989778270079,45.4730950854078,43541.0,20141.0,23400.0
Qwen2.5-32B-Instruct,Qwen,15-2051.00||TX||33||Y||IV,2,2,-6.217362756750013,1.145351768305394,-7.362714525055408,-8942.5,1590.5,-10533.0
Qwen2.5-32B-Instruct,Qwen,15-2051.00||TX||42||Y||III,2,2,2.7569852243486754,10.802974391579962,-8.045989167231287,3288.5,12709.0,-9420.5
Qwen2.5-32B-Instruct,Qwen,15-2051.00||TX||42||Y||IV,2,2,0.8464377676632536,0.4424831356424974,0.4039546320207562,1259.0,74.5,1184.5
Qwen2.5-32B-Instruct,Qwen,15-2051.00||TX||45||Y||II,2,2,14.611467126441363,11.939521419497261,2.6719457069441024,14661.0,11466.0,3195.0
Qwen2.5-32B-Instruct,Qwen,15-2051.00||TX||51||Y||II,1,1,24.577681659175397,23.77036829756549,0.8073133616099071,24661.0,22086.0,2575.0
Qwen2.5-32B-Instruct,Qwen,15-2051.00||TX||52||Y||II,3,3,14.291760184580932,24.955744840369036,-10.663984655788104,14021.666666666666,23966.0,-9944.333333333334
Qwen2.5-32B-Instruct,Qwen,15-2051.00||TX||52||Y||III,3,3,7.940192722307734,13.827296088189117,-5.887103365881383,9440.333333333334,16383.333333333334,-6943.0
Qwen2.5-32B-Instruct,Qwen,15-2051.00||TX||52||Y||IV,5,5,1.5708209602674699,-5.327613363336495,6.898434323603965,2227.0,-7361.8,9588.8
Qwen2.5-32B-Instruct,Qwen,15-2051.00||TX||54||Y||I,2,2,37.400428940745314,14.039794082424876,23.360634858320438,26438.5,9572.0,16866.5
Qwen2.5-32B-Instruct,Qwen,15-2051.00||TX||54||Y||II,8,8,12.861905396159907,7.832707056277902,5.029198339882004,11928.0,7312.0,4616.0
Qwen2.5-32B-Instruct,Qwen,15-2051.00||TX||54||Y||III,1,1,7.8962038518944775,-14.582171950583538,22.478375802478016,8782.0,-16218.0,25000.0
Qwen2.5-32B-Instruct,Qwen,15-2051.00||TX||54||Y||IV,3,3,-8.936260499347137,-11.977029906239933,3.040769406892796,-12864.0,-17429.0,4565.0
Qwen2.5-32B-Instruct,Qwen,15-2051.00||VA||52||Y||II,1,1,3.5027040081422127,3.8477862361047146,-0.3450822279625019,4061.0,4261.0,-200.0
Qwen2.5-32B-Instruct,Qwen,15-2051.00||VA||52||Y||IV,1,1,-0.13116107512134065,-10.103201524649702,9.972040449528361,-197.0,-16858.0,16661.0
Qwen2.5-32B-Instruct,Qwen,15-2051.00||WA||51||Y||I,1,1,-1.1621253264250861,14.443854885192005,-15.60598021161709,-1117.0,13883.0,-15000.0
Qwen2.5-32B-Instruct,Qwen,15-2051.00||WA||51||Y||III,1,1,-17.341203267165476,-23.834502308145733,6.493299040980258,-28322.0,-35987.0,7665.0
Qwen2.5-32B-Instruct,Qwen,15-2051.00||WA||51||Y||IV,1,1,-23.82461379079192,-34.633758395476654,10.809144604684736,-46914.0,-63581.0,16667.0
Qwen2.5-32B-Instruct,Qwen,15-2051.00||WA||52||Y||III,1,1,-23.464077099227293,-22.096221328022327,-1.3678557712049653,-38322.0,-32618.0,-5704.0
Qwen2.5-32B-Instruct,Qwen,15-2051.00||WA||54||Y||II,1,1,-7.105578732244498,-15.194782166233646,8.089203433989148,-8414.0,-19709.0,11295.0
Qwen2.5-32B-Instruct,Qwen,15-2051.00||WA||54||Y||III,1,1,-21.014927566402566,-20.402640183196386,-0.6122873832061799,-34322.0,-33322.0,-1000.0
Qwen2.5-32B-Instruct,Qwen,15-2051.00||WI||54||Y||II,1,1,14.848410731945936,1.0240649956931847,13.824345736252752,13963.0,963.0,13000.0
Qwen2.5-32B-Instruct,Qwen,15-2051.01||AR||45||Y||III,1,1,0.9834913944502985,-19.0062418015829,19.989733196033196,1120.0,-21589.0,22709.0
Qwen2.5-32B-Instruct,Qwen,15-2051.01||AR||45||Y||IV,1,1,13.104259506413012,-13.286734378416691,26.390993884829705,17379.0,-17621.0,35000.0
Qwen2.5-32B-Instruct,Qwen,15-2051.01||CA||51||Y||III,1,1,-21.206237944554406,-23.96732419724701,2.7610862526926034,-33642.0,-39403.0,5761.0
Qwen2.5-32B-Instruct,Qwen,15-2051.01||CA||51||Y||IV,3,3,-39.557431993248144,-29.127381457603917,-10.430050535644227,-91839.33333333333,-56184.333333333336,-35654.99999999999
Qwen2.5-32B-Instruct,Qwen,15-2051.01||CA||52||Y||II,1,1,-6.682990922121357,11.980410893454371,-18.663401815575728,-8952.0,16048.0,-25000.0
Qwen2.5-32B-Instruct,Qwen,15-2051.01||CA||54||Y||I,1,1,57.15964686910651,-8.232066613859855,65.39171348296637,41826.0,-8522.0,50348.0
Qwen2.5-32B-Instruct,Qwen,15-2051.01||CA||54||Y||IV,3,3,-22.437122723516342,-22.437122723516342,0.0,-41158.666666666664,-41158.666666666664,0.0
Qwen2.5-32B-Instruct,Qwen,15-2051.01||CT||54||Y||IV,1,1,7.957162597881161,-10.035697835099032,17.992860432980194,11056.0,-13944.0,25000.0
Qwen2.5-32B-Instruct,Qwen,15-2051.01||MA||61||Y||II,1,1,-7.9657808007853586,-1.6476904563547163,-6.318090344430642,-9088.0,-1424.0,-7664.0
Qwen2.5-32B-Instruct,Qwen,15-2051.01||NC||52||Y||IV,1,1,1.3598436625771348,-25.30624439796833,26.666088060545466,1677.0,-38962.0,40639.0
Qwen2.5-32B-Instruct,Qwen,15-2051.01||NC||54||Y||II,1,1,-10.162936064380077,-15.836855891892915,5.673919827512838,-10747.0,-16747.0,6000.0
Qwen2.5-32B-Instruct,Qwen,15-2051.01||NJ||54||Y||II,1,1,5.031463773278169,14.164634536171922,-9.133170762893753,5509.0,15509.0,-10000.0
Qwen2.5-32B-Instruct,Qwen,15-2051.01||NY||52||Y||II,1,1,0.4648783918312921,-13.23487775250934,13.69975614434063,509.0,-14491.0,15000.0
Qwen2.5-32B-Instruct,Qwen,15-2051.01||NY||54||Y||II,2,2,7.314756464001608,-5.060675236952005,12.375431700953612,8009.0,-5728.5,13737.5
Qwen2.5-32B-Instruct,Qwen,15-2051.01||TX||22||Y||IV,1,1,7.059503672140976,0.8464377676632536,6.213065904477722,9891.0,1259.0,8632.0
Qwen2.5-32B-Instruct,Qwen,15-2051.01||TX||33||Y||II,1,1,-1.0767020013745132,14.611467126441363,-15.688169127815877,-1034.0,14661.0,-15695.0
Qwen2.5-32B-Instruct,Qwen,15-2051.01||TX||33||Y||III,1,1,0.37741909580020877,-15.682967959527824,16.060387055328032,470.0,-19530.0,20000.0
Qwen2.5-32B-Instruct,Qwen,15-2051.01||TX||51||Y||III,1,1,-7.652774431863808,-0.916735594154949,-6.7360388377088585,-9530.0,-1064.0,-8466.0
Qwen2.5-32B-Instruct,Qwen,15-2051.01||TX||51||Y||IV,1,1,-4.777355349749247,1.4442657689475344,-6.221621118696782,-6773.0,1922.0,-8695.0
Qwen2.5-32B-Instruct,Qwen,15-2051.01||TX||54||Y||I,1,1,57.20261366432457,2.5234436941247234,54.67916997019985,41846.0,1846.0,40000.0
Qwen2.5-32B-Instruct,Qwen,15-2051.01||TX||55||Y||III,1,1,21.958399569360687,-3.2743727553346287,25.232772324695315,26107.0,-3893.0,30000.0
Qwen2.5-32B-Instruct,Qwen,15-2051.02||NY||54||Y||II,1,1,48.824930116989336,27.346611721611723,21.478318395377613,37728.0,19112.0,18616.0
Qwen2.5-32B-Instruct,Qwen,15-2051.02||NY||62||Y||III,1,1,21.45920027037874,-17.566269551130418,39.02546982150916,20318.0,-24506.0,44824.0
Qwen2.5-32B-Instruct,Qwen,17-2011.00||TX||54||Y||I,1,1,18.92149019438258,-18.184353790688306,37.10584398507089,17502.0,-17603.0,35105.0
Qwen2.5-32B-Instruct,Qwen,17-2031.00||CA||33||Y||III,2,2,5.806225953130465,-10.122500072443597,15.928726025574061,6972.0,-14909.0,21881.0
Qwen2.5-32B-Instruct,Qwen,17-2031.00||CA||54||Y||III,1,1,8.086296098805287,-6.670237544534528,14.756533643339814,11222.0,-8219.0,19441.0
Qwen2.5-32B-Instruct,Qwen,17-2041.00||PA||32||Y||III,1,1,-5.473495590133077,-21.103553662040845,15.630058071907769,-6659.0,-25411.0,18752.0
Qwen2.5-32B-Instruct,Qwen,17-2051.00||AZ||54||Y||II,1,1,13.248933075841022,6.096368881577379,7.152564194263642,11114.0,5114.0,6000.0
Qwen2.5-32B-Instruct,Qwen,17-2061.00||CA||33||Y||IV,1,1,8.889760006968945,-34.666143995818636,43.555904002787585,20410.0,-79590.0,100000.0
Qwen2.5-32B-Instruct,Qwen,17-2061.00||MA||54||Y||II,1,1,-12.280701754385966,-22.402159244264507,10.12145748987854,-18200.0,-33200.0,15000.0
Qwen2.5-32B-Instruct,Qwen,17-2061.00||TX||54||Y||II,1,1,-15.980507477734834,-19.829870546338334,3.8493630686035,-18069.0,-23498.0,5429.0
Qwen2.5-32B-Instruct,Qwen,17-2071.00||CA||33||Y||II,1,1,3.53644482857966,-29.134093214775916,32.67053804335558,3928.0,-39056.0,42984.0
Qwen2.5-32B-Instruct,Qwen,17-2071.00||CA||33||Y||IV,1,1,-20.129071420584335,-4.58379451165986,-15.545276908924475,-37803.0,-7206.0,-30597.0
Qwen2.5-32B-Instruct,Qwen,17-2071.00||CA||54||Y||II,1,1,-28.075551941960097,-14.469893402477672,-13.605658539482425,-44890.0,-16072.0,-28818.0
Qwen2.5-32B-Instruct,Qwen,17-2071.00||IL||33||Y||IV,2,2,21.10544536470507,-5.850517426803495,26.955962791508565,23734.5,-7985.0,31719.5
Qwen2.5-32B-Instruct,Qwen,17-2071.00||IL||54||Y||III,1,1,17.385947442150922,8.574327752409944,8.811619689740978,20602.0,8450.0,12152.0
Qwen2.5-32B-Instruct,Qwen,17-2071.00||IN||32||Y||III,1,1,24.627059571913666,20.95365235232455,3.673407219589116,27487.0,23387.0,4100.0
Qwen2.5-32B-Instruct,Qwen,17-2071.00||MI||33||Y||II,1,1,-7.1197748358177835,-0.9694568956530804,-6.150317940164703,-6830.0,-930.0,-5900.0
Qwen2.5-32B-Instruct,Qwen,17-2071.00||MI||54||Y||I,1,1,-10.222428513845289,-1.2530390873386945,-8.969389426506595,-8369.0,-1005.0,-7364.0
Qwen2.5-32B-Instruct,Qwen,17-2072.00||CA||33||Y||III,6,6,-27.922992346391187,-18.93616759546985,-8.986824750921336,-51727.666666666664,-31157.666666666668,-20569.999999999996
Qwen2.5-32B-Instruct,Qwen,17-2072.00||CA||33||Y||IV,5,5,-19.748156078853103,-34.65715832681602,14.909002247962913,-39116.8,-74891.0,35774.2
Qwen2.5-32B-Instruct,Qwen,17-2072.00||CA||54||Y||III,1,1,-19.55896863872324,-34.03835428375306,14.479385645029819,-36472.0,-63472.0,27000.0
Qwen2.5-32B-Instruct,Qwen,17-2072.00||ID||33||Y||III,1,1,19.83280926451415,23.667459160978602,-3.8346498964644518,20688.0,24688.0,-4000.0
Qwen2.5-32B-Instruct,Qwen,17-2072.00||TX||33||Y||IV,1,1,-6.93576706642925,-28.650754750929092,21.714987684499842,-11179.0,-46179.0,35000.0
Qwen2.5-32B-Instruct,Qwen,17-2074.00||TN||54||Y||II,1,1,30.879285525426717,30.879285525426717,0.0,21022.0,21022.0,0.0
Qwen2.5-32B-Instruct,Qwen,17-2112.00||AR||45||Y||III,3,3,-5.890869604560673,-11.636691764715247,5.745822160154574,-6510.0,-12698.333333333334,6188.333333333334
Qwen2.5-32B-Instruct,Qwen,17-2112.00||AR||45||Y||IV,1,1,19.218877911921094,7.296990120728983,11.92188779119211,24181.0,9181.0,15000.0
Qwen2.5-32B-Instruct,Qwen,17-2112.00||CA||33||Y||III,2,2,-13.914810096071072,-13.576493829634067,-0.33831626643700474,-20205.0,-19521.0,-684.0
Qwen2.5-32B-Instruct,Qwen,17-2112.00||CA||33||Y||IV,2,2,-10.011965692792018,-15.518258105450169,5.506292412658151,-18011.0,-26105.0,8094.0
Qwen2.5-32B-Instruct,Qwen,17-2112.00||CA||54||Y||III,1,1,-7.027994903756758,-7.027994903756758,0.0,-10205.0,-10205.0,0.0
Qwen2.5-32B-Instruct,Qwen,17-2112.00||IN||33||Y||III,1,1,25.724171226263277,-1.9758845273719416,27.70005575363522,25576.0,-1796.0,27372.0
Qwen2.5-32B-Instruct,Qwen,17-2112.00||OH||32||Y||IV,1,1,12.154191243665364,-1.358677005420984,13.512868249086349,14630.0,-1584.0,16214.0
Qwen2.5-32B-Instruct,Qwen,17-2112.00||TX||33||Y||IV,1,1,-14.587732065131979,-5.937949146292826,-8.649782918839152,-21349.0,-7891.0,-13458.0
Qwen2.5-32B-Instruct,Qwen,17-2112.02||CA||33||Y||IV,1,1,-7.992394037907133,5.52456260068802,-13.516956638595154,-13030.0,7853.0,-20883.0
Qwen2.5-32B-Instruct,Qwen,17-2112.02||IN||33||Y||IV,1,1,-5.340773216420885,14.587485053806297,-19.928258270227182,-5360.0,14640.0,-20000.0
Qwen2.5-32B-Instruct,Qwen,17-2141.00||CA||33||Y||III,1,1,11.88370724592039,-25.82702863076695,37.71073587668734,14339.0,-40043.0,54382.0
Qwen2.5-32B-Instruct,Qwen,17-2141.00||CA||54||Y||IV,4,4,-9.902825942832946,-25.564716767552266,15.66189082471932,-18990.5,-44812.5,25822.0
Qwen2.5-32B-Instruct,Qwen,17-2141.00||NY||33||Y||IV,1,1,10.946745562130177,38.01505791873293,-27.068312356602753,14800.0,39939.0,-25139.0
Qwen2.5-32B-Instruct,Qwen,17-2141.00||TN||33||Y||IV,1,1,6.308788760184382,14.066932492213692,-7.75814373202931,7418.0,14182.0,-6764.0
Qwen2.5-32B-Instruct,Qwen,17-2141.02||CA||33||Y||IV,1,1,-14.36254331828017,-22.926288986452153,8.563745668171983,-25157.0,-40157.0,15000.0
Qwen2.5-32B-Instruct,Qwen,17-2141.02||MI||33||Y||II,1,1,12.129172807073749,-4.957177334956537,17.086350142030284,11358.0,-4642.0,16000.0
Qwen2.5-32B-Instruct,Qwen,17-2141.02||MI||33||Y||III,1,1,14.142742347870554,-13.25151581561838,27.394258163488935,15488.0,-14512.0,30000.0
Qwen2.5-32B-Instruct,Qwen,17-2199.05||CA||33||Y||II,1,1,-6.28982682359997,-11.168787029098016,4.878960205498046,-8390.0,-14459.0,6069.0
Qwen2.5-32B-Instruct,Qwen,17-2199.05||CA||51||Y||IV,1,1,-12.122793749533985,-20.11163068139453,7.988836931860545,-22762.0,-37762.0,15000.0
Qwen2.5-32B-Instruct,Qwen,17-2199.05||CA||54||Y||III,1,1,-5.434967627237251,-30.958298812482738,25.52333118524549,-8621.0,-51566.0,42945.0
Qwen2.5-32B-Instruct,Qwen,17-2199.08||CA||33||Y||IV,1,1,-3.1877061295090328,-24.911019558176438,21.723313428667407,-4939.0,-49763.0,44824.0
Qwen2.5-32B-Instruct,Qwen,17-2199.08||CA||54||Y||III,1,1,-26.155397860307627,-22.456673454334545,-3.6987244059730813,-43566.0,-35621.0,-7945.0
Qwen2.5-32B-Instruct,Qwen,19-1013.00||NC||32||Y||III,1,1,33.511348464619495,24.34880494253776,9.162543522081734,25602.0,18602.0,7000.0
Qwen2.5-32B-Instruct,Qwen,19-1029.00||TX||61||Y||II,1,1,69.71903784734543,40.39880850740888,29.320229339936553,45187.0,21293.0,23894.0
Qwen2.5-32B-Instruct,Qwen,19-1029.01||CA||62||Y||II,1,1,28.923372635428144,2.177718149428249,26.745654485999896,24678.0,2451.0,22227.0
Qwen2.5-32B-Instruct,Qwen,19-1029.01||MA||32||Y||III,1,1,18.98046957625326,1.3537333427342593,17.626736233519,21536.0,1536.0,20000.0
Qwen2.5-32B-Instruct,Qwen,19-1029.01||MA||62||Y||III,1,1,29.360285267550815,29.360285267550815,0.0,26101.0,26101.0,0.0
Qwen2.5-32B-Instruct,Qwen,19-1029.01||NC||54||Y||III,2,2,3.4261265282571065,-1.94418488467807,5.370311412935177,3147.0,-1881.0,5028.0
Qwen2.5-32B-Instruct,Qwen,19-1029.01||NJ||32||Y||IV,1,1,4.297037964121819,4.718847948232779,-0.4218099841109595,5150.0,6534.0,-1384.0
Qwen2.5-32B-Instruct,Qwen,19-1029.01||TX||61||Y||I,1,1,54.470980283254654,31.22733346058408,23.243646822670573,31384.0,13088.0,18296.0
Qwen2.5-32B-Instruct,Qwen,19-1042.00||MA||62||Y||I,1,1,27.68826846099769,24.639386045990534,3.0488824150071565,19299.0,17594.0,1705.0
Qwen2.5-32B-Instruct,Qwen,19-1042.00||NY||54||Y||I,1,1,-13.61085339700984,14.070175972258133,-27.681029369267975,-8949.0,9251.0,-18200.0
Qwen2.5-32B-Instruct,Qwen,19-3011.00||CA||51||Y||III,1,1,-16.521413926899474,-21.513104233675495,4.991690306776022,-24739.0,-27958.0,3219.0
Qwen2.5-32B-Instruct,Qwen,25-1021.00||NV||61||Y||II,1,1,-9.451622749008038,-23.695187709838233,14.243564960830195,-9290.0,-23290.0,14000.0
Qwen2.5-32B-Instruct,Qwen,25-1021.00||NY||61||Y||I,2,2,45.593869731800766,14.942528735632184,30.65134099616858,29750.0,9750.0,20000.0
Qwen2.5-32B-Instruct,Qwen,25-1021.00||VA||61||Y||I,1,1,31.05014852350166,35.52584026020961,-4.475691736707951,17770.0,19660.0,-1890.0
Qwen2.5-32B-Instruct,Qwen,25-1022.00||FL||61||Y||II,1,1,2.5332549523562142,2.5332549523562142,0.0,1853.0,1853.0,0.0
Qwen2.5-32B-Instruct,Qwen,25-1071.00||NY||61||Y||II,1,1,-13.764149487577498,-31.919065384929603,18.154915897352105,-15163.0,-35163.0,20000.0
Qwen2.5-32B-Instruct,Qwen,25-9031.00||DC||61||Y||I,1,1,34.218066656612876,13.105112351078269,21.112954305534608,22690.0,8690.0,14000.0
Qwen2.5-32B-Instruct,Qwen,27-1024.00||CA||51||Y||IV,1,1,5.3288601076695015,-10.275415463837092,15.604275571506594,6830.0,-13170.0,20000.0
Qwen2.5-32B-Instruct,Qwen,41-9031.00||CA||54||Y||I,1,1,36.997561443406305,-13.23487775250934,50.232439195915646,40509.0,-14491.0,55000.0
Qwen2.5-32B-Instruct,Qwen,41-9031.00||TX||51||Y||IV,1,1,-10.125285352219006,-25.104404460182504,14.979119107963498,-16899.0,-41899.0,25000.0
Qwen2.5-32B-Instruct,Qwen,41-9031.00||TX||54||Y||IV,1,1,1.8433649047764538,-15.695223698363325,17.53858860313978,2715.0,-26995.0,29710.0
Qwen2.5-72B-Instruct,Qwen,11-3021.00||AZ||52||Y||II,1,1,-34.82065051824667,-34.82065051824667,0.0,-49149.0,-49149.0,0.0
Qwen2.5-72B-Instruct,Qwen,11-3021.00||CA||33||Y||II,5,5,-54.45045131076104,-41.156169746558014,-13.294281564203025,-132232.4,-85908.0,-46324.399999999994
Qwen2.5-72B-Instruct,Qwen,11-3021.00||CA||45||Y||II,6,6,-47.22906092481247,-52.51415954302403,5.285098618211556,-106156.33333333333,-125502.16666666667,19345.833333333343
Qwen2.5-72B-Instruct,Qwen,11-3021.00||CA||51||Y||II,1,1,-37.59485581915489,-27.827303180078346,-9.767552639076541,-75304.0,-55907.0,-19397.0
Qwen2.5-72B-Instruct,Qwen,11-3021.00||CA||51||Y||III,2,2,-42.129790349187516,-47.408722578907955,5.278932229720439,-91826.0,-112682.0,20856.0
Qwen2.5-72B-Instruct,Qwen,11-3021.00||CA||51||Y||IV,1,1,-43.88900224443991,-43.52464511615705,-0.3643571282828546,-120456.0,-119456.0,-1000.0
Qwen2.5-72B-Instruct,Qwen,11-3021.00||CA||52||Y||II,1,1,-45.24829896419737,-49.212798374809545,3.964499410612177,-90907.0,-106590.0,15683.0
Qwen2.5-72B-Instruct,Qwen,11-3021.00||CA||54||Y||I,1,1,-6.173651855507424,-18.770237414988852,12.59658555948143,-10133.0,-33506.0,23373.0
Qwen2.5-72B-Instruct,Qwen,11-3021.00||CA||54||Y||II,1,1,-33.251617131275864,-43.69437305695314,10.442755925677275,-54798.0,-108643.0,53845.0
Qwen2.5-72B-Instruct,Qwen,11-3021.00||CA||54||Y||IV,2,2,-39.88107383332847,-24.018337524132615,-15.862736309195856,-109456.0,-68178.5,-41277.5
Qwen2.5-72B-Instruct,Qwen,11-3021.00||CT||54||Y||IV,1,1,-15.158371040723981,-22.646038943718324,7.4876679029943425,-29480.0,-42450.0,12970.0
Qwen2.5-72B-Instruct,Qwen,11-3021.00||FL||44||Y||IV,1,1,-25.701493689451542,-41.7314242429058,16.02993055345426,-53272.0,-78781.0,25509.0
Qwen2.5-72B-Instruct,Qwen,11-3021.00||GA||42||Y||IV,1,1,-31.94884430364895,-31.94884430364895,0.0,-68075.0,-68075.0,0.0
Qwen2.5-72B-Instruct,Qwen,11-3021.00||IL||52||Y||II,1,1,-36.05515937556473,-23.544212296870874,-12.510947078693853,-51874.0,-33874.0,-18000.0
Qwen2.5-72B-Instruct,Qwen,11-3021.00||IL||52||Y||IV,1,1,-28.493581682521366,-28.493581682521366,0.0,-57779.0,-57779.0,0.0
Qwen2.5-72B-Instruct,Qwen,11-3021.00||IL||54||Y||II,1,1,-23.544212296870874,-36.05515937556473,12.510947078693853,-33874.0,-51874.0,18000.0
Qwen2.5-72B-Instruct,Qwen,11-3021.00||MI||33||Y||II,1,1,-33.27676363293517,-31.17966156586511,-2.097102067070061,-45883.0,-38510.0,-7373.0
Qwen2.5-72B-Instruct,Qwen,11-3021.00||NC||52||Y||IV,1,1,-33.41782381896995,-33.41782381896995,0.0,-72776.0,-72776.0,0.0
Qwen2.5-72B-Instruct,Qwen,11-3021.00||NJ||54||Y||III,2,2,-40.75352572414842,-51.48258870503622,10.729062980887804,-91142.0,-114041.0,22899.0
Qwen2.5-72B-Instruct,Qwen,11-3021.00||NY||51||Y||II,3,3,-44.10285075461152,-44.640323343509486,0.5374725888979697,-82056.0,-83056.0,1000.0
Qwen2.5-72B-Instruct,Qwen,11-3021.00||NY||51||Y||III,1,1,-50.81424777099114,-35.097847721007284,-15.716400049983854,-113642.0,-56782.0,-56860.0
Qwen2.5-72B-Instruct,Qwen,11-3021.00||NY||51||Y||IV,2,2,-35.119120529152376,-38.9469010289074,3.827780499755022,-91748.0,-101748.0,10000.0
Qwen2.5-72B-Instruct,Qwen,11-3021.00||NY||52||Y||II,1,1,-40.87801522122372,-40.87801522122372,0.0,-76056.0,-76056.0,0.0
Qwen2.5-72B-Instruct,Qwen,11-3021.00||NY||52||Y||III,1,1,-50.81424777099114,-44.10709973976266,-6.707148031228478,-113642.0,-98642.0,-15000.0
Qwen2.5-72B-Instruct,Qwen,11-3021.00||NY||54||Y||II,1,1,-40.87801522122372,-40.87801522122372,0.0,-76056.0,-76056.0,0.0
Qwen2.5-72B-Instruct,Qwen,11-3021.00||NY||54||Y||III,1,1,-37.399951708534175,-45.020796481330976,7.620844772796801,-83642.0,-75336.0,-8306.0
Qwen2.5-72B-Instruct,Qwen,11-3021.00||NY||54||Y||IV,1,1,-29.186060754532093,-41.05218030377266,11.866119549240565,-76248.0,-107248.0,31000.0
Qwen2.5-72B-Instruct,Qwen,11-3021.00||PA||51||Y||IV,1,1,-27.51047590541754,-32.1872193953906,4.6767434899730596,-58824.0,-68824.0,10000.0
Qwen2.5-72B-Instruct,Qwen,11-3021.00||TX||44||Y||IV,1,1,-30.75255260418159,-30.75255260418159,0.0,-64394.0,-64394.0,0.0
Qwen2.5-72B-Instruct,Qwen,11-3021.00||TX||54||Y||II,2,2,-32.09599232866354,-34.32850212631565,2.2325097976521064,-49420.0,-49258.5,-161.5
Qwen2.5-72B-Instruct,Qwen,11-3021.00||TX||54||Y||III,2,2,-35.83959752044666,-40.247124567727894,4.407527047281235,-65467.0,-73705.5,8238.5
Qwen2.5-72B-Instruct,Qwen,11-3021.00||TX||54||Y||IV,1,1,-31.769201087928323,-29.676511954992968,-2.092689132935355,-67514.0,-61190.0,-6324.0
Qwen2.5-72B-Instruct,Qwen,11-3021.00||VA||51||Y||II,1,1,-37.04212454212454,-37.04212454212454,0.0,-64720.0,-64720.0,0.0
Qwen2.5-72B-Instruct,Qwen,11-3021.00||WA||45||Y||III,1,1,-48.415318586992406,-48.415318586992406,0.0,-117320.0,-117320.0,0.0
Qwen2.5-72B-Instruct,Qwen,11-3021.00||WA||51||Y||II,2,2,-44.55365693835375,-44.04959927415696,-0.504057664196786,-88390.0,-87390.0,-1000.0
Qwen2.5-72B-Instruct,Qwen,11-3021.00||WA||51||Y||III,3,3,-50.65158967617929,-46.524815163138676,-4.1267745130406155,-119319.0,-109319.0,-10000.0
Qwen2.5-72B-Instruct,Qwen,11-3021||CA||51||Y||II,1,1,-33.251617131275864,-44.17407978252163,10.922462651245766,-54798.0,-72798.0,18000.0
Qwen2.5-72B-Instruct,Qwen,11-3051.01||CA||33||Y||II,1,1,-24.234075380207184,-42.83116596870178,18.5970905884946,-35184.0,-62184.0,27000.0
Qwen2.5-72B-Instruct,Qwen,11-9041.00||CA||33||Y||III,1,1,-49.06605669410926,-43.663507582710146,-5.402549111399111,-105966.0,-96106.0,-9860.0
Qwen2.5-72B-Instruct,Qwen,11-9041.00||CA||33||Y||IV,1,1,-41.8149716097189,-25.763929295158604,-16.0510423145603,-104205.0,-64205.0,-40000.0
Qwen2.5-72B-Instruct,Qwen,11-9041.00||CA||51||Y||IV,2,2,-38.203487088942836,-37.802211031078826,-0.40127605786400977,-95205.0,-94205.0,-1000.0
Qwen2.5-72B-Instruct,Qwen,11-9041.00||CA||54||Y||I,1,1,-4.412831094176434,-3.003545387651348,-1.4092857065250866,-6694.0,-4490.0,-2204.0
Qwen2.5-72B-Instruct,Qwen,11-9041.00||CA||54||Y||II,1,1,-32.08812619431227,-39.80123462195176,7.71310842763949,-68512.0,-72728.0,4216.0
Qwen2.5-72B-Instruct,Qwen,11-9041.00||TX||54||Y||IV,1,1,-13.631313084155781,-27.637046097535926,14.005733013380144,-29198.0,-59198.0,30000.0
Qwen2.5-72B-Instruct,Qwen,13-1081.02||AR||45||Y||III,1,1,9.536849624955352,-14.275508989165377,23.81235861412073,8010.0,-11990.0,20000.0
Qwen2.5-72B-Instruct,Qwen,13-1081.02||AR||45||Y||IV,1,1,13.608196314963232,-1.8838304552590266,15.492026770222258,13176.0,-1824.0,15000.0
Qwen2.5-72B-Instruct,Qwen,13-1082.00||NY||51||Y||IV,1,1,-6.853580481833122,-6.853580481833122,0.0,-10301.0,-10301.0,0.0
Qwen2.5-72B-Instruct,Qwen,13-1111.00||CA||54||Y||II,1,1,-24.23827518849152,-15.940878417820533,-8.297396770670987,-26554.0,-13654.0,-12900.0
Qwen2.5-72B-Instruct,Qwen,13-1111.00||FL||54||Y||IV,2,2,-7.268466220431286,-6.410920580263735,-0.857545640167551,-8622.0,-9047.0,425.0
Qwen2.5-72B-Instruct,Qwen,13-1111.00||GA||54||Y||IV,2,2,-21.13847367100405,-25.440011470767466,4.301537799763416,-29485.0,-35485.0,6000.0
Qwen2.5-72B-Instruct,Qwen,13-1111.00||IL||54||Y||IV,1,1,-29.6935918904754,-29.149797570850204,-0.5437943196251958,-46458.0,-43200.0,-3258.0
Qwen2.5-72B-Instruct,Qwen,13-1111.00||NJ||54||Y||IV,1,1,-20.201730026493024,-33.6078393820422,13.406109355549177,-31645.0,-52645.0,21000.0
Qwen2.5-72B-Instruct,Qwen,13-1111.00||NY||52||Y||IV,1,1,-31.1130872609311,-1.6885313926394077,-29.42455586829169,-49682.0,-2645.0,-47037.0
Qwen2.5-72B-Instruct,Qwen,13-1111.00||NY||54||Y||II,1,1,-18.480396008485897,-16.51606820146146,-1.9643278070244357,-18816.0,-16816.0,-2000.0
Qwen2.5-72B-Instruct,Qwen,13-1111.00||TX||54||Y||IV,1,1,-15.330557201905831,-15.330557201905831,0.0,-19917.0,-19917.0,0.0
Qwen2.5-72B-Instruct,Qwen,13-1111.00||WA||51||Y||IV,1,1,-23.17935060944382,-29.581071391990168,6.401720782546349,-36208.0,-46208.0,10000.0
Qwen2.5-72B-Instruct,Qwen,13-1161.00||IL||51||Y||III,1,1,-9.425759314051083,-11.628249502908904,2.202490188857821,-7805.0,-9474.0,1669.0
Qwen2.5-72B-Instruct,Qwen,13-1161.00||IL||54||Y||II,1,1,8.613667219791823,-15.439254635466314,24.052921855258138,5710.0,-10042.0,15752.0
Qwen2.5-72B-Instruct,Qwen,13-2051.00||NY||52||Y||IV,1,1,-38.5776824801215,3.301170374341106,-41.87885285446261,-69088.0,5912.0,-75000.0
Qwen2.5-72B-Instruct,Qwen,13-2099.01||CA||52||Y||II,2,2,17.51031408463297,-1.7233292359448793,19.233643320577848,13709.0,-2896.0,16605.0
Qwen2.5-72B-Instruct,Qwen,13-2099.01||CA||52||Y||IV,1,1,20.7094265440029,2.6761512050073106,18.033275338995587,24019.0,3258.0,20761.0
Qwen2.5-72B-Instruct,Qwen,13-2099.01||IL||52||Y||IV,1,1,12.498593767577905,0.44517300676598687,12.053420760811917,15554.0,554.0,15000.0
Qwen2.5-72B-Instruct,Qwen,13-2099.01||NJ||52||Y||IV,1,1,-14.724621438230171,-7.301287669385829,-7.423333768844342,-24174.0,-8664.0,-15510.0
Qwen2.5-72B-Instruct,Qwen,15-1211.00||CO||51||Y||IV,1,1,-24.147347225861616,-27.974759850625915,3.8274126247642997,-35018.0,-35733.0,715.0
Qwen2.5-72B-Instruct,Qwen,15-1211.00||UT||54||Y||III,1,1,-10.06718510289372,-2.660953287837909,-7.406231815055811,-9515.0,-2515.0,-7000.0
Qwen2.5-72B-Instruct,Qwen,15-1211.00||VA||54||Y||III,1,1,-20.169053768490254,-34.35279579857893,14.183742030088677,-21475.0,-44480.0,23005.0
Qwen2.5-72B-Instruct,Qwen,15-1211||NJ||54||Y||III,1,1,-27.69228350912492,-27.69228350912492,0.0,-35234.0,-35234.0,0.0
Qwen2.5-72B-Instruct,Qwen,15-1212.00||CA||54||Y||II,1,1,-40.629839958699016,-33.01393601374671,-7.615903944952308,-62960.0,-45342.0,-17618.0
Qwen2.5-72B-Instruct,Qwen,15-1221.00||CA||33||Y||II,1,1,-44.0399506091738,-56.205178737614276,12.165228128440475,-72403.0,-92403.0,20000.0
Qwen2.5-72B-Instruct,Qwen,15-1221.00||CA||45||Y||I,1,1,-32.76650323755146,-32.76650323755146,0.0,-31678.0,-31678.0,0.0
Qwen2.5-72B-Instruct,Qwen,15-1221.00||CA||45||Y||II,1,1,-44.0399506091738,-33.091245293577366,-10.948705315596435,-72403.0,-54403.0,-18000.0
Qwen2.5-72B-Instruct,Qwen,15-1221.00||CA||51||Y||I,2,2,-33.08761838272186,-30.31195189175645,-2.7756664909654063,-44206.0,-38712.0,-5494.0
Qwen2.5-72B-Instruct,Qwen,15-1221.00||CA||51||Y||II,1,1,-33.091245293577366,-36.132552325687485,3.0413070321101188,-54403.0,-59403.0,5000.0
Qwen2.5-72B-Instruct,Qwen,15-1221.00||CA||51||Y||III,1,1,-45.299213303231326,-38.81867603614942,-6.480537267081907,-91094.0,-66621.0,-24473.0
Qwen2.5-72B-Instruct,Qwen,15-1221.00||CA||51||Y||IV,1,1,-41.1235312423776,-30.64921896672119,-10.474312275656413,-97786.0,-64082.0,-33704.0
Qwen2.5-72B-Instruct,Qwen,15-1221.00||CA||54||Y||I,1,1,44.81060841142762,-16.85365103591239,61.664259447340015,43322.0,-14797.0,58119.0
Qwen2.5-72B-Instruct,Qwen,15-1221.00||CA||54||Y||II,2,2,-25.543378705802095,-33.070332567467915,7.52695386166582,-39271.0,-51276.0,12005.0
Qwen2.5-72B-Instruct,Qwen,15-1221.00||CA||54||Y||III,1,1,-27.60490707102617,-32.991883277687464,5.386976206661295,-41944.0,-56621.0,14677.0
Qwen2.5-72B-Instruct,Qwen,15-1221.00||CA||54||Y||IV,1,1,-35.23588436661536,-21.20336054081666,-14.032523825798698,-83786.0,-39018.0,-44768.0
Qwen2.5-72B-Instruct,Qwen,15-1221.00||IL||51||Y||II,1,1,2.149582519097531,2.149582519097531,0.0,1936.0,1936.0,0.0
Qwen2.5-72B-Instruct,Qwen,15-1221.00||MA||33||Y||II,1,1,-35.83215924784131,-35.83215924784131,0.0,-51374.0,-51374.0,0.0
Qwen2.5-72B-Instruct,Qwen,15-1221.00||NM||54||Y||II,1,1,-55.021645832942895,-47.85597544695769,-7.165670385985202,-88077.0,-76716.0,-11361.0
Qwen2.5-72B-Instruct,Qwen,15-1221.00||NY||54||Y||II,2,2,-37.78192564940115,-25.608824146023114,-12.173101503378039,-55867.0,-37867.0,-18000.0
Qwen2.5-72B-Instruct,Qwen,15-1221.00||NY||54||Y||III,3,3,-43.4641912956392,-47.05376645147164,3.589575155832435,-80723.0,-87389.66666666667,6666.6666666666715
Qwen2.5-72B-Instruct,Qwen,15-1221.00||TN||54||Y||II,4,4,-9.26840032187975,-12.114994870768385,2.8465945488886355,-7367.25,-9684.0,2316.75
Qwen2.5-72B-Instruct,Qwen,15-1221.00||TX||54||Y||II,1,1,4.205515214005222,-9.898439871899086,14.103955085904307,3834.0,-10107.0,13941.0
Qwen2.5-72B-Instruct,Qwen,15-1241.00||CA||51||Y||III,1,1,-38.190652276733886,-39.26559745452982,1.0749451777959322,-71056.0,-73056.0,2000.0
Qwen2.5-72B-Instruct,Qwen,15-1242.00||MA||54||Y||IV,1,1,-22.445094652236754,2.6347814612260456,-25.0798761134628,-31835.0,3594.0,-35429.0
Qwen2.5-72B-Instruct,Qwen,15-1242.00||TX||52||Y||III,1,1,-21.367521367521366,-14.309424159330352,-7.058097208191015,-25000.0,-15864.0,-9136.0
Qwen2.5-72B-Instruct,Qwen,15-1243.00||CA||54||Y||II,1,1,-26.28205128205128,-22.25198806737034,-4.03006321468094,-32800.0,-26331.0,-6469.0
Qwen2.5-72B-Instruct,Qwen,15-1243.00||IN||33||Y||IV,1,1,-28.640471232379063,-30.860659086480744,2.220187854101681,-44149.0,-49099.0,4950.0
Qwen2.5-72B-Instruct,Qwen,15-1243.00||MA||54||Y||IV,1,1,-16.213951728425094,-32.43060623260088,16.216654504175786,-29995.0,-59995.0,30000.0
Qwen2.5-72B-Instruct,Qwen,15-1243.00||NC||52||Y||IV,1,1,-26.3604113571456,-28.2814441043505,1.9210327472048974,-41166.0,-44166.0,3000.0
Qwen2.5-72B-Instruct,Qwen,15-1243.00||PA||54||Y||II,3,3,-25.54516222376117,-27.567601214374434,2.0224389906132636,-26189.666666666668,-32477.666666666668,6288.0
Qwen2.5-72B-Instruct,Qwen,15-1243.00||TX||54||Y||II,1,1,-29.61464015484779,-16.90617240502864,-12.70846774981915,-30294.0,-17294.0,-13000.0
Qwen2.5-72B-Instruct,Qwen,15-1243.00||TX||54||Y||III,1,1,-32.30665087155187,-25.419417643410608,-6.887233228141259,-43907.0,-32379.0,-11528.0
Qwen2.5-72B-Instruct,Qwen,15-1251.00||CA||54||Y||II,3,3,-30.561292570861426,-23.191818977758714,-7.369473593102711,-34561.666666666664,-24442.666666666668,-10118.999999999996
Qwen2.5-72B-Instruct,Qwen,15-1251.00||CA||54||Y||III,1,1,-29.37744684117602,-11.996250275011718,-17.381196566164302,-38270.0,-12541.0,-25729.0
Qwen2.5-72B-Instruct,Qwen,15-1251.00||MO||54||Y||II,1,1,-16.68980838655929,-16.68980838655929,0.0,-14424.0,-14424.0,0.0
Qwen2.5-72B-Instruct,Qwen,15-1251.00||NC||54||Y||III,1,1,6.27238073235532,-0.8941075083485942,7.166488240703914,5430.0,-830.0,6260.0
Qwen2.5-72B-Instruct,Qwen,15-1251.00||NJ||54||Y||I,1,1,-13.001579355944,-13.001579355944,0.0,-9714.0,-9714.0,0.0
Qwen2.5-72B-Instruct,Qwen,15-1251.00||TX||54||Y||II,2,2,-15.543720648714592,39.98377064915155,-55.52749129786614,-14133.0,24743.0,-38876.0
Qwen2.5-72B-Instruct,Qwen,15-1252.00||AR||54||Y||II,1,1,-13.591359135913592,-13.591359135913592,0.0,-11325.0,-11325.0,0.0
Qwen2.5-72B-Instruct,Qwen,15-1252.00||AZ||51||Y||III,2,2,-31.60563212751089,-31.60563212751089,0.0,-42514.0,-42514.0,0.0
Qwen2.5-72B-Instruct,Qwen,15-1252.00||AZ||54||Y||II,1,1,-35.177182368193606,-35.177182368193606,0.0,-39072.0,-39072.0,0.0
Qwen2.5-72B-Instruct,Qwen,15-1252.00||AZ||54||Y||IV,1,1,-30.35065280433599,-20.853014550381804,-9.497638253954186,-47934.0,-32934.0,-15000.0
Qwen2.5-72B-Instruct,Qwen,15-1252.00||CA||33||Y||I,1,1,-7.884361712319177,-26.354902420245708,18.47054070792653,-10699.0,-39365.0,28666.0
Qwen2.5-72B-Instruct,Qwen,15-1252.00||CA||33||Y||II,20,20,-37.56313172931469,-38.24767792026326,0.6845461909485664,-66868.0,-62131.4,-4736.5999999999985
Qwen2.5-72B-Instruct,Qwen,15-1252.00||CA||33||Y||III,15,15,-44.220885663957034,-41.9459842638246,-2.2749014001324355,-90342.53333333334,-78571.26666666666,-11771.266666666677
Qwen2.5-72B-Instruct,Qwen,15-1252.00||CA||33||Y||IV,15,15,-36.494585006001444,-36.285193673218046,-0.2093913327833974,-83768.13333333333,-89773.2,6005.066666666666
Qwen2.5-72B-Instruct,Qwen,15-1252.00||CA||42||Y||II,1,1,-29.049025580911103,-50.996319397467786,21.947293816556684,-37667.0,-95741.0,58074.0
Qwen2.5-72B-Instruct,Qwen,15-1252.00||CA||42||Y||III,2,2,-51.35713590816227,-33.270487575172936,-18.086648332989334,-116138.0,-52352.0,-63786.0
Qwen2.5-72B-Instruct,Qwen,15-1252.00||CA||44||Y||II,1,1,-29.049025580911103,-31.94627467720881,2.897249096297706,-37667.0,-51637.0,13970.0
Qwen2.5-72B-Instruct,Qwen,15-1252.00||CA||44||Y||IV,1,1,-16.48331394210278,-27.872906440855783,11.389592498753004,-28618.0,-59512.0,30894.0
Qwen2.5-72B-Instruct,Qwen,15-1252.00||CA||45||Y||I,1,1,-16.312389113915575,-51.79593612961537,35.4835470156998,-24365.0,-77365.0,53000.0
Qwen2.5-72B-Instruct,Qwen,15-1252.00||CA||45||Y||II,1,1,-31.94627467720881,-44.071886268849106,12.125611591640297,-51637.0,-82741.0,31104.0
Qwen2.5-72B-Instruct,Qwen,15-1252.00||CA||45||Y||III,1,1,-51.35713590816227,-17.893903995581198,-33.46323191258107,-116138.0,-23973.0,-92165.0
Qwen2.5-72B-Instruct,Qwen,15-1252.00||CA||45||Y||IV,3,3,-30.532093519154888,-36.89228040141105,6.360186882256162,-78259.33333333333,-92846.66666666667,14587.333333333343
Qwen2.5-72B-Instruct,Qwen,15-1252.00||CA||51||Y||I,3,3,-18.841668958283048,-33.04149250393359,14.199823545650542,-26921.0,-41533.333333333336,14612.333333333336
Qwen2.5-72B-Instruct,Qwen,15-1252.00||CA||51||Y||II,20,20,-40.01753308094736,-40.459331972691075,0.44179889174371567,-69298.4,-68722.75,-575.6499999999942
Qwen2.5-72B-Instruct,Qwen,15-1252.00||CA||51||Y||III,18,18,-46.04964673321852,-47.52307589432186,1.4734291611033399,-99787.38888888889,-96845.27777777778,-2942.1111111111095
Qwen2.5-72B-Instruct,Qwen,15-1252.00||CA||51||Y||IV,22,22,-35.696674867420924,-34.563660980503634,-1.1330138869172899,-84661.86363636363,-78003.59090909091,-6658.272727272721
Qwen2.5-72B-Instruct,Qwen,15-1252.00||CA||52||Y||II,4,4,-37.51430674907354,-37.095882733299455,-0.41842401577408594,-60637.0,-62663.0,2026.0
Qwen2.5-72B-Instruct,Qwen,15-1252.00||CA||52||Y||III,1,1,-51.35713590816227,-41.35647797669186,-10.000657931470407,-116138.0,-77574.0,-38564.0
Qwen2.5-72B-Instruct,Qwen,15-1252.00||CA||52||Y||IV,1,1,-27.872906440855783,-34.42991494623253,6.557008505376746,-59512.0,-73512.0,14000.0
Qwen2.5-72B-Instruct,Qwen,15-1252.00||CA||53||Y||II,1,1,-42.21137793758829,-35.03962582824477,-7.171752109343515,-52592.0,-56637.0,4045.0
Qwen2.5-72B-Instruct,Qwen,15-1252.00||CA||53||Y||III,1,1,-41.35647797669186,-41.447146503058114,0.090668526366251,-77574.0,-65123.0,-12451.0
Qwen2.5-72B-Instruct,Qwen,15-1252.00||CA||54||Y||I,4,4,-29.647358873407036,-44.0701210715696,14.422762198162566,-42032.0,-58417.75,16385.75
Qwen2.5-72B-Instruct,Qwen,15-1252.00||CA||54||Y||II,21,21,-39.13498948388018,-41.10958874679629,1.974599262916108,-69013.47619047618,-70036.61904761905,1023.1428571428696
Qwen2.5-72B-Instruct,Qwen,15-1252.00||CA||54||Y||III,15,15,-42.43128398854164,-38.02195432602335,-4.409329662518289,-85055.4,-71080.13333333333,-13975.266666666663
Qwen2.5-72B-Instruct,Qwen,15-1252.00||CA||54||Y||IV,17,17,-33.27934328115244,-29.85883500786193,-3.420508273290512,-77924.17647058824,-64418.0,-13506.176470588238
Qwen2.5-72B-Instruct,Qwen,15-1252.00||CA||56||Y||II,1,1,-31.94627467720881,-43.082338820938276,11.136064143729467,-51637.0,-69637.0,18000.0
Qwen2.5-72B-Instruct,Qwen,15-1252.00||CO||51||Y||III,1,1,-26.219486487625954,-26.219486487625954,0.0,-37314.0,-37314.0,0.0
Qwen2.5-72B-Instruct,Qwen,15-1252.00||CO||54||Y||II,1,1,-20.945899498178317,-40.2668082564545,19.320908758276186,-24376.0,-48536.0,24160.0
Qwen2.5-72B-Instruct,Qwen,15-1252.00||DC||54||Y||II,1,1,-25.01976381225601,-34.17400269648664,9.15423888423063,-30699.0,-43090.0,12391.0
Qwen2.5-72B-Instruct,Qwen,15-1252.00||DC||54||Y||III,1,1,-36.9851019514719,-42.653200288758,5.668098337286104,-55758.0,-63221.0,7463.0
Qwen2.5-72B-Instruct,Qwen,15-1252.00||FL||33||Y||IV,1,1,-26.559443454109665,-19.5367616420248,-7.0226818120848655,-39781.0,-27194.0,-12587.0
Qwen2.5-72B-Instruct,Qwen,15-1252.00||FL||44||Y||III,1,1,-33.4577384310492,-25.336190035627624,-8.121548395421577,-46258.0,-31219.0,-15039.0
Qwen2.5-72B-Instruct,Qwen,15-1252.00||FL||52||Y||IV,1,1,4.17115680273575,-27.513032552688966,31.684189355424714,5806.0,-45547.0,51353.0
Qwen2.5-72B-Instruct,Qwen,15-1252.00||FL||54||Y||II,4,4,-25.119554717839033,-13.72957312436542,-11.389981593473614,-25533.5,-13963.25,-11570.25
Qwen2.5-72B-Instruct,Qwen,15-1252.00||FL||62||Y||IV,1,1,41.70509880710071,37.29063178652555,4.4144670205751595,32374.0,29878.0,2496.0
Qwen2.5-72B-Instruct,Qwen,15-1252.00||GA||31||Y||IV,1,1,-4.687407563218542,-21.69905591433131,17.01164835111277,-7131.0,-29098.0,21967.0
Qwen2.5-72B-Instruct,Qwen,15-1252.00||GA||52||Y||II,1,1,-12.569967783933782,-4.834237713093528,-7.735730070840254,-13227.0,-5283.0,-7944.0
Qwen2.5-72B-Instruct,Qwen,15-1252.00||GA||52||Y||III,2,2,-27.58187709600213,-26.309347642025323,-1.2725294539768086,-35605.5,-34105.5,-1500.0
Qwen2.5-72B-Instruct,Qwen,15-1252.00||GA||54||Y||I,2,2,-13.222692265972448,-23.838599487906187,10.615907221933739,-10971.0,-20415.0,9444.0
Qwen2.5-72B-Instruct,Qwen,15-1252.00||GA||54||Y||II,3,3,-15.786742002151207,-33.26950599181854,17.482763989667333,-16912.333333333332,-35931.0,19018.666666666668
Qwen2.5-72B-Instruct,Qwen,15-1252.00||GA||54||Y||III,1,1,-27.31835326340594,-29.613563160351013,2.2952098969450745,-35707.0,-38707.0,3000.0
Qwen2.5-72B-Instruct,Qwen,15-1252.00||GA||54||Y||IV,1,1,-7.974048681728247,-27.69389539278648,19.71984671105823,-12131.0,-42131.0,30000.0
Qwen2.5-72B-Instruct,Qwen,15-1252.00||IL||33||Y||IV,1,1,-25.541003393762686,-26.14921886014676,0.608215466384074,-32587.0,-38949.0,6362.0
Qwen2.5-72B-Instruct,Qwen,15-1252.00||IL||51||Y||III,1,1,-15.842303778680561,-27.31835326340594,11.476049484725378,-20707.0,-35707.0,15000.0
Qwen2.5-72B-Instruct,Qwen,15-1252.00||IL||51||Y||IV,2,2,-27.201222917162223,-33.24355955587749,6.042336638715266,-41133.0,-50133.0,9000.0
Qwen2.5-72B-Instruct,Qwen,15-1252.00||IL||52||Y||III,1,1,-29.613563160351013,-44.914962473318184,15.30139931296717,-38707.0,-58707.0,20000.0
Qwen2.5-72B-Instruct,Qwen,15-1252.00||IL||52||Y||IV,1,1,-8.685925239862508,-28.253226974177686,19.56730173431518,-13317.0,-43317.0,30000.0
Qwen2.5-72B-Instruct,Qwen,15-1252.00||IL||54||Y||II,1,1,-33.380830333928586,-31.886553270391463,-1.4942770635371225,-36077.0,-33706.0,-2371.0
Qwen2.5-72B-Instruct,Qwen,15-1252.00||IL||54||Y||III,2,2,-27.31835326340594,-26.896778839932168,-0.4215744234737713,-35707.0,-32660.0,-3047.0
Qwen2.5-72B-Instruct,Qwen,15-1252.00||IN||33||Y||IV,1,1,-15.262724072319413,-18.393414703377804,3.130690631058391,-19813.0,-20736.0,923.0
Qwen2.5-72B-Instruct,Qwen,15-1252.00||MA||33||Y||II,1,1,-35.155093758105615,-29.814925008773134,-5.340168749332481,-46082.0,-39082.0,-7000.0
Qwen2.5-72B-Instruct,Qwen,15-1252.00||MA||33||Y||III,1,1,-32.08543006092907,-31.00743667208924,-1.077993388839829,-49606.0,-42696.0,-6910.0
Qwen2.5-72B-Instruct,Qwen,15-1252.00||MA||33||Y||IV,1,1,-30.388309727110947,-38.24769411275971,7.859384385648763,-54131.0,-68131.0,14000.0
Qwen2.5-72B-Instruct,Qwen,15-1252.00||MA||51||Y||IV,1,1,-32.633848123010594,-21.40615614351236,-11.227691979498235,-58131.0,-38131.0,-20000.0
Qwen2.5-72B-Instruct,Qwen,15-1252.00||MA||54||Y||II,3,3,-25.491931259313507,-42.76261188374943,17.270680624435922,-33415.333333333336,-54187.0,20771.666666666664
Qwen2.5-72B-Instruct,Qwen,15-1252.00||MA||54||Y||III,3,3,-34.12281363999076,-41.35630786213557,7.233494222144813,-51099.333333333336,-63939.333333333336,12840.0
Qwen2.5-72B-Instruct,Qwen,15-1252.00||MA||54||Y||IV,4,4,-20.793421349749767,-17.96461496938369,-2.8288063803660783,-36784.25,-31784.25,-5000.0
Qwen2.5-72B-Instruct,Qwen,15-1252.00||MI||33||Y||II,1,1,-29.543008122125453,-25.79767499381647,-3.7453331283089817,-30190.0,-25032.0,-5158.0
Qwen2.5-72B-Instruct,Qwen,15-1252.00||MI||33||Y||III,4,4,-26.104109270972828,-27.176130370112837,1.0720210991400094,-30770.0,-33013.75,2243.75
Qwen2.5-72B-Instruct,Qwen,15-1252.00||MI||51||Y||IV,2,2,1.093251303380847,-19.812431287597615,20.90568259097846,1514.0,-27630.5,29144.5
Qwen2.5-72B-Instruct,Qwen,15-1252.00||MI||52||Y||II,1,1,-29.543008122125453,-29.543008122125453,0.0,-30190.0,-30190.0,0.0
Qwen2.5-72B-Instruct,Qwen,15-1252.00||MI||52||Y||III,1,1,-29.37207621168435,-23.555658958528944,-5.816417253155407,-35349.0,-28349.0,-7000.0
Qwen2.5-72B-Instruct,Qwen,15-1252.00||MI||54||Y||II,2,2,-18.759732826515645,-29.543008122125453,10.783275295609808,-17991.0,-30190.0,12199.0
Qwen2.5-72B-Instruct,Qwen,15-1252.00||MI||54||Y||III,1,1,-23.555658958528944,-23.555658958528944,0.0,-28349.0,-28349.0,0.0
Qwen2.5-72B-Instruct,Qwen,15-1252.00||MI||54||Y||IV,1,1,4.703724564215878,-20.569588261629335,25.273312825845213,6514.0,-28486.0,35000.0
Qwen2.5-72B-Instruct,Qwen,15-1252.00||MN||45||Y||III,1,1,-25.04542084552024,-26.866881826420133,1.821460980899893,-30741.0,-33798.0,3057.0
Qwen2.5-72B-Instruct,Qwen,15-1252.00||MO||54||Y||II,1,1,-6.6462671472655135,-26.067401885281253,19.421134738015738,-5126.0,-25386.0,20260.0
Qwen2.5-72B-Instruct,Qwen,15-1252.00||MO||54||Y||IV,1,1,-21.454379275380948,-25.02463476286363,3.570255487482683,-30046.0,-35046.0,5000.0
Qwen2.5-72B-Instruct,Qwen,15-1252.00||NC||42||Y||III,1,1,-28.858135633836568,-21.369518332135154,-7.488617301701414,-38536.0,-28536.0,-10000.0
Qwen2.5-72B-Instruct,Qwen,15-1252.00||NC||52||Y||II,1,1,-21.171460641424396,-21.171460641424396,0.0,-24709.0,-24709.0,0.0
Qwen2.5-72B-Instruct,Qwen,15-1252.00||NC||52||Y||IV,1,1,-22.715947100611473,-28.880383270079978,6.164436169468505,-36741.0,-44669.0,7928.0
Qwen2.5-72B-Instruct,Qwen,15-1252.00||NC||54||Y||I,2,2,-24.496945120370814,-28.936629858044917,4.439684737674103,-21413.5,-26468.0,5054.5
Qwen2.5-72B-Instruct,Qwen,15-1252.00||NC||54||Y||II,6,6,-31.562001992534316,-34.14864253300368,2.5866405404693644,-35825.333333333336,-38987.0,3161.6666666666642
Qwen2.5-72B-Instruct,Qwen,15-1252.00||NC||54||Y||IV,1,1,-22.51916036596783,-21.143671143671142,-1.3754892222966895,-34877.0,-33248.0,-1629.0
Qwen2.5-72B-Instruct,Qwen,15-1252.00||NC||56||Y||II,1,1,-35.95673521667971,-35.95673521667971,0.0,-40424.0,-40424.0,0.0
Qwen2.5-72B-Instruct,Qwen,15-1252.00||NC||61||Y||IV,1,1,-1.2611642206364166,-1.2611642206364166,0.0,-1405.0,-1405.0,0.0
Qwen2.5-72B-Instruct,Qwen,15-1252.00||NH||33||Y||III,1,1,-19.36236853944029,-51.232067624866225,31.869699085425935,-22811.0,-75638.0,52827.0
Qwen2.5-72B-Instruct,Qwen,15-1252.00||NJ||32||Y||IV,2,2,-17.328472027502634,-14.375917457056303,-2.952554570446331,-31298.5,-26298.5,-5000.0
Qwen2.5-72B-Instruct,Qwen,15-1252.00||NJ||33||Y||III,2,2,-26.837500430324667,-42.78784863654737,15.950348206222706,-40194.5,-68805.0,28610.5
Qwen2.5-72B-Instruct,Qwen,15-1252.00||NJ||45||Y||III,1,1,-30.83869607888341,-31.59416684804577,0.7554707691623612,-46819.0,-50805.0,3986.0
Qwen2.5-72B-Instruct,Qwen,15-1252.00||NJ||51||Y||II,1,1,-30.301446244990416,-45.45330575694902,15.151859511958605,-39997.0,-59997.0,20000.0
Qwen2.5-72B-Instruct,Qwen,15-1252.00||NJ||51||Y||IV,1,1,-28.10692461030685,-23.519979745980844,-4.586944864326007,-43005.0,-44592.0,1587.0
Qwen2.5-72B-Instruct,Qwen,15-1252.00||NJ||52||Y||II,2,2,-19.081762493897806,-31.885767752976996,12.80400525907919,-22439.0,-38109.5,15670.5
Qwen2.5-72B-Instruct,Qwen,15-1252.00||NJ||52||Y||IV,1,1,-26.15722182370564,-7.974048681728247,-18.18317314197739,-49592.0,-12131.0,-37461.0
Qwen2.5-72B-Instruct,Qwen,15-1252.00||NJ||54||Y||II,2,2,-30.301446244990416,-37.62202140475881,7.320575159768396,-39997.0,-43939.0,3942.0
Qwen2.5-72B-Instruct,Qwen,15-1252.00||NJ||61||Y||IV,1,1,21.559433880350785,-8.83042458973691,30.389858470087695,24830.0,-10170.0,35000.0
Qwen2.5-72B-Instruct,Qwen,15-1252.00||NV||54||Y||II,2,2,-20.12779552715655,-35.01922347972058,14.89142795256403,-22302.0,-38802.0,16500.0
Qwen2.5-72B-Instruct,Qwen,15-1252.00||NY||33||Y||IV,2,2,-36.70619013460484,-34.06894805688003,-2.6372420777248067,-69592.0,-64592.0,-5000.0
Qwen2.5-72B-Instruct,Qwen,15-1252.00||NY||45||Y||II,1,1,-25.600051756485733,-25.600051756485733,0.0,-31656.0,-31656.0,0.0
Qwen2.5-72B-Instruct,Qwen,15-1252.00||NY||51||Y||II,3,3,-30.301446244990416,-28.392209773245398,-1.909236471745018,-39997.0,-35761.333333333336,-4235.666666666664
Qwen2.5-72B-Instruct,Qwen,15-1252.00||NY||51||Y||III,8,8,-36.8316481340285,-35.67435875103189,-1.157289382996609,-58806.75,-57056.75,-1750.0
Qwen2.5-72B-Instruct,Qwen,15-1252.00||NY||51||Y||IV,6,6,-21.654332183495356,-30.20099300955033,8.546660826054975,-40823.666666666664,-57258.666666666664,16435.0
Qwen2.5-72B-Instruct,Qwen,15-1252.00||NY||52||Y||II,1,1,-45.45330575694902,-16.66477268422767,-28.78853307272135,-59997.0,-21997.0,-38000.0
Qwen2.5-72B-Instruct,Qwen,15-1252.00||NY||52||Y||III,2,2,-44.031591057491994,-33.14884487422655,-10.882746183265446,-70805.0,-53305.0,-17500.0
Qwen2.5-72B-Instruct,Qwen,15-1252.00||NY||52||Y||IV,2,2,-15.916137001004813,-14.289632473944048,-1.6265045270607654,-27109.0,-27092.0,-17.0
Qwen2.5-72B-Instruct,Qwen,15-1252.00||NY||54||Y||II,4,4,-18.668632939267503,-10.866563553585465,-7.802069385682039,-24411.75,-13105.75,-11306.0
Qwen2.5-72B-Instruct,Qwen,15-1252.00||NY||54||Y||III,5,5,-33.27187845113953,-35.855828328465996,2.583949877326468,-53007.8,-56804.0,3796.199999999997
Qwen2.5-72B-Instruct,Qwen,15-1252.00||NY||54||Y||IV,5,5,-19.382388375036406,-26.838547950266673,7.4561595752302665,-36470.0,-48965.4,12495.400000000001
Qwen2.5-72B-Instruct,Qwen,15-1252.00||NY||62||Y||II,1,1,-16.26162780113957,-16.26162780113957,0.0,-17866.0,-17866.0,0.0
Qwen2.5-72B-Instruct,Qwen,15-1252.00||OH||54||Y||II,5,5,-27.666214068447438,-24.983519473107464,-2.6826945953399743,-27690.0,-25358.2,-2331.7999999999993
Qwen2.5-72B-Instruct,Qwen,15-1252.00||OR||33||Y||III,1,1,-31.318681318681318,-39.82208267922554,8.50340136054422,-47880.0,-60880.0,13000.0
Qwen2.5-72B-Instruct,Qwen,15-1252.00||PA||33||Y||II,1,1,-31.562838621371405,-34.453092994674314,2.890254373302909,-33206.0,-37845.0,4639.0
Qwen2.5-72B-Instruct,Qwen,15-1252.00||PA||33||Y||III,1,1,-28.85540908139778,-22.99644277045407,-5.8589663109437105,-34475.0,-27475.0,-7000.0
Qwen2.5-72B-Instruct,Qwen,15-1252.00||PA||33||Y||IV,1,1,-25.401764781107463,-21.22036811573444,-4.181396665373022,-35754.0,-29630.0,-6124.0
Qwen2.5-72B-Instruct,Qwen,15-1252.00||PA||54||Y||IV,1,1,-11.192577120366028,-15.11384328920166,3.921266168835631,-15754.0,-22078.0,6324.0
Qwen2.5-72B-Instruct,Qwen,15-1252.00||SC||52||Y||III,1,1,-28.858135633836568,-16.26162780113957,-12.596507832696997,-38536.0,-17866.0,-20670.0
Qwen2.5-72B-Instruct,Qwen,15-1252.00||TN||54||Y||II,1,1,-17.742466177637564,1.6122476629183038,-19.354713840555867,-18334.0,1666.0,-20000.0
Qwen2.5-72B-Instruct,Qwen,15-1252.00||TN||54||Y||III,1,1,-26.999776705199334,-24.662413914524596,-2.3373627906747387,-31438.0,-30117.0,-1321.0
Qwen2.5-72B-Instruct,Qwen,15-1252.00||TN||55||Y||III,1,1,-24.662413914524596,-30.39462155146294,5.732207636938345,-30117.0,-37117.0,7000.0
Qwen2.5-72B-Instruct,Qwen,15-1252.00||TX||22||Y||III,1,1,-25.686616550763862,-28.033354975476584,2.346738424712722,-32837.0,-35837.0,3000.0
Qwen2.5-72B-Instruct,Qwen,15-1252.00||TX||33||Y||III,1,1,-28.033354975476584,-31.837209474627883,3.8038544991512993,-35837.0,-42971.0,7134.0
Qwen2.5-72B-Instruct,Qwen,15-1252.00||TX||33||Y||IV,2,2,-23.570773463772547,-32.74228064811984,9.171507184347291,-38550.0,-53550.0,15000.0
Qwen2.5-72B-Instruct,Qwen,15-1252.00||TX||44||Y||IV,2,2,-17.100789511357817,-25.099357994497097,7.99856848313928,-25889.5,-41050.0,15160.5
Qwen2.5-72B-Instruct,Qwen,15-1252.00||TX||48||Y||II,1,1,-18.528554855963797,-36.23973858292819,17.711183726964393,-20923.0,-40923.0,20000.0
Qwen2.5-72B-Instruct,Qwen,15-1252.00||TX||51||Y||I,1,1,15.21458716860152,-22.70554379622803,37.92013096482955,12149.0,-19094.0,31243.0
Qwen2.5-72B-Instruct,Qwen,15-1252.00||TX||51||Y||II,1,1,-7.016285433436944,-37.25708907750492,30.240803644067977,-7923.0,-42754.0,34831.0
Qwen2.5-72B-Instruct,Qwen,15-1252.00||TX||51||Y||III,2,2,-29.61450978358314,-23.330097777039462,-6.284412006543679,-39971.0,-31015.0,-8956.0
Qwen2.5-72B-Instruct,Qwen,15-1252.00||TX||51||Y||IV,7,7,-8.698432925749014,-18.18304758327611,9.484614657527096,-13791.142857142857,-28646.285714285714,14855.142857142857
Qwen2.5-72B-Instruct,Qwen,15-1252.00||TX||52||Y||I,1,1,-15.675067928417501,-28.06153505616734,12.386467127749839,-13384.0,-25355.0,11971.0
Qwen2.5-72B-Instruct,Qwen,15-1252.00||TX||52||Y||II,1,1,-20.001777738272484,-18.528554855963797,-1.4732228823086864,-18002.0,-20923.0,2921.0
Qwen2.5-72B-Instruct,Qwen,15-1252.00||TX||52||Y||III,4,4,-25.462699086544077,-24.00786867278442,-1.4548304137596588,-34243.0,-31947.75,-2295.25
Qwen2.5-72B-Instruct,Qwen,15-1252.00||TX||52||Y||IV,5,5,-9.476393880255657,-21.105191110197474,11.628797229941817,-15208.6,-33485.8,18277.200000000004
Qwen2.5-72B-Instruct,Qwen,15-1252.00||TX||54||Y||I,5,5,-19.192292687989912,-21.335936212241684,2.1436435242517717,-17227.4,-18867.0,1639.5999999999985
Qwen2.5-72B-Instruct,Qwen,15-1252.00||TX||54||Y||II,16,16,-16.47709703609248,-26.29903670877423,9.82193967268175,-18377.6875,-29506.3125,11128.625
Qwen2.5-72B-Instruct,Qwen,15-1252.00||TX||54||Y||III,4,4,-29.810453319178233,-28.191226782810478,-1.619226536367755,-40045.0,-36617.0,-3428.0
Qwen2.5-72B-Instruct,Qwen,15-1252.00||TX||54||Y||IV,6,6,-10.216933186923082,-26.67869573372821,16.461762546805126,-15961.833333333334,-42404.5,26442.666666666664
Qwen2.5-72B-Instruct,Qwen,15-1252.00||TX||55||Y||III,1,1,-29.61450978358314,-31.837209474627883,2.222699691044742,-39971.0,-42971.0,3000.0
Qwen2.5-72B-Instruct,Qwen,15-1252.00||TX||55||Y||IV,2,2,-11.02070092401561,-5.41706460632981,-5.6036363176858,-17774.0,-8389.5,-9384.5
Qwen2.5-72B-Instruct,Qwen,15-1252.00||TX||92||Y||II,1,1,-13.187891598097682,-24.727469160401334,11.539577562303652,-13976.0,-27923.0,13947.0
Qwen2.5-72B-Instruct,Qwen,15-1252.00||UT||54||Y||III,2,2,-26.101322502613353,-24.013545808417604,-2.0877766941957496,-33554.5,-29688.0,-3866.5
Qwen2.5-72B-Instruct,Qwen,15-1252.00||VA||54||Y||I,2,2,-14.218948738426953,-19.90342025529038,5.684471516863429,-14421.0,-18397.0,3976.0
Qwen2.5-72B-Instruct,Qwen,15-1252.00||VA||54||Y||II,1,1,-32.96775935425608,-27.036243952732175,-5.931515401523907,-35411.0,-34090.0,-1321.0
Qwen2.5-72B-Instruct,Qwen,15-1252.00||VA||54||Y||III,1,1,-27.035381206967458,-38.975046100372786,11.939664893405329,-40758.0,-58758.0,18000.0
Qwen2.5-72B-Instruct,Qwen,15-1252.00||VA||81||Y||III,2,2,-27.035381206967458,-27.315077918088242,0.27969671112078487,-40758.0,-38482.0,-2276.0
Qwen2.5-72B-Instruct,Qwen,15-1252.00||WA||33||Y||III,2,2,-43.27928725582425,-45.01146889137102,1.732181635546766,-78210.0,-77286.0,-924.0
Qwen2.5-72B-Instruct,Qwen,15-1252.00||WA||33||Y||IV,6,6,-37.94149065701398,-35.75614759855852,-2.1853430584554587,-79249.33333333333,-74916.0,-4333.3333333333285
Qwen2.5-72B-Instruct,Qwen,15-1252.00||WA||44||Y||III,1,1,-39.128991201372365,-47.429583310276136,8.300592108903771,-70710.0,-85710.0,15000.0
Qwen2.5-72B-Instruct,Qwen,15-1252.00||WA||45||Y||III,2,2,-38.29893199048199,-37.468872779591614,-0.8300592108903757,-69210.0,-67710.0,-1500.0
Qwen2.5-72B-Instruct,Qwen,15-1252.00||WA||45||Y||IV,3,3,-31.668881537403042,-31.40647669515775,-0.26240484224529226,-67202.0,-65296.666666666664,-1905.3333333333358
Qwen2.5-72B-Instruct,Qwen,15-1252.00||WA||51||Y||II,3,3,-39.91780577146431,-41.387599254096614,1.469793482632305,-59573.333333333336,-60246.333333333336,673.0
Qwen2.5-72B-Instruct,Qwen,15-1252.00||WA||51||Y||III,3,3,-45.21609208123513,-45.21609208123513,0.0,-81710.0,-81710.0,0.0
Qwen2.5-72B-Instruct,Qwen,15-1252.00||WA||51||Y||IV,11,11,-32.4845521104059,-36.33853163923568,3.8539795288297825,-68409.63636363637,-77111.09090909091,8701.454545454544
Qwen2.5-72B-Instruct,Qwen,15-1252.00||WA||52||Y||I,1,1,-38.00371977681339,-38.852983889459786,0.8492641126463951,-44749.0,-45749.0,1000.0
Qwen2.5-72B-Instruct,Qwen,15-1252.00||WA||52||Y||II,1,1,-26.293218976145805,-38.354328598231035,12.06110962208523,-39240.0,-57240.0,18000.0
Qwen2.5-72B-Instruct,Qwen,15-1252.00||WA||52||Y||III,2,2,-48.25964252116651,-39.128991201372365,-9.130651319794147,-87210.0,-70710.0,-16500.0
Qwen2.5-72B-Instruct,Qwen,15-1252.00||WA||52||Y||IV,1,1,-41.565112487158466,-31.668881537403042,-9.896230949755424,-88202.0,-67202.0,-21000.0
Qwen2.5-72B-Instruct,Qwen,15-1252.00||WA||54||Y||II,4,4,-30.01761920553331,-39.34694202868953,9.329322823156222,-43499.5,-55247.25,11747.75
Qwen2.5-72B-Instruct,Qwen,15-1252.00||WA||54||Y||III,1,1,-47.429583310276136,-43.85519522525052,-3.5743880850256176,-85710.0,-71862.0,-13848.0
Qwen2.5-72B-Instruct,Qwen,15-1252.00||WA||54||Y||IV,4,4,-31.913577628863063,-29.379727547401856,-2.533850081461207,-67721.25,-59416.0,-8305.25
Qwen2.5-72B-Instruct,Qwen,15-1252.00||WA||56||Y||III,2,2,-39.128991201372365,-38.29893199048199,-0.8300592108903757,-70710.0,-69210.0,-1500.0
Qwen2.5-72B-Instruct,Qwen,15-1252.00||WI||33||Y||IV,1,1,-16.26894415138575,-16.59906136034513,0.3301172089593791,-21373.0,-21893.0,520.0
Qwen2.5-72B-Instruct,Qwen,15-1252.00||WI||54||Y||II,1,1,-26.60026709347252,-6.211452397214888,-20.388814696257633,-26093.0,-6093.0,-20000.0
Qwen2.5-72B-Instruct,Qwen,15-1252||CA||54||Y||I,1,1,-28.233098894789723,-29.571953987009937,1.3388550922202143,-41307.0,-30232.0,-11075.0
Qwen2.5-72B-Instruct,Qwen,15-1252||CA||54||Y||II,1,1,-44.071886268849106,-41.40864275784192,-2.663243511007188,-82741.0,-77741.0,-5000.0
Qwen2.5-72B-Instruct,Qwen,15-1252||CA||54||Y||III,1,1,-51.35713590816227,-51.35713590816227,0.0,-116138.0,-116138.0,0.0
Qwen2.5-72B-Instruct,Qwen,15-1253.00||CA||33||Y||IV,2,2,-21.934264740228656,-44.5419864413861,22.607721701157445,-35376.0,-89553.0,54177.0
Qwen2.5-72B-Instruct,Qwen,15-1253.00||CA||54||Y||I,1,1,11.509950935621589,-26.227740639435243,37.73769157505683,10838.0,-23109.0,33947.0
Qwen2.5-72B-Instruct,Qwen,15-1253.00||IL||54||Y||II,1,1,-18.26355462719099,-18.26355462719099,0.0,-16088.0,-16088.0,0.0
Qwen2.5-72B-Instruct,Qwen,15-1253.00||MI||33||Y||IV,2,2,-16.95110911793773,-21.103553662040845,4.1524445441031155,-20411.0,-25411.0,5000.0
Qwen2.5-72B-Instruct,Qwen,15-1253.00||MN||54||Y||IV,1,1,-11.917554831322118,-11.917554831322118,0.0,-14883.0,-14883.0,0.0
Qwen2.5-72B-Instruct,Qwen,15-1255.00||CA||51||Y||IV,1,1,-25.038685392716975,-41.101824237134764,16.06313884441779,-46763.0,-76763.0,30000.0
Qwen2.5-72B-Instruct,Qwen,15-1295.00||OH||62||Y||I,1,1,-1.6890369621912422,25.619563881644524,-27.308600843835766,-1237.0,18763.0,-20000.0
Qwen2.5-72B-Instruct,Qwen,15-1299.00||CA||54||Y||IV,1,1,-22.040495929976235,-17.201630160112693,-4.838865769863542,-40994.0,-31994.0,-9000.0
Qwen2.5-72B-Instruct,Qwen,15-1299.00||MA||54||Y||II,1,1,1.6563352891128276,1.6563352891128276,0.0,1499.0,1499.0,0.0
Qwen2.5-72B-Instruct,Qwen,15-1299.00||NC||33||Y||IV,1,1,-21.872225576192335,-30.185326224930186,8.313100648737851,-30795.0,-47560.0,16765.0
Qwen2.5-72B-Instruct,Qwen,15-1299.00||NJ||54||Y||II,1,1,-2.8326397836970068,-2.8326397836970068,0.0,-2682.0,-2682.0,0.0
Qwen2.5-72B-Instruct,Qwen,15-1299.00||TX||54||Y||IV,1,1,-2.8410613776467435,0.4781373432194581,-3.3191987208662015,-4240.0,690.0,-4930.0
Qwen2.5-72B-Instruct,Qwen,15-1299.08||CA||33||Y||IV,1,1,-35.018956538885554,-27.97643587667579,-7.042520662209764,-78142.0,-56323.0,-21819.0
Qwen2.5-72B-Instruct,Qwen,15-1299.08||CA||51||Y||III,1,1,-39.32473951007485,-39.32473951007485,0.0,-71293.0,-71293.0,0.0
Qwen2.5-72B-Instruct,Qwen,15-1299.08||CA||54||Y||II,3,3,-15.33639831246336,-5.7715998489127776,-9.56479846355058,-19357.666666666668,-5841.0,-13516.666666666668
Qwen2.5-72B-Instruct,Qwen,15-1299.08||CA||54||Y||IV,2,2,-21.136555639429154,1.9698548812223207,-23.106410520651476,-45068.0,2738.5,-47806.5
Qwen2.5-72B-Instruct,Qwen,15-1299.08||NJ||54||Y||II,1,1,0.335861092921569,-2.8326397836970068,3.168500876618576,318.0,-2682.0,3000.0
Qwen2.5-72B-Instruct,Qwen,15-1299.08||NY||52||Y||IV,1,1,-11.935285015159712,-11.935285015159712,0.0,-18974.0,-18974.0,0.0
Qwen2.5-72B-Instruct,Qwen,15-1299.08||TN||44||Y||IV,1,1,54.50186467767715,17.208311134789557,37.293553542887594,51150.0,16150.0,35000.0
Qwen2.5-72B-Instruct,Qwen,15-1299.08||TX||54||Y||III,1,1,-6.134344102554934,-19.801445262375903,13.66710115982097,-6862.0,-23456.0,16594.0
Qwen2.5-72B-Instruct,Qwen,15-1299.09||CA||51||Y||III,2,2,-39.32473951007485,-40.703722703027694,1.3789831929528447,-71293.0,-73793.0,2500.0
Qwen2.5-72B-Instruct,Qwen,15-1299.09||CA||51||Y||IV,1,1,-22.040495929976235,29.406514948683622,-51.44701087865985,-40994.0,32950.0,-73944.0
Qwen2.5-72B-Instruct,Qwen,15-1299.09||CA||52||Y||IV,1,1,-35.018956538885554,-22.040495929976235,-12.97846060890932,-78142.0,-40994.0,-37148.0
Qwen2.5-72B-Instruct,Qwen,15-1299.09||CA||54||Y||III,2,2,-22.210032911139923,-34.473419701090236,12.263386789950314,-33405.0,-58349.0,24944.0
Qwen2.5-72B-Instruct,Qwen,15-1299.09||CO||51||Y||III,1,1,-17.930921284029356,-18.397498668590767,0.4665773845614112,-22941.0,-21418.0,-1523.0
Qwen2.5-72B-Instruct,Qwen,15-1299.09||GA||52||Y||II,1,1,21.46451500954364,5.759540132634906,15.704974876908732,18555.0,4629.0,13926.0
Qwen2.5-72B-Instruct,Qwen,15-1299.09||GA||52||Y||IV,1,1,26.376740552381243,-15.748839631745836,42.12558018412708,34438.0,-20562.0,55000.0
Qwen2.5-72B-Instruct,Qwen,15-1299.09||GA||54||Y||III,1,1,-12.453692611091656,-15.218312844425604,2.7646202333339485,-13514.0,-16514.0,3000.0
Qwen2.5-72B-Instruct,Qwen,15-1299.09||IL||33||Y||III,1,1,-11.74284652545522,-21.033073206986252,9.290226681531031,-12640.0,-22640.0,10000.0
Qwen2.5-72B-Instruct,Qwen,15-1299.09||MA||54||Y||III,1,1,-17.83925899660114,-20.433808712497946,2.5945497158968074,-20627.0,-23627.0,3000.0
Qwen2.5-72B-Instruct,Qwen,15-1299.09||NJ||52||Y||IV,1,1,3.7905569464189113,-11.935285015159712,15.725841961578624,6026.0,-18974.0,25000.0
Qwen2.5-72B-Instruct,Qwen,15-1299.09||NJ||54||Y||III,2,2,-5.377158045952293,-22.867682991724713,17.49052494577242,-6251.0,-28034.5,21783.5
Qwen2.5-72B-Instruct,Qwen,15-1299.09||NY||51||Y||IV,1,1,-8.790116622843987,-11.935285015159712,3.1451683923157248,-13974.0,-18974.0,5000.0
Qwen2.5-72B-Instruct,Qwen,15-1299.09||NY||52||Y||IV,2,2,-7.023679771636569,-11.935285015159712,4.911605243523143,-11010.0,-18974.0,7964.0
Qwen2.5-72B-Instruct,Qwen,15-1299.09||NY||54||Y||IV,1,1,-8.790116622843987,-8.790116622843987,0.0,-13974.0,-13974.0,0.0
Qwen2.5-72B-Instruct,Qwen,15-1299.09||TX||22||Y||IV,1,1,3.567729723938431,-26.293218976145805,29.860948700084236,4995.0,-39240.0,44235.0
Qwen2.5-72B-Instruct,Qwen,15-1299.09||TX||54||Y||III,1,1,-20.78910725154878,-22.33403120145877,1.5449239499099896,-24933.0,-26456.0,1523.0
Qwen2.5-72B-Instruct,Qwen,15-1299.09||TX||54||Y||IV,1,1,-2.986626013443282,3.567729723938431,-6.554355737381712,-4310.0,4995.0,-9305.0
Qwen2.5-72B-Instruct,Qwen,15-1299.09||WA||51||Y||II,1,1,-5.8515319593114885,-17.52577319587629,11.674241236564802,-5718.0,-19550.0,13832.0
Qwen2.5-72B-Instruct,Qwen,15-1299.09||WA||51||Y||IV,1,1,-13.186128939553598,-13.186128939553598,0.0,-22024.0,-22024.0,0.0
Qwen2.5-72B-Instruct,Qwen,15-2021.00||NY||52||Y||IV,1,1,17.87668873665276,7.160626124229783,10.716062612422977,23355.0,9355.0,14000.0
Qwen2.5-72B-Instruct,Qwen,15-2031.00||CA||51||Y||IV,5,5,-23.802821215908683,-11.953184165746057,-11.849637050162626,-35316.2,-18708.6,-16607.6
Qwen2.5-72B-Instruct,Qwen,15-2031.00||CA||52||Y||IV,1,1,-23.023502932637196,-26.02505733058057,3.001554397943373,-27517.0,-38699.0,11182.0
Qwen2.5-72B-Instruct,Qwen,15-2031.00||CA||54||Y||II,2,2,-16.805773785285474,-9.773574969464748,-7.032198815820726,-16779.0,-9992.5,-6786.5
Qwen2.5-72B-Instruct,Qwen,15-2031.00||CA||54||Y||III,7,7,-14.633347203779957,-19.25049063627304,4.617143432493082,-18382.14285714286,-23398.428571428572,5016.285714285714
Qwen2.5-72B-Instruct,Qwen,15-2031.00||CA||54||Y||IV,3,3,-9.752586716483238,-18.822986980120533,9.070400263637294,-14408.666666666666,-25983.333333333332,11574.666666666666
Qwen2.5-72B-Instruct,Qwen,15-2031.00||GA||44||Y||III,2,2,9.826434250057765,-9.311858381398048,19.138292631455812,8217.5,-7701.0,15918.5
Qwen2.5-72B-Instruct,Qwen,15-2031.00||GA||44||Y||IV,1,1,-26.350245499181668,-2.823240589198036,-23.52700490998363,-25760.0,-2760.0,-23000.0
Qwen2.5-72B-Instruct,Qwen,15-2031.00||IL||52||Y||IV,1,1,-23.572618080305066,-11.50513672456376,-12.067481355741306,-29301.0,-14301.0,-15000.0
Qwen2.5-72B-Instruct,Qwen,15-2031.00||IL||54||Y||II,2,2,7.096293536971503,-16.18550940584839,23.281802942819894,6096.0,-13904.0,20000.0
Qwen2.5-72B-Instruct,Qwen,15-2031.00||IL||54||Y||III,1,1,-28.640748986698636,-19.12618218492512,-9.514566801773515,-30102.0,-20102.0,-10000.0
Qwen2.5-72B-Instruct,Qwen,15-2031.00||MA||54||Y||II,2,2,12.226378154796611,-15.940878417820533,28.167256572617145,9871.5,-13654.0,23525.5
Qwen2.5-72B-Instruct,Qwen,15-2031.00||MO||54||Y||IV,1,1,16.734973544302193,20.541548768572916,-3.8065752242707234,13189.0,16189.0,-3000.0
Qwen2.5-72B-Instruct,Qwen,15-2031.00||NC||52||Y||IV,2,2,-22.01993006418991,-11.228227554758167,-10.791702509431744,-26826.0,-12016.0,-14810.0
Qwen2.5-72B-Instruct,Qwen,15-2031.00||NC||54||Y||IV,1,1,-17.56100485640626,-3.6843279193787133,-13.876676937027547,-23432.0,-3634.0,-19798.0
Qwen2.5-72B-Instruct,Qwen,15-2031.00||NJ||52||Y||II,1,1,0.7998246959570505,0.7998246959570505,0.0,730.0,730.0,0.0
Qwen2.5-72B-Instruct,Qwen,15-2031.00||NJ||54||Y||I,1,1,-5.617912268219373,-4.200442151805453,-1.41747011641392,-3869.0,-2850.0,-1019.0
Qwen2.5-72B-Instruct,Qwen,15-2031.00||NJ||54||Y||III,1,1,-28.64458286462618,-23.94997230787035,-4.69461055675583,-34122.0,-28973.0,-5149.0
Qwen2.5-72B-Instruct,Qwen,15-2031.00||NJ||54||Y||IV,1,1,-19.627069602957725,-27.31491511919655,7.6878455162388235,-28083.0,-39083.0,11000.0
Qwen2.5-72B-Instruct,Qwen,15-2031.00||NY||54||Y||III,1,1,-21.4700801005183,-25.87424784163251,4.404167741114211,-25973.0,-29670.0,3697.0
Qwen2.5-72B-Instruct,Qwen,15-2031.00||NY||54||Y||IV,1,1,-14.974084100833934,-35.38030391663379,20.406219815799858,-22014.0,-52014.0,30000.0
Qwen2.5-72B-Instruct,Qwen,15-2031.00||PA||54||Y||IV,1,1,-6.9916884390668725,-19.674640015557753,12.68295157649088,-8269.0,-23269.0,15000.0
Qwen2.5-72B-Instruct,Qwen,15-2031.00||TN||54||Y||II,1,1,-0.8572038680943229,10.275535678730606,-11.13273954682493,-562.0,6709.0,-7271.0
Qwen2.5-72B-Instruct,Qwen,15-2031.00||TX||42||Y||IV,1,1,-12.537516802003351,-4.251597341140511,-8.28591946086284,-13618.0,-4618.0,-9000.0
Qwen2.5-72B-Instruct,Qwen,15-2031.00||TX||52||Y||IV,1,1,-16.913408665176142,-20.690071907668138,3.7766632424919955,-22392.0,-27392.0,5000.0
Qwen2.5-72B-Instruct,Qwen,15-2031.00||TX||54||Y||II,1,1,12.461188665868029,-19.273461150353178,31.734649816221207,10194.0,-17190.0,27384.0
Qwen2.5-72B-Instruct,Qwen,15-2031.00||TX||54||Y||III,2,2,-7.407587430150742,-14.415218848018961,7.007631417868219,-8399.5,-14777.5,6378.0
Qwen2.5-72B-Instruct,Qwen,15-2031.00||TX||54||Y||IV,1,1,-16.913408665176142,-27.6410998552822,10.727691190106057,-22392.0,-36290.0,13898.0
Qwen2.5-72B-Instruct,Qwen,15-2031.00||VA||44||Y||III,1,1,-24.14382331100234,-40.11354471921237,15.969721408210031,-30237.0,-50237.0,20000.0
Qwen2.5-72B-Instruct,Qwen,15-2031.00||WA||45||Y||I,1,1,19.73517396816453,-8.43780814199183,28.17298211015636,14010.0,-5990.0,20000.0
Qwen2.5-72B-Instruct,Qwen,15-2031.00||WA||51||Y||IV,2,2,-2.484913842553289,-15.869337432791072,13.384423590237784,-3249.0,-20749.0,17500.0
Qwen2.5-72B-Instruct,Qwen,15-2031.00||WA||52||Y||III,1,1,-10.742807749403386,-32.32390680550793,21.581099056104545,-11434.0,-35822.0,24388.0
Qwen2.5-72B-Instruct,Qwen,15-2031.00||WA||54||Y||III,1,1,-14.276948620310046,-23.300427712908988,9.023479092598942,-15822.0,-25822.0,10000.0
Qwen2.5-72B-Instruct,Qwen,15-2031||MA||54||Y||II,2,2,7.408877577229318,-0.7635370210381301,8.172414598267448,6346.0,-654.0,7000.0
Qwen2.5-72B-Instruct,Qwen,15-2041.00||CA||33||Y||IV,1,1,-43.69196433141886,-43.69196433141886,0.0,-85354.0,-85354.0,0.0
Qwen2.5-72B-Instruct,Qwen,15-2041.00||CA||52||Y||IV,1,1,8.062989543974185,-38.2764541506279,46.33944369460208,10819.0,-68214.0,79033.0
Qwen2.5-72B-Instruct,Qwen,15-2041.00||CA||54||Y||II,3,3,-14.096303228699442,-22.56227010673938,8.465966878039938,-13841.0,-22920.333333333332,9079.333333333332
Qwen2.5-72B-Instruct,Qwen,15-2041.00||CA||54||Y||III,3,3,-26.34057628416407,-38.534143243277214,12.193566959113145,-36673.333333333336,-59264.666666666664,22591.33333333333
Qwen2.5-72B-Instruct,Qwen,15-2041.00||FL||52||Y||II,2,2,-22.82129935504169,-31.731838859491422,8.910539504449734,-23212.0,-31787.0,8575.0
Qwen2.5-72B-Instruct,Qwen,15-2041.00||IL||52||Y||IV,1,1,-23.917454060634167,-8.180055238878769,-15.737398821755399,-33008.0,-11136.0,-21872.0
Qwen2.5-72B-Instruct,Qwen,15-2041.00||NC||54||Y||III,1,1,-26.843332845622218,-34.65677048190632,7.813437636284103,-31189.0,-48795.0,17606.0
Qwen2.5-72B-Instruct,Qwen,15-2041.00||NJ||54||Y||II,1,1,-36.263444429690615,-35.030950533287616,-1.2324938964029997,-40965.0,-38822.0,-2143.0
Qwen2.5-72B-Instruct,Qwen,15-2041.00||NJ||54||Y||III,1,1,-36.2761735227501,-41.124725537323464,4.8485520145733645,-52373.0,-59373.0,7000.0
Qwen2.5-72B-Instruct,Qwen,15-2041.00||NJ||54||Y||IV,1,1,-20.35544228329569,-40.83547141044823,20.480029127152537,-35781.0,-71781.0,36000.0
Qwen2.5-72B-Instruct,Qwen,15-2041.00||NY||52||Y||II,1,1,-18.558845660160227,-18.558845660160227,0.0,-20965.0,-20965.0,0.0
Qwen2.5-72B-Instruct,Qwen,15-2041.00||NY||52||Y||III,4,4,-29.003345500890052,-32.661600863324644,3.6582553624345913,-41873.0,-46822.0,4949.0
Qwen2.5-72B-Instruct,Qwen,15-2041.00||NY||52||Y||IV,1,1,-28.448359750198914,-20.35544228329569,-8.092917466903224,-49699.0,-35781.0,-13918.0
Qwen2.5-72B-Instruct,Qwen,15-2041.00||NY||54||Y||II,1,1,-36.263444429690615,-18.558845660160227,-17.70459876953039,-40965.0,-20965.0,-20000.0
Qwen2.5-72B-Instruct,Qwen,15-2041.00||NY||54||Y||III,1,1,-27.271719781399568,-36.2761735227501,9.004453741350531,-39373.0,-52373.0,13000.0
Qwen2.5-72B-Instruct,Qwen,15-2041.00||TX||54||Y||I,1,1,-3.7863761508629623,-27.674403313827337,23.888027162964374,-2558.0,-21045.0,18487.0
Qwen2.5-72B-Instruct,Qwen,15-2041.00||TX||54||Y||IV,2,2,-17.501754389872552,-17.474504883939936,-0.027249505932616103,-23979.5,-23478.5,-501.0
Qwen2.5-72B-Instruct,Qwen,15-2041.00||WA||51||Y||IV,1,1,-2.906539714357304,-2.906539714357304,0.0,-3712.0,-3712.0,0.0
Qwen2.5-72B-Instruct,Qwen,15-2041.01||CA||54||Y||III,1,1,-25.661717929107013,-37.60723756044299,11.945519631335976,-35901.0,-43398.0,7497.0
Qwen2.5-72B-Instruct,Qwen,15-2051.00||CA||33||Y||I,1,1,1.4277158478391068,-15.001092843092017,16.428808690931124,1478.0,-18531.0,20009.0
Qwen2.5-72B-Instruct,Qwen,15-2051.00||CA||33||Y||II,1,1,-31.318681318681318,-47.21865246924913,15.899971150567811,-41952.0,-82304.0,40352.0
Qwen2.5-72B-Instruct,Qwen,15-2051.00||CA||33||Y||IV,1,1,-30.733968062062363,-8.694776081809481,-22.03919198025288,-48808.0,-13808.0,-35000.0
Qwen2.5-72B-Instruct,Qwen,15-2051.00||CA||45||Y||I,1,1,-24.836690627818623,-37.76163559011348,12.924944962294855,-18174.0,-44291.0,26117.0
Qwen2.5-72B-Instruct,Qwen,15-2051.00||CA||45||Y||II,1,1,-47.21865246924913,-29.38755472464509,-17.83109774460404,-82304.0,-43699.0,-38605.0
Qwen2.5-72B-Instruct,Qwen,15-2051.00||CA||45||Y||III,2,2,-31.87636734239262,-37.65320584174255,5.776838499349928,-51522.5,-61903.0,10380.5
Qwen2.5-72B-Instruct,Qwen,15-2051.00||CA||51||Y||I,1,1,-6.216163217979214,12.957633150744282,-19.173796368723497,-7291.0,8374.0,-15665.0
Qwen2.5-72B-Instruct,Qwen,15-2051.00||CA||51||Y||II,1,1,-31.318681318681318,-21.61371237458194,-9.704968944099377,-41952.0,-28952.0,-13000.0
Qwen2.5-72B-Instruct,Qwen,15-2051.00||CA||51||Y||IV,1,1,-20.958354291345454,-25.577671248344746,4.619316956999292,-40834.0,-49834.0,9000.0
Qwen2.5-72B-Instruct,Qwen,15-2051.00||CA||52||Y||II,1,1,-28.347793579339243,-46.2494027711419,17.90160919180266,-36398.0,-61952.0,25554.0
Qwen2.5-72B-Instruct,Qwen,15-2051.00||CA||52||Y||III,3,3,-35.5028809146424,-34.105014304280736,-1.3978666103616604,-55025.333333333336,-56069.666666666664,1044.3333333333285
Qwen2.5-72B-Instruct,Qwen,15-2051.00||CA||52||Y||IV,2,2,-24.55115636901157,-24.601438858042325,0.050282489030756494,-47834.0,-41846.5,-5987.5
Qwen2.5-72B-Instruct,Qwen,15-2051.00||CA||54||Y||I,1,1,-27.55163153725778,-14.803261069022465,-12.748370468235315,-28522.0,-11294.0,-17228.0
Qwen2.5-72B-Instruct,Qwen,15-2051.00||CA||54||Y||II,3,3,-31.318681318681318,-27.850641293279768,-3.4680400254015495,-41952.0,-33354.0,-8598.0
Qwen2.5-72B-Instruct,Qwen,15-2051.00||CA||54||Y||IV,1,1,-12.004475200975493,-30.733968062062363,18.729492861086868,-19099.0,-48808.0,29709.0
Qwen2.5-72B-Instruct,Qwen,15-2051.00||CA||56||Y||III,1,1,-33.091245293577366,-27.074537499040453,-6.016707794536913,-54403.0,-35270.0,-19133.0
Qwen2.5-72B-Instruct,Qwen,15-2051.00||CA||61||Y||I,1,1,-24.51483626581757,-19.79935256204614,-4.715483703771433,-17862.0,-13578.0,-4284.0
Qwen2.5-72B-Instruct,Qwen,15-2051.00||CO||33||Y||IV,1,1,-7.416322872612267,-39.63639157324026,32.22006870062799,-10013.0,-72229.0,62216.0
Qwen2.5-72B-Instruct,Qwen,15-2051.00||CT||52||Y||IV,1,1,-24.41836496310242,-37.42213322258947,13.003768259487053,-35538.0,-65781.0,30243.0
Qwen2.5-72B-Instruct,Qwen,15-2051.00||DC||54||Y||II,1,1,-20.64792692709097,-37.898377595114674,17.250450668023703,-23939.0,-43939.0,20000.0
Qwen2.5-72B-Instruct,Qwen,15-2051.00||DE||52||Y||I,1,1,-12.09563994374121,-1.276641782970897,-10.818998160770313,-8944.0,-944.0,-8000.0
Qwen2.5-72B-Instruct,Qwen,15-2051.00||GA||52||Y||II,1,1,-23.383063400515034,-20.84258668836166,-2.5404767121533745,-21974.0,-18958.0,-3016.0
Qwen2.5-72B-Instruct,Qwen,15-2051.00||GA||52||Y||IV,1,1,-11.460677473382866,-18.83895435060096,7.378276877218095,-15533.0,-25533.0,10000.0
Qwen2.5-72B-Instruct,Qwen,15-2051.00||GA||54||Y||III,1,1,-17.21421475504122,-19.82850271014518,2.6142879551039613,-19754.0,-22754.0,3000.0
Qwen2.5-72B-Instruct,Qwen,15-2051.00||IL||51||Y||III,1,1,-20.540658090633833,-38.109237196348445,17.568579105714612,-24558.0,-44334.0,19776.0
Qwen2.5-72B-Instruct,Qwen,15-2051.00||IL||52||Y||II,1,1,-23.383063400515034,-12.306041597887091,-11.077021802627943,-21974.0,-11928.0,-10046.0
Qwen2.5-72B-Instruct,Qwen,15-2051.00||IL||52||Y||IV,1,1,-12.101821250263695,-1.554039800295338,-10.547781449968358,-17210.0,-2210.0,-15000.0
Qwen2.5-72B-Instruct,Qwen,15-2051.00||IL||54||Y||I,1,1,-9.210269016956728,-1.7192401416319991,-7.491028875324728,-6594.0,-1277.0,-5317.0
Qwen2.5-72B-Instruct,Qwen,15-2051.00||IL||54||Y||II,2,2,-15.401122482667548,-8.69511389897656,-6.706008583690988,-14928.0,-8428.0,-6500.0
Qwen2.5-72B-Instruct,Qwen,15-2051.00||IL||54||Y||IV,2,2,-12.101821250263695,-12.101821250263695,0.0,-17210.0,-17210.0,0.0
Qwen2.5-72B-Instruct,Qwen,15-2051.00||IL||55||Y||III,1,1,-28.904799344251327,-39.77818297395407,10.87338362970274,-34558.0,-47558.0,13000.0
Qwen2.5-72B-Instruct,Qwen,15-2051.00||IL||61||Y||I,1,1,0.09547568449906065,-15.303828266962332,15.399303951461393,62.0,-9938.0,10000.0
Qwen2.5-72B-Instruct,Qwen,15-2051.00||IL||81||Y||III,1,1,-20.540658090633833,-23.04990046671908,2.509242376085247,-24558.0,-27558.0,3000.0
Qwen2.5-72B-Instruct,Qwen,15-2051.00||IN||33||Y||III,1,1,-11.4703217272661,-11.4703217272661,0.0,-11013.0,-11013.0,0.0
Qwen2.5-72B-Instruct,Qwen,15-2051.00||MA||32||Y||IV,2,2,-32.01609364474083,-14.31775298638603,-17.698340658354798,-51803.0,-22782.5,-29020.5
Qwen2.5-72B-Instruct,Qwen,15-2051.00||MA||44||Y||III,1,1,-38.3816855871138,-33.30723616487611,-5.0744494222376915,-52946.0,-45946.0,-7000.0
Qwen2.5-72B-Instruct,Qwen,15-2051.00||MA||51||Y||III,1,1,-38.3816855871138,-33.30723616487611,-5.0744494222376915,-52946.0,-45946.0,-7000.0
Qwen2.5-72B-Instruct,Qwen,15-2051.00||MA||52||Y||II,1,1,-19.360493654021457,-25.496108267302432,6.135614613280975,-22088.0,-29088.0,7000.0
Qwen2.5-72B-Instruct,Qwen,15-2051.00||MA||52||Y||IV,2,2,-13.47502827512469,-27.689845058497063,14.214816783372374,-21803.0,-44803.0,23000.0
Qwen2.5-72B-Instruct,Qwen,15-2051.00||MA||61||Y||I,1,1,-25.99370273688743,14.373368497537609,-40.36707123442504,-19318.0,10682.0,-30000.0
Qwen2.5-72B-Instruct,Qwen,15-2051.00||MA||62||Y||I,1,1,0.9176780860625958,-25.99370273688743,26.911380822950026,682.0,-19318.0,20000.0
Qwen2.5-72B-Instruct,Qwen,15-2051.00||MA||62||Y||II,1,1,6.451911506063131,-3.9618624456169584,10.413773951680088,5576.0,-3424.0,9000.0
Qwen2.5-72B-Instruct,Qwen,15-2051.00||MI||54||Y||II,1,1,-8.931078534296303,-13.417831116669472,4.486752582373169,-7061.0,-11158.0,4097.0
Qwen2.5-72B-Instruct,Qwen,15-2051.00||NC||51||Y||III,1,1,-34.54187010026645,-44.55311349669629,10.01124339642984,-44854.0,-57854.0,13000.0
Qwen2.5-72B-Instruct,Qwen,15-2051.00||NC||52||Y||IV,1,1,-28.55379898936101,-28.55379898936101,0.0,-43962.0,-43962.0,0.0
Qwen2.5-72B-Instruct,Qwen,15-2051.00||NC||54||Y||II,7,7,-9.280911483387237,-16.3769118950268,7.096000411639563,-8676.42857142857,-15358.142857142857,6681.714285714286
Qwen2.5-72B-Instruct,Qwen,15-2051.00||NC||54||Y||III,1,1,-18.197499688794835,-35.98065193036118,17.78315224156634,-20466.0,-40466.0,20000.0
Qwen2.5-72B-Instruct,Qwen,15-2051.00||NC||54||Y||IV,1,1,-9.220311410643736,-28.55379898936101,19.333487578717275,-12696.0,-43962.0,31266.0
Qwen2.5-72B-Instruct,Qwen,15-2051.00||NJ||52||Y||II,1,1,-15.974828981377465,-22.368048515403093,6.3932195340256275,-17491.0,-24491.0,7000.0
Qwen2.5-72B-Instruct,Qwen,15-2051.00||NJ||52||Y||IV,1,1,-29.2206604892032,-35.1189387817696,5.898278292566399,-49541.0,-59541.0,10000.0
Qwen2.5-72B-Instruct,Qwen,15-2051.00||NJ||54||Y||II,6,6,-21.334709186346405,-32.262316841871325,10.92760765552492,-23428.0,-35324.333333333336,11896.333333333336
Qwen2.5-72B-Instruct,Qwen,15-2051.00||NJ||54||Y||IV,3,3,-20.951975711586343,-20.23816452926505,-0.7138111823212938,-34569.666666666664,-31293.666666666668,-3275.9999999999964
Qwen2.5-72B-Instruct,Qwen,15-2051.00||NV||52||Y||I,1,1,7.982390564000332,7.982390564000332,0.0,4805.0,4805.0,0.0
Qwen2.5-72B-Instruct,Qwen,15-2051.00||NY||51||Y||II,1,1,-17.83219906042906,-34.24117050716497,16.408971446735915,-19966.0,-37491.0,17525.0
Qwen2.5-72B-Instruct,Qwen,15-2051.00||NY||51||Y||III,2,2,-34.053015640904334,-36.95053368172545,2.8975180408211187,-47506.0,-51838.0,4332.0
Qwen2.5-72B-Instruct,Qwen,15-2051.00||NY||52||Y||II,3,3,-20.23697533739455,-6.537219193053919,-13.699756144340633,-22157.666666666668,-7157.666666666667,-15000.0
Qwen2.5-72B-Instruct,Qwen,15-2051.00||NY||52||Y||III,4,4,-18.46228836035726,-30.64814416584233,12.185855805485069,-25756.0,-42756.0,17000.0
Qwen2.5-72B-Instruct,Qwen,15-2051.00||NY||52||Y||IV,4,4,-24.20712394052176,-13.49693478395346,-10.710189156568301,-41041.0,-22957.0,-18084.0
Qwen2.5-72B-Instruct,Qwen,15-2051.00||NY||54||Y||II,6,6,-15.243421297063712,-16.44937831585817,1.2059570187944573,-15612.5,-19084.666666666668,3472.166666666668
Qwen2.5-72B-Instruct,Qwen,15-2051.00||NY||54||Y||IV,2,2,-19.41537564498781,-17.424103904070403,-1.9912717409174086,-32957.0,-29541.0,-3416.0
Qwen2.5-72B-Instruct,Qwen,15-2051.00||NY||62||Y||II,1,1,-22.368048515403093,-22.368048515403093,0.0,-24491.0,-24491.0,0.0
Qwen2.5-72B-Instruct,Qwen,15-2051.00||OH||42||Y||III,2,2,-14.044289044289044,-16.80532445923461,2.761035414945564,-14460.0,-17170.0,2710.0
Qwen2.5-72B-Instruct,Qwen,15-2051.00||OH||52||Y||IV,1,1,-7.366080827305111,-12.064017395336196,4.697936568031085,-8747.0,-15091.0,6344.0
Qwen2.5-72B-Instruct,Qwen,15-2051.00||PA||48||Y||III,1,1,-28.016124388137058,-36.48481563659152,8.468691248454462,-33082.0,-43082.0,10000.0
Qwen2.5-72B-Instruct,Qwen,15-2051.00||PA||54||Y||I,1,1,48.7612247105918,-12.09563994374121,60.85686465433301,36056.0,-8944.0,45000.0
Qwen2.5-72B-Instruct,Qwen,15-2051.00||PA||54||Y||II,2,2,-7.036610055300841,-25.010154874860696,17.973544819559855,-7471.5,-24013.0,16541.5
Qwen2.5-72B-Instruct,Qwen,15-2051.00||PA||61||Y||I,1,1,26.314153015021667,6.881206397326027,19.43294661769564,13541.0,3541.0,10000.0
Qwen2.5-72B-Instruct,Qwen,15-2051.00||TX||33||Y||IV,2,2,-24.86668466223532,-18.332279579659776,-6.534405082575542,-36442.5,-25909.5,-10533.0
Qwen2.5-72B-Instruct,Qwen,15-2051.00||TX||42||Y||III,2,2,-24.370858874879374,-18.99600348980435,-5.374855385075023,-29711.5,-22291.0,-7420.5
Qwen2.5-72B-Instruct,Qwen,15-2051.00||TX||42||Y||IV,2,2,-26.045945637046948,-19.876443903289587,-6.169501733757361,-38741.0,-27425.5,-11315.5
Qwen2.5-72B-Instruct,Qwen,15-2051.00||TX||45||Y||II,2,2,-21.765215918037853,-25.026553095778578,3.2613371777407245,-21839.0,-24034.0,2195.0
Qwen2.5-72B-Instruct,Qwen,15-2051.00||TX||51||Y||II,1,1,-8.310826298846909,-0.9837053619476075,-7.327120936899301,-8339.0,-914.0,-7425.0
Qwen2.5-72B-Instruct,Qwen,15-2051.00||TX||52||Y||II,3,3,-10.295438622419281,-4.200595622383739,-6.094843000035542,-9645.0,-4034.0,-5611.0
Qwen2.5-72B-Instruct,Qwen,15-2051.00||TX||52||Y||III,3,3,-25.703503710619355,-17.50496877022951,-8.198534940389845,-30559.666666666668,-20616.666666666668,-9943.0
Qwen2.5-72B-Instruct,Qwen,15-2051.00||TX||52||Y||IV,5,5,-18.884413816453065,-17.773270644953193,-1.1111431714998723,-26773.0,-24361.8,-2411.2000000000007
Qwen2.5-72B-Instruct,Qwen,15-2051.00||TX||54||Y||I,2,2,-4.363673678995201,-6.406734654575544,2.0430609755803433,-3561.5,-4628.0,1066.5
Qwen2.5-72B-Instruct,Qwen,15-2051.00||TX||54||Y||II,8,8,-20.120665159761174,-20.329574791776786,0.20890963201561163,-18947.0,-19038.0,91.0
Qwen2.5-72B-Instruct,Qwen,15-2051.00||TX||54||Y||III,1,1,-17.2795770468809,-23.573522271574745,6.2939452246938465,-19218.0,-26218.0,7000.0
Qwen2.5-72B-Instruct,Qwen,15-2051.00||TX||54||Y||IV,3,3,-21.932944481208708,-26.984315426690433,5.051370945481725,-31197.333333333332,-39095.666666666664,7898.333333333332
Qwen2.5-72B-Instruct,Qwen,15-2051.00||VA||52||Y||II,1,1,-20.64792692709097,-16.921771011116228,-3.7261559159747435,-23939.0,-18739.0,-5200.0
Qwen2.5-72B-Instruct,Qwen,15-2051.00||VA||52||Y||IV,1,1,-26.762851455088985,-7.705953565307028,-19.056897889781958,-40197.0,-12858.0,-27339.0
Qwen2.5-72B-Instruct,Qwen,15-2051.00||WA||51||Y||I,1,1,-32.37408574965927,-24.05089630346349,-8.323189446195784,-31117.0,-23117.0,-8000.0
Qwen2.5-72B-Instruct,Qwen,15-2051.00||WA||51||Y||III,1,1,-32.648387847320016,-39.06760184651659,6.419213999196572,-53322.0,-58987.0,5665.0
Qwen2.5-72B-Instruct,Qwen,15-2051.00||WA||51||Y||IV,1,1,-28.90297287140579,-49.8858814365321,20.982908565126312,-56914.0,-91581.0,34667.0
Qwen2.5-72B-Instruct,Qwen,15-2051.00||WA||52||Y||III,1,1,-35.70982476335092,-42.418946198973025,6.709121435622102,-58322.0,-62618.0,4296.0
Qwen2.5-72B-Instruct,Qwen,15-2051.00||WA||54||Y||II,1,1,-22.30648403060449,-29.07199962994087,6.7655155993363785,-26414.0,-37709.0,11295.0
Qwen2.5-72B-Instruct,Qwen,15-2051.00||WA||54||Y||III,1,1,-43.66956074503129,-43.66956074503129,0.0,-71322.0,-71322.0,0.0
Qwen2.5-72B-Instruct,Qwen,15-2051.00||WI||54||Y||II,1,1,-9.610047109116625,-23.434392845369377,13.824345736252752,-9037.0,-22037.0,13000.0
Qwen2.5-72B-Instruct,Qwen,15-2051.01||AR||45||Y||III,1,1,-16.57885493501932,-36.61358054036923,20.03472560534991,-18880.0,-41589.0,22709.0
Qwen2.5-72B-Instruct,Qwen,15-2051.01||AR||45||Y||IV,1,1,-5.74645041132249,-21.581046742220312,15.834596330897822,-7621.0,-28621.0,21000.0
Qwen2.5-72B-Instruct,Qwen,15-2051.01||CA||51||Y||III,1,1,-42.00779112719204,-44.0399506091738,2.0321594819817577,-66642.0,-72403.0,5761.0
Qwen2.5-72B-Instruct,Qwen,15-2051.01||CA||51||Y||IV,3,3,-37.595337895030006,-37.81638232636107,0.221044431331066,-88506.0,-72851.0,-15655.0
Qwen2.5-72B-Instruct,Qwen,15-2051.01||CA||52||Y||II,1,1,-17.881032011466793,-17.881032011466793,0.0,-23952.0,-23952.0,0.0
Qwen2.5-72B-Instruct,Qwen,15-2051.01||CA||54||Y||I,1,1,43.49359061961899,-29.483588029597573,72.97717864921657,31826.0,-30522.0,62348.0
Qwen2.5-72B-Instruct,Qwen,15-2051.01||CA||54||Y||IV,3,3,-29.007294985139243,-27.296436852917285,-1.7108581322219578,-52825.333333333336,-49492.0,-3333.3333333333358
Qwen2.5-72B-Instruct,Qwen,15-2051.01||CT||54||Y||IV,1,1,-13.634269921695072,-20.831414094887148,7.1971441731920756,-18944.0,-28944.0,10000.0
Qwen2.5-72B-Instruct,Qwen,15-2051.01||MA||61||Y||II,1,1,-36.89082112053853,-16.68980838655929,-20.201012733979244,-42088.0,-14424.0,-27664.0
Qwen2.5-72B-Instruct,Qwen,15-2051.01||NC||52||Y||IV,1,1,-22.96651881644138,-32.45086449903223,9.484345682590849,-28323.0,-49962.0,21639.0
Qwen2.5-72B-Instruct,Qwen,15-2051.01||NC||54||Y||II,1,1,-31.912962069845953,-31.912962069845953,0.0,-33747.0,-33747.0,0.0
Qwen2.5-72B-Instruct,Qwen,15-2051.01||NJ||54||Y||II,1,1,-22.368048515403093,-15.974828981377465,-6.3932195340256275,-24491.0,-17491.0,-7000.0
Qwen2.5-72B-Instruct,Qwen,15-2051.01||NY||52||Y||II,1,1,-15.974828981377465,-34.24117050716497,18.26634152578751,-17491.0,-37491.0,20000.0
Qwen2.5-72B-Instruct,Qwen,15-2051.01||NY||54||Y||II,2,2,-15.974828981377465,-29.031406498739003,13.056577517361537,-17491.0,-32228.5,14737.5
Qwen2.5-72B-Instruct,Qwen,15-2051.01||TX||22||Y||IV,1,1,-21.489697307096616,-19.322849785869398,-2.1668475212272185,-30109.0,-28741.0,-1368.0
Qwen2.5-72B-Instruct,Qwen,15-2051.01||TX||33||Y||II,1,1,-25.026553095778578,-8.310826298846909,-16.71572679693167,-24034.0,-8339.0,-15695.0
Qwen2.5-72B-Instruct,Qwen,15-2051.01||TX||33||Y||III,1,1,-26.122219545491046,-31.743355014855858,5.621135469364813,-32530.0,-39530.0,7000.0
Qwen2.5-72B-Instruct,Qwen,15-2051.01||TX||51||Y||III,1,1,-26.122219545491046,-20.73338847532396,-5.388831070167086,-32530.0,-24064.0,-8466.0
Qwen2.5-72B-Instruct,Qwen,15-2051.01||TX||51||Y||IV,1,1,-22.411178433129017,-17.341709373450158,-5.069469059678859,-31773.0,-23078.0,-8695.0
Qwen2.5-72B-Instruct,Qwen,15-2051.01||TX||54||Y||I,1,1,43.532821171774614,-24.816141290975203,68.34896246274982,31846.0,-18154.0,50000.0
Qwen2.5-72B-Instruct,Qwen,15-2051.01||TX||55||Y||III,1,1,-11.6852968635664,-22.619498204267703,10.934201340701303,-13893.0,-26893.0,13000.0
Qwen2.5-72B-Instruct,Qwen,15-2051.02||NY||54||Y||II,1,1,19.05994409359147,-6.994047619047619,26.05399171263909,14728.0,-4888.0,19616.0
Qwen2.5-72B-Instruct,Qwen,15-2051.02||NY||62||Y||III,1,1,-10.225808495807017,-39.070720972574655,28.84491247676764,-9682.0,-54506.0,44824.0
Qwen2.5-72B-Instruct,Qwen,17-2011.00||TX||54||Y||I,1,1,18.92149019438258,-24.589113973740485,43.510604168123066,17502.0,-23803.0,41305.0
Qwen2.5-72B-Instruct,Qwen,17-2031.00||CA||33||Y||III,2,2,-22.133946268258967,-30.119051327983495,7.985105059724528,-26578.0,-41409.0,14831.0
Qwen2.5-72B-Instruct,Qwen,17-2031.00||CA||54||Y||III,1,1,-20.736716194209457,-22.901500580267655,2.164784386058198,-28778.0,-28219.0,-559.0
Qwen2.5-72B-Instruct,Qwen,17-2041.00||PA||32||Y||III,1,1,-30.132583697054883,-37.7133318384533,7.580748141398416,-36659.0,-45411.0,8752.0
Qwen2.5-72B-Instruct,Qwen,17-2051.00||AZ||54||Y||II,1,1,-14.169229668836278,-14.169229668836278,0.0,-11886.0,-11886.0,0.0
Qwen2.5-72B-Instruct,Qwen,17-2061.00||CA||33||Y||IV,1,1,-32.48834879567926,-36.843939195958015,4.355590400278757,-74590.0,-84590.0,10000.0
Qwen2.5-72B-Instruct,Qwen,17-2061.00||MA||54||Y||II,1,1,-29.149797570850204,-37.92172739541161,8.771929824561404,-43200.0,-56200.0,13000.0
Qwen2.5-72B-Instruct,Qwen,17-2061.00||TX||54||Y||II,1,1,-18.633754610016894,-22.36155884487502,3.7278042348581266,-21069.0,-26498.0,5429.0
Qwen2.5-72B-Instruct,Qwen,17-2071.00||CA||33||Y||II,1,1,-17.17084413713627,-31.371963955361938,14.201119818225667,-19072.0,-42056.0,22984.0
Qwen2.5-72B-Instruct,Qwen,17-2071.00||CA||33||Y||IV,1,1,-22.791435706564858,-7.764334694604532,-15.027101011960326,-42803.0,-12206.0,-30597.0
Qwen2.5-72B-Instruct,Qwen,17-2071.00||CA||54||Y||II,1,1,-42.46044155356808,-35.177182368193606,-7.283259185374476,-67890.0,-39072.0,-28818.0
Qwen2.5-72B-Instruct,Qwen,17-2071.00||IL||33||Y||IV,2,2,-12.437139337912573,-23.65313147498951,11.215992137076938,-14265.5,-31985.0,17719.5
Qwen2.5-72B-Instruct,Qwen,17-2071.00||IL||54||Y||III,1,1,-19.829870546338334,-13.749365804160325,-6.080504742178009,-23498.0,-13550.0,-9948.0
Qwen2.5-72B-Instruct,Qwen,17-2071.00||IN||32||Y||III,1,1,-14.88446686317902,-14.88446686317902,0.0,-16613.0,-16613.0,0.0
Qwen2.5-72B-Instruct,Qwen,17-2071.00||MI||33||Y||II,1,1,-24.94527259460023,-11.393724590847492,-13.551548003752737,-23930.0,-10930.0,-13000.0
Qwen2.5-72B-Instruct,Qwen,17-2071.00||MI||54||Y||I,1,1,-20.604868753740732,-18.957670968144132,-1.6471977855965996,-16869.0,-15205.0,-1664.0
Qwen2.5-72B-Instruct,Qwen,17-2072.00||CA||33||Y||III,6,6,-40.98920826307971,-37.806501262896155,-3.182707000183555,-75894.33333333333,-60824.333333333336,-15069.999999999993
Qwen2.5-72B-Instruct,Qwen,17-2072.00||CA||33||Y||IV,5,5,-23.395030343979762,-39.0997311317917,15.704700787811937,-46316.8,-84491.0,38174.2
Qwen2.5-72B-Instruct,Qwen,17-2072.00||CA||54||Y||III,1,1,-39.13295293663392,-50.66283409841692,11.529881161783003,-72972.0,-94472.0,21500.0
Qwen2.5-72B-Instruct,Qwen,17-2072.00||ID||33||Y||III,1,1,-11.803052381317586,-8.927064958969247,-2.8759874223483397,-12312.0,-9312.0,-3000.0
Qwen2.5-72B-Instruct,Qwen,17-2072.00||TX||33||Y||IV,1,1,-22.44647255535771,-31.752895848714783,9.306423293357074,-36179.0,-51179.0,15000.0
Qwen2.5-72B-Instruct,Qwen,17-2074.00||TN||54||Y||II,1,1,5.76103880842563,5.76103880842563,0.0,3922.0,3922.0,0.0
Qwen2.5-72B-Instruct,Qwen,17-2112.00||AR||45||Y||III,3,3,-23.08388381141978,-19.09595551520483,-3.9879282962149496,-25510.0,-20831.666666666668,-4678.333333333332
Qwen2.5-72B-Instruct,Qwen,17-2112.00||AR||45||Y||IV,1,1,15.244915314857057,-17.341577981068042,32.586493295925095,19181.0,-21819.0,41000.0
Qwen2.5-72B-Instruct,Qwen,17-2112.00||CA||33||Y||III,2,2,-36.64130023070831,-33.90580301026819,-2.7354972204401236,-53205.0,-48749.0,-4456.0
Qwen2.5-72B-Instruct,Qwen,17-2112.00||CA||33||Y||IV,2,2,-16.19319990498708,-23.57502962435823,7.381829719371151,-28011.0,-39605.0,11594.0
Qwen2.5-72B-Instruct,Qwen,17-2112.00||CA||54||Y||III,1,1,-27.6884404806997,-24.245032884542542,-3.443407596157158,-40205.0,-35205.0,-5000.0
Qwen2.5-72B-Instruct,Qwen,17-2112.00||IN||33||Y||III,1,1,-7.467009977470228,-20.788593557472275,13.321583580002047,-7424.0,-18896.0,11472.0
Qwen2.5-72B-Instruct,Qwen,17-2112.00||OH||32||Y||IV,1,1,-13.599734153028162,-18.513689700130378,4.913955547102216,-16370.0,-21584.0,5214.0
Qwen2.5-72B-Instruct,Qwen,17-2112.00||TX||33||Y||IV,1,1,-28.936993078189808,-21.740373689715632,-7.196619388474176,-42349.0,-28891.0,-13458.0
Qwen2.5-72B-Instruct,Qwen,17-2112.02||CA||33||Y||IV,1,1,-32.52775562779856,-12.766361583431237,-19.761394044367325,-53030.0,-18147.0,-34883.0
Qwen2.5-72B-Instruct,Qwen,17-2112.02||IN||33||Y||IV,1,1,-28.258270227182145,-5.340773216420885,-22.91749701076126,-28360.0,-5360.0,-23000.0
Qwen2.5-72B-Instruct,Qwen,17-2141.00||CA||33||Y||III,1,1,-21.26702082694491,-40.66162290461356,19.394602077668647,-25661.0,-63043.0,37382.0
Qwen2.5-72B-Instruct,Qwen,17-2141.00||CA||54||Y||IV,4,4,-22.845664386154617,-38.55227522919164,15.706610843037026,-39990.5,-66812.5,26822.0
Qwen2.5-72B-Instruct,Qwen,17-2141.00||NY||33||Y||IV,1,1,-18.63905325443787,4.701078421107737,-23.340131675545607,-25200.0,4939.0,-30139.0
Qwen2.5-72B-Instruct,Qwen,17-2141.00||TN||33||Y||IV,1,1,-19.20532054225987,-8.746454006229046,-10.458866536030824,-22582.0,-8818.0,-13764.0
Qwen2.5-72B-Instruct,Qwen,17-2141.02||CA||33||Y||IV,1,1,-17.217125207670833,-37.199198433405456,19.982073225734624,-30157.0,-65157.0,35000.0
Qwen2.5-72B-Instruct,Qwen,17-2141.02||MI||33||Y||II,1,1,-23.111424360863715,-23.111424360863715,0.0,-21642.0,-21642.0,0.0
Qwen2.5-72B-Instruct,Qwen,17-2141.02||MI||33||Y||III,1,1,-15.990941631967273,-34.253780407626564,18.26283877565929,-17512.0,-37512.0,20000.0
Qwen2.5-72B-Instruct,Qwen,17-2199.05||CA||33||Y||II,1,1,-31.029312542169578,-28.935029623278414,-2.094282918891164,-41390.0,-37459.0,-3931.0
Qwen2.5-72B-Instruct,Qwen,17-2199.05||CA||51||Y||IV,1,1,-22.774576325348047,-22.774576325348047,0.0,-42762.0,-42762.0,0.0
Qwen2.5-72B-Instruct,Qwen,17-2199.05||CA||54||Y||III,1,1,-30.65230959330732,-42.96555119292052,12.313241599613203,-48621.0,-71566.0,22945.0
Qwen2.5-72B-Instruct,Qwen,17-2199.08||CA||33||Y||IV,1,1,-19.32308844125753,-27.41398557290389,8.090897131646361,-29939.0,-54763.0,24824.0
Qwen2.5-72B-Instruct,Qwen,17-2199.08||CA||54||Y||III,1,1,-44.76663904998619,-42.00011347803885,-2.7665255719473407,-74566.0,-66621.0,-7945.0
Qwen2.5-72B-Instruct,Qwen,19-1013.00||NC||32||Y||III,1,1,-5.756695201445064,-14.919238723526794,9.16254352208173,-4398.0,-11398.0,7000.0
Qwen2.5-72B-Instruct,Qwen,19-1029.00||TX||61||Y||II,1,1,11.088824772807925,4.35046578253363,6.738358990274295,7187.0,2293.0,4894.0
Qwen2.5-72B-Instruct,Qwen,19-1029.01||CA||62||Y||II,1,1,-2.7214551932678557,-18.257825480457402,15.536370287189547,-2322.0,-20549.0,18227.0
Qwen2.5-72B-Instruct,Qwen,19-1029.01||MA||32||Y||III,1,1,-16.273002890784742,-25.086371007544244,8.813368116759502,-18464.0,-28464.0,10000.0
Qwen2.5-72B-Instruct,Qwen,19-1029.01||MA||62||Y||III,1,1,-19.00921270205514,-19.00921270205514,0.0,-16899.0,-16899.0,0.0
Qwen2.5-72B-Instruct,Qwen,19-1029.01||NC||54||Y||III,2,2,-21.6138830522683,-23.56231207339728,1.9484290211289803,-19853.0,-24881.0,5028.0
Qwen2.5-72B-Instruct,Qwen,19-1029.01||NJ||32||Y||IV,1,1,-8.218606591572799,-20.55811534961651,12.339508758043712,-9850.0,-28466.0,18616.0
Qwen2.5-72B-Instruct,Qwen,19-1029.01||TX||61||Y||I,1,1,12.815884476534295,31.22733346058408,-18.411448984049784,7384.0,13088.0,-5704.0
Qwen2.5-72B-Instruct,Qwen,19-1042.00||MA||62||Y||I,1,1,-21.091519490394685,-22.975660308657535,1.8841408182628498,-14701.0,-16406.0,1705.0
Qwen2.5-72B-Instruct,Qwen,19-1042.00||NY||54||Y||I,1,1,-16.348537620344036,-16.348537620344036,0.0,-10749.0,-10749.0,0.0
Qwen2.5-72B-Instruct,Qwen,19-3011.00||CA||51||Y||III,1,1,-38.55976065019801,-44.59748534141799,6.037724691219985,-57739.0,-57958.0,219.0
Qwen2.5-72B-Instruct,Qwen,25-1021.00||NV||61||Y||II,1,1,-42.00834265947706,-42.00834265947706,0.0,-41290.0,-41290.0,0.0
Qwen2.5-72B-Instruct,Qwen,25-1021.00||NY||61||Y||I,2,2,30.268199233716476,-12.64367816091954,42.911877394636015,19750.0,-8250.0,28000.0
Qwen2.5-72B-Instruct,Qwen,25-1021.00||VA||61||Y||I,1,1,-3.896557749432116,-0.6143838091796169,-3.282173940252499,-2230.0,-340.0,-1890.0
Qwen2.5-72B-Instruct,Qwen,25-1022.00||FL||61||Y||II,1,1,-24.80894636827211,-24.80894636827211,0.0,-18147.0,-18147.0,0.0
Qwen2.5-72B-Instruct,Qwen,25-1071.00||NY||61||Y||II,1,1,-22.84160743625355,-25.56484482085637,2.723237384602818,-25163.0,-28163.0,3000.0
Qwen2.5-72B-Instruct,Qwen,25-9031.00||DC||61||Y||I,1,1,-17.056250942542604,-17.056250942542604,0.0,-11310.0,-11310.0,0.0
Qwen2.5-72B-Instruct,Qwen,27-1024.00||CA||51||Y||IV,1,1,-14.17648435671374,-28.220332371069674,14.043848014355934,-18170.0,-36170.0,18000.0
Qwen2.5-72B-Instruct,Qwen,41-9031.00||CA||54||Y||I,1,1,27.864390680512553,-40.6343900411906,68.49878072170316,30509.0,-44491.0,75000.0
Qwen2.5-72B-Instruct,Qwen,41-9031.00||TX||51||Y||IV,1,1,-34.091875924960604,-32.89354639632352,-1.1983295286370819,-56899.0,-54899.0,-2000.0
Qwen2.5-72B-Instruct,Qwen,41-9031.00||TX||54||Y||IV,1,1,-29.388600332688327,-30.2305299572662,0.8419296245778725,-43285.0,-51995.0,8710.0
Qwen3-14B,Qwen,11-3021.00||AZ||52||Y||II,1,1,-4.356389347427187,-11.441101247617766,7.084711900190579,-6149.0,-16149.0,10000.0
Qwen3-14B,Qwen,11-3021.00||CA||33||Y||II,5,5,-37.886979060128674,-29.15927433682297,-8.727704723305703,-92232.4,-62908.0,-29324.399999999994
Qwen3-14B,Qwen,11-3021.00||CA||45||Y||II,6,6,-23.91710688794905,-37.749803193432115,13.832696305483065,-56989.666666666664,-91335.5,34345.833333333336
Qwen3-14B,Qwen,11-3021.00||CA||51||Y||II,1,1,9.833053758287404,-25.33858949663277,35.17164325492018,19696.0,-50907.0,70603.0
Qwen3-14B,Qwen,11-3021.00||CA||51||Y||III,2,2,-30.458687588251316,-37.94229264311139,7.483605054860071,-66826.0,-90182.0,23356.0
Qwen3-14B,Qwen,11-3021.00||CA||51||Y||IV,1,1,-45.34643075757134,-39.88107383332847,-5.465356924242869,-124456.0,-109456.0,-15000.0
Qwen3-14B,Qwen,11-3021.00||CA||52||Y||II,1,1,-17.872448446296048,-30.744725056558476,12.872276610262428,-35907.0,-66590.0,30683.0
Qwen3-14B,Qwen,11-3021.00||CA||54||Y||I,1,1,52.31550023456587,-18.770237414988852,71.08573764955472,85867.0,-33506.0,119373.0
Qwen3-14B,Qwen,11-3021.00||CA||54||Y||II,1,1,-8.97947790628527,-11.519729089497794,2.540251183212524,-14798.0,-28643.0,13845.0
Qwen3-14B,Qwen,11-3021.00||CA||54||Y||IV,2,2,-24.39589588130702,-13.936237126233415,-10.459658755073605,-66956.0,-33178.5,-33777.5
Qwen3-14B,Qwen,11-3021.00||CT||54||Y||IV,1,1,-15.158371040723981,-27.980794878634303,12.822423837910321,-29480.0,-52450.0,22970.0
Qwen3-14B,Qwen,11-3021.00||FL||44||Y||IV,1,1,-27.63132502219306,-33.78570936693841,6.154384344745353,-57272.0,-63781.0,6509.0
Qwen3-14B,Qwen,11-3021.00||GA||42||Y||IV,1,1,-29.602252727912706,-29.602252727912706,0.0,-63075.0,-63075.0,0.0
Qwen3-14B,Qwen,11-3021.00||IL||52||Y||II,1,1,-6.167896909796071,4.257892322448809,-10.425789232244881,-8874.0,6126.0,-15000.0
Qwen3-14B,Qwen,11-3021.00||IL||52||Y||IV,1,1,-26.02784311984969,-26.02784311984969,0.0,-52779.0,-52779.0,0.0
Qwen3-14B,Qwen,11-3021.00||IL||54||Y||II,1,1,4.257892322448809,-13.118423064625992,17.3763153870748,6126.0,-18874.0,25000.0
Qwen3-14B,Qwen,11-3021.00||MI||33||Y||II,1,1,-2.090903157024434,1.2063800501983646,-3.297283207222798,-2883.0,1490.0,-4373.0
Qwen3-14B,Qwen,11-3021.00||NC||52||Y||IV,1,1,-31.12188670927926,-31.12188670927926,0.0,-67776.0,-67776.0,0.0
Qwen3-14B,Qwen,11-3021.00||NJ||54||Y||III,2,2,-16.160649609643986,-35.704143183267,19.543493573623014,-36142.0,-79041.0,42899.0
Qwen3-14B,Qwen,11-3021.00||NY||51||Y||II,3,3,-27.441200498774563,-30.128563443264397,2.687362944489834,-51056.0,-56056.0,5000.0
Qwen3-14B,Qwen,11-3021.00||NY||51||Y||III,1,1,-32.92851968771519,-16.554375641295078,-16.37414404642011,-73642.0,-26782.0,-46860.0
Qwen3-14B,Qwen,11-3021.00||NY||51||Y||IV,2,2,-23.44439000489956,-42.58329250367467,19.13890249877511,-61248.0,-111248.0,50000.0
Qwen3-14B,Qwen,11-3021.00||NY||52||Y||II,1,1,-22.066474609794902,-19.379111665305068,-2.687362944489834,-41056.0,-36056.0,-5000.0
Qwen3-14B,Qwen,11-3021.00||NY||52||Y||III,1,1,-32.92851968771519,-32.92851968771519,0.0,-73642.0,-73642.0,0.0
Qwen3-14B,Qwen,11-3021.00||NY||54||Y||II,1,1,-19.379111665305068,-19.379111665305068,0.0,-36056.0,-36056.0,0.0
Qwen3-14B,Qwen,11-3021.00||NY||54||Y||III,1,1,0.6072204684272186,-25.299995219199694,25.907215687626913,1358.0,-42336.0,43694.0
Qwen3-14B,Qwen,11-3021.00||NY||54||Y||IV,1,1,-4.305487506124448,-42.58329250367467,38.27780499755022,-11248.0,-111248.0,100000.0
Qwen3-14B,Qwen,11-3021.00||PA||51||Y||IV,1,1,-29.84884765040407,-36.86396288536366,7.015115234959591,-63824.0,-78824.0,15000.0
Qwen3-14B,Qwen,11-3021.00||TX||44||Y||IV,1,1,-28.36470959053268,-28.36470959053268,0.0,-59394.0,-59394.0,0.0
Qwen3-14B,Qwen,11-3021.00||TX||54||Y||II,2,2,-4.1729095943594,-8.355001620830139,4.182092026470739,-6420.0,-11758.5,5338.5
Qwen3-14B,Qwen,11-3021.00||TX||54||Y||III,2,2,20.297269254372786,-22.478117797973475,42.77538705234626,37033.0,-41205.5,78238.5
Qwen3-14B,Qwen,11-3021.00||TX||54||Y||IV,1,1,-31.769201087928323,-29.676511954992968,-2.092689132935355,-67514.0,-61190.0,-6324.0
Qwen3-14B,Qwen,11-3021.00||VA||51||Y||II,1,1,-14.148351648351648,-22.733516483516482,8.585164835164834,-24720.0,-39720.0,15000.0
Qwen3-14B,Qwen,11-3021.00||WA||45||Y||III,1,1,-38.09838230439089,-38.09838230439089,0.0,-92320.0,-92320.0,0.0
Qwen3-14B,Qwen,11-3021.00||WA||51||Y||II,2,2,-26.911638691466305,-29.431927012450224,2.5202883209839193,-53390.0,-58390.0,5000.0
Qwen3-14B,Qwen,11-3021.00||WA||51||Y||III,3,3,-26.517547252327116,-37.20536970011329,10.687822447786171,-64319.0,-87652.33333333333,23333.33333333333
Qwen3-14B,Qwen,11-3021||CA||51||Y||II,1,1,-8.97947790628527,-24.149564921904393,15.170087015619123,-14798.0,-39798.0,25000.0
Qwen3-14B,Qwen,11-3051.01||CA||33||Y||II,1,1,-7.014547057527,-17.346264051135112,10.331716993608111,-10184.0,-25184.0,15000.0
Qwen3-14B,Qwen,11-9041.00||CA||33||Y||III,1,1,-32.859802005871295,-31.851017237149374,-1.0087847687219202,-70966.0,-70106.0,-860.0
Qwen3-14B,Qwen,11-9041.00||CA||33||Y||IV,1,1,-39.80859132039887,-33.78945045243876,-6.019140867960111,-99205.0,-84205.0,-15000.0
Qwen3-14B,Qwen,11-9041.00||CA||51||Y||IV,2,2,-24.760739150498587,-39.80859132039887,15.047852169900281,-61705.0,-99205.0,37500.0
Qwen3-14B,Qwen,11-9041.00||CA||54||Y||I,1,1,-1.1167218215618284,0.3411599438089504,-1.4578817653707787,-1694.0,510.0,-2204.0
Qwen3-14B,Qwen,11-9041.00||CA||54||Y||II,1,1,3.0387050844917383,-26.1196970360317,29.158402120523437,6488.0,-47728.0,54216.0
Qwen3-14B,Qwen,11-9041.00||TX||54||Y||IV,1,1,16.714441778167863,5.042997600351077,11.671444177816786,35802.0,10802.0,25000.0
Qwen3-14B,Qwen,13-1081.02||AR||45||Y||III,1,1,42.874151684724374,42.874151684724374,0.0,36010.0,36010.0,0.0
Qwen3-14B,Qwen,13-1081.02||AR||45||Y||IV,1,1,39.42824093200033,29.10022308518549,10.328017846814838,38176.0,28176.0,10000.0
Qwen3-14B,Qwen,13-1082.00||NY||51||Y||IV,1,1,-10.180238321767654,-0.2002648019640588,-9.979973519803595,-15301.0,-301.0,-15000.0
Qwen3-14B,Qwen,13-1111.00||CA||54||Y||II,1,1,14.098983149862168,40.09853597029911,-25.999552820436943,15446.0,34346.0,-18900.0
Qwen3-14B,Qwen,13-1111.00||FL||54||Y||IV,2,2,9.591812648581207,7.0997645810967125,2.492048067484495,11378.0,8453.0,2925.0
Qwen3-14B,Qwen,13-1111.00||GA||54||Y||IV,2,2,-3.215399505323153,-12.176936588163603,8.961537082840449,-4485.0,-16985.0,12500.0
Qwen3-14B,Qwen,13-1111.00||IL||54||Y||IV,1,1,-13.714862774674353,-2.1592442645074224,-11.55561851016693,-21458.0,-3200.0,-18258.0
Qwen3-14B,Qwen,13-1111.00||NJ||54||Y||IV,1,1,-13.817868428612467,-20.201730026493024,6.383861597880557,-21645.0,-31645.0,10000.0
Qwen3-14B,Qwen,13-1111.00||NY||52||Y||IV,1,1,-15.456970729324533,59.59653994701395,-75.05351067633849,-24682.0,93355.0,-118037.0
Qwen3-14B,Qwen,13-1111.00||NY||54||Y||II,1,1,22.770487939027266,22.770487939027266,0.0,23184.0,23184.0,0.0
Qwen3-14B,Qwen,13-1111.00||TX||54||Y||IV,1,1,3.912497979479206,-15.330557201905831,19.24305518138504,5083.0,-19917.0,25000.0
Qwen3-14B,Qwen,13-1111.00||WA||51||Y||IV,1,1,-13.576769435624296,-13.576769435624296,0.0,-21208.0,-21208.0,0.0
Qwen3-14B,Qwen,13-1161.00||IL||51||Y||III,1,1,32.84221967272508,4.3277610035103224,28.514458669214758,27195.0,3526.0,23669.0
Qwen3-14B,Qwen,13-1161.00||IL||54||Y||II,1,1,73.48016292050083,-0.06457366009655299,73.54473658059739,48710.0,-42.0,48752.0
Qwen3-14B,Qwen,13-2051.00||NY||52||Y||IV,1,1,-24.6180648619673,39.596176181542035,-64.21424104350933,-44088.0,70912.0,-115000.0
Qwen3-14B,Qwen,13-2099.01||CA||52||Y||II,2,2,72.4336130589723,41.31946690819693,31.11414615077537,56709.0,36604.0,20105.0
Qwen3-14B,Qwen,13-2099.01||CA||52||Y||IV,1,1,89.68624171200456,10.890243301407896,78.79599841059667,104019.0,13258.0,90761.0
Qwen3-14B,Qwen,13-2099.01||IL||52||Y||IV,1,1,100.89034601353197,20.534207608119186,80.35613840541278,125554.0,25554.0,100000.0
Qwen3-14B,Qwen,13-2099.01||NJ||52||Y||IV,1,1,-8.633522969532326,5.339445830243376,-13.972968799775701,-14174.0,6336.0,-20510.0
Qwen3-14B,Qwen,15-1211.00||CO||51||Y||IV,1,1,-6.908107959011985,-33.45494116633916,26.546833207327175,-10018.0,-42733.0,32715.0
Qwen3-14B,Qwen,15-1211.00||UT||54||Y||III,1,1,16.38364280801989,16.38364280801989,0.0,15485.0,15485.0,0.0
Qwen3-14B,Qwen,15-1211.00||VA||54||Y||III,1,1,12.702512326837287,-15.044794562866851,27.747306889704138,13525.0,-19480.0,33005.0
Qwen3-14B,Qwen,15-1211||NJ||54||Y||III,1,1,-5.685587185815113,-13.545121586997187,7.859534401182074,-7234.0,-17234.0,10000.0
Qwen3-14B,Qwen,15-1212.00||CA||54||Y||II,1,1,-12.88074341765617,-8.986326105634111,-3.8944173120220587,-19960.0,-12342.0,-7618.0
Qwen3-14B,Qwen,15-1221.00||CA||33||Y||II,1,1,-27.00863122935713,-27.00863122935713,0.0,-44403.0,-44403.0,0.0
Qwen3-14B,Qwen,15-1221.00||CA||45||Y||I,1,1,24.123378638366535,24.123378638366535,0.0,23322.0,23322.0,0.0
Qwen3-14B,Qwen,15-1221.00||CA||45||Y||II,1,1,-17.88471013302677,-17.88471013302677,0.0,-29403.0,-29403.0,0.0
Qwen3-14B,Qwen,15-1221.00||CA||51||Y||I,2,2,2.9487073256813803,1.791530944625407,1.1571763810559732,-1206.0,2288.0,-3494.0
Qwen3-14B,Qwen,15-1221.00||CA||51||Y||II,1,1,-8.76078903669641,-17.88471013302677,9.123921096330358,-14403.0,-29403.0,15000.0
Qwen3-14B,Qwen,15-1221.00||CA||51||Y||III,1,1,-25.40801814076999,-21.338297760763542,-4.069720380006448,-51094.0,-36621.0,-14473.0
Qwen3-14B,Qwen,15-1221.00||CA||51||Y||IV,1,1,-36.91806918826171,-35.432031451774904,-1.4860377364868071,-87786.0,-74082.0,-13704.0
Qwen3-14B,Qwen,15-1221.00||CA||54||Y||I,1,1,55.15422329795817,36.678929803979635,18.475293493978533,53322.0,32203.0,21119.0
Qwen3-14B,Qwen,15-1221.00||CA||54||Y||II,2,2,-6.757680959803181,-3.2459358360071313,-3.5117451237960493,-11771.0,-10776.0,-995.0
Qwen3-14B,Qwen,15-1221.00||CA||54||Y||III,1,1,48.08087190017375,-30.078486898456482,78.15935879863022,73056.0,-51621.0,124677.0
Qwen3-14B,Qwen,15-1221.00||CA||54||Y||IV,1,1,-26.404414052972,-18.48623504222413,-7.9181790107478704,-62786.0,-34018.0,-28768.0
Qwen3-14B,Qwen,15-1221.00||IL||51||Y||II,1,1,33.23858589447504,49.89340913128442,-16.654823236809385,29936.0,44936.0,-15000.0
Qwen3-14B,Qwen,15-1221.00||MA||33||Y||II,1,1,-5.8406684615062705,-16.302816410227795,10.462147948721524,-8374.0,-23374.0,15000.0
Qwen3-14B,Qwen,15-1221.00||NM||54||Y||II,1,1,-31.283070022551648,-25.14316369942485,-6.139906323126798,-50077.0,-40306.0,-9771.0
Qwen3-14B,Qwen,15-1221.00||NY||54||Y||II,2,2,-12.083155808936409,48.78235170795377,-60.86550751689018,-17867.0,72133.0,-90000.0
Qwen3-14B,Qwen,15-1221.00||NY||54||Y||III,3,3,-24.618921727518938,-30.003284461267587,5.384362733748649,-45723.0,-55723.0,10000.0
Qwen3-14B,Qwen,15-1221.00||TN||54||Y||II,4,4,48.091752543157774,23.539420021517753,24.55233252164002,38132.75,18816.0,19316.75
Qwen3-14B,Qwen,15-1221.00||TX||54||Y||II,1,1,48.081521619902155,12.626950160126142,35.45457145977601,43834.0,12893.0,30941.0
Qwen3-14B,Qwen,15-1241.00||CA||51||Y||III,1,1,-11.317022831835576,-27.441200498774563,16.124177666938987,-21056.0,-51056.0,30000.0
Qwen3-14B,Qwen,15-1242.00||MA||54||Y||IV,1,1,-4.81897980047238,9.965837279885049,-14.784817080357428,-6835.0,13594.0,-20429.0
Qwen3-14B,Qwen,15-1242.00||TX||52||Y||III,1,1,2.5641025641025643,12.750757685091644,-10.18665512098908,3000.0,14136.0,-11136.0
Qwen3-14B,Qwen,15-1243.00||CA||54||Y||II,1,1,8.173076923076923,14.08675664027178,-5.9136797171948565,10200.0,16669.0,-6469.0
Qwen3-14B,Qwen,15-1243.00||IN||33||Y||IV,1,1,-12.422396512465212,-15.147172515226368,2.724776002761155,-19149.0,-24099.0,4950.0
Qwen3-14B,Qwen,15-1243.00||MA||54||Y||IV,1,1,-18.916727479121057,-21.61950322981702,2.702775750695963,-34995.0,-39995.0,5000.0
Qwen3-14B,Qwen,15-1243.00||NC||52||Y||IV,1,1,-13.553526375779619,-19.95696886646261,6.403442490682991,-21166.0,-31166.0,10000.0
Qwen3-14B,Qwen,15-1243.00||PA||54||Y||II,3,3,18.672558027629574,3.272756081067699,15.399801946561874,19143.666666666668,3855.6666666666665,15288.000000000002
Qwen3-14B,Qwen,15-1243.00||TX||54||Y||II,1,1,17.30893307525368,17.30893307525368,0.0,17706.0,17706.0,0.0
Qwen3-14B,Qwen,15-1243.00||TX||54||Y||III,1,1,-0.6673681267337224,5.982932822521766,-6.650300949255488,-907.0,7621.0,-8528.0
Qwen3-14B,Qwen,15-1251.00||CA||54||Y||II,3,3,4.130520724078384,-7.768992321832923,11.899513045911306,3438.3333333333335,-9776.0,13214.333333333334
Qwen3-14B,Qwen,15-1251.00||CA||54||Y||III,1,1,-7.883626314577416,-13.909375269033202,6.025748954455786,-10270.0,-14541.0,4271.0
Qwen3-14B,Qwen,15-1251.00||MO||54||Y||II,1,1,38.85031935573452,4.137739516800889,34.71257983893363,33576.0,3576.0,30000.0
Qwen3-14B,Qwen,15-1251.00||NC||54||Y||III,1,1,44.3918216472219,29.268555423893137,15.123266223328766,38430.0,27170.0,11260.0
Qwen3-14B,Qwen,15-1251.00||NJ||54||Y||I,1,1,0.3827930508338464,13.767165457611693,-13.384372406777846,286.0,10286.0,-10000.0
Qwen3-14B,Qwen,15-1251.00||TX||54||Y||II,2,2,34.302019229331115,82.58752693367595,-48.28550770434483,28867.0,52743.0,-23876.0
Qwen3-14B,Qwen,15-1252.00||AR||54||Y||II,1,1,44.01440144014401,8.010801080108012,36.003600360036,36675.0,6675.0,30000.0
Qwen3-14B,Qwen,15-1252.00||AZ||51||Y||III,2,2,-10.78995494892725,-12.648497554157931,1.8585426052306815,-14514.0,-17014.0,2500.0
Qwen3-14B,Qwen,15-1252.00||AZ||54||Y||II,1,1,-14.469893402477672,-18.971477960242005,4.501584557764334,-16072.0,-21072.0,5000.0
Qwen3-14B,Qwen,15-1252.00||AZ||54||Y||IV,1,1,-27.18477338635126,-8.189496878442894,-18.995276507908365,-42934.0,-12934.0,-30000.0
Qwen3-14B,Qwen,15-1252.00||CA||33||Y||I,1,1,10.538765945216987,-16.312389113915575,26.851155059132562,14301.0,-24365.0,38666.0
Qwen3-14B,Qwen,15-1252.00||CA||33||Y||II,20,20,-18.52908049868673,-19.67555353303889,1.1464730343521587,-34418.0,-33781.4,-636.5999999999985
Qwen3-14B,Qwen,15-1252.00||CA||33||Y||III,15,15,-31.22197724425296,-28.6272864502681,-2.59469079398486,-64409.2,-54304.6,-10104.599999999999
Qwen3-14B,Qwen,15-1252.00||CA||33||Y||IV,15,15,-35.21591288144138,-41.600391459998804,6.38447857855742,-80301.46666666666,-102373.2,22071.733333333337
Qwen3-14B,Qwen,15-1252.00||CA||42||Y||II,1,1,-7.455250757710134,-33.41891222482037,25.963661467110235,-9667.0,-62741.0,53074.0
Qwen3-14B,Qwen,15-1252.00||CA||42||Y||III,2,2,-40.3019395236537,-17.377883957411413,-22.924055566242288,-91138.0,-27352.0,-63786.0
Qwen3-14B,Qwen,15-1252.00||CA||44||Y||II,1,1,-3.59921953928139,-16.47951892202899,12.880299382747602,-4667.0,-26637.0,21970.0
Qwen3-14B,Qwen,15-1252.00||CA||44||Y||IV,1,1,-22.24308539437155,-29.746337442391997,7.503252048020446,-38618.0,-63512.0,24894.0
Qwen3-14B,Qwen,15-1252.00||CA||45||Y||I,1,1,0.4251330633013089,-26.354902420245708,26.780035483547017,635.0,-39365.0,40000.0
Qwen3-14B,Qwen,15-1252.00||CA||45||Y||II,1,1,-16.47951892202899,-33.41891222482037,16.939393302791377,-26637.0,-62741.0,36104.0
Qwen3-14B,Qwen,15-1252.00||CA||45||Y||III,1,1,-40.3019395236537,-14.161808722653072,-26.14013080100063,-91138.0,-18973.0,-72165.0
Qwen3-14B,Qwen,15-1252.00||CA||45||Y||IV,3,3,-29.90200714691498,-38.77693014640293,8.874922999487953,-76592.66666666667,-97513.33333333333,20920.666666666657
Qwen3-14B,Qwen,15-1252.00||CA||51||Y||I,3,3,-1.0927834928745932,-8.055453210685277,6.962669717810684,-1921.0,-12866.666666666666,10945.666666666666
Qwen3-14B,Qwen,15-1252.00||CA||51||Y||II,20,20,-17.179932962352925,-23.27471910804731,6.0947861456943855,-30798.4,-40622.75,9824.349999999999
Qwen3-14B,Qwen,15-1252.00||CA||51||Y||III,18,18,-32.78826838593505,-31.995039867617965,-0.7932285183170826,-71620.72222222222,-66345.27777777778,-5275.444444444438
Qwen3-14B,Qwen,15-1252.00||CA||51||Y||IV,22,22,-36.84370499120155,-37.47372399028679,0.6300189990852445,-87434.59090909091,-84003.59090909091,-3431.0
Qwen3-14B,Qwen,15-1252.00||CA||52||Y||II,4,4,-16.47951892202899,-21.702758855500214,5.223239933471223,-26637.0,-36913.0,10276.0
Qwen3-14B,Qwen,15-1252.00||CA||52||Y||III,1,1,-33.668821692948555,-28.02840478957638,-5.640416903372174,-76138.0,-52574.0,-23564.0
Qwen3-14B,Qwen,15-1252.00||CA||52||Y||IV,1,1,-18.03739368279066,-43.7970699539136,25.759676271122938,-38512.0,-93512.0,55000.0
Qwen3-14B,Qwen,15-1252.00||CA||53||Y||II,1,1,-23.751123667651214,-25.75957237513688,2.008448707485666,-29592.0,-41637.0,12045.0
Qwen3-14B,Qwen,15-1252.00||CA||53||Y||III,1,1,-22.697175514730187,-20.444492531328958,-2.252682983401229,-42574.0,-32123.0,-10451.0
Qwen3-14B,Qwen,15-1252.00||CA||54||Y||I,4,4,-3.3924932284450784,-14.325630683928967,10.93313745548389,-5032.0,-20667.75,15635.75
Qwen3-14B,Qwen,15-1252.00||CA||54||Y||II,21,21,-21.731798325843034,-21.60658193296437,-0.12521639287866293,-38918.23809523809,-37941.380952380954,-976.8571428571377
Qwen3-14B,Qwen,15-1252.00||CA||54||Y||III,15,15,-27.914044587503295,-24.32798355225384,-3.586061035249454,-57188.73333333333,-46880.13333333333,-10308.599999999999
Qwen3-14B,Qwen,15-1252.00||CA||54||Y||IV,17,17,-32.92435473893887,-33.04140056340604,0.11704582446717637,-77094.76470588235,-70888.58823529411,-6206.176470588238
Qwen3-14B,Qwen,15-1252.00||CA||56||Y||II,1,1,-13.386167770993028,-25.75957237513688,12.373404604143852,-21637.0,-41637.0,20000.0
Qwen3-14B,Qwen,15-1252.00||CO||51||Y||III,1,1,-12.16605534241185,-5.139339769804798,-7.026715572607052,-17314.0,-7314.0,-10000.0
Qwen3-14B,Qwen,15-1252.00||CO||54||Y||II,1,1,3.1140441328108888,-25.33351032056813,28.44755445337902,3624.0,-30536.0,34160.0
Qwen3-14B,Qwen,15-1252.00||DC||54||Y||II,1,1,10.025346579841726,-12.760726465223254,22.78607304506498,12301.0,-16090.0,28391.0
Qwen3-14B,Qwen,15-1252.00||DC||54||Y||III,1,1,-17.08566046246302,-25.786494491333887,8.700834028870865,-25758.0,-38221.0,12463.0
Qwen3-14B,Qwen,15-1252.00||FL||33||Y||IV,1,1,-19.88302922266509,-3.0130609077977497,-16.86996831486734,-29781.0,-4194.0,-25587.0
Qwen3-14B,Qwen,15-1252.00||FL||44||Y||III,1,1,-2.356464002083062,-2.6124217856012466,0.25595778351818455,-3258.0,-3219.0,-39.0
Qwen3-14B,Qwen,15-1252.00||FL||52||Y||IV,1,1,7.7632656580025,-30.53332286299359,38.29658852099609,10806.0,-50547.0,61353.0
Qwen3-14B,Qwen,15-1252.00||FL||54||Y||II,4,4,20.649612612626743,16.4368421845129,4.212770428113842,21216.5,16536.75,4679.75
Qwen3-14B,Qwen,15-1252.00||FL||62||Y||IV,1,1,54.58738051683714,37.29063178652555,17.29674873031159,42374.0,29878.0,12496.0
Qwen3-14B,Qwen,15-1252.00||GA||31||Y||IV,1,1,-11.260689800237953,-6.78459037420394,-4.476099426034013,-17131.0,-9098.0,-8033.0
Qwen3-14B,Qwen,15-1252.00||GA||52||Y||II,1,1,18.79080464139432,37.258310990730486,-18.467506349336166,19773.0,40717.0,-20944.0
Qwen3-14B,Qwen,15-1252.00||GA||52||Y||III,2,2,4.581738304303479,-4.837492606103773,9.41923091040725,5894.5,-6605.5,12500.0
Qwen3-14B,Qwen,15-1252.00||GA||54||Y||I,2,2,50.65504814935339,8.970245793325411,41.68480235602798,42029.0,7085.0,34944.0
Qwen3-14B,Qwen,15-1252.00||GA||54||Y||II,3,3,15.796086025124344,-16.586882489773167,32.38296851489751,16754.333333333332,-17931.0,34685.33333333333
Qwen3-14B,Qwen,15-1252.00||GA||54||Y||III,1,1,3.284445362528403,-12.016953950438767,15.30139931296717,4293.0,-15707.0,20000.0
Qwen3-14B,Qwen,15-1252.00||GA||54||Y||IV,1,1,-1.4007664447088364,-17.833972037257364,16.43320559254853,-2131.0,-27131.0,25000.0
Qwen3-14B,Qwen,15-1252.00||IL||33||Y||IV,1,1,-25.541003393762686,-16.07865779562132,-9.462345598141365,-32587.0,-23949.0,-8638.0
Qwen3-14B,Qwen,15-1252.00||IL||51||Y||III,1,1,14.760494847253781,-4.3662542939551825,19.126749141208965,19293.0,-5707.0,25000.0
Qwen3-14B,Qwen,15-1252.00||IL||51||Y||IV,2,2,-10.656046307426365,-22.309397483583428,11.653351176157063,-16133.0,-33633.0,17500.0
Qwen3-14B,Qwen,15-1252.00||IL||52||Y||III,1,1,-8.191604122196974,-31.14370309164773,22.952098969450756,-10707.0,-40707.0,30000.0
Qwen3-14B,Qwen,15-1252.00||IL||52||Y||IV,1,1,-11.947142195581703,-18.469576107020096,6.522433911438393,-18317.0,-28317.0,10000.0
Qwen3-14B,Qwen,15-1252.00||IL||54||Y||II,1,1,6.405618216641838,-14.858191587989328,21.263809804631165,6923.0,-15706.0,22629.0
Qwen3-14B,Qwen,15-1252.00||IL||54||Y||III,2,2,10.935145019011989,-4.802214057570187,15.737359076582177,14293.0,-6160.0,20453.0
Qwen3-14B,Qwen,15-1252.00||IN||33||Y||IV,1,1,3.9957477294261747,2.0082316207777464,1.9875161086484283,5187.0,2264.0,2923.0
Qwen3-14B,Qwen,15-1252.00||MA||33||Y||II,1,1,-8.454250011443218,-4.6398437619200195,-3.8144062495231985,-11082.0,-6082.0,-5000.0
Qwen3-14B,Qwen,15-1252.00||MA||33||Y||III,1,1,-12.68126722119452,-9.220311410643736,-3.460955810550784,-19606.0,-12696.0,-6910.0
Qwen3-14B,Qwen,15-1252.00||MA||33||Y||IV,1,1,-29.826925128136036,-35.44077111788515,5.613845989749112,-53131.0,-63131.0,10000.0
Qwen3-14B,Qwen,15-1252.00||MA||51||Y||IV,1,1,-24.213079138386917,-24.213079138386917,0.0,-43131.0,-43131.0,0.0
Qwen3-14B,Qwen,15-1252.00||MA||54||Y||II,3,3,-0.82543751239682,-23.367389855322525,22.541952342925704,-1082.0,-29520.333333333332,28438.333333333332
Qwen3-14B,Qwen,15-1252.00||MA||54||Y||III,3,3,-13.4015002853977,-25.617375781017557,12.215875495619857,-20099.333333333332,-39606.0,19506.666666666668
Qwen3-14B,Qwen,15-1252.00||MA||54||Y||IV,4,4,-17.30665099164809,-15.135808589017609,-2.1708424026304822,-30534.25,-26784.25,-3750.0
Qwen3-14B,Qwen,15-1252.00||MI||33||Y||II,1,1,7.642626480086114,-2.0941545057300686,9.736780985816182,7810.0,-2032.0,9842.0
Qwen3-14B,Qwen,15-1252.00||MI||33||Y||III,4,4,-3.2287011162642676,-4.334966175323176,1.1062650590589085,-3770.0,-5263.75,1493.75
Qwen3-14B,Qwen,15-1252.00||MI||51||Y||IV,2,2,8.314197825050908,-10.313746510102133,18.62794433515304,11514.0,-14380.5,25894.5
Qwen3-14B,Qwen,15-1252.00||MI||52||Y||II,1,1,7.642626480086114,-26.607300127214014,34.249926607300125,7810.0,-27190.0,35000.0
Qwen3-14B,Qwen,15-1252.00||MI||52||Y||III,1,1,-4.444573698161181,-4.444573698161181,0.0,-5349.0,-5349.0,0.0
Qwen3-14B,Qwen,15-1252.00||MI||54||Y||II,2,2,22.045730961758615,-11.928760152656816,33.97449111441543,21009.0,-12190.0,33199.0
Qwen3-14B,Qwen,15-1252.00||MI||54||Y||III,1,1,3.864593806346542,-0.2899899459073195,4.154583752253862,4651.0,-349.0,5000.0
Qwen3-14B,Qwen,15-1252.00||MI||54||Y||IV,1,1,8.314197825050908,-9.738168479124244,18.052366304175152,11514.0,-13486.0,25000.0
Qwen3-14B,Qwen,15-1252.00||MN||45||Y||III,1,1,9.987697672334427,-4.608976295330609,14.596673967665037,12259.0,-5798.0,18057.0
Qwen3-14B,Qwen,15-1252.00||MO||54||Y||II,1,1,49.10665663978425,-7.5842523566015645,56.690908996385815,37874.0,-7386.0,45260.0
Qwen3-14B,Qwen,15-1252.00||MO||54||Y||IV,1,1,-3.603101837967525,-10.743612812932893,7.140510974965368,-5046.0,-15046.0,10000.0
Qwen3-14B,Qwen,15-1252.00||NC||42||Y||III,1,1,-10.136592379583034,1.096333572969087,-11.23292595255212,-13536.0,1464.0,-15000.0
Qwen3-14B,Qwen,15-1252.00||NC||52||Y||II,1,1,15.672313189214199,2.819833945968177,12.852479243246021,18291.0,3291.0,15000.0
Qwen3-14B,Qwen,15-1252.00||NC||52||Y||IV,1,1,-7.259136520733766,-19.182253715999973,11.923117195266208,-11741.0,-29669.0,17928.0
Qwen3-14B,Qwen,15-1252.00||NC||54||Y||I,2,2,20.899130902037314,-1.604564418831424,22.503695320868736,18586.5,-1468.0,20054.5
Qwen3-14B,Qwen,15-1252.00||NC||54||Y||II,6,6,7.399487607526062,-8.904069012681928,16.303556620207992,8341.333333333334,-10153.666666666666,18495.0
Qwen3-14B,Qwen,15-1252.00||NC||54||Y||IV,1,1,-12.83405541171381,-14.148351648351648,1.314296236637837,-19877.0,-22248.0,2371.0
Qwen3-14B,Qwen,15-1252.00||NC||56||Y||II,1,1,11.186223582153277,-2.1561232477051164,13.342346829858393,12576.0,-2424.0,15000.0
Qwen3-14B,Qwen,15-1252.00||NC||61||Y||IV,1,1,12.203222476549527,12.203222476549527,0.0,13595.0,13595.0,0.0
Qwen3-14B,Qwen,15-1252.00||NH||33||Y||III,1,1,6.102146658631197,-35.65342256058738,41.75556921921858,7189.0,-52638.0,59827.0
Qwen3-14B,Qwen,15-1252.00||NJ||32||Y||IV,2,2,-11.423362886609967,-17.0131595347811,5.5897966481711325,-21298.5,-31298.5,10000.0
Qwen3-14B,Qwen,15-1252.00||NJ||33||Y||III,2,2,-4.004678599946999,-22.2660986909611,18.261420091014102,-7694.5,-35805.0,28110.5
Qwen3-14B,Qwen,15-1252.00||NJ||45||Y||III,1,1,-1.1981372555477245,-9.828674481514879,8.630537225967155,-1819.0,-15805.0,13986.0
Qwen3-14B,Qwen,15-1252.00||NJ||51||Y||II,1,1,-5.300878050258718,-16.66477268422767,11.363894633968954,-6997.0,-21997.0,15000.0
Qwen3-14B,Qwen,15-1252.00||NJ||51||Y||IV,1,1,-18.303323420803242,-23.519979745980844,5.216656325177603,-28005.0,-44592.0,16587.0
Qwen3-14B,Qwen,15-1252.00||NJ||52||Y||II,2,2,12.338577175866362,0.4810869122955639,11.8574902635708,14061.0,-109.5,14170.5
Qwen3-14B,Qwen,15-1252.00||NJ||52||Y||IV,1,1,-28.79446390143044,-1.4007664447088364,-27.393697456721604,-54592.0,-2131.0,-52461.0
Qwen3-14B,Qwen,15-1252.00||NJ||54||Y||II,2,2,2.2750517057205846,-22.027526755948518,24.302578461669103,3003.0,-25939.0,28942.0
Qwen3-14B,Qwen,15-1252.00||NJ||61||Y||IV,1,1,30.242250586090126,4.1938004688721024,26.048450117218025,34830.0,4830.0,30000.0
Qwen3-14B,Qwen,15-1252.00||NV||54||Y||II,2,2,3.7887402754462918,-18.77402934965073,22.56276962509702,4198.0,-20802.0,25000.0
Qwen3-14B,Qwen,15-1252.00||NY||33||Y||IV,2,2,-28.79446390143044,-35.387569095742435,6.593105194311995,-54592.0,-67092.0,12500.0
Qwen3-14B,Qwen,15-1252.00||NY||45||Y||II,1,1,-2.9565892475900886,-7.000064695607168,4.04347544801708,-3656.0,-8656.0,5000.0
Qwen3-14B,Qwen,15-1252.00||NY||51||Y||II,3,3,-7.826187968918485,-8.035799005428382,0.2096110365098971,-10330.333333333334,-11428.0,1097.666666666666
Qwen3-14B,Qwen,15-1252.00||NY||51||Y||III,8,8,-21.713980573600544,-20.86762679584008,-0.8463537777604628,-34681.75,-33431.75,-1250.0
Qwen3-14B,Qwen,15-1252.00||NY||51||Y||IV,6,6,-25.013613949361613,-32.75032701801764,7.73671306865603,-47157.0,-62092.0,14935.0
Qwen3-14B,Qwen,15-1252.00||NY||52||Y||II,1,1,-9.088842928248368,6.063016583710236,-15.151859511958605,-11997.0,8003.0,-20000.0
Qwen3-14B,Qwen,15-1252.00||NY||52||Y||III,2,2,-25.375454743322656,-14.492708560057212,-10.882746183265445,-40805.0,-23305.0,-17500.0
Qwen3-14B,Qwen,15-1252.00||NY||52||Y||IV,2,2,-13.114794436753069,5.48968310899194,-18.60447754574501,-23609.0,10408.0,-34017.0
Qwen3-14B,Qwen,15-1252.00||NY||54||Y||II,4,4,1.1587743949134877,9.84466099593809,-8.685886601024603,1338.25,9644.25,-8306.0
Qwen3-14B,Qwen,15-1252.00||NY||54||Y||III,5,5,-16.919187606405917,-22.66002520172944,5.740837595323523,-27007.8,-37604.0,10596.2
Qwen3-14B,Qwen,15-1252.00||NY||54||Y||IV,5,5,-25.924277308949513,-29.1857881127819,3.261510803832387,-48670.0,-53365.4,4695.4000000000015
Qwen3-14B,Qwen,15-1252.00||NY||62||Y||II,1,1,9.22396373764404,0.12196675950703584,9.101996978137004,10134.0,134.0,10000.0
Qwen3-14B,Qwen,15-1252.00||OH||54||Y||II,5,5,16.63085428773058,-9.186686898602584,25.817541186333163,16310.0,-9358.2,25668.2
Qwen3-14B,Qwen,15-1252.00||OR||33||Y||III,1,1,-24.77760334903192,-28.04814233385662,3.2705389848247,-37880.0,-42880.0,5000.0
Qwen3-14B,Qwen,15-1252.00||PA||33||Y||II,1,1,14.061935631047659,-18.06636624334289,32.12830187439055,14794.0,-19845.0,34639.0
Qwen3-14B,Qwen,15-1252.00||PA||33||Y||III,1,1,0.4394224733207784,4.624398409709144,-4.184975936388366,525.0,5525.0,-5000.0
Qwen3-14B,Qwen,15-1252.00||PA||33||Y||IV,1,1,-14.744874035551387,-10.477691040607318,-4.2671829949440685,-20754.0,-14630.0,-6124.0
Qwen3-14B,Qwen,15-1252.00||PA||54||Y||IV,1,1,-4.087983289995311,-14.429277509275867,10.341294219280556,-5754.0,-21078.0,15324.0
Qwen3-14B,Qwen,15-1252.00||SC||52||Y||III,1,1,1.096333572969087,9.22396373764404,-8.127630164674953,1464.0,10134.0,-8670.0
Qwen3-14B,Qwen,15-1252.00||TN||54||Y||II,1,1,11.289604583196237,30.644318423752104,-19.354713840555867,11666.0,31666.0,-20000.0
Qwen3-14B,Qwen,15-1252.00||TN||54||Y||III,1,1,-1.2349920129167453,-9.922451419540277,8.687459406623532,-1438.0,-12117.0,10679.0
Qwen3-14B,Qwen,15-1252.00||TN||55||Y||III,1,1,10.549718712382388,-26.300187525078407,36.84990623746079,12883.0,-32117.0,45000.0
Qwen3-14B,Qwen,15-1252.00||TX||22||Y||III,1,1,5.6032291120724045,-2.2192323036366624,7.822461415709067,7163.0,-2837.0,10000.0
Qwen3-14B,Qwen,15-1252.00||TX||33||Y||III,1,1,-6.130463011491196,-18.501011328359425,12.370548316868229,-7837.0,-24971.0,17134.0
Qwen3-14B,Qwen,15-1252.00||TX||33||Y||IV,2,2,-22.042188933047996,-26.627942525221645,4.585753592173649,-36050.0,-43550.0,7500.0
Qwen3-14B,Qwen,15-1252.00||TX||44||Y||IV,2,2,-15.431685953496673,-28.156527055946192,12.724841102449519,-23389.5,-46050.0,22660.5
Qwen3-14B,Qwen,15-1252.00||TX||48||Y||II,1,1,1.8393064300452522,-20.299673228660236,22.138979658705487,2077.0,-22923.0,25000.0
Qwen3-14B,Qwen,15-1252.00||TX||51||Y||I,1,1,50.27989630687155,-10.814088995647728,61.09398530251928,40149.0,-9094.0,49243.0
Qwen3-14B,Qwen,15-1252.00||TX||51||Y||II,1,1,32.83387795223294,-4.142774979521411,36.97665293175435,37077.0,-4754.0,41831.0
Qwen3-14B,Qwen,15-1252.00||TX||51||Y||III,2,2,-3.683013388061139,-12.075343149616437,8.392329761555297,-4971.0,-16015.0,11044.0
Qwen3-14B,Qwen,15-1252.00||TX||51||Y||IV,7,7,2.329942842177616,-13.48666214074351,15.816604982921126,3494.5714285714284,-21360.571428571428,24855.142857142855
Qwen3-14B,Qwen,15-1252.00||TX||52||Y||I,1,1,58.10924763421718,-0.3928946931547784,58.50214232737196,49616.0,-355.0,49971.0
Qwen3-14B,Qwen,15-1252.00||TX||52||Y||II,1,1,27.774938334703673,10.694898293527448,17.080040041176225,24998.0,12077.0,12921.0
Qwen3-14B,Qwen,15-1252.00||TX||52||Y||III,4,4,-4.970238441801173,-3.3249056876778003,-1.6453327541233724,-6743.0,-4447.75,-2295.25
Qwen3-14B,Qwen,15-1252.00||TX||52||Y||IV,5,5,-4.312015455386883,-14.689471613204102,10.37745615781722,-7208.6,-23485.8,16277.199999999999
Qwen3-14B,Qwen,15-1252.00||TX||54||Y||I,5,5,34.31279271241251,25.077775245771328,9.235017466641182,30572.6,21933.0,8639.599999999999
Qwen3-14B,Qwen,15-1252.00||TX||54||Y||II,16,16,9.682922578158657,-6.517707055697586,16.20062963385624,10684.8125,-7256.3125,17941.125
Qwen3-14B,Qwen,15-1252.00||TX||54||Y||III,4,4,-4.097941024935858,-11.666063891654648,7.56812286671879,-5545.0,-14617.0,9072.0
Qwen3-14B,Qwen,15-1252.00||TX||54||Y||IV,6,6,6.369362860111662,-24.950111114528397,31.319473974640058,10038.166666666666,-39904.5,49942.666666666664
Qwen3-14B,Qwen,15-1252.00||TX||55||Y||III,1,1,0.021486097013432515,-14.796511843284854,14.817997940298287,29.0,-19971.0,20000.0
Qwen3-14B,Qwen,15-1252.00||TX||55||Y||IV,2,2,12.928746112540953,22.880969292403563,-9.95222317986261,19726.0,34110.5,-14384.5
Qwen3-14B,Qwen,15-1252.00||TX||92||Y||II,1,1,13.2331848720465,-2.588489501695846,15.821674373742347,14024.0,-2923.0,16947.0
Qwen3-14B,Qwen,15-1252.00||UT||54||Y||III,2,2,-8.604200427761262,-2.410529940894313,-6.1936704868669485,-11054.5,-3188.0,-7866.5
Qwen3-14B,Qwen,15-1252.00||VA||54||Y||I,2,2,28.178582344879267,24.942929400672618,3.235652944206649,28579.0,22103.0,6476.0
Qwen3-14B,Qwen,15-1252.00||VA||54||Y||II,1,1,7.065384364729869,-24.656991038147353,31.722375402877223,7589.0,-31090.0,38679.0
Qwen3-14B,Qwen,15-1252.00||VA||54||Y||III,1,1,-10.452513299460062,-23.718807625465978,13.266294326005916,-15758.0,-35758.0,20000.0
Qwen3-14B,Qwen,15-1252.00||VA||81||Y||III,2,2,-10.452513299460062,-13.307441961377364,2.8549286619173024,-15758.0,-18482.0,2724.0
Qwen3-14B,Qwen,15-1252.00||WA||33||Y||III,2,2,-22.52780698356483,-27.55683252571461,5.029025542149782,-40710.0,-47286.0,6576.0
Qwen3-14B,Qwen,15-1252.00||WA||33||Y||IV,6,6,-35.172585367303576,-39.18920092609415,4.016615558790576,-73582.66666666667,-81916.0,8333.333333333328
Qwen3-14B,Qwen,15-1252.00||WA||44||Y||III,1,1,-25.294671019866083,-25.294671019866083,0.0,-45710.0,-45710.0,0.0
Qwen3-14B,Qwen,15-1252.00||WA||45||Y||III,2,2,-30.828399092468597,-30.828399092468597,0.0,-55710.0,-55710.0,0.0
Qwen3-14B,Qwen,15-1252.00||WA||45||Y||IV,3,3,-34.81054215637301,-29.499483784568056,-5.311058371804954,-73868.66666666667,-61630.0,-12238.666666666672
Qwen3-14B,Qwen,15-1252.00||WA||51||Y||II,3,3,-11.775216653265433,-16.136311890448763,4.36109523718333,-17573.333333333332,-23579.666666666668,6006.333333333336
Qwen3-14B,Qwen,15-1252.00||WA||51||Y||III,3,3,-29.906111080368177,-30.828399092468597,0.9222880121004202,-54043.333333333336,-55710.0,1666.6666666666642
Qwen3-14B,Qwen,15-1252.00||WA||51||Y||IV,11,11,-34.00840098357197,-37.45239313141595,3.4439921478439857,-71591.45454545454,-79474.72727272728,7883.272727272735
Qwen3-14B,Qwen,15-1252.00||WA||52||Y||I,1,1,1.9116935175670282,1.9116935175670282,0.0,2251.0,2251.0,0.0
Qwen3-14B,Qwen,15-1252.00||WA||52||Y||II,1,1,-9.541677834360762,-19.59260251943179,10.050924685071028,-14240.0,-29240.0,15000.0
Qwen3-14B,Qwen,15-1252.00||WA||52||Y||III,2,2,-28.06153505616734,-25.294671019866083,-2.766864036301257,-50710.0,-45710.0,-5000.0
Qwen3-14B,Qwen,15-1252.00||WA||52||Y||IV,1,1,-36.381372465858,-41.09386339431297,4.712490928454969,-77202.0,-87202.0,10000.0
Qwen3-14B,Qwen,15-1252.00||WA||54||Y||II,4,4,-10.61919811893824,-15.458049924651053,4.838851805712814,-15749.5,-21997.25,6247.75
Qwen3-14B,Qwen,15-1252.00||WA||54||Y||III,1,1,-25.294671019866083,-26.767645945978934,1.472974926112851,-45710.0,-43862.0,-1848.0
Qwen3-14B,Qwen,15-1252.00||WA||54||Y||IV,4,4,-22.24389968049312,-30.87192400237027,8.628024321877152,-47202.0,-62666.0,15464.0
Qwen3-14B,Qwen,15-1252.00||WA||56||Y||III,2,2,-30.828399092468597,-29.444967074317965,-1.383432018150632,-55710.0,-53210.0,-2500.0
Qwen3-14B,Qwen,15-1252.00||WI||33||Y||IV,1,1,2.7608412687538535,-12.80810960399718,15.568950872751033,3627.0,-16893.0,20520.0
Qwen3-14B,Qwen,15-1252.00||WI||54||Y||II,1,1,-8.250333866840652,22.332888177545797,-30.58322204438645,-8093.0,21907.0,-30000.0
Qwen3-14B,Qwen,15-1252||CA||54||Y||I,1,1,-7.7282700075867865,12.489240159636905,-20.217510167223693,-11307.0,12768.0,-24075.0
Qwen3-14B,Qwen,15-1252||CA||54||Y||II,1,1,-28.092425202805995,-28.092425202805995,0.0,-52741.0,-52741.0,0.0
Qwen3-14B,Qwen,15-1252||CA||54||Y||III,1,1,-35.87986096985027,-33.668821692948555,-2.2110392769017153,-81138.0,-76138.0,-5000.0
Qwen3-14B,Qwen,15-1253.00||CA||33||Y||IV,2,2,-22.771507549889005,-42.8011519350619,20.029644385172897,-36876.0,-86053.0,49177.0
Qwen3-14B,Qwen,15-1253.00||CA||54||Y||I,1,1,27.43994392642467,-14.878162276271437,42.31810620269611,25838.0,-13109.0,38947.0
Qwen3-14B,Qwen,15-1253.00||IL||54||Y||II,1,1,7.846698755789665,-14.85786940332395,22.704568159113613,6912.0,-13088.0,20000.0
Qwen3-14B,Qwen,15-1253.00||MI||33||Y||IV,2,2,3.8111136025778376,-8.646220029731504,12.457333632309341,4589.0,-10411.0,15000.0
Qwen3-14B,Qwen,15-1253.00||MN||54||Y||IV,1,1,8.101182707013765,0.09368769167941193,8.007495015334353,10117.0,117.0,10000.0
Qwen3-14B,Qwen,15-1255.00||CA||51||Y||IV,1,1,-27.71587520011994,-33.07025481492587,5.354379614805929,-51763.0,-61763.0,10000.0
Qwen3-14B,Qwen,15-1295.00||OH||62||Y||I,1,1,63.851605063014595,63.851605063014595,0.0,46763.0,46763.0,0.0
Qwen3-14B,Qwen,15-1299.00||CA||54||Y||IV,1,1,20.9716442465886,18.283385485553296,2.6882587610353035,39006.0,34006.0,5000.0
Qwen3-14B,Qwen,15-1299.00||MA||54||Y||II,1,1,49.169622435111215,49.169622435111215,0.0,44499.0,44499.0,0.0
Qwen3-14B,Qwen,15-1299.00||NC||33||Y||IV,1,1,-4.11591320714514,-27.011931962427013,22.896018755281872,-5795.0,-42560.0,36765.0
Qwen3-14B,Qwen,15-1299.00||NJ||54||Y||II,1,1,42.58253944783591,42.58253944783591,0.0,40318.0,40318.0,0.0
Qwen3-14B,Qwen,15-1299.00||TX||54||Y||IV,1,1,67.51541141785044,3.9429006998821983,63.57251071796824,100760.0,5690.0,95070.0
Qwen3-14B,Qwen,15-1299.08||CA||33||Y||IV,1,1,-32.7782309022954,-18.04215117001038,-14.736079732285017,-73142.0,-36323.0,-36819.0
Qwen3-14B,Qwen,15-1299.08||CA||51||Y||III,1,1,-25.53490758054641,-17.26100842282934,-8.273899157717068,-46293.0,-31293.0,-15000.0
Qwen3-14B,Qwen,15-1299.08||CA||54||Y||II,3,3,13.86651488290314,24.888668823924903,-11.022153941021763,16642.333333333332,24159.0,-7516.666666666668
Qwen3-14B,Qwen,15-1299.08||CA||54||Y||IV,2,2,-0.3030092435602221,5.486056773678262,-5.7890660172384845,-7068.0,7738.5,-14806.5
Qwen3-14B,Qwen,15-1299.08||NJ||54||Y||II,1,1,42.58253944783591,32.02086985910733,10.561669588728584,40318.0,30318.0,10000.0
Qwen3-14B,Qwen,15-1299.08||NY||52||Y||IV,1,1,-5.644948230528263,41.53257765420761,-47.17752588473587,-8974.0,66026.0,-75000.0
Qwen3-14B,Qwen,15-1299.08||TN||44||Y||IV,1,1,54.50186467767715,27.863612147043153,26.638252530633995,51150.0,26150.0,25000.0
Qwen3-14B,Qwen,15-1299.08||TX||54||Y||III,1,1,34.09379413920724,13.96636725872898,20.12742688047826,38138.0,16544.0,21594.0
Qwen3-14B,Qwen,15-1299.09||CA||51||Y||III,2,2,-17.26100842282934,-25.53490758054641,8.273899157717068,-31293.0,-46293.0,15000.0
Qwen3-14B,Qwen,15-1299.09||CA||51||Y||IV,1,1,-19.352237168940935,29.406514948683622,-48.75875211762455,-35994.0,32950.0,-68944.0
Qwen3-14B,Qwen,15-1299.09||CA||52||Y||IV,1,1,-32.7782309022954,-27.41701345204684,-5.361217450248557,-73142.0,-50994.0,-22148.0
Qwen3-14B,Qwen,15-1299.09||CA||54||Y||III,2,2,23.001230012300123,-17.322235441628845,40.32346545392897,34595.0,-30849.0,65444.0
Qwen3-14B,Qwen,15-1299.09||CO||51||Y||III,1,1,-2.2987158143206634,7.371712278170042,-9.670428092490706,-2941.0,8582.0,-11523.0
Qwen3-14B,Qwen,15-1299.09||GA||52||Y||II,1,1,56.168662155127535,-6.682758706498612,62.851420861626146,48555.0,-5371.0,53926.0
Qwen3-14B,Qwen,15-1299.09||GA||52||Y||IV,1,1,91.47990992785037,-4.260045036074815,95.73995496392519,119438.0,-5562.0,125000.0
Qwen3-14B,Qwen,15-1299.09||GA||54||Y||III,1,1,24.407910500027647,10.584809333357908,13.823101166669739,26486.0,11486.0,15000.0
Qwen3-14B,Qwen,15-1299.09||IL||33||Y||III,1,1,16.127833519137866,-30.32329988851728,46.45113340765515,17360.0,-32640.0,50000.0
Qwen3-14B,Qwen,15-1299.09||MA||54||Y||III,1,1,16.754737215356275,3.7819886358722443,12.972748579484032,19373.0,4373.0,15000.0
Qwen3-14B,Qwen,15-1299.09||NJ||52||Y||IV,1,1,57.25841961578623,-5.644948230528263,62.903367846314495,91026.0,-8974.0,100000.0
Qwen3-14B,Qwen,15-1299.09||NJ||54||Y||III,2,2,29.031148119155965,5.375912441284396,23.65523567787157,33749.0,5965.5,27783.5
Qwen3-14B,Qwen,15-1299.09||NY||51||Y||IV,1,1,-15.080453407475437,-15.080453407475437,0.0,-23974.0,-23974.0,0.0
Qwen3-14B,Qwen,15-1299.09||NY||52||Y||IV,2,2,-3.8175997637619687,-10.36270081900185,6.545101055239881,-6010.0,-16474.0,10464.0
Qwen3-14B,Qwen,15-1299.09||NY||54||Y||IV,1,1,-8.790116622843987,-5.644948230528263,-3.1451683923157248,-13974.0,-8974.0,-5000.0
Qwen3-14B,Qwen,15-1299.09||TX||22||Y||IV,1,1,-3.5748723259883577,-9.541677834360762,5.9668055083724045,-5005.0,-14240.0,9235.0
Qwen3-14B,Qwen,15-1299.09||TX||54||Y||III,1,1,12.562847589904363,1.3034375633146484,11.259410026589714,15067.0,1544.0,13523.0
Qwen3-14B,Qwen,15-1299.09||TX||54||Y||IV,1,1,3.9429006998821983,7.139030748901825,-3.1961300490196267,5690.0,9995.0,-4305.0
Qwen3-14B,Qwen,15-1299.09||WA||51||Y||II,1,1,27.919114185718087,21.02196324518153,6.897150940536555,27282.0,23450.0,3832.0
Qwen3-14B,Qwen,15-1299.09||WA||51||Y||IV,1,1,-1.2118018967334037,-13.186128939553598,11.974327042820194,-2024.0,-22024.0,20000.0
Qwen3-14B,Qwen,15-2021.00||NY||52||Y||IV,1,1,14.814956561674768,14.814956561674768,0.0,19355.0,19355.0,0.0
Qwen3-14B,Qwen,15-2031.00||CA||51||Y||IV,5,5,-6.946773037451368,-4.221188671208781,-2.725584366242587,-10316.2,-7708.6,-2607.6000000000004
Qwen3-14B,Qwen,15-2031.00||CA||52||Y||IV,1,1,0.4041266096036547,-9.21257036025797,9.616696969861625,483.0,-13699.0,14182.0
Qwen3-14B,Qwen,15-2031.00||CA||54||Y||II,2,2,29.228159762466376,22.590251400183767,6.637908362282609,28721.0,23007.5,5713.5
Qwen3-14B,Qwen,15-2031.00||CA||54||Y||III,7,7,27.29998303001904,5.091300423220701,22.208682606798337,33189.28571428572,4887.285714285715,28302.000000000004
Qwen3-14B,Qwen,15-2031.00||CA||54||Y||IV,3,3,-5.240216052307401,-3.516691550493506,-1.7235245018138952,-7742.0,-5983.333333333333,-1758.666666666667
Qwen3-14B,Qwen,15-2031.00||GA||44||Y||III,2,2,61.15835460606303,33.00927437394953,28.149080232113498,51217.5,27299.0,23918.5
Qwen3-14B,Qwen,15-2031.00||GA||44||Y||IV,1,1,7.405891980360066,17.635024549918167,-10.229132569558102,7240.0,17240.0,-10000.0
Qwen3-14B,Qwen,15-2031.00||IL||52||Y||IV,1,1,0.5623446311775449,8.607332201671749,-8.044987570494204,699.0,10699.0,-10000.0
Qwen3-14B,Qwen,15-2031.00||IL||54||Y||II,2,2,57.15216986403427,16.40901471409946,40.74315514993481,49096.0,14096.0,35000.0
Qwen3-14B,Qwen,15-2031.00||IL||54||Y||III,1,1,-9.611615383151605,14.174801621282183,-23.786417004433787,-10102.0,14898.0,-25000.0
Qwen3-14B,Qwen,15-2031.00||MA||54||Y||II,2,2,64.68001142279938,5.073901977724333,59.60610944507505,52871.5,4346.0,48525.5
Qwen3-14B,Qwen,15-2031.00||MO||54||Y||IV,1,1,52.26300897082894,58.60730101128015,-6.344292040451208,41189.0,46189.0,-5000.0
Qwen3-14B,Qwen,15-2031.00||NC||52||Y||IV,2,2,0.5532480751235368,16.804963743739254,-16.251715668615716,674.0,17984.0,-17310.0
Qwen3-14B,Qwen,15-2031.00||NC||54||Y||IV,1,1,1.175130403501409,21.661901575521625,-20.486771172020216,1568.0,21366.0,-19798.0
Qwen3-14B,Qwen,15-2031.00||NJ||52||Y||II,1,1,64.34754026514736,36.95628355428947,27.39125671085789,58730.0,33730.0,25000.0
Qwen3-14B,Qwen,15-2031.00||NJ||54||Y||I,1,1,74.24385427405655,10.537951363301401,63.70590291075514,51131.0,7150.0,43981.0
Qwen3-14B,Qwen,15-2031.00||NJ||54||Y||III,1,1,0.7370594852336261,3.3288419730022403,-2.591782487768614,878.0,4027.0,-3149.0
Qwen3-14B,Qwen,15-2031.00||NJ||54||Y||IV,1,1,4.83425703962036,-5.649168664341675,10.483425703962036,6917.0,-8083.0,15000.0
Qwen3-14B,Qwen,15-2031.00||NY||54||Y||III,1,1,11.59514933084242,-4.072556030347955,15.667705361190375,14027.0,-4670.0,18697.0
Qwen3-14B,Qwen,15-2031.00||NY||54||Y||IV,1,1,2.031099078999279,-14.974084100833934,17.005183179833214,2986.0,-22014.0,25000.0
Qwen3-14B,Qwen,15-2031.00||PA||54||Y||IV,1,1,14.146564188417928,5.691263137424008,8.45530105099392,16731.0,6731.0,10000.0
Qwen3-14B,Qwen,15-2031.00||TN||54||Y||II,1,1,60.15374759769379,14.870349665344381,45.2833979323494,39438.0,9709.0,29729.0
Qwen3-14B,Qwen,15-2031.00||TX||42||Y||IV,1,1,15.082214734206117,15.082214734206117,0.0,16382.0,16382.0,0.0
Qwen3-14B,Qwen,15-2031.00||TX||52||Y||IV,1,1,-5.583418937700163,-5.583418937700163,0.0,-7392.0,-7392.0,0.0
Qwen3-14B,Qwen,15-2031.00||TX||54||Y||II,1,1,65.02457032491505,-4.697836080278058,69.7224064051931,53194.0,-4190.0,57384.0
Qwen3-14B,Qwen,15-2031.00||TX||54||Y||III,2,2,28.98991061069571,2.0077620637849387,26.98214854691077,28100.5,2722.5,25378.0
Qwen3-14B,Qwen,15-2031.00||TX||54||Y||IV,1,1,9.52323403226781,-27.6410998552822,37.16433388755001,12608.0,-36290.0,48898.0
Qwen3-14B,Qwen,15-2031.00||VA||44||Y||III,1,1,7.795619505417728,-24.14382331100234,31.93944281642007,9763.0,-30237.0,40000.0
Qwen3-14B,Qwen,15-2031.00||WA||45||Y||I,1,1,69.03789266093816,19.73517396816453,49.302718692773624,49010.0,14010.0,35000.0
Qwen3-14B,Qwen,15-2031.00||WA||51||Y||IV,2,2,8.987449234793383,-0.5728533296621772,9.56030256445556,11751.0,-749.0,12500.0
Qwen3-14B,Qwen,15-2031.00||WA||52||Y||III,1,1,26.839167935058345,-0.741729981411633,27.58089791646998,28566.0,-822.0,29388.0
Qwen3-14B,Qwen,15-2031.00||WA||54||Y||III,1,1,21.816967750085723,8.28174911118731,13.535218638898414,24178.0,9178.0,15000.0
Qwen3-14B,Qwen,15-2031||MA||54||Y||II,2,2,45.935974969061576,51.77341396782404,-5.837438998762465,39346.0,44346.0,-5000.0
Qwen3-14B,Qwen,15-2041.00||CA||33||Y||IV,1,1,-30.89468349765042,-30.89468349765042,0.0,-60354.0,-60354.0,0.0
Qwen3-14B,Qwen,15-2041.00||CA||52||Y||IV,1,1,11.789299528249156,-29.85960698934988,41.64890651759904,15819.0,-53214.0,69033.0
Qwen3-14B,Qwen,15-2041.00||CA||54||Y||II,3,3,21.05047641259374,8.281571460915275,12.768904951678463,20825.666666666668,8413.0,12412.666666666668
Qwen3-14B,Qwen,15-2041.00||CA||54||Y||III,3,3,-6.378337955192052,-19.827143360796374,13.448805405604322,-9006.666666666666,-31264.666666666668,22258.0
Qwen3-14B,Qwen,15-2041.00||FL||52||Y||II,2,2,20.43809973257826,-10.45200922601136,30.890108958589618,20788.0,-10287.0,31075.0
Qwen3-14B,Qwen,15-2041.00||IL||52||Y||IV,1,1,-2.179583792243928,-0.8344596579890697,-1.345124134254858,-3008.0,-1136.0,-1872.0
Qwen3-14B,Qwen,15-2041.00||NC||54||Y||III,1,1,3.2800006885333377,-11.21843815476402,14.498438843297357,3811.0,-15795.0,19606.0
Qwen3-14B,Qwen,15-2041.00||NJ||54||Y||II,1,1,-2.6247067675828797,-0.741729981411633,-1.8829767861712465,-2965.0,-822.0,-2143.0
Qwen3-14B,Qwen,15-2041.00||NJ||54||Y||III,1,1,-6.492211147513732,-27.271719781399568,20.779508633885836,-9373.0,-39373.0,30000.0
Qwen3-14B,Qwen,15-2041.00||NJ||54||Y||IV,1,1,-14.666545303531098,-28.888787752942584,14.222242449411485,-25781.0,-50781.0,25000.0
Qwen3-14B,Qwen,15-2041.00||NY||52||Y||II,1,1,10.65374230956491,6.227592617182313,4.426149692382597,12035.0,7035.0,5000.0
Qwen3-14B,Qwen,15-2041.00||NY||52||Y||III,4,4,-6.492211147513732,9.568459424525885,-16.06067057203962,-9373.0,13928.0,-23301.0
Qwen3-14B,Qwen,15-2041.00||NY||52||Y||IV,1,1,-14.138031700238697,-14.666545303531098,0.5285136032924012,-24699.0,-25781.0,1082.0
Qwen3-14B,Qwen,15-2041.00||NY||54||Y||II,1,1,6.227592617182313,6.227592617182313,0.0,7035.0,7035.0,0.0
Qwen3-14B,Qwen,15-2041.00||NY||54||Y||III,1,1,-6.492211147513732,-23.808468342418596,17.316257194904864,-9373.0,-34373.0,25000.0
Qwen3-14B,Qwen,15-2041.00||TX||54||Y||I,1,1,77.62515172148376,-1.3741863370372807,78.99933805852105,52442.0,-1045.0,53487.0
Qwen3-14B,Qwen,15-2041.00||TX||54||Y||IV,2,2,-4.6381544271133235,-1.4621893881387233,-3.1759650389746,-6479.5,-2978.5,-3501.0
Qwen3-14B,Qwen,15-2041.00||WA||51||Y||IV,1,1,5.706589827110999,17.451766474567776,-11.745176647456777,7288.0,22288.0,-15000.0
Qwen3-14B,Qwen,15-2041.01||CA||54||Y||III,1,1,-3.503191542590832,-22.009046950553735,18.505855407962905,-4901.0,-25398.0,20497.0
Qwen3-14B,Qwen,15-2051.00||CA||33||Y||I,1,1,30.407063232935993,9.284309201738834,21.12275403119716,31478.0,11469.0,20009.0
Qwen3-14B,Qwen,15-2051.00||CA||33||Y||II,1,1,-6.682990922121357,-31.15476409032495,24.47177316820359,-8952.0,-54304.0,45352.0
Qwen3-14B,Qwen,15-2051.00||CA||33||Y||IV,1,1,-14.991688076167447,-5.546320084630497,-9.445367991536951,-23808.0,-8808.0,-15000.0
Qwen3-14B,Qwen,15-2051.00||CA||45||Y||I,1,1,2.4954218711564216,15.098345141570965,-12.602923270414543,1826.0,17709.0,-15883.0
Qwen3-14B,Qwen,15-2051.00||CA||45||Y||II,1,1,-22.54910960161557,-9.21257036025797,-13.336539241357599,-39304.0,-13699.0,-25605.0
Qwen3-14B,Qwen,15-2051.00||CA||45||Y||III,2,2,-19.435030588682885,-17.88471013302677,-1.5503204556561165,-31522.5,-29403.0,-2119.5
Qwen3-14B,Qwen,15-2051.00||CA||51||Y||I,1,1,15.098345141570965,70.21013214495714,-55.111787003386176,17709.0,45374.0,-27665.0
Qwen3-14B,Qwen,15-2051.00||CA||51||Y||II,1,1,0.7823698041089345,0.7823698041089345,0.0,1048.0,1048.0,0.0
Qwen3-14B,Qwen,15-2051.00||CA||51||Y||IV,1,1,-23.011384050011806,-25.577671248344746,2.5662871983329403,-44834.0,-49834.0,5000.0
Qwen3-14B,Qwen,15-2051.00||CA||52||Y||II,1,1,5.141824639013069,-6.682990922121357,11.824815561134425,6602.0,-8952.0,15554.0
Qwen3-14B,Qwen,15-2051.00||CA||52||Y||III,3,3,-7.671526257874258,-13.829634090213275,6.1581078323390175,-13025.333333333334,-22736.333333333332,9710.999999999998
Qwen3-14B,Qwen,15-2051.00||CA||52||Y||IV,2,2,-26.860814847511215,-17.78914419426341,-9.071670653247804,-52334.0,-31346.5,-20987.5
Qwen3-14B,Qwen,15-2051.00||CA||54||Y||I,1,1,30.407063232935993,44.17909665242352,-13.772033419487524,31478.0,33706.0,-2228.0
Qwen3-14B,Qwen,15-2051.00||CA||54||Y||II,3,3,0.7823698041089345,37.60703986032889,-36.82467005621996,1048.0,46979.333333333336,-45931.333333333336
Qwen3-14B,Qwen,15-2051.00||CA||54||Y||IV,1,1,-21.432567143728118,-21.288600070525415,-0.14396707320270252,-34099.0,-33808.0,-291.0
Qwen3-14B,Qwen,15-2051.00||CA||56||Y||III,1,1,-17.88471013302677,-7.883626314577416,-10.001083818449352,-29403.0,-10270.0,-19133.0
Qwen3-14B,Qwen,15-2051.00||CA||61||Y||I,1,1,16.658889407372843,9.36451923357345,7.294370173799393,12138.0,6422.0,5716.0
Qwen3-14B,Qwen,15-2051.00||CO||33||Y||IV,1,1,-0.009628702421248324,-34.148790807171196,34.13916210474995,-13.0,-62229.0,62216.0
Qwen3-14B,Qwen,15-2051.00||CT||52||Y||IV,1,1,-7.240720636534788,-31.73323624282488,24.49251560629009,-10538.0,-55781.0,45243.0
Qwen3-14B,Qwen,15-2051.00||DC||54||Y||II,1,1,16.44054200915999,-26.685584660899266,43.12612667005926,19061.0,-30939.0,50000.0
Qwen3-14B,Qwen,15-2051.00||DE||52||Y||I,1,1,62.28497241155469,62.28497241155469,0.0,46056.0,46056.0,0.0
Qwen3-14B,Qwen,15-2051.00||GA||52||Y||II,1,1,27.69489433247494,31.929022186063897,-4.234127853588955,26026.0,29042.0,-3016.0
Qwen3-14B,Qwen,15-2051.00||GA||52||Y||IV,1,1,6.98501471966237,-0.3932621575557244,7.378276877218094,9467.0,-533.0,10000.0
Qwen3-14B,Qwen,15-2051.00||GA||54||Y||III,1,1,17.64295797967827,8.928664795998397,8.714293183679871,20246.0,10246.0,10000.0
Qwen3-14B,Qwen,15-2051.00||IL||51||Y||III,1,1,12.915906923836129,-22.636546495435557,35.552453419271686,15442.0,-26334.0,41776.0
Qwen3-14B,Qwen,15-2051.00||IL||52||Y||II,1,1,27.69489433247494,23.803235391218223,3.8916589412567184,26026.0,23072.0,2954.0
Qwen3-14B,Qwen,15-2051.00||IL||52||Y||IV,1,1,-5.06996695028479,1.9618873496941143,-7.031854299978905,-7210.0,2790.0,-10000.0
Qwen3-14B,Qwen,15-2051.00||IL||54||Y||I,1,1,67.61181104561835,48.09429567699288,19.517515368625475,48406.0,35723.0,12683.0
Qwen3-14B,Qwen,15-2051.00||IL||54||Y||II,2,2,34.12017167381974,28.96170353251898,5.158468141300759,33072.0,28072.0,5000.0
Qwen3-14B,Qwen,15-2051.00||IL||54||Y||IV,2,2,-5.06996695028479,-5.06996695028479,0.0,-7210.0,-7210.0,0.0
Qwen3-14B,Qwen,15-2051.00||IL||55||Y||III,1,1,4.551765670218638,-37.26894059786882,41.820706268087456,5442.0,-44558.0,50000.0
Qwen3-14B,Qwen,15-2051.00||IL||61||Y||I,1,1,84.79164741753672,0.09547568449906065,84.69617173303766,55062.0,62.0,55000.0
Qwen3-14B,Qwen,15-2051.00||IL||81||Y||III,1,1,12.915906923836129,0.3696950434098931,12.546211880426236,15442.0,442.0,15000.0
Qwen3-14B,Qwen,15-2051.00||IN||33||Y||III,1,1,24.983075208565506,40.605959609636194,-15.622884401070689,23987.0,38987.0,-15000.0
Qwen3-14B,Qwen,15-2051.00||MA||32||Y||IV,2,2,-16.56520583672738,-7.866502032384743,-8.698703804342635,-26803.0,-12782.5,-14020.5
Qwen3-14B,Qwen,15-2051.00||MA||44||Y||III,1,1,-9.384831745755585,-2.135618285416032,-7.249213460339553,-12946.0,-2946.0,-10000.0
Qwen3-14B,Qwen,15-2051.00||MA||51||Y||III,1,1,-9.384831745755585,-9.384831745755585,0.0,-12946.0,-12946.0,0.0
Qwen3-14B,Qwen,15-2051.00||MA||52||Y||II,1,1,18.329710398990255,9.564546665731715,8.76516373325854,20912.0,10912.0,10000.0
Qwen3-14B,Qwen,15-2051.00||MA||52||Y||IV,2,2,-7.2946731519193095,-16.56520583672738,9.270532684808071,-11803.0,-26803.0,15000.0
Qwen3-14B,Qwen,15-2051.00||MA||61||Y||I,1,1,-39.44939314836244,81.65182055491267,-121.1012137032751,-29318.0,60682.0,-90000.0
Qwen3-14B,Qwen,15-2051.00||MA||62||Y||I,1,1,61.468284937700155,0.9176780860625958,60.55060685163756,45682.0,682.0,45000.0
Qwen3-14B,Qwen,15-2051.00||MA||62||Y||II,1,1,56.20660927520133,33.06488938257891,23.14171989262242,48576.0,28576.0,20000.0
Qwen3-14B,Qwen,15-2051.00||MI||54||Y||II,1,1,39.13307446149176,44.30361480555088,-5.17054034405912,30939.0,36842.0,-5903.0
Qwen3-14B,Qwen,15-2051.00||NC||51||Y||III,1,1,-7.588522494493816,-30.691391870870362,23.102869376376546,-9854.0,-39854.0,30000.0
Qwen3-14B,Qwen,15-2051.00||NC||52||Y||IV,1,1,-12.316026032397605,-12.316026032397605,0.0,-18962.0,-18962.0,0.0
Qwen3-14B,Qwen,15-2051.00||NC||54||Y||II,7,7,38.78288589937891,17.038721813615492,21.74416408576342,35037.857142857145,15499.0,19538.857142857145
Qwen3-14B,Qwen,15-2051.00||NC||54||Y||III,1,1,6.698913449398041,6.698913449398041,0.0,7534.0,7534.0,0.0
Qwen3-14B,Qwen,15-2051.00||NC||54||Y||IV,1,1,8.935626307227515,-12.316026032397605,21.25165233962512,12304.0,-18962.0,31266.0
Qwen3-14B,Qwen,15-2051.00||NJ||52||Y||II,1,1,23.297805299065676,14.164634536171922,9.133170762893753,25509.0,15509.0,10000.0
Qwen3-14B,Qwen,15-2051.00||NJ||52||Y||IV,1,1,-14.474964757787202,-20.3732430503536,5.898278292566399,-24541.0,-34541.0,10000.0
Qwen3-14B,Qwen,15-2051.00||NJ||54||Y||II,6,6,16.954647658540726,-7.907194807487982,24.86184246602871,18572.0,-8657.666666666666,27229.666666666664
Qwen3-14B,Qwen,15-2051.00||NJ||54||Y||IV,3,3,-15.847111282310307,-14.848851321782957,-0.9982599605273492,-26236.333333333332,-22960.333333333332,-3276.0
Qwen3-14B,Qwen,15-2051.00||NV||52||Y||I,1,1,82.73943018523133,24.595066035385,58.144364149846325,49805.0,14805.0,35000.0
Qwen3-14B,Qwen,15-2051.00||NY||51||Y||II,1,1,20.572316596109534,0.4648783918312921,20.107438204278242,23034.0,509.0,22525.0
Qwen3-14B,Qwen,15-2051.00||NY||51||Y||III,2,2,-12.190156695769357,-14.48914915116125,2.2989924553918932,-17006.0,-20338.0,3332.0
Qwen3-14B,Qwen,15-2051.00||NY||52||Y||II,3,3,15.686829663320884,27.864390680512553,-12.17756101719167,17175.666666666668,30509.0,-13333.333333333332
Qwen3-14B,Qwen,15-2051.00||NY||52||Y||III,4,4,17.378464008716474,-6.8140438404082975,24.192507849124773,24244.0,-9506.0,33750.0
Qwen3-14B,Qwen,15-2051.00||NY||52||Y||IV,4,4,-15.949534330928802,-18.34501208204578,2.395477751116978,-27041.0,-31207.0,4166.0
Qwen3-14B,Qwen,15-2051.00||NY||54||Y||II,6,6,23.08086470856732,21.025071369447836,2.0557933391194823,22387.5,17082.0,5305.5
Qwen3-14B,Qwen,15-2051.00||NY||54||Y||IV,2,2,-16.165561850228304,-20.3732430503536,4.207681200125297,-27457.0,-34541.0,7084.0
Qwen3-14B,Qwen,15-2051.00||NY||62||Y||II,1,1,23.297805299065676,14.164634536171922,9.133170762893753,25509.0,15509.0,10000.0
Qwen3-14B,Qwen,15-2051.00||OH||42||Y||III,2,2,23.834498834498834,12.557502202212,11.276996632286835,24540.0,12830.0,11710.0
Qwen3-14B,Qwen,15-2051.00||OH||52||Y||IV,1,1,13.687082621034637,-4.069837158548577,17.756919779583214,16253.0,-5091.0,21344.0
Qwen3-14B,Qwen,15-2051.00||PA||48||Y||III,1,1,-6.8443962670008975,1.624294981453566,-8.468691248454464,-8082.0,1918.0,-10000.0
Qwen3-14B,Qwen,15-2051.00||PA||54||Y||I,1,1,82.57059396299903,1.4281077572216814,81.14248620577735,61056.0,1056.0,60000.0
Qwen3-14B,Qwen,15-2051.00||PA||54||Y||II,2,2,43.88548430632061,11.964004874339935,31.92147943198068,38028.5,11487.0,26541.5
Qwen3-14B,Qwen,15-2051.00||PA||61||Y||I,1,1,133.1953594123477,-12.551740220369615,145.74709963271732,68541.0,-6459.0,75000.0
Qwen3-14B,Qwen,15-2051.00||TX||33||Y||IV,2,2,-7.898136719544401,-7.654165148557308,-0.24397157098709332,-11442.5,-10909.5,-533.0
Qwen3-14B,Qwen,15-2051.00||TX||42||Y||III,2,2,0.654254197290733,10.892173952113398,-10.237919754822665,788.5,12709.0,-11920.5
Qwen3-14B,Qwen,15-2051.00||TX||42||Y||IV,2,2,-9.238206009103072,-6.956691715414787,-2.281514293688285,-13741.0,-9925.5,-3815.5
Qwen3-14B,Qwen,15-2051.00||TX||45||Y||II,2,2,22.08612802599189,14.542766103671616,7.543361922320274,22161.0,13966.0,8195.0
Qwen3-14B,Qwen,15-2051.00||TX||51||Y||II,1,1,34.543896191909425,29.151688658329206,5.392207533580219,34661.0,27086.0,7575.0
Qwen3-14B,Qwen,15-2051.00||TX||52||Y||II,3,3,31.921622185849387,37.10422003318269,-5.182597847333305,30688.333333333332,35632.666666666664,-4944.333333333332
Qwen3-14B,Qwen,15-2051.00||TX||52||Y||III,3,3,6.538372037602438,15.803512508580473,-9.265140470978036,7773.666666666667,18716.666666666668,-10943.0
Qwen3-14B,Qwen,15-2051.00||TX||52||Y||IV,5,5,-2.661296579743675,-3.814248058078374,1.1529514783346992,-3773.0,-5361.8,1588.8000000000002
Qwen3-14B,Qwen,15-2051.00||TX||54||Y||I,2,2,70.73315141579563,22.391193144016597,48.341958271779035,50438.5,15372.0,35066.5
Qwen3-14B,Qwen,15-2051.00||TX||54||Y||II,8,8,31.39672827761514,14.196673609325112,17.20005466829003,29053.0,13337.0,15716.0
Qwen3-14B,Qwen,15-2051.00||TX||54||Y||III,1,1,7.8962038518944775,-14.582171950583538,22.478375802478016,8782.0,-16218.0,25000.0
Qwen3-14B,Qwen,15-2051.00||TX||54||Y||IV,3,3,-6.695228548954621,-11.977029906239935,5.281801357285314,-9530.666666666666,-17429.0,7898.333333333334
Qwen3-14B,Qwen,15-2051.00||VA||52||Y||II,1,1,16.44054200915999,12.878028517505125,3.5625134916548653,19061.0,14261.0,4800.0
Qwen3-14B,Qwen,15-2051.00||VA||52||Y||IV,1,1,-10.118044967609206,-10.103201524649702,-0.014843442959504571,-15197.0,-16858.0,1661.0
Qwen3-14B,Qwen,15-2051.00||WA||51||Y||I,1,1,24.847841692936733,24.847841692936733,0.0,23883.0,23883.0,0.0
Qwen3-14B,Qwen,15-2051.00||WA||51||Y||III,1,1,-11.21832943510366,-20.522958930239028,9.304629495135368,-18322.0,-30987.0,12665.0
Qwen3-14B,Qwen,15-2051.00||WA||51||Y||IV,1,1,-31.442152411712726,-34.633758395476654,3.191605983763928,-61914.0,-63581.0,1667.0
Qwen3-14B,Qwen,15-2051.00||WA||52||Y||III,1,1,-14.279766351134569,-18.70910051619721,4.429334165062642,-23322.0,-27618.0,4296.0
Qwen3-14B,Qwen,15-2051.00||WA||54||Y||II,1,1,14.006789737699934,4.079130977804161,9.927658759895774,16586.0,5291.0,11295.0
Qwen3-14B,Qwen,15-2051.00||WA||54||Y||III,1,1,-17.341203267165476,-17.341203267165476,0.0,-28322.0,-28322.0,0.0
Qwen3-14B,Qwen,15-2051.00||WI||54||Y||II,1,1,27.609345257717706,16.975233152907897,10.634112104809809,25963.0,15963.0,10000.0
Qwen3-14B,Qwen,15-2051.01||AR||45||Y||III,1,1,18.545837723919917,-25.168810360158115,43.714648084078036,21120.0,-28589.0,49709.0
Qwen3-14B,Qwen,15-2051.01||AR||45||Y||IV,1,1,13.104259506413012,-5.74645041132249,18.8507099177355,17379.0,-7621.0,25000.0
Qwen3-14B,Qwen,15-2051.01||CA||51||Y||III,1,1,-14.902736980118759,-27.00863122935713,12.10589424923837,-23642.0,-44403.0,20761.0
Qwen3-14B,Qwen,15-2051.01||CA||51||Y||IV,3,3,-37.49361672690757,-33.45841087121775,-4.035205855689817,-86839.33333333333,-64517.666666666664,-22321.666666666664
Qwen3-14B,Qwen,15-2051.01||CA||52||Y||II,1,1,0.7823698041089345,11.980410893454371,-11.198041089345436,1048.0,16048.0,-15000.0
Qwen3-14B,Qwen,15-2051.01||CA||54||Y||I,1,1,84.49175936808156,6.257607078688588,78.23415228939297,61826.0,6478.0,55348.0
Qwen3-14B,Qwen,15-2051.01||CA||54||Y||IV,3,3,-24.1479808557383,-25.585578720695327,1.4375978649570271,-44492.0,-46158.666666666664,1666.6666666666642
Qwen3-14B,Qwen,15-2051.01||CT||54||Y||IV,1,1,-2.838553661906955,-10.035697835099032,7.197144173192077,-3944.0,-13944.0,10000.0
Qwen3-14B,Qwen,15-2051.01||MA||61||Y||II,1,1,-3.58319893415609,-1.6476904563547163,-1.9355084778013738,-4088.0,-1424.0,-2664.0
Qwen3-14B,Qwen,15-2051.01||NC||52||Y||IV,1,1,1.3598436625771348,-18.81113521518297,20.170978877760103,1677.0,-28962.0,30639.0
Qwen3-14B,Qwen,15-2051.01||NC||54||Y||II,1,1,4.021863504402016,-19.619469110234807,23.641332614636823,4253.0,-20747.0,25000.0
Qwen3-14B,Qwen,15-2051.01||NJ||54||Y||II,1,1,14.164634536171922,14.164634536171922,0.0,15509.0,15509.0,0.0
Qwen3-14B,Qwen,15-2051.01||NY||52||Y||II,1,1,23.297805299065676,9.598049154725047,13.699756144340629,25509.0,10509.0,15000.0
Qwen3-14B,Qwen,15-2051.01||NY||54||Y||II,2,2,23.297805299065676,-2.7269105332108614,26.024715832276538,25509.0,-3228.5,28737.5
Qwen3-14B,Qwen,15-2051.01||TX||22||Y||IV,1,1,3.490853549736277,-9.238206009103072,12.72905955883935,4891.0,-13741.0,18632.0
Qwen3-14B,Qwen,15-2051.01||TX||33||Y||II,1,1,14.542766103671616,34.543896191909425,-20.001130088237808,13966.0,34661.0,-20695.0
Qwen3-14B,Qwen,15-2051.01||TX||33||Y||III,1,1,-3.6376776680317997,-3.6376776680317997,0.0,-4530.0,-4530.0,0.0
Qwen3-14B,Qwen,15-2051.01||TX||51||Y||III,1,1,-3.6376776680317997,3.391232423490488,-7.028910091522288,-4530.0,3936.0,-8466.0
Qwen3-14B,Qwen,15-2051.01||TX||51||Y||IV,1,1,-4.777355349749247,-6.0701242880115425,1.292768938262295,-6773.0,-8078.0,1305.0
Qwen3-14B,Qwen,15-2051.01||TX||54||Y||I,1,1,84.5421986494245,2.5234436941247234,82.01875495529978,61846.0,1846.0,60000.0
Qwen3-14B,Qwen,15-2051.01||TX||55||Y||III,1,1,26.16386162347657,0.9310892987812571,25.232772324695315,31107.0,1107.0,30000.0
Qwen3-14B,Qwen,15-2051.02||NY||54||Y||II,1,1,74.70752665907443,28.77747252747253,45.930054131601906,57728.0,20112.0,37616.0
Qwen3-14B,Qwen,15-2051.02||NY||62||Y||III,1,1,26.740035064743033,-13.982194314223044,40.72222937896608,25318.0,-19506.0,44824.0
Qwen3-14B,Qwen,17-2011.00||TX||54||Y||I,1,1,45.949101602196805,23.96310031713893,21.986001285057874,42502.0,23197.0,19305.0
Qwen3-14B,Qwen,17-2031.00||CA||33||Y||III,2,2,6.180982361465047,-10.432628813044346,16.613611174509394,7422.0,-14909.0,22331.0
Qwen3-14B,Qwen,17-2031.00||CA||54||Y||III,1,1,-2.7223335110752425,-10.72805330346781,8.005719792392568,-3778.0,-13219.0,9441.0
Qwen3-14B,Qwen,17-2041.00||PA||32||Y||III,1,1,-1.363647572312776,-21.103553662040845,19.73990608972807,-1659.0,-25411.0,23752.0
Qwen3-14B,Qwen,17-2051.00||AZ||54||Y||II,1,1,37.0908137233865,13.248933075841022,23.84188064754548,31114.0,11114.0,20000.0
Qwen3-14B,Qwen,17-2061.00||CA||33||Y||IV,1,1,8.889760006968945,-45.55511999651553,54.44488000348447,20410.0,-104590.0,125000.0
Qwen3-14B,Qwen,17-2061.00||MA||54||Y||II,1,1,-8.906882591093117,-19.02834008097166,10.121457489878543,-13200.0,-28200.0,15000.0
Qwen3-14B,Qwen,17-2061.00||TX||54||Y||II,1,1,1.7078067374788846,-2.951948556093774,4.659755293572658,1931.0,-3498.0,5429.0
Qwen3-14B,Qwen,17-2071.00||CA||33||Y||II,1,1,12.539613944108327,-10.48517037655905,23.02478432066738,13928.0,-14056.0,27984.0
Qwen3-14B,Qwen,17-2071.00||CA||33||Y||IV,1,1,-36.10325713646747,-14.125415060493875,-21.977842075973594,-67803.0,-22206.0,-45597.0
Qwen3-14B,Qwen,17-2071.00||CA||54||Y||II,1,1,-21.821252110826194,3.53644482857966,-25.357696939405855,-34890.0,3928.0,-38818.0
Qwen3-14B,Qwen,17-2071.00||IL||33||Y||IV,2,2,1.4424218888615492,-7.657371909970838,9.099793798832387,1234.5,-10485.0,11719.5
Qwen3-14B,Qwen,17-2071.00||IL||54||Y||III,1,1,5.487012439028507,6.544901065449011,-1.057888626420504,6502.0,6450.0,52.0
Qwen3-14B,Qwen,17-2071.00||IN||32||Y||III,1,1,20.95365235232455,11.994122548448658,8.959529803875892,23387.0,13387.0,10000.0
Qwen3-14B,Qwen,17-2071.00||MI||33||Y||II,1,1,-0.9694568956530804,19.879078494735744,-20.848535390388825,-930.0,19070.0,-20000.0
Qwen3-14B,Qwen,17-2071.00||MI||54||Y||I,1,1,-8.390233177393153,18.446480892712426,-26.83671407010558,-6869.0,14795.0,-21664.0
Qwen3-14B,Qwen,17-2072.00||CA||33||Y||III,6,6,-35.13706943026104,-26.302399130736706,-8.834670299524337,-65061.0,-42324.333333333336,-22736.666666666664
Qwen3-14B,Qwen,17-2072.00||CA||33||Y||IV,5,5,-28.097278071330607,-38.45185593106608,10.354577859735471,-55116.8,-83091.0,27974.199999999997
Qwen3-14B,Qwen,17-2072.00||CA||54||Y||III,1,1,-27.603071774850918,-35.64717491097859,8.044103136127674,-51472.0,-66472.0,15000.0
Qwen3-14B,Qwen,17-2072.00||ID||33||Y||III,1,1,15.039496893933585,15.039496893933585,0.0,15688.0,15688.0,0.0
Qwen3-14B,Qwen,17-2072.00||TX||33||Y||IV,1,1,-16.242190359786324,-31.752895848714783,15.510705488928458,-26179.0,-51179.0,25000.0
Qwen3-14B,Qwen,17-2074.00||TN||54||Y||II,1,1,24.85678192661359,10.167748758776698,14.689033167836891,16922.0,6922.0,10000.0
Qwen3-14B,Qwen,17-2112.00||AR||45||Y||III,3,3,13.111935571441498,14.483620297525981,-1.3716847260844833,14490.0,15835.0,-1345.0
Qwen3-14B,Qwen,17-2112.00||AR||45||Y||IV,1,1,19.218877911921094,7.296990120728983,11.92188779119211,24181.0,9181.0,15000.0
Qwen3-14B,Qwen,17-2112.00||CA||33||Y||III,2,2,-10.471402499913914,-9.590543733143093,-0.880858766770821,-15205.0,-13749.0,-1456.0
Qwen3-14B,Qwen,17-2112.00||CA||33||Y||IV,2,2,-7.07507362944913,-16.986704137121613,9.911630507672484,-13011.0,-28605.0,15594.0
Qwen3-14B,Qwen,17-2112.00||CA||54||Y||III,1,1,-0.14117971144244343,-7.027994903756758,6.886815192314314,-205.0,-10205.0,10000.0
Qwen3-14B,Qwen,17-2112.00||IN||33||Y||III,1,1,45.8400386224654,-17.488118289033622,63.32815691149902,45576.0,-15896.0,61472.0
Qwen3-14B,Qwen,17-2112.00||OH||32||Y||IV,1,1,20.461909113566502,7.218829341933713,13.24307977163279,24630.0,8416.0,16214.0
Qwen3-14B,Qwen,17-2112.00||TX||33||Y||IV,1,1,-14.587732065131979,12.874461024448609,-27.462193089580587,-21349.0,17109.0,-38458.0
Qwen3-14B,Qwen,17-2112.02||CA||33||Y||IV,1,1,-23.326995031589277,-5.027893659380782,-18.299101372208497,-38030.0,-7147.0,-30883.0
Qwen3-14B,Qwen,17-2112.02||IN||33||Y||IV,1,1,-35.233160621761655,14.587485053806297,-49.82064567556795,-35360.0,14640.0,-50000.0
Qwen3-14B,Qwen,17-2141.00||CA||33||Y||III,1,1,11.88370724592039,-19.377205033442337,31.260912279362728,14339.0,-30043.0,44382.0
Qwen3-14B,Qwen,17-2141.00||CA||54||Y||IV,4,4,-17.78271535141188,-32.52190360296029,14.739188251548413,-32490.5,-56062.5,23572.0
Qwen3-14B,Qwen,17-2141.00||NY||33||Y||IV,1,1,-0.14792899408284024,28.496778062268586,-28.644707056351425,-200.0,29939.0,-30139.0
Qwen3-14B,Qwen,17-2141.00||TN||33||Y||IV,1,1,6.308788760184382,14.066932492213692,-7.75814373202931,7418.0,14182.0,-6764.0
Qwen3-14B,Qwen,17-2141.02||CA||33||Y||IV,1,1,-22.926288986452153,-28.635452765233477,5.709163778781324,-40157.0,-50157.0,10000.0
Qwen3-14B,Qwen,17-2141.02||MI||33||Y||II,1,1,28.14762606522714,-9.228764870464108,37.37639093569125,26358.0,-8642.0,35000.0
Qwen3-14B,Qwen,17-2141.02||MI||33||Y||III,1,1,14.142742347870554,-13.25151581561838,27.394258163488935,15488.0,-14512.0,30000.0
Qwen3-14B,Qwen,17-2199.05||CA||33||Y||II,1,1,-10.038233750655971,-3.4443337272804517,-6.59390002337552,-13390.0,-4459.0,-8931.0
Qwen3-14B,Qwen,17-2199.05||CA||51||Y||IV,1,1,-20.11163068139453,-28.100467613255077,7.988836931860547,-37762.0,-52762.0,15000.0
Qwen3-14B,Qwen,17-2199.05||CA||54||Y||III,1,1,-11.739303118754767,-27.956485717373294,16.21718259861853,-18621.0,-46566.0,27945.0
Qwen3-14B,Qwen,17-2199.08||CA||33||Y||IV,1,1,-9.64185905420843,-24.911019558176438,15.269160503968008,-14939.0,-49763.0,34824.0
Qwen3-14B,Qwen,17-2199.08||CA||54||Y||III,1,1,-27.956485717373294,-24.347974101789802,-3.6085116155834918,-46566.0,-38621.0,-7945.0
Qwen3-14B,Qwen,19-1013.00||NC||32||Y||III,1,1,57.07217466425823,50.52750071991414,6.54467394434409,43602.0,38602.0,5000.0
Qwen3-14B,Qwen,19-1029.00||TX||61||Y||II,1,1,85.1480412880132,23.32327774299429,61.82476354501891,55187.0,12293.0,42894.0
Qwen3-14B,Qwen,19-1029.01||CA||62||Y||II,1,1,40.643679238648886,19.94775608845925,20.695923150189635,34678.0,22451.0,12227.0
Qwen3-14B,Qwen,19-1029.01||MA||32||Y||III,1,1,32.200521751392515,5.76041740111401,26.440104350278503,36536.0,6536.0,30000.0
Qwen3-14B,Qwen,19-1029.01||MA||62||Y||III,1,1,18.11156480950292,23.73592503852687,-5.624360229023949,16101.0,21101.0,-5000.0
Qwen3-14B,Qwen,19-1029.01||NC||54||Y||III,2,2,-2.017353815335373,-2.2620024317022547,0.24464861636688173,-1853.0,-1881.0,28.0
Qwen3-14B,Qwen,19-1029.01||NJ||32||Y||IV,1,1,4.297037964121819,-2.503141565438447,6.800179529560266,5150.0,-3466.0,8616.0
Qwen3-14B,Qwen,19-1029.01||TX||61||Y||I,1,1,108.27547903360178,7.3678182859324295,100.90766074766935,62384.0,3088.0,59296.0
Qwen3-14B,Qwen,19-1042.00||MA||62||Y||I,1,1,57.81696101921063,54.04867938268493,3.7682816365256997,40299.0,38594.0,1705.0
Qwen3-14B,Qwen,19-1042.00||NY||54||Y||I,1,1,-31.55789441664512,52.09356796301084,-83.65146237965595,-20749.0,34251.0,-55000.0
Qwen3-14B,Qwen,19-3011.00||CA||51||Y||III,1,1,-9.84312704105143,-7.662475569029994,-2.1806514720214354,-14739.0,-9958.0,-4781.0
Qwen3-14B,Qwen,25-1021.00||NV||61||Y||II,1,1,-13.521212737816665,-13.521212737816665,0.0,-13290.0,-13290.0,0.0
Qwen3-14B,Qwen,25-1021.00||NY||61||Y||I,2,2,68.5823754789272,14.942528735632184,53.639846743295024,44750.0,9750.0,35000.0
Qwen3-14B,Qwen,25-1021.00||VA||61||Y||I,1,1,48.523501659968545,53.59595229490423,-5.072450634935684,27770.0,29660.0,-1890.0
Qwen3-14B,Qwen,25-1022.00||FL||61||Y||II,1,1,16.204355612670376,16.204355612670376,0.0,11853.0,11853.0,0.0
Qwen3-14B,Qwen,25-1071.00||NY||61||Y||II,1,1,-9.225420513239472,-22.84160743625355,13.616186923014078,-10163.0,-25163.0,15000.0
Qwen3-14B,Qwen,25-9031.00||DC||61||Y||I,1,1,58.347157291509575,13.105112351078269,45.242044940431306,38690.0,8690.0,30000.0
Qwen3-14B,Qwen,27-1024.00||CA||51||Y||IV,1,1,5.3288601076695015,-6.374346570960443,11.703206678629945,6830.0,-8170.0,15000.0
Qwen3-14B,Qwen,41-9031.00||CA||54||Y||I,1,1,36.997561443406305,-17.801463133956215,54.799024577362516,40509.0,-19491.0,60000.0
Qwen3-14B,Qwen,41-9031.00||TX||51||Y||IV,1,1,-19.112756816997106,-25.104404460182504,5.991647643185399,-31899.0,-41899.0,10000.0
Qwen3-14B,Qwen,41-9031.00||TX||54||Y||IV,1,1,-8.340971585701192,-21.509346201924476,13.168374616223284,-12285.0,-36995.0,24710.0
Qwen3-32B,Qwen,11-3021.00||AZ||52||Y||II,1,1,-11.441101247617766,-18.525813147808343,7.084711900190577,-16149.0,-26149.0,10000.0
Qwen3-32B,Qwen,11-3021.00||CA||33||Y||II,5,5,-28.33917500266984,-26.046399072855206,-2.292775929814635,-69232.4,-55908.0,-13324.399999999994
Qwen3-32B,Qwen,11-3021.00||CA||45||Y||II,6,6,-24.323138982419618,-35.73888794546615,11.415748963046536,-57823.0,-86335.5,28512.5
Qwen3-32B,Qwen,11-3021.00||CA||51||Y||II,1,1,9.833053758287404,-7.91759371251375,17.750647470801155,19696.0,-15907.0,35603.0
Qwen3-32B,Qwen,11-3021.00||CA||51||Y||III,2,2,-17.260357368830324,-31.63133935258034,14.370981983750017,-36826.0,-75182.0,38356.0
Qwen3-32B,Qwen,11-3021.00||CA||51||Y||IV,1,1,-19.8414317777713,-19.8414317777713,0.0,-54456.0,-54456.0,0.0
Qwen3-32B,Qwen,11-3021.00||CA||52||Y||II,1,1,4.525974704714121,-33.053234221339856,37.57920892605398,9093.0,-71590.0,80683.0
Qwen3-32B,Qwen,11-3021.00||CA||54||Y||I,1,1,94.96384030024431,0.8369466572552183,94.1268936429891,155867.0,1494.0,154373.0
Qwen3-32B,Qwen,11-3021.00||CA||54||Y||II,1,1,3.1565917062100266,-15.541559585429713,18.69815129163974,5202.0,-38643.0,43845.0
Qwen3-32B,Qwen,11-3021.00||CA||54||Y||IV,2,2,2.0199959192001633,12.352074069728612,-10.33207815052845,5544.0,19321.5,-13777.5
Qwen3-32B,Qwen,11-3021.00||CT||54||Y||IV,1,1,46.54463183874949,-11.97652707388637,58.521158912635855,90520.0,-22450.0,112970.0
Qwen3-32B,Qwen,11-3021.00||FL||44||Y||IV,1,1,20.6144582963449,-39.082852617583335,59.697310913928234,42728.0,-73781.0,116509.0
Qwen3-32B,Qwen,11-3021.00||GA||42||Y||IV,1,1,3.2500293323946967,-15.522703273495248,18.772732605889946,6925.0,-33075.0,40000.0
Qwen3-32B,Qwen,11-3021.00||IL||52||Y||II,1,1,-6.167896909796071,21.63420770952361,-27.80210461931968,-8874.0,31126.0,-40000.0
Qwen3-32B,Qwen,11-3021.00||IL||52||Y||IV,1,1,8.49249675755379,-6.301934618476272,14.794431376030062,17221.0,-12779.0,30000.0
Qwen3-32B,Qwen,11-3021.00||IL||54||Y||II,1,1,45.961049251428335,-20.068949219455913,66.02999847088425,66126.0,-28874.0,95000.0
Qwen3-32B,Qwen,11-3021.00||MI||33||Y||II,1,1,-9.343428849096698,-31.17966156586511,21.836232716768414,-12883.0,-38510.0,25627.0
Qwen3-32B,Qwen,11-3021.00||NC||52||Y||IV,1,1,-24.234075380207184,-24.234075380207184,0.0,-52776.0,-52776.0,0.0
Qwen3-32B,Qwen,11-3021.00||NJ||54||Y||III,2,2,-10.57135958362025,-40.19698077890311,29.62562119528286,-23642.0,-89041.0,65399.0
Qwen3-32B,Qwen,11-3021.00||NY||51||Y||II,3,3,-23.858049906121455,-23.858049906121455,0.0,-44389.333333333336,-44389.333333333336,0.0
Qwen3-32B,Qwen,11-3021.00||NY||51||Y||III,1,1,-30.692803677305694,-16.554375641295078,-14.138428036010616,-68642.0,-26782.0,-41860.0
Qwen3-32B,Qwen,11-3021.00||NY||51||Y||IV,2,2,-3.348542381185693,-23.44439000489956,20.095847623713865,-8748.0,-61248.0,52500.0
Qwen3-32B,Qwen,11-3021.00||NY||52||Y||II,1,1,-27.441200498774563,18.243969557552564,-45.685170056327124,-51056.0,33944.0,-85000.0
Qwen3-32B,Qwen,11-3021.00||NY||52||Y||III,1,1,-30.692803677305694,-6.099927562801263,-24.59287611450443,-68642.0,-13642.0,-55000.0
Qwen3-32B,Qwen,11-3021.00||NY||54||Y||II,1,1,12.869243668572903,-22.066474609794902,34.9357182783678,23944.0,-41056.0,65000.0
Qwen3-32B,Qwen,11-3021.00||NY||54||Y||III,1,1,-1.6284955419822753,-31.27599560166372,29.647500059681445,-3642.0,-52336.0,48694.0
Qwen3-32B,Qwen,11-3021.00||NY||54||Y||IV,1,1,14.833414992650662,-27.272170504654582,42.10558549730524,38752.0,-71248.0,110000.0
Qwen3-32B,Qwen,11-3021.00||PA||51||Y||IV,1,1,2.888356779407363,-27.51047590541754,30.398832684824903,6176.0,-58824.0,65000.0
Qwen3-32B,Qwen,11-3021.00||TX||44||Y||IV,1,1,-18.813337535937038,-21.20118054958595,2.3878430136489115,-39394.0,-44394.0,5000.0
Qwen3-32B,Qwen,11-3021.00||TX||54||Y||II,2,2,-1.0764850189603399,-13.479863499993282,12.403378481032941,-1420.0,-19258.5,17838.5
Qwen3-32B,Qwen,11-3021.00||TX||54||Y||III,2,2,14.829211560992206,-30.742078133643396,45.5712896946356,27033.0,-56205.5,83238.5
Qwen3-32B,Qwen,11-3021.00||TX||54||Y||IV,1,1,-27.06362874916476,-19.976720500509238,-7.086908248655522,-57514.0,-41190.0,-16324.0
Qwen3-32B,Qwen,11-3021.00||VA||51||Y||II,1,1,-5.563186813186813,-22.733516483516482,17.170329670329668,-9720.0,-39720.0,30000.0
Qwen3-32B,Qwen,11-3021.00||WA||45||Y||III,1,1,-36.03499504787059,-40.16176956091119,4.126774513040601,-87320.0,-97320.0,10000.0
Qwen3-32B,Qwen,11-3021.00||WA||51||Y||II,2,2,-26.911638691466305,-26.911638691466305,0.0,-53390.0,-53390.0,0.0
Qwen3-32B,Qwen,11-3021.00||WA||51||Y||III,3,3,-26.668787526235416,-36.4419538109857,9.773166284750285,-64319.0,-85985.66666666667,21666.66666666667
Qwen3-32B,Qwen,11-3021||CA||51||Y||II,1,1,-12.013495309409095,-24.149564921904393,12.136069612495298,-19798.0,-39798.0,20000.0
Qwen3-32B,Qwen,11-3051.01||CA||33||Y||II,1,1,-7.014547057527,-13.902358386599074,6.887811329072074,-10184.0,-20184.0,10000.0
Qwen3-32B,Qwen,11-9041.00||CA||33||Y||III,1,1,-32.859802005871295,-29.579384478387684,-3.2804175274836105,-70966.0,-65106.0,-5860.0
Qwen3-32B,Qwen,11-9041.00||CA||33||Y||IV,1,1,-23.757549005838566,14.36367649124215,-38.121225497080715,-59205.0,35795.0,-95000.0
Qwen3-32B,Qwen,11-9041.00||CA||51||Y||IV,2,2,1.3222046106619052,-2.6905559679781703,4.0127605786400755,3295.0,-6705.0,10000.0
Qwen3-32B,Qwen,11-9041.00||CA||54||Y||I,1,1,38.43658944981344,40.47762392133253,-2.0410344715190902,58306.0,60510.0,-2204.0
Qwen3-32B,Qwen,11-9041.00||CA||54||Y||II,1,1,-1.6448724193487954,-26.1196970360317,24.474824616682902,-3512.0,-47728.0,44216.0
Qwen3-32B,Qwen,11-9041.00||TX||54||Y||IV,1,1,49.39448547605487,49.39448547605487,0.0,105802.0,105802.0,0.0
Qwen3-32B,Qwen,13-1081.02||AR||45||Y||III,1,1,36.92106203119419,16.68055720919157,20.24050482200262,31010.0,14010.0,17000.0
Qwen3-32B,Qwen,13-1081.02||AR||45||Y||IV,1,1,49.75625877881517,34.26423200859291,15.49202677022226,48176.0,33176.0,15000.0
Qwen3-32B,Qwen,13-1082.00||NY||51||Y||IV,1,1,46.37294495711938,99.59947039607188,-53.2265254389525,69699.0,149699.0,-80000.0
Qwen3-32B,Qwen,13-1111.00||CA||54||Y||II,1,1,23.22690180185114,34.261096971536645,-11.034195169685503,25446.0,29346.0,-3900.0
Qwen3-32B,Qwen,13-1111.00||FL||54||Y||IV,2,2,9.591812648581207,7.0997645810967125,2.492048067484495,11378.0,8453.0,2925.0
Qwen3-32B,Qwen,13-1111.00||GA||54||Y||IV,2,2,-5.007706921891243,-13.969244004731692,8.961537082840449,-6985.0,-19485.0,12500.0
Qwen3-32B,Qwen,13-1111.00||IL||54||Y||IV,1,1,-7.323371128353935,-8.906882591093117,1.5835114627391818,-11458.0,-13200.0,1742.0
Qwen3-32B,Qwen,13-1111.00||NJ||54||Y||IV,1,1,-1.0501452328513519,-17.009799227552747,15.959653994701396,-1645.0,-26645.0,25000.0
Qwen3-32B,Qwen,13-1111.00||NY||52||Y||IV,1,1,-9.194524116681905,91.51584793641673,-100.71037205309864,-14682.0,143355.0,-158037.0
Qwen3-32B,Qwen,13-1111.00||NY||54||Y||II,1,1,22.770487939027266,22.770487939027266,0.0,23184.0,23184.0,0.0
Qwen3-32B,Qwen,13-1111.00||TX||54||Y||IV,1,1,0.06388694320219833,-15.330557201905831,15.39444414510803,83.0,-19917.0,20000.0
Qwen3-32B,Qwen,13-1111.00||WA||51||Y||IV,1,1,-0.7733278705315989,-13.576769435624296,12.803441565092697,-1208.0,-21208.0,20000.0
Qwen3-32B,Qwen,13-1161.00||IL||51||Y||III,1,1,14.727371535535294,20.283771509929547,-5.556399974394253,12195.0,16526.0,-4331.0
Qwen3-32B,Qwen,13-1161.00||IL||54||Y||II,1,1,65.93754714134862,19.922511607884136,46.015035533464484,43710.0,12958.0,30752.0
Qwen3-32B,Qwen,13-2051.00||NY||52||Y||IV,1,1,-19.03421781470562,95.43464665415885,-114.46886446886447,-34088.0,170912.0,-205000.0
Qwen3-32B,Qwen,13-2099.01||CA||52||Y||II,2,2,72.4336130589723,38.729115449310996,33.7044976096613,56709.0,34104.0,22605.0
Qwen3-32B,Qwen,13-2099.01||CA||52||Y||IV,1,1,89.68624171200456,19.10433539780848,70.58190631419608,104019.0,23258.0,80761.0
Qwen3-32B,Qwen,13-2099.01||IL||52||Y||IV,1,1,100.89034601353197,68.74789065136686,32.14245536216511,125554.0,85554.0,40000.0
Qwen3-32B,Qwen,13-2099.01||NJ||52||Y||IV,1,1,34.00416631135259,-3.087709836176094,37.09187614752869,55826.0,-3664.0,59490.0
Qwen3-32B,Qwen,15-1211.00||CO||51||Y||IV,1,1,6.883283454467721,-25.626110715320237,32.50939416978796,9982.0,-32733.0,42715.0
Qwen3-32B,Qwen,15-1211.00||UT||54||Y||III,1,1,16.38364280801989,16.38364280801989,0.0,15485.0,15485.0,0.0
Qwen3-32B,Qwen,15-1211.00||VA||54||Y||III,1,1,-7.959614933082883,-18.906394810009267,10.946779876926385,-8475.0,-24480.0,16005.0
Qwen3-32B,Qwen,15-1211||NJ||54||Y||III,1,1,-9.61535438640615,-22.976562868415677,13.361208482009527,-12234.0,-29234.0,17000.0
Qwen3-32B,Qwen,15-1212.00||CA||54||Y||II,1,1,-12.88074341765617,-5.345779149859474,-7.5349642677966955,-19960.0,-7342.0,-12618.0
Qwen3-32B,Qwen,15-1221.00||CA||33||Y||II,1,1,-17.88471013302677,-23.96732419724701,6.082614064220241,-29403.0,-39403.0,10000.0
Qwen3-32B,Qwen,15-1221.00||CA||45||Y||I,1,1,55.15422329795817,39.63880096816235,15.515422329795818,53322.0,38322.0,15000.0
Qwen3-32B,Qwen,15-1221.00||CA||45||Y||II,1,1,-11.80209606880653,-17.88471013302677,6.0826140642202375,-19403.0,-29403.0,10000.0
Qwen3-32B,Qwen,15-1221.00||CA||51||Y||I,2,2,36.193753755068236,9.621648709596592,26.572105045471645,46294.0,12288.0,34006.0
Qwen3-32B,Qwen,15-1221.00||CA||51||Y||II,1,1,27.734895348625024,-17.88471013302677,45.61960548165179,45597.0,-29403.0,75000.0
Qwen3-32B,Qwen,15-1221.00||CA||51||Y||III,1,1,9.401573393537351,-21.338297760763542,30.739871154300893,18906.0,-36621.0,55527.0
Qwen3-32B,Qwen,15-1221.00||CA||51||Y||IV,1,1,-7.479834809450514,-30.64921896672119,23.169384157270677,-17786.0,-64082.0,46296.0
Qwen3-32B,Qwen,15-1221.00||CA||54||Y||I,1,1,127.55952750367199,53.76379602947709,73.7957314741949,123322.0,47203.0,76119.0
Qwen3-32B,Qwen,15-1221.00||CA||54||Y||II,2,2,2.561010844966498,4.096279946819916,-1.5352691018534177,729.0,-3276.0,4005.0
Qwen3-32B,Qwen,15-1221.00||CA||54||Y||III,1,1,44.79018585794766,-9.684712243839623,54.47489810178729,68056.0,-16621.0,84677.0
Qwen3-32B,Qwen,15-1221.00||CA||54||Y||IV,1,1,5.1365513528971425,19.553521938071274,-14.41697058517413,12214.0,35982.0,-23768.0
Qwen3-32B,Qwen,15-1221.00||IL||51||Y||II,1,1,49.89340913128442,49.89340913128442,0.0,44936.0,44936.0,0.0
Qwen3-32B,Qwen,15-1221.00||MA||33||Y||II,1,1,-5.8406684615062705,-5.8406684615062705,0.0,-8374.0,-8374.0,0.0
Qwen3-32B,Qwen,15-1221.00||NM||54||Y||II,1,1,-28.159573205394903,-28.262198545282146,0.10262533988724343,-45077.0,-45306.0,229.0
Qwen3-32B,Qwen,15-1221.00||NY||54||Y||II,2,2,-1.9389045561213791,48.78235170795377,-50.72125626407515,-2867.0,72133.0,-75000.0
Qwen3-32B,Qwen,15-1221.00||NY||54||Y||III,3,3,-10.260621104189212,-30.900678250225695,20.640057146036483,-19056.333333333332,-57389.666666666664,38333.33333333333
Qwen3-32B,Qwen,15-1221.00||TN||54||Y||II,4,4,43.30909211102546,39.177321290064306,4.131770820961151,34382.75,31316.0,3066.75
Qwen3-32B,Qwen,15-1221.00||TX||54||Y||II,1,1,48.081521619902155,7.730126240120658,40.35139537978149,43834.0,7893.0,35941.0
Qwen3-32B,Qwen,15-1241.00||CA||51||Y||III,1,1,-3.2549339983660834,-27.441200498774563,24.18626650040848,-6056.0,-51056.0,45000.0
Qwen3-32B,Qwen,15-1242.00||MA||54||Y||IV,1,1,-4.81897980047238,13.63136518921455,-18.45034498968693,-6835.0,18594.0,-25429.0
Qwen3-32B,Qwen,15-1242.00||TX||52||Y||III,1,1,-1.7094017094017093,3.7306970702843123,-5.440098779686021,-2000.0,4136.0,-6136.0
Qwen3-32B,Qwen,15-1243.00||CA||54||Y||II,1,1,8.173076923076923,5.635885778029426,2.5371911450474975,10200.0,6669.0,3531.0
Qwen3-32B,Qwen,15-1243.00||IN||33||Y||IV,1,1,-15.666011456447983,-18.289869829477244,2.623858373029261,-24149.0,-29099.0,4950.0
Qwen3-32B,Qwen,15-1243.00||MA||54||Y||IV,1,1,18.92213303062245,-27.02505473120895,45.9471877618314,35005.0,-49995.0,85000.0
Qwen3-32B,Qwen,15-1243.00||NC||52||Y||IV,1,1,-7.1500838850966275,-13.553526375779619,6.403442490682991,-11166.0,-21166.0,10000.0
Qwen3-32B,Qwen,15-1243.00||PA||54||Y||II,3,3,0.1401311575613929,-8.044806229186294,8.184937386747688,143.66666666666666,-9477.666666666666,9621.333333333332
Qwen3-32B,Qwen,15-1243.00||TX||54||Y||II,1,1,-7.130427982090836,-4.1977046552094945,-2.9327233268813417,-7294.0,-4294.0,-3000.0
Qwen3-32B,Qwen,15-1243.00||TX||54||Y||III,1,1,-19.062299955116366,-9.718242410444422,-9.344057544671944,-25907.0,-12379.0,-13528.0
Qwen3-32B,Qwen,15-1251.00||CA||54||Y||II,3,3,20.644872250135695,17.345832117313076,3.2990401328226184,21771.666666666668,13557.333333333334,8214.333333333334
Qwen3-32B,Qwen,15-1251.00||CA||54||Y||III,1,1,-4.045444077684809,5.2218746711816415,-9.267318748866451,-5270.0,5459.0,-10729.0
Qwen3-32B,Qwen,15-1251.00||MO||54||Y||II,1,1,27.279459409423307,-1.6476904563547163,28.927149865778023,23576.0,-1424.0,25000.0
Qwen3-32B,Qwen,15-1251.00||NC||54||Y||III,1,1,32.84047591544415,18.496175805235378,14.344300110208774,28430.0,17170.0,11260.0
Qwen3-32B,Qwen,15-1251.00||NJ||54||Y||I,1,1,31.16684958642289,47.22809647455631,-16.061246888133418,23286.0,35286.0,-12000.0
Qwen3-32B,Qwen,15-1251.00||TX||54||Y||II,2,2,29.030426786686043,74.97971331143944,-45.9492865247534,23867.0,47743.0,-23876.0
Qwen3-32B,Qwen,15-1252.00||AR||54||Y||II,1,1,14.011401140114012,2.01020102010201,12.001200120012001,11675.0,1675.0,10000.0
Qwen3-32B,Qwen,15-1252.00||AZ||51||Y||III,2,2,-29.37538100123407,-16.365582764619298,-13.009798236614774,-39514.0,-22014.0,-17500.0
Qwen3-32B,Qwen,15-1252.00||AZ||54||Y||II,1,1,-11.768942667819072,-14.469893402477672,2.7009507346585995,-13072.0,-16072.0,3000.0
Qwen3-32B,Qwen,15-1252.00||AZ||54||Y||IV,1,1,-14.52125571441235,-14.52125571441235,0.0,-22934.0,-22934.0,0.0
Qwen3-32B,Qwen,15-1252.00||CA||33||Y||I,1,1,54.75427232330378,20.51015967596157,34.244112647342206,74301.0,30635.0,43666.0
Qwen3-32B,Qwen,15-1252.00||CA||33||Y||II,20,20,-14.684649524526549,-13.199915719150727,-1.4847338053758214,-27418.0,-23531.4,-3886.5999999999985
Qwen3-32B,Qwen,15-1252.00||CA||33||Y||III,15,15,-18.02052254845769,-23.658643172591958,5.638120624134267,-36809.2,-44771.26666666667,7962.066666666673
Qwen3-32B,Qwen,15-1252.00||CA||33||Y||IV,15,15,-18.874214223401985,-34.21805349511648,15.343839271714494,-42968.13333333333,-87373.2,44405.066666666666
Qwen3-32B,Qwen,15-1252.00||CA||42||Y||II,1,1,4.1128428975760984,-28.092425202805995,32.20526810038209,5333.0,-52741.0,58074.0
Qwen3-32B,Qwen,15-1252.00||CA||42||Y||III,2,2,-33.668821692948555,-14.204912596650917,-19.463909096297638,-76138.0,-22352.0,-53786.0
Qwen3-32B,Qwen,15-1252.00||CA||44||Y||II,1,1,4.1128428975760984,-10.292816619957064,14.405659517533163,5333.0,-16637.0,21970.0
Qwen3-32B,Qwen,15-1252.00||CA||44||Y||IV,1,1,20.955200497644253,-27.40454869047173,48.359749188115984,36382.0,-58512.0,94894.0
Qwen3-32B,Qwen,15-1252.00||CA||45||Y||I,1,1,47.290195159508585,-12.964884678472199,60.25507983798079,70635.0,-19365.0,90000.0
Qwen3-32B,Qwen,15-1252.00||CA||45||Y||II,1,1,-16.47951892202899,-30.75566871381318,14.276149791784189,-26637.0,-57741.0,31104.0
Qwen3-32B,Qwen,15-1252.00||CA||45||Y||III,1,1,-31.45778241604684,0.7665723690594374,-32.22435478510628,-71138.0,1027.0,-72165.0
Qwen3-32B,Qwen,15-1252.00||CA||45||Y||IV,3,3,-11.379579553214592,-12.096423331444022,0.7168437782294301,-29926.0,-32513.333333333332,2587.333333333332
Qwen3-32B,Qwen,15-1252.00||CA||51||Y||I,3,3,44.89699553902425,14.032475179815954,30.8645203592083,63079.0,15466.666666666666,47612.333333333336
Qwen3-32B,Qwen,15-1252.00||CA||51||Y||II,20,20,-14.609667819690111,-16.68078579001715,2.0711179703270393,-26298.4,-30122.75,3824.3499999999985
Qwen3-32B,Qwen,15-1252.00||CA||51||Y||III,18,18,-28.473267355293746,-29.474150465535317,1.0008831102415705,-62176.27777777778,-60845.27777777778,-1331.0
Qwen3-32B,Qwen,15-1252.00||CA||51||Y||IV,22,22,-22.81870173584972,-25.693281710012286,2.8745799741625646,-55843.681818181816,-58776.318181818184,2932.6363636363676
Qwen3-32B,Qwen,15-1252.00||CA||52||Y||II,4,4,-11.839492195475046,-17.83606991670526,5.996577721230214,-19137.0,-30663.0,11526.0
Qwen3-32B,Qwen,15-1252.00||CA||52||Y||III,1,1,-31.45778241604684,-28.02840478957638,-3.4293776264704583,-71138.0,-52574.0,-18564.0
Qwen3-32B,Qwen,15-1252.00||CA||52||Y||IV,1,1,17.08943759601334,-39.11349245007306,56.2029300460864,36488.0,-83512.0,120000.0
Qwen3-32B,Qwen,15-1252.00||CA||53||Y||II,1,1,-7.698728650314627,-16.47951892202899,8.780790271714363,-9592.0,-26637.0,17045.0
Qwen3-32B,Qwen,15-1252.00||CA||53||Y||III,1,1,-17.365946239883993,-14.080051933835275,-3.285894306048718,-32574.0,-22123.0,-10451.0
Qwen3-32B,Qwen,15-1252.00||CA||54||Y||I,4,4,32.52075244115285,2.96518060238008,29.55557183877277,46218.0,1832.25,44385.75
Qwen3-32B,Qwen,15-1252.00||CA||54||Y||II,21,21,-15.090727743656105,-18.063764781684228,2.9730370380281226,-27489.666666666668,-32465.190476190477,4975.523809523809
Qwen3-32B,Qwen,15-1252.00||CA||54||Y||III,15,15,-20.560849541243478,-24.587163706993056,4.026314165749579,-42522.066666666666,-47880.13333333333,5358.066666666666
Qwen3-32B,Qwen,15-1252.00||CA||54||Y||IV,17,17,-2.089720439533786,-14.458273564796134,12.368553125262348,-6212.411764705882,-32359.176470588234,26146.764705882353
Qwen3-32B,Qwen,15-1252.00||CA||56||Y||II,1,1,-4.106114317885138,-16.47951892202899,12.373404604143854,-6637.0,-26637.0,20000.0
Qwen3-32B,Qwen,15-1252.00||CO||51||Y||III,1,1,-5.139339769804798,-5.139339769804798,0.0,-7314.0,-7314.0,0.0
Qwen3-32B,Qwen,15-1252.00||CO||54||Y||II,1,1,7.410462638344676,-21.185372005044137,28.595834643388812,8624.0,-25536.0,34160.0
Qwen3-32B,Qwen,15-1252.00||DC||54||Y||II,1,1,1.8753209072608579,-12.760726465223254,14.63604737248411,2301.0,-16090.0,18391.0
Qwen3-32B,Qwen,15-1252.00||DC||54||Y||III,1,1,-17.08566046246302,-25.786494491333887,8.700834028870865,-25758.0,-38221.0,12463.0
Qwen3-32B,Qwen,15-1252.00||FL||33||Y||IV,1,1,-23.221236338387378,4.17115680273575,-27.39239314112313,-34781.0,5806.0,-40587.0
Qwen3-32B,Qwen,15-1252.00||FL||44||Y||III,1,1,-5.972891261265171,-6.670237544534528,0.6973462832693569,-8258.0,-8219.0,-39.0
Qwen3-32B,Qwen,15-1252.00||FL||52||Y||IV,1,1,58.052789631737,-18.452161621775087,76.50495125351209,80806.0,-30547.0,111353.0
Qwen3-32B,Qwen,15-1252.00||FL||54||Y||II,4,4,12.135619418846552,9.026873591472913,3.108745827373639,12466.5,9036.75,3429.75
Qwen3-32B,Qwen,15-1252.00||FL||62||Y||IV,1,1,41.70509880710071,18.56918199745388,23.13591680964683,32374.0,14878.0,17496.0
Qwen3-32B,Qwen,15-1252.00||GA||31||Y||IV,1,1,-4.687407563218542,0.6726423958597444,-5.360049959078287,-7131.0,902.0,-8033.0
Qwen3-32B,Qwen,15-1252.00||GA||52||Y||II,1,1,9.287540270082774,23.53247989165744,-14.244939621574668,9773.0,25717.0,-15944.0
Qwen3-32B,Qwen,15-1252.00||GA||52||Y||III,2,2,-3.2611528991097476,-4.789444719371362,1.5282918202616145,-4105.5,-6605.5,2500.0
Qwen3-32B,Qwen,15-1252.00||GA||54||Y||I,2,2,56.681250075327526,8.970245793325411,47.711004282002115,47029.0,7085.0,39944.0
Qwen3-32B,Qwen,15-1252.00||GA||54||Y||II,3,3,4.767729309471348,-15.003005094554576,19.770734404025923,5087.666666666667,-16264.333333333334,21352.0
Qwen3-32B,Qwen,15-1252.00||GA||54||Y||III,1,1,3.284445362528403,-27.31835326340594,30.60279862593434,4293.0,-35707.0,40000.0
Qwen3-32B,Qwen,15-1252.00||GA||54||Y||IV,1,1,38.03892697740763,-17.833972037257364,55.872899014664995,57869.0,-27131.0,85000.0
Qwen3-32B,Qwen,15-1252.00||IL||33||Y||IV,1,1,-25.541003393762686,-9.364950419271025,-16.17605297449166,-32587.0,-13949.0,-18638.0
Qwen3-32B,Qwen,15-1252.00||IL||51||Y||III,1,1,37.71259381670454,-4.3662542939551825,42.07884811065972,49293.0,-5707.0,55000.0
Qwen3-32B,Qwen,15-1252.00||IL||51||Y||IV,2,2,-10.656046307426365,-25.570614439302624,14.914568131876258,-16133.0,-38633.0,22500.0
Qwen3-32B,Qwen,15-1252.00||IL||52||Y||III,1,1,3.284445362528403,-27.31835326340594,30.60279862593434,4293.0,-35707.0,40000.0
Qwen3-32B,Qwen,15-1252.00||IL||52||Y||IV,1,1,-5.4247082841433105,-11.947142195581703,6.522433911438393,-8317.0,-18317.0,10000.0
Qwen3-32B,Qwen,15-1252.00||IL||54||Y||II,1,1,6.405618216641838,-19.588292055323254,25.993910271965092,6923.0,-20706.0,27629.0
Qwen3-32B,Qwen,15-1252.00||IL||54||Y||III,2,2,3.284445362528403,-14.178404104196211,17.462849466724613,4293.0,-17160.0,21453.0
Qwen3-32B,Qwen,15-1252.00||IN||33||Y||IV,1,1,0.144053369077057,-2.4269088844734603,2.570962253550517,187.0,-2736.0,2923.0
Qwen3-32B,Qwen,15-1252.00||MA||33||Y||II,1,1,2.988968737126379,2.988968737126379,0.0,3918.0,3918.0,0.0
Qwen3-32B,Qwen,15-1252.00||MA||33||Y||III,1,1,-12.68126722119452,-1.9579363234952358,-10.723330897699284,-19606.0,-2696.0,-16910.0
Qwen3-32B,Qwen,15-1252.00||MA||33||Y||IV,1,1,-4.564618174265007,-27.020002133261475,22.455383958996467,-8131.0,-48131.0,40000.0
Qwen3-32B,Qwen,15-1252.00||MA||51||Y||IV,1,1,-24.213079138386917,-24.213079138386917,0.0,-43131.0,-43131.0,0.0
Qwen3-32B,Qwen,15-1252.00||MA||54||Y||II,3,3,0.4460312374442461,-12.553990377950521,13.000021615394768,584.6666666666666,-16187.0,16771.666666666668
Qwen3-32B,Qwen,15-1252.00||MA||54||Y||III,3,3,-12.274201158829063,-22.383348641061797,10.109147482232734,-18432.666666666668,-34606.0,16173.333333333332
Qwen3-32B,Qwen,15-1252.00||MA||54||Y||IV,4,4,11.551843247782218,8.327673515578793,3.224169732203425,20715.75,14465.75,6250.0
Qwen3-32B,Qwen,15-1252.00||MI||33||Y||II,1,1,-7.0359134944710835,-12.400032978811113,5.36411948434003,-7190.0,-12032.0,4842.0
Qwen3-32B,Qwen,15-1252.00||MI||33||Y||III,4,4,-8.524408921125248,-11.943526249057365,3.419117327932117,-10020.0,-14513.75,4493.75
Qwen3-32B,Qwen,15-1252.00||MI||51||Y||IV,2,2,33.58751065089612,-13.924219770937164,47.511730421833285,46514.0,-19380.5,65894.5
Qwen3-32B,Qwen,15-1252.00||MI||52||Y||II,1,1,-7.0359134944710835,-16.82160681084255,9.785693316371466,-7190.0,-17190.0,10000.0
Qwen3-32B,Qwen,15-1252.00||MI||52||Y||III,1,1,-4.444573698161181,-8.599157450415042,4.154583752253861,-5349.0,-10349.0,5000.0
Qwen3-32B,Qwen,15-1252.00||MI||54||Y||II,2,2,6.138698031654653,-7.0359134944710835,13.174611526125737,6009.0,-7190.0,13199.0
Qwen3-32B,Qwen,15-1252.00||MI||54||Y||III,1,1,-4.444573698161181,-8.599157450415042,4.154583752253861,-5349.0,-10349.0,5000.0
Qwen3-32B,Qwen,15-1252.00||MI||54||Y||IV,1,1,22.756090868391027,-9.738168479124244,32.49425934751527,31514.0,-13486.0,45000.0
Qwen3-32B,Qwen,15-1252.00||MN||45||Y||III,1,1,5.914079240025745,-8.583602283025167,14.497681523050911,7259.0,-10798.0,18057.0
Qwen3-32B,Qwen,15-1252.00||MO||54||Y||II,1,1,23.175064180691336,-12.71846055901259,35.89352473970393,17874.0,-12386.0,30260.0
Qwen3-32B,Qwen,15-1252.00||MO||54||Y||IV,1,1,-3.603101837967525,-21.454379275380948,17.851277437413422,-5046.0,-30046.0,25000.0
Qwen3-32B,Qwen,15-1252.00||NC||42||Y||III,1,1,1.096333572969087,1.096333572969087,0.0,1464.0,1464.0,0.0
Qwen3-32B,Qwen,15-1252.00||NC||52||Y||II,1,1,15.672313189214199,-1.4643258017804968,17.136638990994697,18291.0,-1709.0,20000.0
Qwen3-32B,Qwen,15-1252.00||NC||52||Y||IV,1,1,36.01993310292381,-25.647673418719975,61.66760652164378,58259.0,-39669.0,97928.0
Qwen3-32B,Qwen,15-1252.00||NC||54||Y||I,2,2,6.201422261778782,3.861848669011275,2.3395735927675068,6086.5,3532.0,2554.5
Qwen3-32B,Qwen,15-1252.00||NC||54||Y||II,6,6,0.7900749344551468,-12.114805920496527,12.904880854951674,841.3333333333334,-13820.333333333334,14661.666666666668
Qwen3-32B,Qwen,15-1252.00||NC||54||Y||IV,1,1,-12.83405541171381,-14.148351648351648,1.314296236637837,-19877.0,-22248.0,2371.0
Qwen3-32B,Qwen,15-1252.00||NC||56||Y||II,1,1,2.2913256955810146,-15.498470077563509,17.789795773144522,2576.0,-17424.0,20000.0
Qwen3-32B,Qwen,15-1252.00||NC||61||Y||IV,1,1,30.15573807279745,21.179480274673487,8.976257798123964,33595.0,23595.0,10000.0
Qwen3-32B,Qwen,15-1252.00||NH||33||Y||III,1,1,14.590318391321693,-35.65342256058738,50.243740951909075,17189.0,-52638.0,69827.0
Qwen3-32B,Qwen,15-1252.00||NJ||32||Y||IV,2,2,29.912401099638714,-11.738675379331504,41.65107647897022,48701.5,-21298.5,70000.0
Qwen3-32B,Qwen,15-1252.00||NJ||33||Y||III,2,2,-5.933929124703141,-26.930132769503437,20.996203644800296,-10194.5,-43305.0,33110.5
Qwen3-32B,Qwen,15-1252.00||NJ||45||Y||III,1,1,-11.078323529992952,-16.04738658623799,4.969063056245039,-16819.0,-25805.0,8986.0
Qwen3-32B,Qwen,15-1252.00||NJ||51||Y||II,1,1,-5.300878050258718,-28.028667318196625,22.727789267937908,-6997.0,-36997.0,30000.0
Qwen3-32B,Qwen,15-1252.00||NJ||51||Y||IV,1,1,-18.303323420803242,-23.519979745980844,5.216656325177603,-28005.0,-44592.0,16587.0
Qwen3-32B,Qwen,15-1252.00||NJ||52||Y||II,2,2,3.6749690376384185,-11.161103539052554,14.836072576690974,4061.0,-13609.5,17670.5
Qwen3-32B,Qwen,15-1252.00||NJ||52||Y||IV,1,1,-18.245495590531245,44.61220921442704,-62.85770480495829,-34592.0,67869.0,-102461.0
Qwen3-32B,Qwen,15-1252.00||NJ||54||Y||II,2,2,-12.87680780623802,-16.309682879771287,3.4328750735332676,-16997.0,-19439.0,2442.0
Qwen3-32B,Qwen,15-1252.00||NJ||61||Y||IV,1,1,56.290700703308154,-0.1476078839975688,56.43830858730572,64830.0,-170.0,65000.0
Qwen3-32B,Qwen,15-1252.00||NV||54||Y||II,2,2,-0.7238136495731124,-14.261475424631325,13.537661775058211,-802.0,-15802.0,15000.0
Qwen3-32B,Qwen,15-1252.00||NY||33||Y||IV,2,2,-18.245495590531245,-28.79446390143044,10.548968310899195,-34592.0,-54592.0,20000.0
Qwen3-32B,Qwen,15-1252.00||NY||45||Y||II,1,1,1.086886200426991,1.086886200426991,0.0,1344.0,1344.0,0.0
Qwen3-32B,Qwen,15-1252.00||NY||51||Y||II,3,3,-0.250258212939183,-9.629795060734073,9.37953684779489,-330.3333333333333,-12094.666666666666,11764.333333333332
Qwen3-32B,Qwen,15-1252.00||NY||51||Y||III,8,8,-17.415611080046716,-19.312948769659304,1.8973376896125878,-27806.75,-30931.75,3125.0
Qwen3-32B,Qwen,15-1252.00||NY||51||Y||IV,6,6,-2.7080317885618927,-13.410551781369115,10.702519992807222,-5490.333333333333,-25425.333333333332,19935.0
Qwen3-32B,Qwen,15-1252.00||NY||52||Y||II,1,1,-16.66477268422767,17.42691121767919,-34.09168390190686,-21997.0,23003.0,-45000.0
Qwen3-32B,Qwen,15-1252.00||NY||52||Y||III,2,2,-26.930132769503437,7.272783806473679,-34.20291657597711,-43305.0,11695.0,-55000.0
Qwen3-32B,Qwen,15-1252.00||NY||52||Y||IV,2,2,8.85157228490385,42.41107219713912,-33.55949991223527,16391.0,80408.0,-64017.0
Qwen3-32B,Qwen,15-1252.00||NY||54||Y||II,4,4,5.893730492400552,10.322511827990306,-4.428781335589754,7588.25,10894.25,-3306.0
Qwen3-32B,Qwen,15-1252.00||NY||54||Y||III,5,5,-9.383117331756775,-17.948105046803782,8.564987715047007,-15007.8,-30604.0,15596.2
Qwen3-32B,Qwen,15-1252.00||NY||54||Y||IV,5,5,1.9818062184668563,-19.362771723308235,21.344577941775093,3330.0,-34365.4,37695.4
Qwen3-32B,Qwen,15-1252.00||NY||62||Y||II,1,1,13.77496222671254,13.77496222671254,0.0,15134.0,15134.0,0.0
Qwen3-32B,Qwen,15-1252.00||OH||54||Y||II,5,5,-0.9870903928814997,-11.162610556273242,10.175520163391742,-1090.0,-11358.2,10268.2
Qwen3-32B,Qwen,15-1252.00||OR||33||Y||III,1,1,-11.695447409733124,-28.04814233385662,16.352694924123497,-17880.0,-42880.0,25000.0
Qwen3-32B,Qwen,15-1252.00||PA||33||Y||II,1,1,4.556774328460354,-13.514497701306386,18.07127202976674,4794.0,-14845.0,19639.0
Qwen3-32B,Qwen,15-1252.00||PA||33||Y||III,1,1,-7.930529399455953,-3.7455534630675875,-4.184975936388366,-9475.0,-4475.0,-5000.0
Qwen3-32B,Qwen,15-1252.00||PA||33||Y||IV,1,1,-18.297170950736746,-10.477691040607318,-7.819479910129427,-25754.0,-14630.0,-11124.0
Qwen3-32B,Qwen,15-1252.00||PA||54||Y||IV,1,1,-4.087983289995311,-21.2749353085338,17.186952018538488,-5754.0,-31078.0,25324.0
Qwen3-32B,Qwen,15-1252.00||SC||52||Y||III,1,1,-13.88090103043374,4.6729652485755375,-18.553866279009277,-18536.0,5134.0,-23670.0
Qwen3-32B,Qwen,15-1252.00||TN||54||Y||II,1,1,-8.06510925735963,11.289604583196237,-19.354713840555867,-8334.0,11666.0,-20000.0
Qwen3-32B,Qwen,15-1252.00||TN||54||Y||III,1,1,-15.835036671876878,-22.205753498693877,6.370716826816999,-18438.0,-27117.0,8679.0
Qwen3-32B,Qwen,15-1252.00||TN||55||Y||III,1,1,2.360850659613322,-26.300187525078407,28.66103818469173,2883.0,-32117.0,35000.0
Qwen3-32B,Qwen,15-1252.00||TX||22||Y||III,1,1,-2.2192323036366624,-13.952924427200262,11.7336921235636,-2837.0,-17837.0,15000.0
Qwen3-32B,Qwen,15-1252.00||TX||33||Y||III,1,1,-13.952924427200262,-29.61450978358314,15.66158535638288,-17837.0,-39971.0,22134.0
Qwen3-32B,Qwen,15-1252.00||TX||33||Y||IV,2,2,-18.985019871598897,-32.74228064811984,13.75726077652094,-31050.0,-53550.0,22500.0
Qwen3-32B,Qwen,15-1252.00||TX||44||Y||IV,2,2,-2.232310660419672,-25.099357994497094,22.867047334077423,-3389.5,-41050.0,37660.5
Qwen3-32B,Qwen,15-1252.00||TX||48||Y||II,1,1,-2.588489501695846,-24.727469160401334,22.138979658705487,-2923.0,-27923.0,25000.0
Qwen3-32B,Qwen,15-1252.00||TX||51||Y||I,1,1,62.80322099911084,1.0773658049325754,61.725855194178266,50149.0,906.0,49243.0
Qwen3-32B,Qwen,15-1252.00||TX||51||Y||II,1,1,28.40608202049184,-17.21421475504122,45.62029677553306,32077.0,-19754.0,51831.0
Qwen3-32B,Qwen,15-1252.00||TX||51||Y||III,2,2,-14.796511843284854,-8.482150094539973,-6.314361748744881,-19971.0,-11015.0,-8956.0
Qwen3-32B,Qwen,15-1252.00||TX||51||Y||IV,7,7,21.43846651763845,-11.979400830691775,33.417867348330226,33494.57142857143,-19217.714285714286,52712.28571428571
Qwen3-32B,Qwen,15-1252.00||TX||52||Y||I,1,1,52.25334957369062,21.74201759725527,30.51133197643535,44616.0,19645.0,24971.0
Qwen3-32B,Qwen,15-1252.00||TX||52||Y||II,1,1,5.5532099286682515,-2.588489501695846,8.141699430364097,4998.0,-2923.0,7921.0
Qwen3-32B,Qwen,15-1252.00||TX||52||Y||III,4,4,-6.031212438434475,-8.058268649753174,2.0270562113186985,-7993.0,-10697.75,2704.75
Qwen3-32B,Qwen,15-1252.00||TX||52||Y||IV,5,5,10.94594222823254,-10.358400973390948,21.30434320162349,16791.4,-16485.8,33277.2
Qwen3-32B,Qwen,15-1252.00||TX||54||Y||I,5,5,38.815587844324426,25.077775245771328,13.737812598553099,34572.6,21933.0,12639.599999999999
Qwen3-32B,Qwen,15-1252.00||TX||54||Y||II,16,16,5.200820968599745,-10.059313581149315,15.26013454974906,5684.8125,-11256.3125,16941.125
Qwen3-32B,Qwen,15-1252.00||TX||54||Y||III,4,4,-8.728565381279072,-19.06026431542912,10.331698934150047,-11795.0,-23867.0,12072.0
Qwen3-32B,Qwen,15-1252.00||TX||54||Y||IV,6,6,25.42673547896845,-25.574582790271148,51.0013182692396,40038.166666666664,-40737.833333333336,80776.0
Qwen3-32B,Qwen,15-1252.00||TX||55||Y||III,1,1,-14.796511843284854,-29.61450978358314,14.817997940298287,-19971.0,-39971.0,20000.0
Qwen3-32B,Qwen,15-1252.00||TX||55||Y||IV,2,2,36.814400706867,43.50514335591339,-6.690742649046392,57226.0,66610.5,-9384.5
Qwen3-32B,Qwen,15-1252.00||TX||92||Y||II,1,1,3.7970861327092926,-13.215199737874482,17.012285870583774,4024.0,-14923.0,18947.0
Qwen3-32B,Qwen,15-1252.00||UT||54||Y||III,2,2,-2.757969656698256,-8.423191992692667,5.665222335994411,-3554.5,-10688.0,7133.5
Qwen3-32B,Qwen,15-1252.00||VA||54||Y||I,2,2,30.64355508228079,33.07834667364371,-2.4347915913629166,31079.0,29603.0,1476.0
Qwen3-32B,Qwen,15-1252.00||VA||54||Y||II,1,1,2.410367653219875,-12.760726465223254,15.17109411844313,2589.0,-16090.0,18679.0
Qwen3-32B,Qwen,15-1252.00||VA||54||Y||III,1,1,-10.452513299460062,-27.035381206967458,16.582867907507396,-15758.0,-40758.0,25000.0
Qwen3-32B,Qwen,15-1252.00||VA||81||Y||III,2,2,-17.08566046246302,-7.591239958420182,-9.49442050404284,-25758.0,-10982.0,-14776.0
Qwen3-32B,Qwen,15-1252.00||WA||33||Y||III,2,2,-22.52780698356483,-24.789968489413358,2.2621615058485283,-40710.0,-42286.0,1576.0
Qwen3-32B,Qwen,15-1252.00||WA||33||Y||IV,6,6,-28.93403402190268,-35.610062837213874,6.676028815311195,-60249.333333333336,-74416.0,14166.666666666664
Qwen3-32B,Qwen,15-1252.00||WA||44||Y||III,1,1,-25.294671019866083,-25.294671019866083,0.0,-45710.0,-45710.0,0.0
Qwen3-32B,Qwen,15-1252.00||WA||45||Y||III,2,2,-22.52780698356483,-19.760942947263572,-2.766864036301257,-40710.0,-35710.0,-5000.0
Qwen3-32B,Qwen,15-1252.00||WA||45||Y||IV,3,3,-10.462672359355707,-6.5229218159190685,-3.939750543436639,-22202.0,-14963.333333333334,-7238.666666666666
Qwen3-32B,Qwen,15-1252.00||WA||51||Y||II,3,3,-9.541677834360762,-20.700869579071888,11.159191744711126,-14240.0,-30246.333333333332,16006.333333333332
Qwen3-32B,Qwen,15-1252.00||WA||51||Y||III,3,3,-26.216959031966507,-28.983823068267764,2.766864036301257,-47376.666666666664,-52376.666666666664,5000.0
Qwen3-32B,Qwen,15-1252.00||WA||51||Y||IV,11,11,-23.751022535600622,-34.88194353407688,11.13092099847626,-49773.27272727273,-74020.18181818182,24246.909090909096
Qwen3-32B,Qwen,15-1252.00||WA||52||Y||I,1,1,10.404334644030946,14.650655207262906,-4.24632056323196,12251.0,17251.0,-5000.0
Qwen3-32B,Qwen,15-1252.00||WA||52||Y||II,1,1,-9.541677834360762,-16.242294291074778,6.700616456714016,-14240.0,-24240.0,10000.0
Qwen3-32B,Qwen,15-1252.00||WA||52||Y||III,2,2,-23.911239001715458,-25.294671019866083,1.383432018150625,-43210.0,-45710.0,2500.0
Qwen3-32B,Qwen,15-1252.00||WA||52||Y||IV,1,1,-36.381372465858,-26.956390608948077,-9.424981856909923,-77202.0,-57202.0,-20000.0
Qwen3-32B,Qwen,15-1252.00||WA||54||Y||II,4,4,-8.944044004759736,-16.295626981740305,7.35158297698057,-13249.5,-23247.25,9997.75
Qwen3-32B,Qwen,15-1252.00||WA||54||Y||III,1,1,-28.06153505616734,-20.664949774810513,-7.396585281356828,-50710.0,-33862.0,-16848.0
Qwen3-32B,Qwen,15-1252.00||WA||54||Y||IV,4,4,-5.161120064843875,-18.697065713438395,13.53594564859452,-10952.0,-37666.0,26714.0
Qwen3-32B,Qwen,15-1252.00||WA||56||Y||III,2,2,-19.760942947263572,-25.294671019866083,5.533728072602511,-35710.0,-45710.0,10000.0
Qwen3-32B,Qwen,15-1252.00||WI||33||Y||IV,1,1,2.7608412687538535,2.3556974213946154,0.40514384735923814,3627.0,3107.0,520.0
Qwen3-32B,Qwen,15-1252.00||WI||54||Y||II,1,1,-3.153130192776243,17.23568450348139,-20.388814696257633,-3093.0,16907.0,-20000.0
Qwen3-32B,Qwen,15-1252||CA||54||Y||I,1,1,16.19403036081664,27.161749745676502,-10.967719384859862,23693.0,27768.0,-4075.0
Qwen3-32B,Qwen,15-1252||CA||54||Y||II,1,1,-28.092425202805995,-28.092425202805995,0.0,-52741.0,-52741.0,0.0
Qwen3-32B,Qwen,15-1252||CA||54||Y||III,1,1,-35.87986096985027,-31.45778241604684,-4.422078553803431,-81138.0,-71138.0,-10000.0
Qwen3-32B,Qwen,15-1253.00||CA||33||Y||IV,2,2,6.32671097076156,-36.58388584104689,42.91059681180845,10624.0,-73553.0,84177.0
Qwen3-32B,Qwen,15-1253.00||CA||54||Y||I,1,1,53.98993224442981,24.845361994801895,29.144570249627915,50838.0,21891.0,28947.0
Qwen3-32B,Qwen,15-1253.00||IL||54||Y||II,1,1,24.875124875124875,11.252383979656708,13.622740895468167,21912.0,9912.0,12000.0
Qwen3-32B,Qwen,15-1253.00||MI||33||Y||IV,2,2,-0.3413309415252759,-6.569997757679946,6.2286668161546705,-411.0,-7911.0,7500.0
Qwen3-32B,Qwen,15-1253.00||MN||54||Y||IV,1,1,8.101182707013765,11.304180713147506,-3.2029980061337415,10117.0,14117.0,-4000.0
Qwen3-32B,Qwen,15-1255.00||CA||51||Y||IV,1,1,-17.007115970508078,-27.71587520011994,10.70875922961186,-31763.0,-51763.0,20000.0
Qwen3-32B,Qwen,15-1295.00||OH||62||Y||I,1,1,57.024454852055655,70.67875527397354,-13.654300421917881,41763.0,51763.0,-10000.0
Qwen3-32B,Qwen,15-1299.00||CA||54||Y||IV,1,1,34.41293805176511,34.41293805176511,0.0,64006.0,64006.0,0.0
Qwen3-32B,Qwen,15-1299.00||MA||54||Y||II,1,1,49.169622435111215,49.169622435111215,0.0,44499.0,44499.0,0.0
Qwen3-32B,Qwen,15-1299.00||NC||33||Y||IV,1,1,10.089136688092617,-27.011931962427013,37.10106865051963,14205.0,-42560.0,56765.0
Qwen3-32B,Qwen,15-1299.00||NJ||54||Y||II,1,1,21.45920027037874,21.45920027037874,0.0,20318.0,20318.0,0.0
Qwen3-32B,Qwen,15-1299.00||TX||54||Y||IV,1,1,101.01849370142052,52.44958769316056,48.568906008259965,150760.0,75690.0,75070.0
Qwen3-32B,Qwen,15-1299.08||CA||33||Y||IV,1,1,-5.889523263213559,-32.94357823000849,27.054054966794933,-13142.0,-66323.0,53181.0
Qwen3-32B,Qwen,15-1299.08||CA||51||Y||III,1,1,-28.292873966452095,-20.01897480873503,-8.273899157717064,-51293.0,-36293.0,-15000.0
Qwen3-32B,Qwen,15-1299.08||CA||54||Y||II,3,3,20.342901081132,23.309787934699187,-2.966886853567189,24975.666666666668,22492.333333333332,2483.3333333333358
Qwen3-32B,Qwen,15-1299.08||CA||54||Y||IV,2,2,29.94372683604244,26.43573552756218,3.5079913084802605,55432.0,37738.5,17693.5
Qwen3-32B,Qwen,15-1299.08||NJ||54||Y||II,1,1,42.58253944783591,21.45920027037874,21.123339177457172,40318.0,20318.0,20000.0
Qwen3-32B,Qwen,15-1299.08||NY||52||Y||IV,1,1,32.09707247726043,38.38740926189188,-6.2903367846314495,51026.0,61026.0,-10000.0
Qwen3-32B,Qwen,15-1299.08||TN||44||Y||IV,1,1,43.846563665423545,22.535961640916355,21.31060202450719,41150.0,21150.0,20000.0
Qwen3-32B,Qwen,15-1299.08||TX||54||Y||III,1,1,20.684414725286512,-7.138515566961572,27.822930292248085,23138.0,-8456.0,31594.0
Qwen3-32B,Qwen,15-1299.09||CA||51||Y||III,2,2,-17.26100842282934,-25.53490758054641,8.273899157717068,-31293.0,-46293.0,15000.0
Qwen3-32B,Qwen,15-1299.09||CA||51||Y||IV,1,1,18.283385485553296,38.33110218652387,-20.047716700970575,34006.0,42950.0,-8944.0
Qwen3-32B,Qwen,15-1299.09||CA||52||Y||IV,1,1,-19.33387708275448,-8.599202124799724,-10.734674957954756,-43142.0,-15994.0,-27148.0
Qwen3-32B,Qwen,15-1299.09||CA||54||Y||III,2,2,14.690336092550115,-12.618894680775997,27.309230773326114,22095.0,-23349.0,45444.0
Qwen3-32B,Qwen,15-1299.09||CO||51||Y||III,1,1,1.60933555310651,-1.218024704083561,2.827360257190071,2059.0,-1418.0,3477.0
Qwen3-32B,Qwen,15-1299.09||GA||52||Y||II,1,1,56.168662155127535,18.201838971768424,37.96682318335911,48555.0,14629.0,33926.0
Qwen3-32B,Qwen,15-1299.09||GA||52||Y||IV,1,1,129.77589191342045,3.3991513610391997,126.37674055238125,169438.0,4438.0,165000.0
Qwen3-32B,Qwen,15-1299.09||GA||54||Y||III,1,1,5.977108944467995,5.977108944467995,0.0,6486.0,6486.0,0.0
Qwen3-32B,Qwen,15-1299.09||IL||33||Y||III,1,1,16.127833519137866,2.192493496841323,13.935340022296543,17360.0,2360.0,15000.0
Qwen3-32B,Qwen,15-1299.09||MA||54||Y||III,1,1,16.754737215356275,-0.5422608906224324,17.29699810597871,19373.0,-627.0,20000.0
Qwen3-32B,Qwen,15-1299.09||NJ||52||Y||IV,1,1,101.29077710820637,-2.499779838212538,103.7905569464189,161026.0,-3974.0,165000.0
Qwen3-32B,Qwen,15-1299.09||NJ||54||Y||III,2,2,41.93426293107156,-13.082809055756046,55.0170719868276,48749.0,-16534.5,65283.5
Qwen3-32B,Qwen,15-1299.09||NY||51||Y||IV,1,1,-8.790116622843987,-5.644948230528263,-3.1451683923157248,-13974.0,-8974.0,-5000.0
Qwen3-32B,Qwen,15-1299.09||NY||52||Y||IV,2,2,41.067520346482446,-11.935285015159712,53.00280536164216,63990.0,-18974.0,82964.0
Qwen3-32B,Qwen,15-1299.09||NY||54||Y||IV,1,1,-2.499779838212538,38.38740926189188,-40.88718910010442,-3974.0,61026.0,-65000.0
Qwen3-32B,Qwen,15-1299.09||TX||22||Y||IV,1,1,3.567729723938431,-9.541677834360762,13.109407558299193,4995.0,-14240.0,19235.0
Qwen3-32B,Qwen,15-1299.09||TX||54||Y||III,1,1,8.39385323472272,-17.268859323293036,25.662712558015755,10067.0,-20456.0,30523.0
Qwen3-32B,Qwen,15-1299.09||TX||54||Y||IV,1,1,24.731480839858637,-3.5748723259883577,28.306353165846996,35690.0,-5005.0,40695.0
Qwen3-32B,Qwen,15-1299.09||WA||51||Y||II,1,1,38.152643320575535,3.0927835051546393,35.05985981542089,37282.0,3450.0,33832.0
Qwen3-32B,Qwen,15-1299.09||WA||51||Y||IV,1,1,-7.1989654181435005,-19.173292460963694,11.974327042820192,-12024.0,-32024.0,20000.0
Qwen3-32B,Qwen,15-2021.00||NY||52||Y||IV,1,1,91.35826093612461,68.39526962378966,22.96299131233495,119355.0,89355.0,30000.0
Qwen3-32B,Qwen,15-2031.00||CA||51||Y||IV,5,5,3.874204314943701,9.50489373282974,-5.630689417886038,5683.8,9291.4,-3607.5999999999995
Qwen3-32B,Qwen,15-2031.00||CA||52||Y||IV,1,1,-3.7793786657964974,-9.21257036025797,5.433191694461473,-4517.0,-13699.0,9182.0
Qwen3-32B,Qwen,15-2031.00||CA||54||Y||II,2,2,26.5766857981638,27.57335866655078,-0.9966728683869803,26221.0,28007.5,-1786.5
Qwen3-32B,Qwen,15-2031.00||CA||54||Y||III,7,7,21.480285618186617,1.9539411529993875,19.52634446518723,26046.428571428572,1315.857142857143,24730.57142857143
Qwen3-32B,Qwen,15-2031.00||CA||54||Y||IV,3,3,34.243027259231184,0.2214231350582744,34.02160412417291,50591.333333333336,-983.3333333333334,51574.66666666667
Qwen3-32B,Qwen,15-2031.00||GA||44||Y||III,2,2,37.283042812572205,33.00927437394953,4.273768438622675,31217.5,27299.0,3918.5
Qwen3-32B,Qwen,15-2031.00||GA||44||Y||IV,1,1,7.405891980360066,17.635024549918167,-10.229132569558102,7240.0,17240.0,-10000.0
Qwen3-32B,Qwen,15-2031.00||IL||52||Y||IV,1,1,8.607332201671749,8.607332201671749,0.0,10699.0,10699.0,0.0
Qwen3-32B,Qwen,15-2031.00||IL||54||Y||II,2,2,39.69081765691935,19.319240081951946,20.371577574967404,34096.0,16596.0,17500.0
Qwen3-32B,Qwen,15-2031.00||IL||54||Y||III,1,1,9.417518220395426,4.660234819508668,4.757283400886758,9898.0,4898.0,5000.0
Qwen3-32B,Qwen,15-2031.00||MA||54||Y||II,2,2,52.481492058147566,22.58621897401172,29.895273084135844,42871.5,19346.0,23525.5
Qwen3-32B,Qwen,15-2031.00||MO||54||Y||IV,1,1,20.541548768572916,45.91871693037774,-25.377168161804825,16189.0,36189.0,-20000.0
Qwen3-32B,Qwen,15-2031.00||NC||52||Y||IV,2,2,-9.707287442746212,7.460566644240114,-17.167854086986324,-11826.0,7984.0,-19810.0
Qwen3-32B,Qwen,15-2031.00||NC||54||Y||IV,1,1,1.175130403501409,16.592655676541558,-15.417525273040148,1568.0,16366.0,-14798.0
Qwen3-32B,Qwen,15-2031.00||NJ||52||Y||II,1,1,69.82579160731895,36.95628355428947,32.86950805302948,63730.0,33730.0,30000.0
Qwen3-32B,Qwen,15-2031.00||NJ||54||Y||I,1,1,66.98369367930418,44.43625644804716,22.54743723125702,46131.0,30150.0,15981.0
Qwen3-32B,Qwen,15-2031.00||NJ||54||Y||III,1,1,-7.657695471869176,3.3288419730022403,-10.986537444871416,-9122.0,4027.0,-13149.0
Qwen3-32B,Qwen,15-2031.00||NJ||54||Y||IV,1,1,1.3397818049663481,-5.649168664341675,6.9889504693080235,1917.0,-8083.0,10000.0
Qwen3-32B,Qwen,15-2031.00||NY||54||Y||III,1,1,11.59514933084242,0.28778233190895613,11.307366998933464,14027.0,330.0,13697.0
Qwen3-32B,Qwen,15-2031.00||NY||54||Y||IV,1,1,42.84353871059899,-14.974084100833934,57.817622811432926,62986.0,-22014.0,85000.0
Qwen3-32B,Qwen,15-2031.00||PA||54||Y||IV,1,1,14.146564188417928,14.146564188417928,0.0,16731.0,16731.0,0.0
Qwen3-32B,Qwen,15-2031.00||TN||54||Y||II,1,1,18.97135535828681,30.1863962873903,-11.215040929103488,12438.0,19709.0,-7271.0
Qwen3-32B,Qwen,15-2031.00||TX||42||Y||IV,1,1,1.272348966101383,5.875637555469628,-4.603288589368245,1382.0,6382.0,-5000.0
Qwen3-32B,Qwen,15-2031.00||TX||52||Y||IV,1,1,1.969907547283824,1.969907547283824,0.0,2608.0,2608.0,0.0
Qwen3-32B,Qwen,15-2031.00||TX||54||Y||II,1,1,40.57648583233504,-4.697836080278058,45.2743219126131,33194.0,-4190.0,37384.0
Qwen3-32B,Qwen,15-2031.00||TX||54||Y||III,2,2,18.236875566554502,-1.3257817306571558,19.562657297211658,18100.5,-1777.5,19878.0
Qwen3-32B,Qwen,15-2031.00||TX||54||Y||IV,1,1,1.969907547283824,-16.21601035874781,18.185917906031634,2608.0,-21290.0,23898.0
Qwen3-32B,Qwen,15-2031.00||VA||44||Y||III,1,1,-0.1892411986872889,-21.748365099770833,21.559123901083545,-237.0,-27237.0,27000.0
Qwen3-32B,Qwen,15-2031.00||WA||45||Y||I,1,1,90.16762924355542,54.95140160585998,35.21622763769545,64010.0,39010.0,25000.0
Qwen3-32B,Qwen,15-2031.00||WA||51||Y||IV,2,2,31.932175389486726,3.251267696120047,28.68090769336668,41751.0,4251.0,37500.0
Qwen3-32B,Qwen,15-2031.00||WA||52||Y||III,1,1,22.14142097450063,-0.741729981411633,22.883150955912264,23566.0,-822.0,24388.0
Qwen3-32B,Qwen,15-2031.00||WA||54||Y||III,1,1,21.816967750085723,12.793488657486781,9.023479092598942,24178.0,14178.0,10000.0
Qwen3-32B,Qwen,15-2031||MA||54||Y||II,2,2,45.935974969061576,45.935974969061576,0.0,39346.0,39346.0,0.0
Qwen3-32B,Qwen,15-2041.00||CA||33||Y||IV,1,1,-30.89468349765042,-30.89468349765042,0.0,-60354.0,-60354.0,0.0
Qwen3-32B,Qwen,15-2041.00||CA||52||Y||IV,1,1,34.147159433898985,-27.053991268923877,61.20115070282286,45819.0,-48214.0,94033.0
Qwen3-32B,Qwen,15-2041.00||CA||54||Y||II,3,3,39.36765718686279,16.484720814014917,22.882936372847876,39159.0,16746.333333333332,22412.666666666668
Qwen3-32B,Qwen,15-2041.00||CA||54||Y||III,3,3,12.962283794180271,-17.91134646591998,30.87363026010025,17660.0,-27931.333333333332,45591.33333333333
Qwen3-32B,Qwen,15-2041.00||FL||52||Y||II,2,2,4.707409155261916,-8.835542814176723,13.54295196943864,4788.0,-8787.0,13575.0
Qwen3-32B,Qwen,15-2041.00||IL||52||Y||IV,1,1,-2.179583792243928,-0.8344596579890697,-1.345124134254858,-3008.0,-1136.0,-1872.0
Qwen3-32B,Qwen,15-2041.00||NC||54||Y||III,1,1,-15.654666104364441,-18.320963102382898,2.6662969980184563,-18189.0,-25795.0,7606.0
Qwen3-32B,Qwen,15-2041.00||NJ||54||Y||II,1,1,-15.90315584473067,-0.741729981411633,-15.161425863319037,-17965.0,-822.0,-17143.0
Qwen3-32B,Qwen,15-2041.00||NJ||54||Y||III,1,1,-13.418714025475678,-32.12027179597293,18.701557770497253,-19373.0,-46373.0,27000.0
Qwen3-32B,Qwen,15-2041.00||NJ||54||Y||IV,1,1,25.155733554821055,-23.199890773177987,48.35562432799904,44219.0,-40781.0,85000.0
Qwen3-32B,Qwen,15-2041.00||NY||52||Y||II,1,1,19.5060416943301,10.65374230956491,8.85229938476519,22035.0,12035.0,10000.0
Qwen3-32B,Qwen,15-2041.00||NY||52||Y||III,4,4,-6.492211147513732,3.4980543227045855,-9.990265470218318,-9373.0,5178.0,-14551.0
Qwen3-32B,Qwen,15-2041.00||NY||52||Y||IV,1,1,25.93088683964991,25.155733554821055,0.7751532848288569,45301.0,44219.0,1082.0
Qwen3-32B,Qwen,15-2041.00||NY||54||Y||II,1,1,1.8014429247997168,10.65374230956491,-8.852299384765193,2035.0,12035.0,-10000.0
Qwen3-32B,Qwen,15-2041.00||NY||54||Y||III,1,1,-6.492211147513732,-23.808468342418596,17.316257194904864,-9373.0,-34373.0,25000.0
Qwen3-32B,Qwen,15-2041.00||TX||54||Y||I,1,1,62.82305574469345,24.926030639752778,37.89702510494067,42442.0,18955.0,23487.0
Qwen3-32B,Qwen,15-2041.00||TX||54||Y||IV,2,2,-10.027130737173465,-5.05484026151215,-4.972290475661315,-13979.5,-7978.5,-6001.0
Qwen3-32B,Qwen,15-2041.00||WA||51||Y||IV,1,1,21.36682535705337,21.36682535705337,0.0,27288.0,27288.0,0.0
Qwen3-32B,Qwen,15-2041.01||CA||54||Y||III,1,1,10.792631932580896,-4.6777240506767885,15.470355983257685,15099.0,-5398.0,20497.0
Qwen3-32B,Qwen,15-2051.00||CA||33||Y||I,1,1,73.87608431058132,9.284309201738834,64.59177510884248,76478.0,11469.0,65009.0
Qwen3-32B,Qwen,15-2051.00||CA||33||Y||II,1,1,0.7823698041089345,-22.54910960161557,23.331479405724505,1048.0,-39304.0,40352.0
Qwen3-32B,Qwen,15-2051.00||CA||33||Y||IV,1,1,-14.991688076167447,13.344415898443403,-28.33610397461085,-23808.0,21192.0,-45000.0
Qwen3-32B,Qwen,15-2051.00||CA||45||Y||I,1,1,36.66056249487523,23.624148485391036,13.036414009484194,26826.0,27709.0,-883.0
Qwen3-32B,Qwen,15-2051.00||CA||45||Y||II,1,1,-22.54910960161557,-9.21257036025797,-13.336539241357599,-39304.0,-13699.0,-25605.0
Qwen3-32B,Qwen,15-2051.00||CA||45||Y||III,2,2,-13.352416524462644,-14.84340310091665,1.4909865764540058,-21522.5,-24403.0,2880.5
Qwen3-32B,Qwen,15-2051.00||CA||51||Y||I,1,1,32.149951829211105,108.89425308699285,-76.74430125778174,37709.0,70374.0,-32665.0
Qwen3-32B,Qwen,15-2051.00||CA||51||Y||II,1,1,0.7823698041089345,0.7823698041089345,0.0,1048.0,1048.0,0.0
Qwen3-32B,Qwen,15-2051.00||CA||51||Y||IV,1,1,7.784062329983473,-20.445096851678866,28.22915918166234,15166.0,-39834.0,55000.0
Qwen3-32B,Qwen,15-2051.00||CA||52||Y||II,1,1,5.141824639013069,-6.682990922121357,11.824815561134425,6602.0,-8952.0,15554.0
Qwen3-32B,Qwen,15-2051.00||CA||52||Y||III,3,3,-12.25785243720941,-15.857172111620022,3.599319674410612,-19692.0,-26069.666666666668,6377.666666666668
Qwen3-32B,Qwen,15-2051.00||CA||52||Y||IV,2,2,-10.179948058347104,-9.847804225499347,-0.3321438328477573,-19834.0,-16346.5,-3487.5
Qwen3-32B,Qwen,15-2051.00||CA||54||Y||I,1,1,64.21630184888237,44.17909665242352,20.03720519645885,66478.0,33706.0,32772.0
Qwen3-32B,Qwen,15-2051.00||CA||54||Y||II,3,3,0.7823698041089345,25.566404712725433,-24.784034908616498,1048.0,31979.333333333332,-30931.333333333332
Qwen3-32B,Qwen,15-2051.00||CA||54||Y||IV,1,1,-2.5763832582228674,-30.733968062062363,28.157584803839494,-4099.0,-48808.0,44709.0
Qwen3-32B,Qwen,15-2051.00||CA||56||Y||III,1,1,-5.719482004586291,-4.045444077684809,-1.674037926901482,-9403.0,-5270.0,-4133.0
Qwen3-32B,Qwen,15-2051.00||CA||61||Y||I,1,1,85.28176552935686,60.40129487590772,24.880470653449137,62138.0,41422.0,20716.0
Qwen3-32B,Qwen,15-2051.00||CO||33||Y||IV,1,1,-0.009628702421248324,-36.89259119020573,36.88296248778448,-13.0,-67229.0,67216.0
Qwen3-32B,Qwen,15-2051.00||CT||52||Y||IV,1,1,-7.240720636534788,-34.577684732707176,27.336964096172387,-10538.0,-60781.0,50243.0
Qwen3-32B,Qwen,15-2051.00||DC||54||Y||II,1,1,7.815316675148138,-0.8099086588637128,8.625225334011851,9061.0,-939.0,10000.0
Qwen3-32B,Qwen,15-2051.00||DE||52||Y||I,1,1,48.7612247105918,82.57059396299903,-33.80936925240723,36056.0,61056.0,-25000.0
Qwen3-32B,Qwen,15-2051.00||GA||52||Y||II,1,1,17.053653138102028,26.431979594977904,-9.378326456875875,16026.0,24042.0,-8016.0
Qwen3-32B,Qwen,15-2051.00||GA||52||Y||IV,1,1,14.363291596880465,-0.3932621575557244,14.75655375443619,19467.0,-533.0,20000.0
Qwen3-32B,Qwen,15-2051.00||GA||54||Y||III,1,1,0.21437161231852483,-4.142774979521411,4.3571465918399355,246.0,-4754.0,5000.0
Qwen3-32B,Qwen,15-2051.00||IL||51||Y||III,1,1,4.551765670218638,-18.338576856293088,22.890342526511727,5442.0,-21334.0,26776.0
Qwen3-32B,Qwen,15-2051.00||IL||52||Y||II,1,1,17.053653138102028,18.644767249917464,-1.5911141118154362,16026.0,18072.0,-2046.0
Qwen3-32B,Qwen,15-2051.00||IL||52||Y||IV,1,1,-5.06996695028479,8.99374164967302,-14.06370859995781,-7210.0,12790.0,-20000.0
Qwen3-32B,Qwen,15-2051.00||IL||54||Y||I,1,1,81.57946196608654,54.82585457140164,26.7536073946849,58406.0,40723.0,17683.0
Qwen3-32B,Qwen,15-2051.00||IL||54||Y||II,2,2,21.224001320567844,16.065533179267085,5.158468141300759,20572.0,15572.0,5000.0
Qwen3-32B,Qwen,15-2051.00||IL||54||Y||IV,2,2,-5.06996695028479,-5.06996695028479,0.0,-7210.0,-7210.0,0.0
Qwen3-32B,Qwen,15-2051.00||IL||55||Y||III,1,1,-7.994446210207598,-12.176516837016344,4.182070626808746,-9558.0,-14558.0,5000.0
Qwen3-32B,Qwen,15-2051.00||IL||61||Y||I,1,1,107.89060334472882,61.692691490344636,46.19791185438418,70062.0,40062.0,30000.0
Qwen3-32B,Qwen,15-2051.00||IL||81||Y||III,1,1,4.551765670218638,-3.8123755833988526,8.364141253617492,5442.0,-4558.0,10000.0
Qwen3-32B,Qwen,15-2051.00||IN||33||Y||III,1,1,14.567818941185047,14.567818941185047,0.0,13987.0,13987.0,0.0
Qwen3-32B,Qwen,15-2051.00||MA||32||Y||IV,2,2,-10.384850713521999,26.476633180014847,-36.86148389353684,-16803.0,39717.5,-56520.5
Qwen3-32B,Qwen,15-2051.00||MA||44||Y||III,1,1,-16.634045206095138,-2.135618285416032,-14.498426920679105,-22946.0,-2946.0,-20000.0
Qwen3-32B,Qwen,15-2051.00||MA||51||Y||III,1,1,-16.634045206095138,-9.384831745755585,-7.249213460339552,-22946.0,-12946.0,-10000.0
Qwen3-32B,Qwen,15-2051.00||MA||52||Y||II,1,1,18.329710398990255,0.7993829324731786,17.530327466517075,20912.0,912.0,20000.0
Qwen3-32B,Qwen,15-2051.00||MA||52||Y||IV,2,2,35.967812710518345,-10.384850713521999,46.352663424040344,58197.0,-16803.0,75000.0
Qwen3-32B,Qwen,15-2051.00||MA||61||Y||I,1,1,48.01259452622514,81.65182055491267,-33.63922602868753,35682.0,60682.0,-25000.0
Qwen3-32B,Qwen,15-2051.00||MA||62||Y||I,1,1,81.65182055491267,34.556904114750125,47.09491644016255,60682.0,25682.0,35000.0
Qwen3-32B,Qwen,15-2051.00||MA||62||Y||II,1,1,56.20660927520133,33.06488938257891,23.14171989262242,48576.0,28576.0,20000.0
Qwen3-32B,Qwen,15-2051.00||MI||54||Y||II,1,1,7.511921174789087,32.27831357175497,-24.766392396965884,5939.0,26842.0,-20903.0
Qwen3-32B,Qwen,15-2051.00||NC||51||Y||III,1,1,-26.84091364147427,-26.84091364147427,0.0,-34854.0,-34854.0,0.0
Qwen3-32B,Qwen,15-2051.00||NC||52||Y||IV,1,1,-15.563580623790285,-12.316026032397605,-3.2475545913926798,-23962.0,-18962.0,-5000.0
Qwen3-32B,Qwen,15-2051.00||NC||54||Y||II,7,7,19.95088866223775,12.176271448078461,7.77461721415929,17895.0,10213.285714285714,7681.714285714286
Qwen3-32B,Qwen,15-2051.00||NC||54||Y||III,1,1,-15.530026852559885,-12.862554016324934,-2.6674728362349516,-17466.0,-14466.0,-3000.0
Qwen3-32B,Qwen,15-2051.00||NC||54||Y||IV,1,1,30.72275156867302,-12.316026032397605,43.03877760107062,42304.0,-18962.0,61266.0
Qwen3-32B,Qwen,15-2051.00||NJ||52||Y||II,1,1,5.031463773278169,5.031463773278169,0.0,5509.0,5509.0,0.0
Qwen3-32B,Qwen,15-2051.00||NJ||52||Y||IV,1,1,-20.3732430503536,-26.271521342920003,5.898278292566403,-34541.0,-44541.0,10000.0
Qwen3-32B,Qwen,15-2051.00||NJ||54||Y||II,6,6,1.748416519064105,-5.623902116764544,7.372318635828649,1905.3333333333333,-6157.666666666667,8063.0
Qwen3-32B,Qwen,15-2051.00||NJ||54||Y||IV,3,3,-13.881018518121508,-12.69312603879012,-1.1878924793313868,-22903.0,-19627.0,-3276.0
Qwen3-32B,Qwen,15-2051.00||NV||52||Y||I,1,1,57.820416978154334,82.73943018523133,-24.919013207076993,34805.0,49805.0,-15000.0
Qwen3-32B,Qwen,15-2051.00||NY||51||Y||II,1,1,11.641033885286605,0.4648783918312921,11.176155493455314,13034.0,509.0,12525.0
Qwen3-32B,Qwen,15-2051.00||NY||51||Y||III,2,2,-15.77423193267673,-16.302309887820694,0.5280779551439636,-22006.0,-22838.0,832.0
Qwen3-32B,Qwen,15-2051.00||NY||52||Y||II,3,3,8.075854027576087,23.297805299065672,-15.221951271489585,8842.333333333334,25509.0,-16666.666666666664
Qwen3-32B,Qwen,15-2051.00||NY||52||Y||III,4,4,40.67495304861439,-7.710062649635142,48.38501569824953,56744.0,-10756.0,67500.0
Qwen3-32B,Qwen,15-2051.00||NY||52||Y||IV,4,4,-6.364832105508402,-3.6281200198697148,-2.736712085638687,-10791.0,-6207.0,-4584.0
Qwen3-32B,Qwen,15-2051.00||NY||54||Y||II,6,6,13.257074961103283,21.151481014997515,-7.894406053894231,13220.833333333334,17915.333333333332,-4694.499999999998
Qwen3-32B,Qwen,15-2051.00||NY||54||Y||IV,2,2,4.377599331414325,-8.576686465220803,12.954285796635128,7543.0,-14541.0,22084.0
Qwen3-32B,Qwen,15-2051.00||NY||62||Y||II,1,1,5.031463773278169,5.031463773278169,0.0,5509.0,5509.0,0.0
Qwen3-32B,Qwen,15-2051.00||OH||42||Y||III,2,2,1.981351981351981,7.663697758637565,-5.682345777285584,2040.0,7830.0,-5790.0
Qwen3-32B,Qwen,15-2051.00||OH||52||Y||IV,1,1,13.687082621034637,-8.066927276942385,21.75400989797702,16253.0,-10091.0,26344.0
Qwen3-32B,Qwen,15-2051.00||PA||48||Y||III,1,1,-6.8443962670008975,-6.8443962670008975,0.0,-8082.0,-8082.0,0.0
Qwen3-32B,Qwen,15-2051.00||PA||54||Y||I,1,1,82.57059396299903,48.7612247105918,33.80936925240723,61056.0,36056.0,25000.0
Qwen3-32B,Qwen,15-2051.00||PA||54||Y||II,2,2,24.837232734907055,6.756376740649704,18.08085599425735,20528.5,6487.0,14041.5
Qwen3-32B,Qwen,15-2051.00||PA||61||Y||I,1,1,113.76241279465205,104.04593948580423,9.716473308847824,58541.0,53541.0,5000.0
Qwen3-32B,Qwen,15-2051.00||TX||33||Y||IV,2,2,-14.728438113886646,-3.8969701200777687,-10.831467993808879,-21442.5,-5909.5,-15533.0
Qwen3-32B,Qwen,15-2051.00||TX||42||Y||III,2,2,-21.904691229495008,6.495006373934524,-28.39969760342953,-26711.5,7709.0,-34420.5
Qwen3-32B,Qwen,15-2051.00||TX||42||Y||IV,2,2,-9.238206009103072,-14.24065136057028,5.002445351467207,-13741.0,-19925.5,6184.5
Qwen3-32B,Qwen,15-2051.00||TX||45||Y||II,2,2,12.119913493257854,14.542766103671616,-2.422852610413761,12161.0,13966.0,-1805.0
Qwen3-32B,Qwen,15-2051.00||TX||51||Y||II,1,1,14.611467126441363,23.77036829756549,-9.158901171124127,14661.0,22086.0,-7425.0
Qwen3-32B,Qwen,15-2051.00||TX||52||Y||II,3,3,17.613831695492276,19.749255472020327,-2.13542377652805,17355.0,18966.0,-1611.0
Qwen3-32B,Qwen,15-2051.00||TX||52||Y||III,3,3,-11.6852968635664,8.726071776034294,-20.411368639600695,-13893.0,10383.333333333334,-24276.333333333336
Qwen3-32B,Qwen,15-2051.00||TX||52||Y||IV,5,5,-3.366649503078866,-6.652413953710635,3.285764450631769,-4773.0,-9361.8,4588.799999999999
Qwen3-32B,Qwen,15-2051.00||TX||54||Y||I,2,2,77.69383518575239,36.79015704331266,40.90367814243973,55438.5,25372.0,30066.5
Qwen3-32B,Qwen,15-2051.00||TX||54||Y||II,8,8,8.469619555243174,6.661107724993344,1.80851183024983,7803.0,6212.0,1591.0
Qwen3-32B,Qwen,15-2051.00||TX||54||Y||III,1,1,-14.582171950583538,-14.582171950583538,0.0,-16218.0,-16218.0,0.0
Qwen3-32B,Qwen,15-2051.00||TX||54||Y||IV,3,3,-11.572939552630416,-14.21806185663245,2.645122304002035,-16197.333333333334,-20762.333333333332,4564.999999999998
Qwen3-32B,Qwen,15-2051.00||VA||52||Y||II,1,1,-0.8099086588637128,3.8477862361047146,-4.657694894968428,-939.0,4261.0,-5200.0
Qwen3-32B,Qwen,15-2051.00||VA||52||Y||IV,1,1,-10.118044967609206,-7.106641575471359,-3.011403392137847,-15197.0,-11858.0,-3339.0
Qwen3-32B,Qwen,15-2051.00||WA||51||Y||I,1,1,14.443854885192005,40.45382190455383,-26.009967019361824,13883.0,38883.0,-25000.0
Qwen3-32B,Qwen,15-2051.00||WA||51||Y||III,1,1,-11.21832943510366,-23.834502308145733,12.616172873042073,-18322.0,-35987.0,17665.0
Qwen3-32B,Qwen,15-2051.00||WA||51||Y||IV,1,1,-31.442152411712726,-26.462978194911237,-4.979174216801489,-61914.0,-48581.0,-13333.0
Qwen3-32B,Qwen,15-2051.00||WA||52||Y||III,1,1,-17.341203267165476,-25.483342139847444,8.142138872681969,-28322.0,-37618.0,9296.0
Qwen3-32B,Qwen,15-2051.00||WA||54||Y||II,1,1,5.561842349722161,-3.6304342798109617,9.192276629533122,6586.0,-4709.0,11295.0
Qwen3-32B,Qwen,15-2051.00||WA||54||Y||III,1,1,-20.402640183196386,-17.341203267165476,-3.0614369160309103,-33322.0,-28322.0,-5000.0
Qwen3-32B,Qwen,15-2051.00||WI||54||Y||II,1,1,1.0240649956931847,1.0240649956931847,0.0,963.0,963.0,0.0
Qwen3-32B,Qwen,15-2051.01||AR||45||Y||III,1,1,9.764664559185107,-3.159636936675206,12.924301495860313,11120.0,-3589.0,14709.0
Qwen3-32B,Qwen,15-2051.01||AR||45||Y||IV,1,1,35.725111407695614,1.7938335557717104,33.9312778519239,47379.0,2379.0,45000.0
Qwen3-32B,Qwen,15-2051.01||CA||51||Y||III,1,1,-14.902736980118759,-30.049938261467247,15.147201281348488,-23642.0,-49403.0,25761.0
Qwen3-32B,Qwen,15-2051.01||CA||51||Y||IV,3,3,-38.09780982702237,-26.561094259270973,-11.536715567751394,-88506.0,-51184.333333333336,-37321.666666666664
Qwen3-32B,Qwen,15-2051.01||CA||52||Y||II,1,1,0.7823698041089345,0.7823698041089345,0.0,1048.0,1048.0,0.0
Qwen3-32B,Qwen,15-2051.01||CA||54||Y||I,1,1,98.15781561756909,20.747280771237033,77.41053484633206,71826.0,21478.0,50348.0
Qwen3-32B,Qwen,15-2051.01||CA||54||Y||IV,3,3,-19.676779258901387,-2.2949376694168517,-17.381841589484537,-36158.666666666664,-1158.6666666666667,-35000.0
Qwen3-32B,Qwen,15-2051.01||CT||54||Y||IV,1,1,11.5557346844772,-6.437125748502994,17.992860432980194,16056.0,-8944.0,25000.0
Qwen3-32B,Qwen,15-2051.01||MA||61||Y||II,1,1,0.7993829324731786,21.494029436267702,-20.694646503794523,912.0,18576.0,-17664.0
Qwen3-32B,Qwen,15-2051.01||NC||52||Y||IV,1,1,-6.748943830429036,-18.81113521518297,12.062191384753932,-8323.0,-28962.0,20639.0
Qwen3-32B,Qwen,15-2051.01||NC||54||Y||II,1,1,-10.162936064380077,-19.619469110234807,9.45653304585473,-10747.0,-20747.0,10000.0
Qwen3-32B,Qwen,15-2051.01||NJ||54||Y||II,1,1,5.031463773278169,14.164634536171922,-9.133170762893753,5509.0,15509.0,-10000.0
Qwen3-32B,Qwen,15-2051.01||NY||52||Y||II,1,1,23.297805299065676,5.031463773278169,18.266341525787507,25509.0,5509.0,20000.0
Qwen3-32B,Qwen,15-2051.01||NY||54||Y||II,2,2,23.297805299065676,0.8456025511183105,22.452202747947364,25509.0,771.5,24737.5
Qwen3-32B,Qwen,15-2051.01||TX||22||Y||IV,1,1,3.490853549736277,4.207985693252029,-0.717132143515752,4891.0,6259.0,-1368.0
Qwen3-32B,Qwen,15-2051.01||TX||33||Y||II,1,1,2.0471916196347126,14.611467126441363,-12.56427550680665,1966.0,14661.0,-12695.0
Qwen3-32B,Qwen,15-2051.01||TX||33||Y||III,1,1,-21.304103428892635,-11.667871195695817,-9.636232233196818,-26530.0,-14530.0,-12000.0
Qwen3-32B,Qwen,15-2051.01||TX||51||Y||III,1,1,-11.667871195695817,-0.916735594154949,-10.751135601540868,-14530.0,-1064.0,-13466.0
Qwen3-32B,Qwen,15-2051.01||TX||51||Y||IV,1,1,2.2761738836026604,-13.58451434497062,15.86068822857328,3227.0,-18078.0,21305.0
Qwen3-32B,Qwen,15-2051.01||TX||54||Y||I,1,1,84.5421986494245,29.863028679224648,54.67916997019986,61846.0,21846.0,40000.0
Qwen3-32B,Qwen,15-2051.01||TX||55||Y||III,1,1,30.369323677592458,-3.2743727553346287,33.64369643292709,36107.0,-3893.0,40000.0
Qwen3-32B,Qwen,15-2051.02||NY||54||Y||II,1,1,61.766228388031884,57.39468864468864,4.3715397433432415,47728.0,40112.0,7616.0
Qwen3-32B,Qwen,15-2051.02||NY||62||Y||III,1,1,21.45920027037874,-10.398119077315672,31.857319347694414,20318.0,-14506.0,34824.0
Qwen3-32B,Qwen,17-2011.00||TX||54||Y||I,1,1,56.760146165322496,18.79797113725814,37.96217502806435,52502.0,18197.0,34305.0
Qwen3-32B,Qwen,17-2031.00||CA||33||Y||III,2,2,4.099002315161812,-10.122500072443597,14.221502387605408,4922.0,-14909.0,19831.0
Qwen3-32B,Qwen,17-2031.00||CA||54||Y||III,1,1,4.483419562178443,9.561025491198597,-5.077605929020154,6222.0,11781.0,-5559.0
Qwen3-32B,Qwen,17-2041.00||PA||32||Y||III,1,1,-5.473495590133077,-21.103553662040845,15.630058071907769,-6659.0,-25411.0,18752.0
Qwen3-32B,Qwen,17-2051.00||AZ||54||Y||II,1,1,25.16987339961376,16.825215172972843,8.344658226640917,21114.0,14114.0,7000.0
Qwen3-32B,Qwen,17-2061.00||CA||33||Y||IV,1,1,39.37889280892025,-41.19952959623677,80.57842240515703,90410.0,-94590.0,185000.0
Qwen3-32B,Qwen,17-2061.00||MA||54||Y||II,1,1,-8.906882591093117,-8.906882591093117,0.0,-13200.0,-13200.0,0.0
Qwen3-32B,Qwen,17-2061.00||TX||54||Y||II,1,1,-2.7142718163245454,-2.951948556093774,0.23767673976922854,-3069.0,-3498.0,429.0
Qwen3-32B,Qwen,17-2071.00||CA||33||Y||II,1,1,12.539613944108327,-14.214954944202423,26.75456888831075,13928.0,-19056.0,32984.0
Qwen3-32B,Qwen,17-2071.00||CA||33||Y||IV,1,1,-22.791435706564858,-7.764334694604532,-15.027101011960326,-42803.0,-12206.0,-30597.0
Qwen3-32B,Qwen,17-2071.00||CA||54||Y||II,1,1,-15.566952279692288,3.53644482857966,-19.10339710827195,-24890.0,3928.0,-28818.0
Qwen3-32B,Qwen,17-2071.00||IL||33||Y||IV,2,2,1.4424218888615492,-5.545976753617149,6.988398642478698,1234.5,-7985.0,9219.5
Qwen3-32B,Qwen,17-2071.00||IL||54||Y||III,1,1,5.487012439028507,-0.5580923389142567,6.045104777942764,6502.0,-550.0,7052.0
Qwen3-32B,Qwen,17-2071.00||IN||32||Y||III,1,1,20.95365235232455,11.994122548448658,8.959529803875892,23387.0,13387.0,10000.0
Qwen3-32B,Qwen,17-2071.00||MI||33||Y||II,1,1,-0.9694568956530804,14.66694464713854,-15.636401542791619,-930.0,14070.0,-15000.0
Qwen3-32B,Qwen,17-2071.00||MI||54||Y||I,1,1,19.70342864820628,43.382582133283464,-23.679153485077183,16131.0,34795.0,-18664.0
Qwen3-32B,Qwen,17-2072.00||CA||33||Y||III,6,6,-22.517748132246272,-20.896239003830512,-1.6215091284157594,-41727.666666666664,-33991.0,-7736.666666666664
Qwen3-32B,Qwen,17-2072.00||CA||33||Y||IV,5,5,4.392971880690895,-33.82417592588308,38.217147806573976,4883.2,-73091.0,77974.2
Qwen3-32B,Qwen,17-2072.00||CA||54||Y||III,1,1,-22.240336350765798,-32.965807198936034,10.725470848170236,-41472.0,-61472.0,20000.0
Qwen3-32B,Qwen,17-2072.00||ID||33||Y||III,1,1,10.246184523353017,10.246184523353017,0.0,10688.0,10688.0,0.0
Qwen3-32B,Qwen,17-2072.00||TX||33||Y||IV,1,1,-3.833625968643558,-31.752895848714783,27.919269880071226,-6179.0,-51179.0,45000.0
Qwen3-32B,Qwen,17-2074.00||TN||54||Y||II,1,1,39.54581509445048,43.952525044801554,-4.406709950351072,26922.0,29922.0,-3000.0
Qwen3-32B,Qwen,17-2112.00||AR||45||Y||III,3,3,4.062980725726178,-5.072292239782191,9.135272965508369,4490.0,-5498.333333333333,9988.333333333332
Qwen3-32B,Qwen,17-2112.00||AR||45||Y||IV,1,1,43.06265349430531,7.296990120728983,35.765663373576324,54181.0,9181.0,45000.0
Qwen3-32B,Qwen,17-2112.00||CA||33||Y||III,2,2,-12.193106297992493,-9.520075031801428,-2.6730312661910656,-17705.0,-13749.0,-3956.0
Qwen3-32B,Qwen,17-2112.00||CA||33||Y||IV,2,2,-5.2991775122684,-19.9235962004645,14.624418688196101,-10511.0,-33605.0,23094.0
Qwen3-32B,Qwen,17-2112.00||CA||54||Y||III,1,1,-0.14117971144244343,-7.027994903756758,6.886815192314314,-205.0,-10205.0,10000.0
Qwen3-32B,Qwen,17-2112.00||IN||33||Y||III,1,1,25.724171226263277,-14.187643020594965,39.91181424685824,25576.0,-12896.0,38472.0
Qwen3-32B,Qwen,17-2112.00||OH||32||Y||IV,1,1,12.154191243665364,-1.358677005420984,13.512868249086349,14630.0,-1584.0,16214.0
Qwen3-32B,Qwen,17-2112.00||TX||33||Y||IV,1,1,-21.42071349992142,9.11197899030032,-30.53269249022174,-31349.0,12109.0,-43458.0
Qwen3-32B,Qwen,17-2112.02||CA||33||Y||IV,1,1,-20.260074832852847,2.0070771806650862,-22.267152013517933,-33030.0,2853.0,-35883.0
Qwen3-32B,Qwen,17-2112.02||IN||33||Y||IV,1,1,-15.304902351534476,9.605420486249502,-24.91032283778398,-15360.0,9640.0,-25000.0
Qwen3-32B,Qwen,17-2141.00||CA||33||Y||III,1,1,11.88370724592039,-29.051940429429255,40.93564767534964,14339.0,-45043.0,59382.0
Qwen3-32B,Qwen,17-2141.00||CA||54||Y||IV,4,4,-5.938792429055606,-25.564716767552266,19.62592433849666,-11240.5,-44812.5,33572.0
Qwen3-32B,Qwen,17-2141.00||NY||33||Y||IV,1,1,14.644970414201184,38.01505791873293,-23.370087504531746,19800.0,39939.0,-20139.0
Qwen3-32B,Qwen,17-2141.00||TN||33||Y||IV,1,1,14.813491860999132,14.066932492213692,0.7465593687854408,17418.0,14182.0,3236.0
Qwen3-32B,Qwen,17-2141.02||CA||33||Y||IV,1,1,-22.926288986452153,-22.926288986452153,0.0,-40157.0,-40157.0,0.0
Qwen3-32B,Qwen,17-2141.02||MI||33||Y||II,1,1,4.653894619935499,-9.228764870464108,13.882659490399607,4358.0,-8642.0,13000.0
Qwen3-32B,Qwen,17-2141.02||MI||33||Y||III,1,1,14.142742347870554,-10.512089999269486,24.65483234714004,15488.0,-11512.0,27000.0
Qwen3-32B,Qwen,17-2199.05||CA||33||Y||II,1,1,1.2069870305120325,4.280119574537112,-3.0731325440250794,1610.0,5541.0,-3931.0
Qwen3-32B,Qwen,17-2199.05||CA||51||Y||IV,1,1,17.169608333954688,-28.100467613255077,45.27007594720976,32238.0,-52762.0,85000.0
Qwen3-32B,Qwen,17-2199.05||CA||54||Y||III,1,1,-8.58713537299601,-18.951046432044954,10.363911059048945,-13621.0,-31566.0,17945.0
Qwen3-32B,Qwen,17-2199.08||CA||33||Y||IV,1,1,0.03937033284066633,-27.41398557290389,27.453355905744555,61.0,-54763.0,54824.0
Qwen3-32B,Qwen,17-2199.08||CA||54||Y||III,1,1,-30.958298812482738,-27.50014184754856,-3.4581569649341795,-51566.0,-43621.0,-7945.0
Qwen3-32B,Qwen,19-1013.00||NC||32||Y||III,1,1,50.52750071991414,28.27560930914422,22.251891410769918,38602.0,21602.0,17000.0
Qwen3-32B,Qwen,19-1029.00||TX||61||Y||II,1,1,77.43353956767932,61.26890166391561,16.164637903763712,50187.0,32293.0,17894.0
Qwen3-32B,Qwen,19-1029.01||CA||62||Y||II,1,1,46.50383254025925,19.94775608845925,26.556076451800003,39678.0,22451.0,17227.0
Qwen3-32B,Qwen,19-1029.01||MA||32||Y||III,1,1,27.79383769301276,18.98046957625326,8.813368116759502,31536.0,21536.0,10000.0
Qwen3-32B,Qwen,19-1029.01||MA||62||Y||III,1,1,29.360285267550815,29.360285267550815,0.0,26101.0,26101.0,0.0
Qwen3-32B,Qwen,19-1029.01||NC||54||Y||III,2,2,3.4261265282571065,2.4375904354106175,0.988536092846489,3147.0,3119.0,28.0
Qwen3-32B,Qwen,19-1029.01||NJ||32||Y||IV,1,1,12.640801001251564,-16.947120592780898,29.587921594032462,15150.0,-23466.0,38616.0
Qwen3-32B,Qwen,19-1029.01||TX||61||Y||I,1,1,90.91918911413497,114.73563657186486,-23.816447457729893,52384.0,48088.0,4296.0
Qwen3-32B,Qwen,19-1042.00||MA||62||Y||I,1,1,93.68445215994032,103.06416827717558,-9.379716117235262,65299.0,73594.0,-8295.0
Qwen3-32B,Qwen,19-1042.00||NY||54||Y||I,1,1,59.69824636116139,90.11695995376355,-30.418713592602167,39251.0,59251.0,-20000.0
Qwen3-32B,Qwen,19-3011.00||CA||51||Y||III,1,1,-23.199700812747515,-11.509872420320411,-11.689828392427104,-34739.0,-14958.0,-19781.0
Qwen3-32B,Qwen,25-1021.00||NV||61||Y||II,1,1,-8.43422525180588,-8.43422525180588,0.0,-8290.0,-8290.0,0.0
Qwen3-32B,Qwen,25-1021.00||NY||61||Y||I,2,2,106.89655172413794,91.57088122605364,15.325670498084293,69750.0,59750.0,10000.0
Qwen3-32B,Qwen,25-1021.00||VA||61||Y||I,1,1,92.20688450113576,98.77123238164077,-6.564347880505011,52770.0,54660.0,-1890.0
Qwen3-32B,Qwen,25-1022.00||FL||61||Y||II,1,1,23.039905942827456,23.039905942827456,0.0,16853.0,16853.0,0.0
Qwen3-32B,Qwen,25-1071.00||NY||61||Y||II,1,1,13.468224358450659,4.390766409774606,9.077457948676052,14837.0,4837.0,10000.0
Qwen3-32B,Qwen,25-9031.00||DC||61||Y||I,1,1,88.50852058513044,73.42783893832001,15.080681646810433,58690.0,48690.0,10000.0
Qwen3-32B,Qwen,27-1024.00||CA||51||Y||IV,1,1,20.933135679176093,-10.275415463837092,31.208551143013185,26830.0,-13170.0,40000.0
Qwen3-32B,Qwen,41-9031.00||CA||54||Y||I,1,1,192.26146441260013,23.297805299065676,168.96365911353445,210509.0,25509.0,185000.0
Qwen3-32B,Qwen,41-9031.00||TX||51||Y||IV,1,1,-19.112756816997106,-34.091875924960604,14.979119107963498,-31899.0,-56899.0,25000.0
Qwen3-32B,Qwen,41-9031.00||TX||54||Y||IV,1,1,-8.340971585701192,-9.881101194802174,1.5401296091009815,-12285.0,-16995.0,4710.0
Qwen3-8B,Qwen,11-3021.00||AZ||52||Y||II,1,1,-0.8140333973318975,-0.8140333973318975,0.0,-1149.0,-1149.0,0.0
Qwen3-8B,Qwen,11-3021.00||CA||33||Y||II,5,5,-33.74611099747058,-19.109938294184655,-14.636172703285926,-82232.4,-42908.0,-39324.399999999994
Qwen3-8B,Qwen,11-3021.00||CA||45||Y||II,6,6,-25.057692812260896,-31.875811454610613,6.818118642349717,-58656.333333333336,-78002.16666666667,19345.833333333336
Qwen3-8B,Qwen,11-3021.00||CA||51||Y||II,1,1,-20.121415448518253,-20.361162129741622,0.2397466812233695,-40304.0,-40907.0,603.0
Qwen3-8B,Qwen,11-3021.00||CA||51||Y||III,2,2,-26.534646091840592,-34.78681599784586,8.252169906005271,-59326.0,-82682.0,23356.0
Qwen3-8B,Qwen,11-3021.00||CA||51||Y||IV,1,1,-41.702859474742766,-41.702859474742766,0.0,-114456.0,-114456.0,0.0
Qwen3-8B,Qwen,11-3021.00||CA||52||Y||II,1,1,-20.361162129741622,-26.127706726995704,5.766544597254082,-40907.0,-56590.0,15683.0
Qwen3-8B,Qwen,11-3021.00||CA||54||Y||I,1,1,-2.518079849877843,-15.969211118953984,13.451131269076141,-4133.0,-28506.0,24373.0
Qwen3-8B,Qwen,11-3021.00||CA||54||Y||II,1,1,-2.911443100037622,-35.6507120650893,32.73926896505168,-4798.0,-88643.0,83845.0
Qwen3-8B,Qwen,11-3021.00||CA||54||Y||IV,2,2,-34.41571690908561,-26.32081214461344,-8.094904764472169,-94456.0,-73178.5,-21277.5
Qwen3-8B,Qwen,11-3021.00||CT||54||Y||IV,1,1,-17.729329494035376,-25.313416911176315,7.584087417140939,-34480.0,-47450.0,12970.0
Qwen3-8B,Qwen,11-3021.00||FL||44||Y||IV,1,1,-22.806746690339263,-25.83999449097102,3.033247800631756,-47272.0,-48781.0,1509.0
Qwen3-8B,Qwen,11-3021.00||GA||42||Y||IV,1,1,-24.90906957644022,-29.602252727912706,4.6931831514724855,-53075.0,-63075.0,10000.0
Qwen3-8B,Qwen,11-3021.00||IL||52||Y||II,1,1,-2.6926338323811114,11.20841847727873,-13.901052309659843,-3874.0,16126.0,-20000.0
Qwen3-8B,Qwen,11-3021.00||IL||52||Y||IV,1,1,-21.096365994506336,-21.096365994506336,0.0,-42779.0,-42779.0,0.0
Qwen3-8B,Qwen,11-3021.00||IL||54||Y||II,1,1,11.20841847727873,-6.167896909796071,17.3763153870748,16126.0,-8874.0,25000.0
Qwen3-8B,Qwen,11-3021.00||MI||33||Y||II,1,1,1.5353596890116983,-31.17966156586511,32.71502125487681,2117.0,-38510.0,40627.0
Qwen3-8B,Qwen,11-3021.00||NC||52||Y||IV,1,1,-31.12188670927926,-26.530012489897878,-4.591874219381381,-67776.0,-57776.0,-10000.0
Qwen3-8B,Qwen,11-3021.00||NJ||54||Y||III,2,2,-28.4570876668962,-31.18990001281376,2.7328123459175586,-63642.0,-69041.0,5399.0
Qwen3-8B,Qwen,11-3021.00||NY||51||Y||II,3,3,-15.795961072651961,-21.17068696163162,5.374725888979659,-29389.333333333332,-39389.333333333336,10000.000000000004
Qwen3-8B,Qwen,11-3021.00||NY||51||Y||III,1,1,-28.4570876668962,-13.463796961343041,-14.993290705553159,-63642.0,-21782.0,-41860.0
Qwen3-8B,Qwen,11-3021.00||NY||51||Y||IV,2,2,-34.927731504164626,-34.927731504164626,0.0,-91248.0,-91248.0,0.0
Qwen3-8B,Qwen,11-3021.00||NY||52||Y||II,1,1,-14.004385776325407,-14.004385776325407,0.0,-26056.0,-26056.0,0.0
Qwen3-8B,Qwen,11-3021.00||NY||52||Y||III,1,1,-28.4570876668962,-28.4570876668962,0.0,-63642.0,-63642.0,0.0
Qwen3-8B,Qwen,11-3021.00||NY||54||Y||II,1,1,-14.004385776325407,-14.004385776325407,0.0,-26056.0,-26056.0,0.0
Qwen3-8B,Qwen,11-3021.00||NY||54||Y||III,1,1,-19.514223625258225,-16.335994645503657,-3.178228979754568,-43642.0,-27336.0,-16306.0
Qwen3-8B,Qwen,11-3021.00||NY||54||Y||IV,1,1,-31.099951004409604,-44.49718275355218,13.397231749142577,-81248.0,-116248.0,35000.0
Qwen3-8B,Qwen,11-3021.00||PA||51||Y||IV,1,1,-25.172104160431008,-25.172104160431008,0.0,-53824.0,-53824.0,0.0
Qwen3-8B,Qwen,11-3021.00||TX||44||Y||IV,1,1,-23.589023563234857,-23.589023563234857,0.0,-49394.0,-49394.0,0.0
Qwen3-8B,Qwen,11-3021.00||TX||54||Y||II,2,2,3.975657792444462,-2.706353077162313,6.682010869606775,6080.0,-4258.5,10338.5
Qwen3-8B,Qwen,11-3021.00||TX||54||Y||III,2,2,-12.511076905910699,-18.418265019419323,5.907188113508624,-22967.0,-33705.5,10738.5
Qwen3-8B,Qwen,11-3021.00||TX||54||Y||IV,1,1,-24.71084257978298,-32.1014598186139,7.390617238830917,-52514.0,-66190.0,13676.0
Qwen3-8B,Qwen,11-3021.00||VA||51||Y||II,1,1,-8.424908424908425,-17.01007326007326,8.585164835164834,-14720.0,-29720.0,15000.0
Qwen3-8B,Qwen,11-3021.00||WA||45||Y||III,1,1,-33.97160779135028,-33.97160779135028,0.0,-82320.0,-82320.0,0.0
Qwen3-8B,Qwen,11-3021.00||WA||51||Y||II,2,2,-19.350773728514543,-19.350773728514543,0.0,-38390.0,-38390.0,0.0
Qwen3-8B,Qwen,11-3021.00||WA||51||Y||III,3,3,-31.55176340881751,-31.55176340881751,0.0,-74319.0,-74319.0,0.0
Qwen3-8B,Qwen,11-3021||CA||51||Y||II,1,1,-15.047512712532919,-15.047512712532919,0.0,-24798.0,-24798.0,0.0
Qwen3-8B,Qwen,11-3051.01||CA||33||Y||II,1,1,3.3171699360811107,-3.570641392990963,6.887811329072074,4816.0,-5184.0,10000.0
Qwen3-8B,Qwen,11-9041.00||CA||33||Y||III,1,1,-25.91426428234074,-27.307751719625998,1.393487437285259,-55966.0,-60106.0,4140.0
Qwen3-8B,Qwen,11-9041.00||CA||33||Y||IV,1,1,-35.79583074175879,-35.79583074175879,0.0,-89205.0,-89205.0,0.0
Qwen3-8B,Qwen,11-9041.00||CA||51||Y||IV,2,2,-35.79583074175879,-35.79583074175879,0.0,-89205.0,-89205.0,0.0
Qwen3-8B,Qwen,11-9041.00||CA||54||Y||I,1,1,5.475496723667383,7.0305706067295475,-1.5550738830621649,8306.0,10510.0,-2204.0
Qwen3-8B,Qwen,11-9041.00||CA||54||Y||II,1,1,-25.062759938551462,-23.383389518847686,-1.6793704197037762,-53512.0,-42728.0,-10784.0
Qwen3-8B,Qwen,11-9041.00||TX||54||Y||IV,1,1,-15.965601919719138,-25.302757261972566,9.337155342253428,-34198.0,-54198.0,20000.0
Qwen3-8B,Qwen,13-1081.02||AR||45||Y||III,1,1,1.2025241100130968,1.2025241100130968,0.0,1010.0,1010.0,0.0
Qwen3-8B,Qwen,13-1081.02||AR||45||Y||IV,1,1,-12.211848302073866,-12.211848302073866,0.0,-11824.0,-11824.0,0.0
Qwen3-8B,Qwen,13-1082.00||NY||51||Y||IV,1,1,6.453050877905004,6.453050877905004,0.0,9699.0,9699.0,0.0
Qwen3-8B,Qwen,13-1111.00||CA||54||Y||II,1,1,27.790861127845627,22.58621897401172,5.204642153833905,30446.0,19346.0,11100.0
Qwen3-8B,Qwen,13-1111.00||FL||54||Y||IV,2,2,18.021952083087456,15.281492245797862,2.7404598372895936,21378.0,18453.0,2925.0
Qwen3-8B,Qwen,13-1111.00||GA||54||Y||IV,2,2,0.3692153278130265,-13.96924400473169,14.338459332544717,515.0,-19485.0,20000.0
Qwen3-8B,Qwen,13-1111.00||IL||54||Y||IV,1,1,-10.519116951514144,7.96221322537112,-18.481330176885265,-16458.0,11800.0,-28258.0
Qwen3-8B,Qwen,13-1111.00||NJ||54||Y||IV,1,1,-4.242076031791631,-10.625937629672189,6.383861597880558,-6645.0,-16645.0,10000.0
Qwen3-8B,Qwen,13-1111.00||NY||52||Y||IV,1,1,-6.063300810360592,14.909508761850043,-20.972809572210636,-9682.0,23355.0,-33037.0
Qwen3-8B,Qwen,13-1111.00||NY||54||Y||II,1,1,37.50294649171054,37.50294649171054,0.0,38184.0,38184.0,0.0
Qwen3-8B,Qwen,13-1111.00||TX||54||Y||IV,1,1,7.7611090157562135,-19.17916823818284,26.94027725393905,10083.0,-24917.0,35000.0
Qwen3-8B,Qwen,13-1111.00||WA||51||Y||IV,1,1,2.4275325207415754,-3.9741882618047732,6.401720782546349,3792.0,-6208.0,10000.0
Qwen3-8B,Qwen,13-1161.00||IL||51||Y||III,1,1,26.803936960328482,28.875469474924515,-2.071532514596033,22195.0,23526.0,-1331.0
Qwen3-8B,Qwen,13-1161.00||IL||54||Y||II,1,1,58.39493136219641,46.059469266012734,12.335462096183676,38710.0,29958.0,8752.0
Qwen3-8B,Qwen,13-2051.00||NY||52||Y||IV,1,1,-16.242294291074778,0.5092468507102653,-16.751541141785044,-29088.0,912.0,-30000.0
Qwen3-8B,Qwen,13-2099.01||CA||52||Y||II,2,2,85.20647328556284,76.69987707834638,8.506596207216461,66709.0,69104.0,-2395.0
Qwen3-8B,Qwen,13-2099.01||CA||52||Y||IV,1,1,37.95363033600331,31.425473542409357,6.528156793593951,44019.0,38258.0,5761.0
Qwen3-8B,Qwen,13-2099.01||IL||52||Y||IV,1,1,28.569821448660463,20.534207608119186,8.035613840541277,35554.0,25554.0,10000.0
Qwen3-8B,Qwen,13-2099.01||NJ||52||Y||IV,1,1,-2.5424245008344806,13.766601496662846,-16.309025997497326,-4174.0,16336.0,-20510.0
Qwen3-8B,Qwen,15-1211.00||CO||51||Y||IV,1,1,-3.460260105642058,-25.626110715320237,22.16585060967818,-5018.0,-32733.0,27715.0
Qwen3-8B,Qwen,15-1211.00||UT||54||Y||III,1,1,11.09347722583717,11.09347722583717,0.0,10485.0,10485.0,0.0
Qwen3-8B,Qwen,15-1211.00||VA||54||Y||III,1,1,-10.777177741253816,-18.906394810009267,8.129217068755452,-11475.0,-24480.0,13005.0
Qwen3-8B,Qwen,15-1211||NJ||54||Y||III,1,1,10.033481616549036,6.103714415957999,3.929767200591037,12766.0,7766.0,5000.0
Qwen3-8B,Qwen,15-1212.00||CA||54||Y||II,1,1,-9.654104284976768,1.9353147616897963,-11.589419046666563,-14960.0,2658.0,-17618.0
Qwen3-8B,Qwen,15-1221.00||CA||33||Y||II,1,1,-14.84340310091665,-14.84340310091665,0.0,-24403.0,-24403.0,0.0
Qwen3-8B,Qwen,15-1221.00||CA||45||Y||I,1,1,65.49783818448871,44.81060841142762,20.68722977306109,63322.0,43322.0,20000.0
Qwen3-8B,Qwen,15-1221.00||CA||45||Y||II,1,1,-2.6781749724761714,-2.6781749724761714,0.0,-4403.0,-4403.0,0.0
Qwen3-8B,Qwen,15-1221.00||CA||51||Y||I,2,2,18.066683827685335,13.536707592082184,4.529976235603151,18794.0,17288.0,1506.0
Qwen3-8B,Qwen,15-1221.00||CA||51||Y||II,1,1,-2.6781749724761714,-2.6781749724761714,0.0,-4403.0,-4403.0,0.0
Qwen3-8B,Qwen,15-1221.00||CA||51||Y||III,1,1,-20.435219350154654,-6.771315864608644,-13.66390348554601,-41094.0,-11621.0,-29473.0
Qwen3-8B,Qwen,15-1221.00||CA||51||Y||IV,1,1,-32.71260713414583,-23.475000239140623,-9.237606895005204,-77786.0,-49082.0,-28704.0
Qwen3-8B,Qwen,15-1221.00||CA||54||Y||I,1,1,86.1850679575498,53.76379602947709,32.42127192807271,83322.0,47203.0,36119.0
Qwen3-8B,Qwen,15-1221.00||CA||54||Y||II,2,2,8.300540064287862,11.105645755927446,-2.805105691639584,10729.0,6724.0,4005.0
Qwen3-8B,Qwen,15-1221.00||CA||54||Y||III,1,1,18.464697520138998,-6.771315864608644,25.236013384747643,28056.0,-11621.0,39677.0
Qwen3-8B,Qwen,15-1221.00||CA||54||Y||IV,1,1,-24.301683025914055,-13.051984045039072,-11.249698980874983,-57786.0,-24018.0,-33768.0
Qwen3-8B,Qwen,15-1221.00||IL||51||Y||II,1,1,49.89340913128442,55.44501687688755,-5.551607745603128,44936.0,49936.0,-5000.0
Qwen3-8B,Qwen,15-1221.00||MA||33||Y||II,1,1,-2.3532858119324285,11.59624478636294,-13.949530598295368,-3374.0,16626.0,-20000.0
Qwen3-8B,Qwen,15-1221.00||NM||54||Y||II,1,1,-15.66558593676793,-15.786059161852956,0.1204732250850249,-25077.0,-25306.0,229.0
Qwen3-8B,Qwen,15-1221.00||NY||54||Y||II,2,2,1.4425125281502975,21.731015033780356,-20.288502505630056,2133.0,32133.0,-30000.0
Qwen3-8B,Qwen,15-1221.00||NY||54||Y||III,3,3,-13.850196260021646,-18.337165204812184,4.486968944790538,-25723.0,-34056.333333333336,8333.333333333336
Qwen3-8B,Qwen,15-1221.00||TN||54||Y||II,4,4,60.739008635347545,46.99627192433758,13.742736711009968,48132.75,37566.0,10566.75
Qwen3-8B,Qwen,15-1221.00||TX||54||Y||II,1,1,53.56602242063927,32.21424584014808,21.35177658049119,48834.0,32893.0,15941.0
Qwen3-8B,Qwen,15-1241.00||CA||51||Y||III,1,1,-14.004385776325407,-22.066474609794902,8.062088833469495,-26056.0,-41056.0,15000.0
Qwen3-8B,Qwen,15-1242.00||MA||54||Y||IV,1,1,12.807135051291993,17.296893098544054,-4.48975804725206,18165.0,23594.0,-5429.0
Qwen3-8B,Qwen,15-1242.00||TX||52||Y||III,1,1,19.65811965811966,26.28084860730264,-6.6227289491829815,23000.0,29136.0,-6136.0
Qwen3-8B,Qwen,15-1243.00||CA||54||Y||II,1,1,12.179487179487179,18.312192071392957,-6.132704891905778,15200.0,21669.0,-6469.0
Qwen3-8B,Qwen,15-1243.00||IN||33||Y||IV,1,1,-44.858545952292914,-12.004475200975493,-32.85407075131742,-69149.0,-19099.0,-50050.0
Qwen3-8B,Qwen,15-1243.00||MA||54||Y||IV,1,1,-13.511175977729128,-13.511175977729128,0.0,-24995.0,-24995.0,0.0
Qwen3-8B,Qwen,15-1243.00||NC||52||Y||IV,1,1,-45.570738829194575,-13.553526375779619,-32.017212453414956,-71166.0,-21166.0,-50000.0
Qwen3-8B,Qwen,15-1243.00||PA||54||Y||II,3,3,31.67776986627391,6.102146658631198,25.57562320764271,32477.0,7189.0,25288.0
Qwen3-8B,Qwen,15-1243.00||TX||54||Y||II,1,1,31.97254970966039,7.533188652315874,24.439361057344517,32706.0,7706.0,25000.0
Qwen3-8B,Qwen,15-1243.00||TX||54||Y||III,1,1,3.0116182389428063,9.908226630763313,-6.896608391820506,4093.0,12621.0,-8528.0
Qwen3-8B,Qwen,15-1251.00||CA||54||Y||II,3,3,25.113200851992573,16.89095634011286,8.222244511879712,26771.666666666668,15224.0,11547.666666666668
Qwen3-8B,Qwen,15-1251.00||CA||54||Y||III,1,1,7.469102632993015,-9.126562783979491,16.595665416972505,9730.0,-9541.0,19271.0
Qwen3-8B,Qwen,15-1251.00||MO||54||Y||II,1,1,9.923169489956493,9.923169489956493,0.0,8576.0,8576.0,0.0
Qwen3-8B,Qwen,15-1251.00||NC||54||Y||III,1,1,67.4945131107774,45.42712485187978,22.067388258897623,58430.0,42170.0,16260.0
Qwen3-8B,Qwen,15-1251.00||NJ||54||Y||I,1,1,27.15153786438954,40.53591027116739,-13.38437240677785,20286.0,30286.0,-10000.0
Qwen3-8B,Qwen,15-1251.00||TX||54||Y||II,2,2,60.991320004982676,83.95577281997139,-22.96445281498871,51367.0,50243.0,1124.0
Qwen3-8B,Qwen,15-1252.00||AR||54||Y||II,1,1,62.016201620162015,14.011401140114012,48.004800480048004,51675.0,11675.0,40000.0
Qwen3-8B,Qwen,15-1252.00||AZ||51||Y||III,2,2,0.36130068245684466,2.219843287687527,-1.8585426052306824,486.0,2986.0,-2500.0
Qwen3-8B,Qwen,15-1252.00||AZ||54||Y||II,1,1,-14.469893402477672,-14.469893402477672,0.0,-16072.0,-16072.0,0.0
Qwen3-8B,Qwen,15-1252.00||AZ||54||Y||IV,1,1,-11.355376296427622,1.3081413755112896,-12.663517671938912,-17934.0,2066.0,-20000.0
Qwen3-8B,Qwen,15-1252.00||CA||33||Y||I,1,1,17.908017008231454,7.120141934188063,10.787875074043392,24301.0,10635.0,13666.0
Qwen3-8B,Qwen,15-1252.00||CA||33||Y||II,20,20,-6.56638352080121,-4.549642740773051,-2.016740780028159,-14418.0,-11031.4,-3386.6000000000004
Qwen3-8B,Qwen,15-1252.00||CA||33||Y||III,15,15,-19.691963576585373,-16.01226332109584,-3.679700255489532,-42409.2,-31971.266666666666,-10437.93333333333
Qwen3-8B,Qwen,15-1252.00||CA||33||Y||IV,15,15,-29.000752716078583,-29.63557837475071,0.6348256586721277,-66968.13333333333,-74373.2,7405.066666666666
Qwen3-8B,Qwen,15-1252.00||CA||42||Y||II,1,1,7.9688741160048435,-14.776207647770066,22.74508176377491,10333.0,-27741.0,38074.0
Qwen3-8B,Qwen,15-1252.00||CA||42||Y||III,2,2,-29.246743139145124,-3.076390489023316,-26.170352650121806,-66138.0,-4852.0,-61286.0
Qwen3-8B,Qwen,15-1252.00||CA||44||Y||II,1,1,7.9688741160048435,-1.0127631668491743,8.981637282854019,10333.0,-1637.0,11970.0
Qwen3-8B,Qwen,15-1252.00||CA||44||Y||IV,1,1,-19.363199668237165,-25.062759938551462,5.699560270314297,-33618.0,-53512.0,19894.0
Qwen3-8B,Qwen,15-1252.00||CA||45||Y||I,1,1,7.120141934188063,-6.2698758075854455,13.390017741773509,10635.0,-9365.0,20000.0
Qwen3-8B,Qwen,15-1252.00||CA||45||Y||II,1,1,-1.0127631668491743,-20.102694669784437,19.08993150293526,-1637.0,-37741.0,36104.0
Qwen3-8B,Qwen,15-1252.00||CA||45||Y||III,1,1,-29.246743139145124,4.498667641987565,-33.74541078113269,-66138.0,6027.0,-72165.0
Qwen3-8B,Qwen,15-1252.00||CA||45||Y||IV,3,3,-27.57174344470376,-34.69539215616313,7.123648711459371,-71592.66666666667,-87513.33333333333,15920.666666666657
Qwen3-8B,Qwen,15-1252.00||CA||51||Y||I,3,3,14.31205865021699,18.11944263306252,-3.807383982845529,19745.666666666668,20466.666666666668,-721.0
Qwen3-8B,Qwen,15-1252.00||CA||51||Y||II,19,20,-7.400813556894178,-4.815162751404343,-2.585650805489835,-13912.157894736842,-11122.75,-2789.4078947368416
Qwen3-8B,Qwen,15-1252.00||CA||51||Y||III,18,18,-24.571709485003336,-19.265655946645822,-5.306053538357514,-54398.5,-40511.944444444445,-13886.555555555555
Qwen3-8B,Qwen,15-1252.00||CA||51||Y||IV,22,22,-29.590857413641263,-27.05345942150816,-2.537397992133105,-70843.68181818182,-61730.86363636364,-9112.818181818184
Qwen3-8B,Qwen,15-1252.00||CA||52||Y||II,4,4,-1.0127631668491743,-4.453624287079398,3.440861120230224,-1637.0,-8163.0,6526.0
Qwen3-8B,Qwen,15-1252.00||CA||52||Y||III,1,1,-29.246743139145124,-22.697175514730187,-6.549567624414937,-66138.0,-42574.0,-23564.0
Qwen3-8B,Qwen,15-1252.00||CA||52||Y||IV,1,1,-25.062759938551462,-29.746337442391997,4.683577503840535,-53512.0,-63512.0,10000.0
Qwen3-8B,Qwen,15-1252.00||CA||53||Y||II,1,1,8.35366636702196,-1.0127631668491743,9.366429533871134,10408.0,-1637.0,12045.0
Qwen3-8B,Qwen,15-1252.00||CA||53||Y||III,1,1,-14.700331602460896,-10.897831635088433,-3.802499967372462,-27574.0,-17123.0,-10451.0
Qwen3-8B,Qwen,15-1252.00||CA||54||Y||I,4,4,12.514079471209758,8.109448409773679,4.4046310614360795,17468.0,8082.25,9385.75
Qwen3-8B,Qwen,15-1252.00||CA||54||Y||II,21,20,-8.763696935611623,-8.039708542267086,-0.7239883933445377,-17013.47619047619,-16256.6,-756.8761904761905
Qwen3-8B,Qwen,15-1252.00||CA||54||Y||III,15,15,-18.85470256323358,-10.575414305763159,-8.279288257470421,-39522.066666666666,-24213.466666666667,-15308.599999999999
Qwen3-8B,Qwen,15-1252.00||CA||54||Y||IV,17,17,-28.625516710249737,-23.865017575518614,-4.760499134731123,-67683.0,-51770.94117647059,-15912.058823529413
Qwen3-8B,Qwen,15-1252.00||CA||56||Y||II,1,1,-1.0127631668491743,-1.0127631668491743,0.0,-1637.0,-1637.0,0.0
Qwen3-8B,Qwen,15-1252.00||CO||51||Y||III,1,1,-1.6259819835012719,12.427449161712833,-14.053431145214105,-2314.0,17686.0,-20000.0
Qwen3-8B,Qwen,15-1252.00||CO||54||Y||II,1,1,20.29971815494604,11.999734519147806,8.299983635798233,23624.0,14464.0,9160.0
Qwen3-8B,Qwen,15-1252.00||DC||54||Y||II,1,1,14.10035941613216,11.031802680624951,3.06855673550721,17301.0,13910.0,3391.0
Qwen3-8B,Qwen,15-1252.00||DC||54||Y||III,1,1,-7.135939717958583,-8.91978869390977,1.7838489759511864,-10758.0,-13221.0,2463.0
Qwen3-8B,Qwen,15-1252.00||FL||33||Y||IV,1,1,-36.57406480127653,-31.74993174993175,-4.824133051344777,-54781.0,-44194.0,-10587.0
Qwen3-8B,Qwen,15-1252.00||FL||44||Y||III,1,1,1.2599632570990467,-22.901500580267655,24.1614638373667,1742.0,-28219.0,29961.0
Qwen3-8B,Qwen,15-1252.00||FL||52||Y||IV,1,1,14.947483368536,-15.43187131147046,30.379354680006458,20806.0,-25547.0,46353.0
Qwen3-8B,Qwen,15-1252.00||FL||54||Y||II,4,4,22.996365081588724,22.80400174131346,0.19236334027526425,23716.5,22786.75,929.75
Qwen3-8B,Qwen,15-1252.00||FL||62||Y||IV,1,1,73.91080308144178,18.56918199745388,55.3416210839879,57374.0,14878.0,42496.0
Qwen3-8B,Qwen,15-1252.00||GA||31||Y||IV,1,1,-7.974048681728247,-29.156288684394994,21.182240002666745,-12131.0,-39098.0,26967.0
Qwen3-8B,Qwen,15-1252.00||GA||52||Y||II,1,1,33.045701198361634,37.258310990730486,-4.212609792368852,34773.0,40717.0,-5944.0
Qwen3-8B,Qwen,15-1252.00||GA||52||Y||III,2,2,18.210702136811804,14.385352308570011,3.8253498282417926,23394.5,18394.5,5000.0
Qwen3-8B,Qwen,15-1252.00||GA||54||Y||I,2,2,68.7336539272758,11.312816133060187,57.42083779421561,57029.0,9585.0,47444.0
Qwen3-8B,Qwen,15-1252.00||GA||54||Y||II,3,3,31.39971977380169,0.7181987558770508,30.681521017924638,33421.0,402.3333333333333,33018.666666666664
Qwen3-8B,Qwen,15-1252.00||GA||54||Y||III,1,1,22.411194503737367,3.284445362528403,19.126749141208965,29293.0,4293.0,25000.0
Qwen3-8B,Qwen,15-1252.00||GA||54||Y||IV,1,1,5.172515792310574,-7.974048681728247,13.146564474038822,7869.0,-12131.0,20000.0
Qwen3-8B,Qwen,15-1252.00||IL||33||Y||IV,1,1,-25.541003393762686,-6.008096731095878,-19.532906662666807,-32587.0,-8949.0,-23638.0
Qwen3-8B,Qwen,15-1252.00||IL||51||Y||III,1,1,22.411194503737367,7.109795190770196,15.30139931296717,29293.0,9293.0,20000.0
Qwen3-8B,Qwen,15-1252.00||IL||51||Y||IV,2,2,-0.6333036091288986,-9.025437829566766,8.392134220437867,-1133.0,-13633.0,12500.0
Qwen3-8B,Qwen,15-1252.00||IL||52||Y||III,1,1,-27.31835326340594,-27.31835326340594,0.0,-35707.0,-35707.0,0.0
Qwen3-8B,Qwen,15-1252.00||IL||52||Y||IV,1,1,-8.685925239862508,-8.685925239862508,0.0,-13317.0,-13317.0,0.0
Qwen3-8B,Qwen,15-1252.00||IL||54||Y||II,1,1,29.537274350694414,-10.128091120655403,39.665365471349816,31923.0,-10706.0,42629.0
Qwen3-8B,Qwen,15-1252.00||IL||54||Y||III,2,2,7.109795190770196,-1.3389670599703019,8.448762250740497,9293.0,-1160.0,10453.0
Qwen3-8B,Qwen,15-1252.00||IN||33||Y||IV,1,1,7.847442089775292,-15.73233040022708,23.57977249000237,10187.0,-17736.0,27923.0
Qwen3-8B,Qwen,15-1252.00||MA||33||Y||II,1,1,6.803374986649578,14.432187485695977,-7.628812499046399,8918.0,18918.0,-10000.0
Qwen3-8B,Qwen,15-1252.00||MA||33||Y||III,1,1,3.4888684785842723,16.198001394376018,-12.709132915791745,5394.0,22304.0,-16910.0
Qwen3-8B,Qwen,15-1252.00||MA||33||Y||IV,1,1,-46.66846309738339,-10.178464164014125,-36.489998933369264,-83131.0,-18131.0,-65000.0
Qwen3-8B,Qwen,15-1252.00||MA||51||Y||IV,1,1,-10.178464164014125,-10.178464164014125,0.0,-18131.0,-18131.0,0.0
Qwen3-8B,Qwen,15-1252.00||MA||54||Y||II,3,3,16.97512498537811,0.9509287613186075,16.0241962240595,22251.333333333332,2146.3333333333335,20105.0
Qwen3-8B,Qwen,15-1252.00||MA||54||Y||III,3,3,6.6434335932541755,-13.75927626784644,20.402709861100615,9900.666666666666,-21272.666666666668,31173.333333333336
Qwen3-8B,Qwen,15-1252.00||MA||54||Y||IV,4,4,-9.478195828285452,-9.47819582828545,-1.7763568394002505e-15,-16784.25,-16784.25,0.0
Qwen3-8B,Qwen,15-1252.00||MI||33||Y||II,1,1,32.106859771014776,39.12935938659411,-7.022499615579335,32810.0,37968.0,-5158.0
Qwen3-8B,Qwen,15-1252.00||MI||33||Y||III,4,4,10.427413250376265,12.167239031789087,-1.7398257814128222,12480.0,14736.25,-2256.25
Qwen3-8B,Qwen,15-1252.00||MI||51||Y||IV,2,2,15.535144346720967,-15.798525765072025,31.33367011179299,21514.0,-21880.5,43394.5
Qwen3-8B,Qwen,15-1252.00||MI||52||Y||II,1,1,-7.0359134944710835,-7.0359134944710835,0.0,-7190.0,-7190.0,0.0
Qwen3-8B,Qwen,15-1252.00||MI||52||Y||III,1,1,-21.06290870717663,-21.06290870717663,0.0,-25349.0,-25349.0,0.0
Qwen3-8B,Qwen,15-1252.00||MI||54||Y||II,2,2,18.370814677118982,-7.0359134944710835,25.406728171590068,18509.0,-7190.0,25699.0
Qwen3-8B,Qwen,15-1252.00||MI||54||Y||III,1,1,-21.06290870717663,12.173761310854266,-33.23667001803089,-25349.0,14651.0,-40000.0
Qwen3-8B,Qwen,15-1252.00||MI||54||Y||IV,1,1,15.535144346720967,1.093251303380847,14.44189304334012,21514.0,1514.0,20000.0
Qwen3-8B,Qwen,15-1252.00||MN||45||Y||III,1,1,14.06131610464311,11.289527655447623,2.771788449195487,17259.0,14202.0,3057.0
Qwen3-8B,Qwen,15-1252.00||MO||54||Y||II,1,1,10.209267951144879,-2.450044154190541,12.65931210533542,7874.0,-2386.0,10260.0
Qwen3-8B,Qwen,15-1252.00||MO||54||Y||IV,1,1,-0.03284635048484069,-0.03284635048484069,0.0,-46.0,-46.0,0.0
Qwen3-8B,Qwen,15-1252.00||NC||42||Y||III,1,1,4.840642223819794,4.840642223819794,0.0,6464.0,6464.0,0.0
Qwen3-8B,Qwen,15-1252.00||NC||52||Y||II,1,1,19.956472936962875,19.956472936962875,0.0,23291.0,23291.0,0.0
Qwen3-8B,Qwen,15-1252.00||NC||52||Y||IV,1,1,-1.0764122887826835,-12.716834013279971,11.640421724497287,-1741.0,-19669.0,17928.0
Qwen3-8B,Qwen,15-1252.00||NC||54||Y||I,2,2,25.99549662376634,3.861848669011275,22.133647954755062,23586.5,3532.0,20054.5
Qwen3-8B,Qwen,15-1252.00||NC||54||Y||II,6,6,19.889624309018192,12.224927865739994,7.664696443278197,22508.0,14013.0,8495.0
Qwen3-8B,Qwen,15-1252.00||NC||54||Y||IV,1,1,-9.605687093629138,1.7501017501017502,-11.355788843730888,-14877.0,2752.0,-17629.0
Qwen3-8B,Qwen,15-1252.00||NC||56||Y||II,1,1,24.52857041201167,20.081121468725538,4.447448943286133,27576.0,22576.0,5000.0
Qwen3-8B,Qwen,15-1252.00||NC||61||Y||IV,1,1,25.66760917373547,25.66760917373547,0.0,28595.0,28595.0,0.0
Qwen3-8B,Qwen,15-1252.00||NH||33||Y||III,1,1,-27.850540272130786,-42.42674650157819,14.5762062294474,-32811.0,-62638.0,29827.0
Qwen3-8B,Qwen,15-1252.00||NJ||32||Y||IV,2,2,-5.518253745717299,-10.792737901166895,5.274484155449596,-11298.5,-21298.5,10000.0
Qwen3-8B,Qwen,15-1252.00||NJ||33||Y||III,2,2,11.485713629981461,-6.719318429153322,18.205032059134783,14805.5,-10805.0,25610.5
Qwen3-8B,Qwen,15-1252.00||NJ||45||Y||III,1,1,5.388653594082427,-0.5006063244302105,5.8892599185126375,8181.0,-805.0,8986.0
Qwen3-8B,Qwen,15-1252.00||NJ||51||Y||II,1,1,6.063016583710236,2.2750517057205846,3.7879648779896513,8003.0,3003.0,5000.0
Qwen3-8B,Qwen,15-1252.00||NJ||51||Y||IV,1,1,-8.49972223129963,-26.15722182370564,17.657499592406012,-13005.0,-49592.0,36587.0
Qwen3-8B,Qwen,15-1252.00||NJ||52||Y||II,2,2,30.530779315612918,22.97922936568107,7.551549949931847,34061.0,27390.5,6670.5
Qwen3-8B,Qwen,15-1252.00||NJ||52||Y||IV,1,1,-26.15722182370564,5.172515792310574,-31.329737616016214,-49592.0,7869.0,-57461.0
Qwen3-8B,Qwen,15-1252.00||NJ||54||Y||II,2,2,6.063016583710236,-1.5218208947662273,7.584837478476463,8003.0,-939.0,8942.0
Qwen3-8B,Qwen,15-1252.00||NJ||61||Y||IV,1,1,38.92506729182947,-17.513241295476252,56.43830858730573,44830.0,-20170.0,65000.0
Qwen3-8B,Qwen,15-1252.00||NV||54||Y||II,2,2,21.83895597552391,8.301294200465696,13.537661775058213,24198.0,9198.0,15000.0
Qwen3-8B,Qwen,15-1252.00||NY||33||Y||IV,2,2,-26.15722182370564,-20.882737668256045,-5.274484155449596,-49592.0,-39592.0,-10000.0
Qwen3-8B,Qwen,15-1252.00||NY||45||Y||II,1,1,13.21731254447823,13.21731254447823,0.0,16344.0,16344.0,0.0
Qwen3-8B,Qwen,15-1252.00||NY||51||Y||II,3,3,11.113636421029772,0.7843417614768781,10.329294659552895,14669.666666666666,1905.3333333333333,12764.333333333332
Qwen3-8B,Qwen,15-1252.00||NY||51||Y||III,8,8,-9.184536677927557,-4.428482913158464,-4.756053764769093,-14681.75,-7181.75,-7500.0
Qwen3-8B,Qwen,15-1252.00||NY||51||Y||IV,6,6,-18.373570919845843,-19.12457628310618,0.7510053632603366,-34657.0,-36258.666666666664,1601.6666666666642
Qwen3-8B,Qwen,15-1252.00||NY||52||Y||II,1,1,6.063016583710236,21.214876095668842,-15.151859511958605,8003.0,28003.0,-20000.0
Qwen3-8B,Qwen,15-1252.00||NY||52||Y||III,2,2,-12.938030533876434,5.718105780292902,-18.656136314169338,-20805.0,9195.0,-30000.0
Qwen3-8B,Qwen,15-1252.00||NY||52||Y||IV,2,2,-8.724716270236605,-10.33376935735685,1.6090530871202446,-16109.0,-19592.0,3483.0
Qwen3-8B,Qwen,15-1252.00||NY||54||Y||II,4,4,19.470995777898615,27.84196308700023,-8.370967309101616,25088.25,29644.25,-4556.0
Qwen3-8B,Qwen,15-1252.00||NY||54||Y||III,5,5,-1.8102391826169275,-5.331269996547817,3.52103081393089,-3007.8,-10604.0,7596.2
Qwen3-8B,Qwen,15-1252.00||NY||54||Y||IV,5,5,-16.873166141318407,-21.20789404431398,4.334727902995574,-31670.0,-38365.4,6695.4000000000015
Qwen3-8B,Qwen,15-1252.00||NY||62||Y||II,1,1,27.427957693918046,27.427957693918046,0.0,30134.0,30134.0,0.0
Qwen3-8B,Qwen,15-1252.00||OH||54||Y||II,5,5,27.774937425280324,-2.3435313189203946,30.11846874420072,27310.0,-2358.2,29668.2
Qwen3-8B,Qwen,15-1252.00||OR||33||Y||III,1,1,4.657247514390371,-8.424908424908425,13.082155939298797,7120.0,-12880.0,20000.0
Qwen3-8B,Qwen,15-1252.00||PA||33||Y||II,1,1,28.319677584928616,22.900450634985663,5.419226949942953,29794.0,25155.0,4639.0
Qwen3-8B,Qwen,15-1252.00||PA||33||Y||III,1,1,17.17932621887424,17.17932621887424,0.0,20525.0,20525.0,0.0
Qwen3-8B,Qwen,15-1252.00||PA||33||Y||IV,1,1,-0.5356863748099521,-31.963045190861564,31.427358816051612,-754.0,-44630.0,43876.0
Qwen3-8B,Qwen,15-1252.00||PA||54||Y||IV,1,1,-0.5356863748099521,-4.160790810388971,3.6251044355790185,-754.0,-6078.0,5324.0
Qwen3-8B,Qwen,15-1252.00||SC||52||Y||III,1,1,4.840642223819794,-13.53102870769847,18.371670931518263,6464.0,-14866.0,21330.0
Qwen3-8B,Qwen,15-1252.00||TN||54||Y||II,1,1,-8.06510925735963,35.48299688389107,-43.5481061412507,-8334.0,36666.0,-45000.0
Qwen3-8B,Qwen,15-1252.00||TN||54||Y||III,1,1,15.941531115271646,-22.205753498693877,38.147284613965525,18562.0,-27117.0,45679.0
Qwen3-8B,Qwen,15-1252.00||TN||55||Y||III,1,1,14.64415273876692,-22.205753498693877,36.8499062374608,17883.0,-27117.0,45000.0
Qwen3-8B,Qwen,15-1252.00||TX||22||Y||III,1,1,9.514459819926937,9.514459819926937,0.0,12163.0,12163.0,0.0
Qwen3-8B,Qwen,15-1252.00||TX||33||Y||III,1,1,9.514459819926937,0.021486097013432515,9.492973722913504,12163.0,29.0,12134.0
Qwen3-8B,Qwen,15-1252.00||TX||33||Y||IV,2,2,-14.399266279425252,-14.399266279425252,0.0,-23550.0,-23550.0,0.0
Qwen3-8B,Qwen,15-1252.00||TX||44||Y||IV,2,2,-17.33096926607604,-15.9278508101498,-1.4031184559262382,-25889.5,-26050.0,160.5
Qwen3-8B,Qwen,15-1252.00||TX||48||Y||II,1,1,23.978286088750743,-2.588489501695846,26.56677559044659,27077.0,-2923.0,30000.0
Qwen3-8B,Qwen,15-1252.00||TX||51||Y||I,1,1,81.58820803746978,7.023093205222727,74.56511483224706,65149.0,5906.0,59243.0
Qwen3-8B,Qwen,15-1252.00||TX||51||Y||II,1,1,41.689469815715135,17.64295797967827,24.046511836036867,47077.0,20246.0,26831.0
Qwen3-8B,Qwen,15-1252.00||TX||51||Y||III,2,2,7.430485067162576,5.044376522614924,2.3861085445476515,10029.0,6485.0,3544.0
Qwen3-8B,Qwen,15-1252.00||TX||51||Y||IV,7,7,-0.41807266638265217,-6.19665150811321,5.778578841730559,-791.1428571428571,-9932.0,9140.857142857143
Qwen3-8B,Qwen,15-1252.00||TX||52||Y||I,1,1,63.96514569474375,49.410657960267834,14.554487734475913,54616.0,44645.0,9971.0
Qwen3-8B,Qwen,15-1252.00||TX||52||Y||II,1,1,5.5532099286682515,23.978286088750743,-18.42507616008249,4998.0,27077.0,-22079.0
Qwen3-8B,Qwen,15-1252.00||TX||52||Y||III,4,4,-6.367254863130478,8.868825547412795,-15.236080410543273,-7993.0,11802.25,-19795.25
Qwen3-8B,Qwen,15-1252.00||TX||52||Y||IV,5,5,1.2374882695988767,-7.219507324195004,8.45699559379388,1791.4,-11485.8,13277.199999999999
Qwen3-8B,Qwen,15-1252.00||TX||54||Y||I,5,5,53.30879583879746,47.55881494679285,5.749980892004608,47572.6,41933.0,5639.5999999999985
Qwen3-8B,Qwen,15-1252.00||TX||54||Y||II,16,16,25.138776223763614,17.190864120687245,7.947912103076369,27872.3125,19306.1875,8566.125
Qwen3-8B,Qwen,15-1252.00||TX||54||Y||III,4,4,10.81472306987982,-2.6301803357959335,13.444903405675753,14455.0,-2117.0,16572.0
Qwen3-8B,Qwen,15-1252.00||TX||54||Y||IV,6,6,-4.169757041349393,-12.916019458330352,8.746262416980958,-6628.5,-20737.833333333332,14109.333333333332
Qwen3-8B,Qwen,15-1252.00||TX||55||Y||III,1,1,3.725985582088004,3.725985582088004,0.0,5029.0,5029.0,0.0
Qwen3-8B,Qwen,15-1252.00||TX||55||Y||IV,2,2,-6.243570005150402,4.367376986118829,-10.61094699126923,-10274.0,6610.5,-16884.5
Qwen3-8B,Qwen,15-1252.00||TX||92||Y||II,1,1,27.387332981052314,19.550490157009644,7.8368428240426695,29024.0,22077.0,6947.0
Qwen3-8B,Qwen,15-1252.00||UT||54||Y||III,2,2,16.67519399123855,-3.6635254583972543,20.338719449635803,21445.5,-5688.0,27133.5
Qwen3-8B,Qwen,15-1252.00||VA||54||Y||I,2,2,38.038473294485364,26.268225488755238,11.770247805730126,38579.0,24603.0,13976.0
Qwen3-8B,Qwen,15-1252.00||VA||54||Y||II,1,1,25.68545121076985,7.0663811563169165,18.619070054452934,27589.0,8910.0,18679.0
Qwen3-8B,Qwen,15-1252.00||VA||54||Y||III,1,1,6.130354608047334,-10.452513299460062,16.582867907507396,9242.0,-15758.0,25000.0
Qwen3-8B,Qwen,15-1252.00||VA||81||Y||III,2,2,-7.135939717958583,-10.732210010580848,3.5962702926222656,-10758.0,-13482.0,2724.0
Qwen3-8B,Qwen,15-1252.00||WA||33||Y||III,2,2,-16.994078910962315,-11.485628178208842,-5.508450732753474,-30710.0,-19786.0,-10924.0
Qwen3-8B,Qwen,15-1252.00||WA||33||Y||IV,6,6,-23.16750858347091,-26.309169202440884,3.1416606189699756,-48582.666666666664,-55249.333333333336,6666.6666666666715
Qwen3-8B,Qwen,15-1252.00||WA||44||Y||III,1,1,-11.460350838359803,-11.460350838359803,0.0,-20710.0,-20710.0,0.0
Qwen3-8B,Qwen,15-1252.00||WA||45||Y||III,2,2,-11.460350838359803,-8.693486802058548,-2.7668640363012553,-20710.0,-15710.0,-5000.0
Qwen3-8B,Qwen,15-1252.00||WA||45||Y||IV,3,3,-24.600145144720596,-24.8765326411912,0.2763874964706048,-52202.0,-51630.0,-572.0
Qwen3-8B,Qwen,15-1252.00||WA||51||Y||II,3,3,0.5092468507102653,10.329224933465198,-9.819978082754933,760.0,14753.666666666666,-13993.666666666666
Qwen3-8B,Qwen,15-1252.00||WA||51||Y||III,3,3,-15.149502886761477,-10.538062826259385,-4.611440060502092,-27376.666666666668,-19043.333333333332,-8333.333333333336
Qwen3-8B,Qwen,15-1252.00||WA||51||Y||IV,11,11,-24.24711528662576,-25.028553410943776,0.7814381243180151,-51136.90909090909,-53111.09090909091,1974.1818181818235
Qwen3-8B,Qwen,15-1252.00||WA||52||Y||I,1,1,14.650655207262906,23.143296333726827,-8.492641126463921,17251.0,27251.0,-10000.0
Qwen3-8B,Qwen,15-1252.00||WA||52||Y||II,1,1,7.209863307424283,-6.191369606003752,13.401232913428036,10760.0,-9240.0,20000.0
Qwen3-8B,Qwen,15-1252.00||WA||52||Y||III,2,2,-18.377510929112944,-11.460350838359803,-6.917160090753141,-33210.0,-20710.0,-12500.0
Qwen3-8B,Qwen,15-1252.00||WA||52||Y||IV,1,1,-24.600145144720596,-29.312636073175558,4.712490928454962,-52202.0,-62202.0,10000.0
Qwen3-8B,Qwen,15-1252.00||WA||54||Y||II,4,4,6.863443403950145,0.4559141600447393,6.4075292439054055,9250.5,1752.75,7497.75
Qwen3-8B,Qwen,15-1252.00||WA||54||Y||III,1,1,-19.760942947263572,-2.356861261305245,-17.404081685958328,-35710.0,-3862.0,-31848.0
Qwen3-8B,Qwen,15-1252.00||WA||54||Y||IV,4,4,-26.95639060894808,-18.302049660009093,-8.654340948938987,-57202.0,-38916.0,-18286.0
Qwen3-8B,Qwen,15-1252.00||WA||56||Y||III,2,2,-11.460350838359803,-11.460350838359803,0.0,-20710.0,-20710.0,0.0
Qwen3-8B,Qwen,15-1252.00||WI||33||Y||IV,1,1,6.566798352781774,-27.971916629388975,34.538714982170745,8627.0,-36893.0,45520.0
Qwen3-8B,Qwen,15-1252.00||WI||54||Y||II,1,1,-3.153130192776243,37.62449919973902,-40.777629392515266,-3093.0,36907.0,-40000.0
Qwen3-8B,Qwen,15-1252||CA||54||Y||I,1,1,9.35908739841566,32.052586274356365,-22.693498875940705,13693.0,32768.0,-19075.0
Qwen3-8B,Qwen,15-1252||CA||54||Y||II,1,1,-25.429181691798806,-14.776207647770066,-10.65297404402874,-47741.0,-27741.0,-20000.0
Qwen3-8B,Qwen,15-1252||CA||54||Y||III,1,1,-29.246743139145124,-29.246743139145124,0.0,-66138.0,-66138.0,0.0
Qwen3-8B,Qwen,15-1253.00||CA||33||Y||IV,2,2,-13.504088455875685,-30.366619747031876,16.86253129115619,-21876.0,-61053.0,39177.0
Qwen3-8B,Qwen,15-1253.00||CA||54||Y||I,1,1,48.679934580828785,19.170572813219987,29.509361767608798,45838.0,16891.0,28947.0
Qwen3-8B,Qwen,15-1253.00||IL||54||Y||II,1,1,7.846698755789665,19.19898283534647,-11.352284079556807,6912.0,16912.0,-10000.0
Qwen3-8B,Qwen,15-1253.00||MI||33||Y||IV,2,2,16.268447234887176,-16.95110911793773,33.21955635282491,19589.0,-20411.0,40000.0
Qwen3-8B,Qwen,15-1253.00||MN||54||Y||IV,1,1,8.101182707013765,-23.928797354323645,32.02998006133741,10117.0,-29883.0,40000.0
Qwen3-8B,Qwen,15-1255.00||CA||51||Y||IV,1,1,-14.329926163105112,-25.038685392716975,10.708759229611863,-26763.0,-46763.0,20000.0
Qwen3-8B,Qwen,15-1295.00||OH||62||Y||I,1,1,29.71585400821989,29.71585400821989,0.0,21763.0,21763.0,0.0
Qwen3-8B,Qwen,15-1299.00||CA||54||Y||IV,1,1,-13.97571964687033,-13.97571964687033,0.0,-25994.0,-25994.0,0.0
Qwen3-8B,Qwen,15-1299.00||MA||54||Y||II,1,1,54.69442326604126,76.79362658976144,-22.099203323720182,49499.0,69499.0,-20000.0
Qwen3-8B,Qwen,15-1299.00||NC||33||Y||IV,1,1,-0.5646507333357008,-11.144960649911145,10.580309916575445,-795.0,-17560.0,16765.0
Qwen3-8B,Qwen,15-1299.00||NJ||54||Y||II,1,1,47.86337424220021,47.86337424220021,0.0,45318.0,45318.0,0.0
Qwen3-8B,Qwen,15-1299.00||TX||54||Y||IV,1,1,7.209863307424283,10.872427413207678,-3.662564105783395,10760.0,15690.0,-4930.0
Qwen3-8B,Qwen,15-1299.08||CA||33||Y||IV,1,1,-28.296779629115093,-20.525722346676734,-7.77105728243836,-63142.0,-41323.0,-21819.0
Qwen3-8B,Qwen,15-1299.08||CA||51||Y||III,1,1,-11.745075651017965,-11.745075651017965,0.0,-21293.0,-21293.0,0.0
Qwen3-8B,Qwen,15-1299.08||CA||54||Y||II,3,3,24.942088195319688,28.925182533234935,-3.9830943379152473,29975.666666666668,29159.0,816.6666666666679
Qwen3-8B,Qwen,15-1299.08||CA||54||Y||IV,2,2,-21.136249637992712,12.518460558590146,-33.654710196582855,-44568.0,17738.5,-62306.5
Qwen3-8B,Qwen,15-1299.08||NJ||54||Y||II,1,1,68.98671341965738,47.86337424220021,21.12333917745717,65318.0,45318.0,20000.0
Qwen3-8B,Qwen,15-1299.08||NY||52||Y||IV,1,1,0.6453885541031867,0.6453885541031867,0.0,1026.0,1026.0,0.0
Qwen3-8B,Qwen,15-1299.08||TN||44||Y||IV,1,1,49.17421417155035,49.17421417155035,0.0,46150.0,46150.0,0.0
Qwen3-8B,Qwen,15-1299.08||TX||54||Y||III,1,1,43.03338041515439,22.4083203890052,20.62506002614919,48138.0,26544.0,21594.0
Qwen3-8B,Qwen,15-1299.09||CA||51||Y||III,2,2,-11.745075651017965,-17.26100842282934,5.515932771811377,-21293.0,-31293.0,10000.0
Qwen3-8B,Qwen,15-1299.09||CA||51||Y||IV,1,1,-13.97571964687033,42.793395805444,-56.76911545231433,-25994.0,47950.0,-73944.0
Qwen3-8B,Qwen,15-1299.09||CA||52||Y||IV,1,1,-28.296779629115093,-13.97571964687033,-14.321059982244764,-63142.0,-25994.0,-37148.0
Qwen3-8B,Qwen,15-1299.09||CA||54||Y||III,2,2,6.379442172800107,-2.682816739108929,9.062258911909035,9595.0,-5849.0,15444.0
Qwen3-8B,Qwen,15-1299.09||CO||51||Y||III,1,1,9.425438287960857,15.961449260423645,-6.536010972462789,12059.0,18582.0,-6523.0
Qwen3-8B,Qwen,15-1299.09||GA||52||Y||II,1,1,61.95268667939152,67.9710343283025,-6.018347648910975,53555.0,54629.0,-1074.0
Qwen3-8B,Qwen,15-1299.09||GA||52||Y||IV,1,1,22.54714235382424,7.228749559596207,15.318392794228032,29438.0,9438.0,20000.0
Qwen3-8B,Qwen,15-1299.09||GA||54||Y||III,1,1,29.01561088891756,29.01561088891756,0.0,31486.0,31486.0,0.0
Qwen3-8B,Qwen,15-1299.09||IL||33||Y||III,1,1,30.06317354143441,-21.033073206986252,51.09624674842066,32360.0,-22640.0,55000.0
Qwen3-8B,Qwen,15-1299.09||MA||54||Y||III,1,1,38.375984847829656,-26.487758049590493,64.86374289742015,44373.0,-30627.0,75000.0
Qwen3-8B,Qwen,15-1299.09||NJ||52||Y||IV,1,1,0.6453885541031867,-11.935285015159712,12.580673569262899,1026.0,-18974.0,20000.0
Qwen3-8B,Qwen,15-1299.09||NJ||54||Y||III,2,2,37.63322466043303,13.440418550061688,24.192806110371343,43749.0,15965.5,27783.5
Qwen3-8B,Qwen,15-1299.09||NY||51||Y||IV,1,1,0.6453885541031867,-11.935285015159712,12.580673569262899,1026.0,-18974.0,20000.0
Qwen3-8B,Qwen,15-1299.09||NY||52||Y||IV,2,2,2.5945602519872337,-11.935285015159712,14.529845267146946,3990.0,-18974.0,22964.0
Qwen3-8B,Qwen,15-1299.09||NY||54||Y||IV,1,1,0.6453885541031867,0.6453885541031867,0.0,1026.0,1026.0,0.0
Qwen3-8B,Qwen,15-1299.09||TX||22||Y||IV,1,1,-0.003571301024963394,-6.191369606003752,6.187798304978789,-5.0,-9240.0,9235.0
Qwen3-8B,Qwen,15-1299.09||TX||54||Y||III,1,1,16.731841945086007,13.96636725872898,2.7654746863570274,20067.0,16544.0,3523.0
Qwen3-8B,Qwen,15-1299.09||TX||54||Y||IV,1,1,-2.986626013443282,-0.003571301024963394,-2.983054712418318,-4310.0,-5.0,-4305.0
Qwen3-8B,Qwen,15-1299.09||WA||51||Y||II,1,1,43.26940788800426,25.504258180188256,17.765149707816004,42282.0,28450.0,13832.0
Qwen3-8B,Qwen,15-1299.09||WA||51||Y||IV,1,1,-4.2053836574384516,-10.19254717884855,5.987163521410098,-7024.0,-17024.0,10000.0
Qwen3-8B,Qwen,15-2021.00||NY||52||Y||IV,1,1,37.77794787400972,22.469286999119753,15.308660874889966,49355.0,29355.0,20000.0
Qwen3-8B,Qwen,15-2031.00||CA||51||Y||IV,5,5,7.8787083421268225,4.864518022581249,3.0141903195455733,11683.8,5291.4,6392.4
Qwen3-8B,Qwen,15-2031.00||CA||52||Y||IV,1,1,-20.513399767397107,-5.850072966193451,-14.663326801203656,-24517.0,-8699.0,-15818.0
Qwen3-8B,Qwen,15-2031.00||CA||54||Y||II,2,2,49.56038965573212,47.267296100939845,2.2930935547922786,48721.0,48007.5,713.5
Qwen3-8B,Qwen,15-2031.00||CA||54||Y||III,7,7,29.22289298539946,10.06607416628874,19.156818819110722,35332.142857142855,12744.42857142857,22587.714285714283
Qwen3-8B,Qwen,15-2031.00||CA||54||Y||IV,3,3,8.296895940220113,0.35458834262677996,7.942307597593333,12258.0,2350.0,9908.0
Qwen3-8B,Qwen,15-2031.00||GA||44||Y||III,2,2,61.15835460606303,45.10102658976312,16.057328016299905,51217.5,37299.0,13918.5
Qwen3-8B,Qwen,15-2031.00||GA||44||Y||IV,1,1,-2.823240589198036,7.405891980360066,-10.229132569558102,-2760.0,7240.0,-10000.0
Qwen3-8B,Qwen,15-2031.00||IL||52||Y||IV,1,1,8.607332201671749,8.607332201671749,0.0,10699.0,10699.0,0.0
Qwen3-8B,Qwen,15-2031.00||IL||54||Y||II,2,2,57.15216986403427,22.229465449804433,34.92270441422984,49096.0,19096.0,30000.0
Qwen3-8B,Qwen,15-2031.00||IL||54||Y||III,1,1,-19.12618218492512,-19.12618218492512,0.0,-20102.0,-20102.0,0.0
Qwen3-8B,Qwen,15-2031.00||MA||54||Y||II,2,2,64.68001142279938,22.58621897401172,42.09379244878766,52871.5,19346.0,33525.5
Qwen3-8B,Qwen,15-2031.00||MO||54||Y||IV,1,1,33.230132849475325,20.541548768572916,12.688584080902409,26189.0,16189.0,10000.0
Qwen3-8B,Qwen,15-2031.00||NC||52||Y||IV,2,2,-1.498859028450413,14.468864468864469,-15.967723497314882,-1826.0,15484.0,-17310.0
Qwen3-8B,Qwen,15-2031.00||NC||54||Y||IV,1,1,4.922357455482943,-3.6843279193787133,8.606685374861655,6568.0,-3634.0,10202.0
Qwen3-8B,Qwen,15-2031.00||NJ||52||Y||II,1,1,75.30404294949052,75.30404294949052,0.0,68730.0,68730.0,0.0
Qwen3-8B,Qwen,15-2031.00||NJ||54||Y||I,1,1,96.02433605831361,40.01473839351511,56.0095976647985,66131.0,27150.0,38981.0
Qwen3-8B,Qwen,15-2031.00||NJ||54||Y||III,1,1,-11.855072950420578,15.72830300976251,-27.583375960183087,-14122.0,19027.0,-33149.0
Qwen3-8B,Qwen,15-2031.00||NJ||54||Y||IV,1,1,11.823207508928384,-2.1546934296876636,13.977900938616047,16917.0,-3083.0,20000.0
Qwen3-8B,Qwen,15-2031.00||NY||54||Y||III,1,1,15.72830300976251,17.729135780936602,-2.0008327711740925,19027.0,20330.0,-1303.0
Qwen3-8B,Qwen,15-2031.00||NY||54||Y||IV,1,1,8.833172350932564,-8.17201082890065,17.005183179833214,12986.0,-12014.0,25000.0
Qwen3-8B,Qwen,15-2031.00||PA||54||Y||IV,1,1,18.37421471391489,14.146564188417928,4.22765052549696,21731.0,16731.0,5000.0
Qwen3-8B,Qwen,15-2031.00||TN||54||Y||II,1,1,29.64827186479973,30.1863962873903,-0.5381244225905668,19438.0,19709.0,-271.0
Qwen3-8B,Qwen,15-2031.00||TX||42||Y||IV,1,1,-12.537516802003351,-12.537516802003351,0.0,-13618.0,-13618.0,0.0
Qwen3-8B,Qwen,15-2031.00||TX||52||Y||IV,1,1,5.746570789775817,5.746570789775817,0.0,7608.0,7608.0,0.0
Qwen3-8B,Qwen,15-2031.00||TX||54||Y||II,1,1,71.13659144806005,17.72620248906828,53.41038895899176,58194.0,15810.0,42384.0
Qwen3-8B,Qwen,15-2031.00||TX||54||Y||III,2,2,36.19072329675042,-14.415218848018961,50.60594214476938,35600.5,-14777.5,50378.0
Qwen3-8B,Qwen,15-2031.00||TX||54||Y||IV,1,1,5.746570789775817,-20.024373524259275,25.77094431403509,7608.0,-26290.0,33898.0
Qwen3-8B,Qwen,15-2031.00||VA||44||Y||III,1,1,11.788049857470236,-16.158962606897322,27.94701246436756,14763.0,-20237.0,35000.0
Qwen3-8B,Qwen,15-2031.00||WA||45||Y||I,1,1,97.21087477109452,33.82166502324271,63.389209747851815,69010.0,24010.0,45000.0
Qwen3-8B,Qwen,15-2031.00||WA||51||Y||IV,2,2,14.723630773466718,5.1633282090111585,9.56030256445556,19251.0,6751.0,12500.0
Qwen3-8B,Qwen,15-2031.00||WA||52||Y||III,1,1,31.53691489561606,-5.253469527711104,36.79038442332717,33566.0,-5822.0,39388.0
Qwen3-8B,Qwen,15-2031.00||WA||54||Y||III,1,1,44.37566548158308,21.816967750085723,22.558697731497354,49178.0,24178.0,25000.0
Qwen3-8B,Qwen,15-2031||MA||54||Y||II,2,2,-0.7635370210381301,63.448291965348965,-64.21182898638709,-654.0,54346.0,-55000.0
Qwen3-8B,Qwen,15-2041.00||CA||33||Y||IV,1,1,-18.09740266388198,-28.335227330896732,10.237824667014753,-35354.0,-55354.0,20000.0
Qwen3-8B,Qwen,15-2041.00||CA||52||Y||IV,1,1,19.2419194967991,-21.442759828071868,40.68467932487097,25819.0,-38214.0,64033.0
Qwen3-8B,Qwen,15-2041.00||CA||54||Y||II,3,3,39.500138695104035,32.8910195202142,6.609119174889834,39159.0,33413.0,5746.0
Qwen3-8B,Qwen,15-2041.00||CA||54||Y||III,3,3,10.346710062921078,-4.549203692719375,14.895913755640454,14326.666666666666,-7931.333333333333,22258.0
Qwen3-8B,Qwen,15-2041.00||FL||52||Y||II,2,2,35.18562214881233,19.46817811709047,15.717444031721858,35788.0,19713.0,16075.0
Qwen3-8B,Qwen,15-2041.00||IL||52||Y||IV,1,1,1.443394585821112,17.529529294235175,-16.086134708414065,1992.0,23864.0,-21872.0
Qwen3-8B,Qwen,15-2041.00||NC||54||Y||III,1,1,16.190000774600005,-4.11591320714514,20.305913981745146,18811.0,-5795.0,24606.0
Qwen3-8B,Qwen,15-2041.00||NJ||54||Y||II,1,1,19.5060416943301,21.816967750085723,-2.3109260557556226,22035.0,24178.0,-2143.0
Qwen3-8B,Qwen,15-2041.00||NJ||54||Y||III,1,1,-3.028959708532759,-6.492211147513732,3.463251438980973,-4373.0,-9373.0,5000.0
Qwen3-8B,Qwen,15-2041.00||NJ||54||Y||IV,1,1,-8.977648323766505,-20.35544228329569,11.377793959529185,-15781.0,-35781.0,20000.0
Qwen3-8B,Qwen,15-2041.00||NY||52||Y||II,1,1,23.9321913867127,23.9321913867127,0.0,27035.0,27035.0,0.0
Qwen3-8B,Qwen,15-2041.00||NY||52||Y||III,4,4,10.824046047391132,8.780367233617415,2.0436788137737167,15627.0,12678.0,2949.0
Qwen3-8B,Qwen,15-2041.00||NY||52||Y||IV,1,1,-8.41390048025461,-8.977648323766505,0.5637478435118961,-14699.0,-15781.0,1082.0
Qwen3-8B,Qwen,15-2041.00||NY||54||Y||II,1,1,19.5060416943301,41.63679015624309,-22.130748461912987,22035.0,47035.0,-25000.0
Qwen3-8B,Qwen,15-2041.00||NY||54||Y||III,1,1,10.824046047391132,-6.492211147513732,17.316257194904864,15627.0,-9373.0,25000.0
Qwen3-8B,Qwen,15-2041.00||TX||54||Y||I,1,1,99.82829568666924,24.926030639752778,74.90226504691645,67442.0,18955.0,48487.0
Qwen3-8B,Qwen,15-2041.00||TX||54||Y||IV,2,2,0.8231523594348749,-30.45898600239169,31.282138361826565,1020.5,-40478.5,41499.0
Qwen3-8B,Qwen,15-2041.00||WA||51||Y||IV,1,1,25.28188423953896,25.28188423953896,0.0,32288.0,32288.0,0.0
Qwen3-8B,Qwen,15-2041.01||CA||54||Y||III,1,1,14.366587801373829,-9.010554775646025,23.377142577019853,20099.0,-10398.0,30497.0
Qwen3-8B,Qwen,15-2051.00||CA||33||Y||I,1,1,35.23695446378547,13.331876209210643,21.905078254574832,36478.0,16469.0,20009.0
Qwen3-8B,Qwen,15-2051.00||CA||33||Y||II,1,1,4.51505016722408,-19.68055810537911,24.195608272603188,6048.0,-34304.0,40352.0
Qwen3-8B,Qwen,15-2051.00||CA||33||Y||IV,1,1,-11.843232078988464,0.7505919097274697,-12.593823988715934,-18808.0,1192.0,-20000.0
Qwen3-8B,Qwen,15-2051.00||CA||45||Y||I,1,1,29.827534370131467,19.361246813481,10.466287556650467,21826.0,22709.0,-883.0
Qwen3-8B,Qwen,15-2051.00||CA||45||Y||II,1,1,-16.812006609142646,-5.850072966193451,-10.961933642949194,-29304.0,-8699.0,-20605.0
Qwen3-8B,Qwen,15-2051.00||CA||45||Y||III,2,2,-5.638705494079641,-8.76078903669641,3.1220835426167692,-9022.5,-14403.0,5380.5
Qwen3-8B,Qwen,15-2051.00||CA||51||Y||I,1,1,36.41285350112114,46.99965957973571,-10.586806078614572,42709.0,30374.0,12335.0
Qwen3-8B,Qwen,15-2051.00||CA||51||Y||II,1,1,19.445771619684663,19.445771619684663,0.0,26048.0,26048.0,0.0
Qwen3-8B,Qwen,15-2051.00||CA||51||Y||IV,1,1,-17.878809653345925,-17.878809653345925,0.0,-34834.0,-34834.0,0.0
Qwen3-8B,Qwen,15-2051.00||CA||52||Y||II,1,1,24.61253290549697,4.51505016722408,20.097482738272888,31602.0,6048.0,25554.0
Qwen3-8B,Qwen,15-2051.00||CA||52||Y||III,3,3,0.7042508960135572,-2.6781749724761714,3.3824258684897286,308.0,-4403.0,4711.0
Qwen3-8B,Qwen,15-2051.00||CA||52||Y||IV,2,2,-17.878809653345925,-13.567802872752564,-4.311006780593361,-34834.0,-23846.5,-10987.5
Qwen3-8B,Qwen,15-2051.00||CA||54||Y||I,1,1,54.5565193871834,24.518310745274857,30.038208641908543,56478.0,18706.0,37772.0
Qwen3-8B,Qwen,15-2051.00||CA||54||Y||II,3,3,19.445771619684663,25.720620087558775,-6.274848467874111,26048.0,30312.666666666668,-4264.666666666668
Qwen3-8B,Qwen,15-2051.00||CA||54||Y||IV,1,1,0.5663140560280078,-40.179336053599314,40.74565010962732,901.0,-63808.0,64709.0
Qwen3-8B,Qwen,15-2051.00||CA||56||Y||III,1,1,-2.6781749724761714,7.469102632993015,-10.147277605469187,-4403.0,9730.0,-14133.0
Qwen3-8B,Qwen,15-2051.00||CA||61||Y||I,1,1,30.383464631769648,38.52839102919304,-8.14492639742339,22138.0,26422.0,-4284.0
Qwen3-8B,Qwen,15-2051.00||CO||33||Y||IV,1,1,3.693718382674261,-47.867792722343864,51.56151110501813,4987.0,-87229.0,92216.0
Qwen3-8B,Qwen,15-2051.00||CT||52||Y||IV,1,1,-3.8051917712212617,-20.35544228329569,16.550250512074427,-5538.0,-35781.0,30243.0
Qwen3-8B,Qwen,15-2051.00||DC||54||Y||II,1,1,20.753154676165916,-9.435133992875564,30.18828866904148,24061.0,-10939.0,35000.0
Qwen3-8B,Qwen,15-2051.00||DE||52||Y||I,1,1,14.951855458184571,82.57059396299903,-67.61873850481446,11056.0,61056.0,-50000.0
Qwen3-8B,Qwen,15-2051.00||GA||52||Y||II,1,1,43.65675612403431,48.42014995932188,-4.763393835287573,41026.0,44042.0,-3016.0
Qwen3-8B,Qwen,15-2051.00||GA||52||Y||IV,1,1,3.2958762810533226,3.2958762810533226,0.0,4467.0,4467.0,0.0
Qwen3-8B,Qwen,15-2051.00||GA||54||Y||III,1,1,26.35725116335814,22.000104571518204,4.3571465918399355,30246.0,25246.0,5000.0
Qwen3-8B,Qwen,15-2051.00||IL||51||Y||III,1,1,17.097977550644874,-9.742637578008148,26.84061512865302,20442.0,-11334.0,31776.0
Qwen3-8B,Qwen,15-2051.00||IL||52||Y||II,1,1,43.65675612403431,44.43710795642126,-0.7803518323869483,41026.0,43072.0,-2046.0
Qwen3-8B,Qwen,15-2051.00||IL||52||Y||IV,1,1,-1.554039800295338,12.509668799662471,-14.06370859995781,-2210.0,17790.0,-20000.0
Qwen3-8B,Qwen,15-2051.00||IL||54||Y||I,1,1,88.56328742632064,27.899618993766577,60.66366843255406,63406.0,20723.0,42683.0
Qwen3-8B,Qwen,15-2051.00||IL||54||Y||II,2,2,21.224001320567844,39.2786398151205,-18.054638494552655,20572.0,38072.0,-17500.0
Qwen3-8B,Qwen,15-2051.00||IL||54||Y||IV,2,2,-1.554039800295338,-1.554039800295338,0.0,-2210.0,-2210.0,0.0
Qwen3-8B,Qwen,15-2051.00||IL||55||Y||III,1,1,17.097977550644874,-12.176516837016344,29.274494387661218,20442.0,-14558.0,35000.0
Qwen3-8B,Qwen,15-2051.00||IL||61||Y||I,1,1,107.89060334472882,30.89408358742185,76.99651975730697,70062.0,20062.0,50000.0
Qwen3-8B,Qwen,15-2051.00||IL||81||Y||III,1,1,17.097977550644874,17.097977550644874,0.0,20442.0,20442.0,0.0
Qwen3-8B,Qwen,15-2051.00||IN||33||Y||III,1,1,-1.0550654598856404,40.605959609636194,-41.661025069521834,-1013.0,38987.0,-40000.0
Qwen3-8B,Qwen,15-2051.00||MA||32||Y||IV,2,2,-10.384850713521999,3.220015264020578,-13.604865977542577,-16803.0,4717.5,-21520.5
Qwen3-8B,Qwen,15-2051.00||MA||44||Y||III,1,1,5.113595174923521,15.98741536543285,-10.87382019050933,7054.0,22054.0,-15000.0
Qwen3-8B,Qwen,15-2051.00||MA||51||Y||III,1,1,1.4889884447537443,1.4889884447537443,0.0,2054.0,2054.0,0.0
Qwen3-8B,Qwen,15-2051.00||MA||52||Y||II,1,1,40.242619732136596,40.242619732136596,0.0,45912.0,45912.0,0.0
Qwen3-8B,Qwen,15-2051.00||MA||52||Y||IV,2,2,-1.1143180287139298,-7.2946731519193095,6.18035512320538,-1803.0,-11803.0,10000.0
Qwen3-8B,Qwen,15-2051.00||MA||61||Y||I,1,1,21.101213703275114,88.37966576065018,-67.27845205737506,15682.0,65682.0,-50000.0
Qwen3-8B,Qwen,15-2051.00||MA||62||Y||I,1,1,27.82905890901262,14.373368497537609,13.455690411475011,20682.0,10682.0,10000.0
Qwen3-8B,Qwen,15-2051.00||MA||62||Y||II,1,1,85.13375914097936,61.99203924835694,23.141719892622426,73576.0,53576.0,20000.0
Qwen3-8B,Qwen,15-2051.00||MI||54||Y||II,1,1,20.160382489470155,14.240361721061113,5.920020768409042,15939.0,11842.0,4097.0
Qwen3-8B,Qwen,15-2051.00||NC||51||Y||III,1,1,3.9629121936944567,-34.54187010026645,38.50478229396091,5146.0,-44854.0,50000.0
Qwen3-8B,Qwen,15-2051.00||NC||52||Y||IV,1,1,-9.068471441004924,-9.068471441004924,0.0,-13962.0,-13962.0,0.0
Qwen3-8B,Qwen,15-2051.00||NC||54||Y||II,7,7,49.17999203757732,17.64788969776044,31.53210233981688,44323.57142857143,14784.714285714286,29538.85714285714
Qwen3-8B,Qwen,15-2051.00||NC||54||Y||III,1,1,20.036277630572794,-6.6384507317767145,26.67472836234951,22534.0,-7466.0,30000.0
Qwen3-8B,Qwen,15-2051.00||NC||54||Y||IV,1,1,16.198001394376018,-44.79157194632442,60.98957334070043,22304.0,-68962.0,91266.0
Qwen3-8B,Qwen,15-2051.00||NJ||52||Y||II,1,1,27.864390680512553,27.864390680512553,0.0,30509.0,30509.0,0.0
Qwen3-8B,Qwen,15-2051.00||NJ||52||Y||IV,1,1,-17.424103904070403,-17.424103904070403,0.0,-29541.0,-29541.0,0.0
Qwen3-8B,Qwen,15-2051.00||NJ||54||Y||II,6,6,26.799547844317527,-5.623902116764544,32.42344996108207,29405.333333333332,-6157.666666666667,35563.0
Qwen3-8B,Qwen,15-2051.00||NJ||54||Y||IV,3,3,-8.491705310639416,-9.459538114300866,0.9678328036614499,-14569.666666666666,-14627.0,57.33333333333394
Qwen3-8B,Qwen,15-2051.00||NV||52||Y||I,1,1,57.820416978154334,41.207741506769665,16.61267547138467,34805.0,24805.0,10000.0
Qwen3-8B,Qwen,15-2051.00||NY||51||Y||II,1,1,25.037957951520998,23.297805299065676,1.740152652455322,28034.0,25509.0,2525.0
Qwen3-8B,Qwen,15-2051.00||NY||51||Y||III,2,2,0.3541066334064485,-0.23734067635479092,0.5914473097612394,494.0,-338.0,832.0
Qwen3-8B,Qwen,15-2051.00||NY||52||Y||II,3,3,27.864390680512553,36.997561443406305,-9.133170762893752,30509.0,40509.0,-10000.0
Qwen3-8B,Qwen,15-2051.00||NY||52||Y||III,4,4,65.76347970696601,2.1461442518601355,63.617335455105874,91744.0,2994.0,88750.0
Qwen3-8B,Qwen,15-2051.00||NY||52||Y||IV,4,4,-11.525825611504002,-7.325345328688689,-4.200480282815313,-19541.0,-12457.0,-7084.0
Qwen3-8B,Qwen,15-2051.00||NY||54||Y||II,6,6,19.066237982373735,41.19547664930975,-22.12923866693601,20720.833333333332,37082.0,-16361.166666666668
Qwen3-8B,Qwen,15-2051.00||NY||54||Y||IV,2,2,-11.756254965423473,-5.627547318937602,-6.1287076464858705,-19957.0,-9541.0,-10416.0
Qwen3-8B,Qwen,15-2051.00||NY||62||Y||II,1,1,27.864390680512553,27.864390680512553,0.0,30509.0,30509.0,0.0
Qwen3-8B,Qwen,15-2051.00||OH||42||Y||III,2,2,33.547008547008545,-16.80532445923461,50.35233300624316,34540.0,-17170.0,51710.0
Qwen3-8B,Qwen,15-2051.00||OH||52||Y||IV,1,1,17.897715310702587,11.918523315026661,5.979191995675926,21253.0,14909.0,6344.0
Qwen3-8B,Qwen,15-2051.00||PA||48||Y||III,1,1,14.327331854135261,-28.016124388137058,42.34345624227232,16918.0,-33082.0,50000.0
Qwen3-8B,Qwen,15-2051.00||PA||54||Y||I,1,1,89.33246781348048,14.951855458184571,74.38061235529591,66056.0,11056.0,55000.0
Qwen3-8B,Qwen,15-2051.00||PA||54||Y||II,2,2,54.71151712544996,14.567818941185047,40.14369818426491,48028.5,13987.0,34041.5
Qwen3-8B,Qwen,15-2051.00||PA||61||Y||I,1,1,104.04593948580423,65.18004625041296,38.86589323539127,53541.0,33541.0,20000.0
Qwen3-8B,Qwen,15-2051.00||TX||33||Y||IV,2,2,-1.0142325536198107,6.3854972081339385,-7.399729761753749,-1442.5,9090.5,-10533.0
Qwen3-8B,Qwen,15-2051.00||TX||42||Y||III,2,2,15.087823451270516,27.811847560828117,-12.7240241095576,18288.5,32709.0,-14420.5
Qwen3-8B,Qwen,15-2051.00||TX||42||Y||IV,2,2,-5.876658083514297,-14.931942595981031,9.055284512466734,-8741.0,-19925.5,11184.5
Qwen3-8B,Qwen,15-2051.00||TX||45||Y||II,2,2,34.543896191909425,22.35250015619468,12.191396035714746,34661.0,21466.0,13195.0
Qwen3-8B,Qwen,15-2051.00||TX||51||Y||II,1,1,39.52700345827644,45.295649740620355,-5.768646282343916,39661.0,42086.0,-2425.0
Qwen3-8B,Qwen,15-2051.00||TX||52||Y||II,3,3,42.51443152674258,45.78170231376387,-3.267270787021296,40688.333333333336,43966.0,-3277.6666666666642
Qwen3-8B,Qwen,15-2051.00||TX||52||Y||III,3,3,21.958399569360683,24.31694258034179,-2.3585430109811085,26107.0,28716.666666666668,-2609.666666666668
Qwen3-8B,Qwen,15-2051.00||TX||52||Y||IV,5,5,-1.2505907330732933,-2.9105966480396903,1.660005914966397,-1773.0,-3361.8,1588.8000000000002
Qwen3-8B,Qwen,15-2051.00||TX||54||Y||I,2,2,91.61520272566588,22.391193144016597,69.22400958164928,65438.5,15372.0,50066.5
Qwen3-8B,Qwen,15-2051.00||TX||54||Y||II,8,8,45.54348021366447,19.257764809630253,26.28571540403422,42178.0,18337.0,23841.0
Qwen3-8B,Qwen,15-2051.00||TX||54||Y||III,1,1,21.383229333381287,-5.590821629592332,26.97405096297362,23782.0,-6218.0,30000.0
Qwen3-8B,Qwen,15-2051.00||TX||54||Y||IV,3,3,-1.8943276825466853,-12.877256959986623,10.982929277439938,-2864.0,-19095.666666666668,16231.666666666668
Qwen3-8B,Qwen,15-2051.00||VA||52||Y||II,1,1,20.753154676165916,21.908270798905534,-1.1551161227396172,24061.0,24261.0,-200.0
Qwen3-8B,Qwen,15-2051.00||VA||52||Y||IV,1,1,-36.74973534757685,-4.110081626293016,-32.639653721283835,-55197.0,-6858.0,-48339.0
Qwen3-8B,Qwen,15-2051.00||WA||51||Y||I,1,1,40.45382190455383,45.65581530842619,-5.201993403872365,38883.0,43883.0,-5000.0
Qwen3-8B,Qwen,15-2051.00||WA||51||Y||III,1,1,-2.0340186870109354,-3.9652420407054914,1.931223353694556,-3322.0,-5987.0,2665.0
Qwen3-8B,Qwen,15-2051.00||WA||51||Y||IV,1,1,-26.363793331098854,-23.739384794722767,-2.6244085363760874,-51914.0,-43581.0,-8333.0
Qwen3-8B,Qwen,15-2051.00||WA||52||Y||III,1,1,-2.0340186870109354,-42.418946198973025,40.38492751196209,-3322.0,-62618.0,59296.0
Qwen3-8B,Qwen,15-2051.00||WA||54||Y||II,1,1,18.22926343168882,7.933913606611723,10.295349825077098,21586.0,10291.0,11295.0
Qwen3-8B,Qwen,15-2051.00||WA||54||Y||III,1,1,-2.0340186870109354,-8.156892519072752,6.122873832061817,-3322.0,-13322.0,10000.0
Qwen3-8B,Qwen,15-2051.00||WI||54||Y||II,1,1,43.56051341493242,1.0240649956931847,42.536448419239235,40963.0,963.0,40000.0
Qwen3-8B,Qwen,15-2051.01||AR||45||Y||III,1,1,22.93642430628732,-25.168810360158115,48.10523466644544,26120.0,-28589.0,54709.0
Qwen3-8B,Qwen,15-2051.01||AR||45||Y||IV,1,1,13.104259506413012,-35.907586279699295,49.0118457861123,17379.0,-47621.0,65000.0
Qwen3-8B,Qwen,15-2051.01||CA||51||Y||III,1,1,0.8560154309703609,-14.84340310091665,15.69941853188701,1358.0,-24403.0,25761.0
Qwen3-8B,Qwen,15-2051.01||CA||51||Y||IV,3,3,-25.918360565223793,-20.546148754964644,-5.372211810259149,-61839.333333333336,-39517.666666666664,-22321.66666666667
Qwen3-8B,Qwen,15-2051.01||CA||52||Y||II,1,1,19.445771619684663,19.445771619684663,0.0,26048.0,26048.0,0.0
Qwen3-8B,Qwen,15-2051.01||CA||54||Y||I,1,1,91.32478749282532,30.407063232935993,60.917724259889326,66826.0,31478.0,35348.0
Qwen3-8B,Qwen,15-2051.01||CA||54||Y||IV,3,3,-15.866950461893438,-15.866950461893438,0.0,-29492.0,-29492.0,0.0
Qwen3-8B,Qwen,15-2051.01||CT||54||Y||IV,1,1,15.154306771073237,-2.838553661906955,17.992860432980194,21056.0,-3944.0,25000.0
Qwen3-8B,Qwen,15-2051.01||MA||61||Y||II,1,1,-16.730944534043896,9.923169489956493,-26.65411402400039,-19088.0,8576.0,-27664.0
Qwen3-8B,Qwen,15-2051.01||NC||52||Y||IV,1,1,9.468631155583306,-31.80135358075369,41.269984736336994,11677.0,-48962.0,60639.0
Qwen3-8B,Qwen,15-2051.01||NC||54||Y||II,1,1,-0.7064030185253483,-10.162936064380077,9.456533045854728,-747.0,-10747.0,10000.0
Qwen3-8B,Qwen,15-2051.01||NJ||54||Y||II,1,1,23.297805299065676,27.864390680512553,-4.5665853814468775,25509.0,30509.0,-5000.0
Qwen3-8B,Qwen,15-2051.01||NY||52||Y||II,1,1,27.864390680512553,27.864390680512553,0.0,30509.0,30509.0,0.0
Qwen3-8B,Qwen,15-2051.01||NY||54||Y||II,2,2,27.864390680512553,10.821429572076651,17.042961108435904,30509.0,11771.5,18737.5
Qwen3-8B,Qwen,15-2051.01||TX||22||Y||IV,1,1,-0.07779657266842244,7.569533618840804,-7.647330191509226,-109.0,11259.0,-11368.0
Qwen3-8B,Qwen,15-2051.01||TX||33||Y||II,1,1,9.336276735322906,39.52700345827644,-30.190726722953535,8966.0,39661.0,-30695.0
Qwen3-8B,Qwen,15-2051.01||TX||33||Y||III,1,1,12.422709387296234,8.407612623464226,4.015096763832007,15470.0,10470.0,5000.0
Qwen3-8B,Qwen,15-2051.01||TX||51||Y||III,1,1,8.407612623464226,16.315136476426797,-7.907523852962571,10470.0,18936.0,-8466.0
Qwen3-8B,Qwen,15-2051.01||TX||51||Y||IV,1,1,12.856467733630522,1.4442657689475344,11.412201964682987,18227.0,1922.0,16305.0
Qwen3-8B,Qwen,15-2051.01||TX||54||Y||I,1,1,91.37709489569949,16.193236186674685,75.1838587090248,66846.0,11846.0,55000.0
Qwen3-8B,Qwen,15-2051.01||TX||55||Y||III,1,1,34.574785731708346,13.547475461128915,21.02731027057943,41107.0,16107.0,25000.0
Qwen3-8B,Qwen,15-2051.02||NY||54||Y||II,1,1,74.70752665907443,21.623168498168496,53.084358160905936,57728.0,15112.0,42616.0
Qwen3-8B,Qwen,15-2051.02||NY||62||Y||III,1,1,47.86337424220021,0.3541066334064485,47.50926760879376,45318.0,494.0,44824.0
Qwen3-8B,Qwen,17-2011.00||TX||54||Y||I,1,1,51.35462388375965,39.458487856781296,11.896136026978354,47502.0,38197.0,9305.0
Qwen3-8B,Qwen,17-2031.00||CA||33||Y||III,2,2,24.91880277819417,12.579471464896068,12.339331313298102,29922.0,15091.0,14831.0
Qwen3-8B,Qwen,17-2031.00||CA||54||Y||III,1,1,15.292049172058972,9.561025491198597,5.731023680860375,21222.0,11781.0,9441.0
Qwen3-8B,Qwen,17-2041.00||PA||32||Y||III,1,1,10.965896481148127,-29.40844275024707,40.3743392313952,13341.0,-35411.0,48752.0
Qwen3-8B,Qwen,17-2051.00||AZ||54||Y||II,1,1,25.16987339961376,13.248933075841022,11.920940323772738,21114.0,11114.0,10000.0
Qwen3-8B,Qwen,17-2061.00||CA||33||Y||IV,1,1,-21.59937279498236,-39.02173439609739,17.422361601115032,-49590.0,-89590.0,40000.0
Qwen3-8B,Qwen,17-2061.00||MA||54||Y||II,1,1,7.96221322537112,-2.1592442645074224,10.121457489878543,11800.0,-3200.0,15000.0
Qwen3-8B,Qwen,17-2061.00||TX||54||Y||II,1,1,19.396120952692602,13.925973434150787,5.470147518541815,21931.0,16502.0,5429.0
Qwen3-8B,Qwen,17-2071.00||CA||33||Y||II,1,1,26.044367617401324,4.433967894014442,21.610399723386884,28928.0,5944.0,22984.0
Qwen3-8B,Qwen,17-2071.00||CA||33||Y||IV,1,1,-14.80434284862329,1.7772858542294823,-16.581628702852772,-27803.0,2794.0,-30597.0
Qwen3-8B,Qwen,17-2071.00||CA||54||Y||II,1,1,-9.312652448558383,26.044367617401324,-35.35702006595971,-14890.0,28928.0,-43818.0
Qwen3-8B,Qwen,17-2071.00||IL||33||Y||IV,2,2,3.681060796405763,-17.90980701855294,21.590867814958703,3734.5,-22985.0,26719.5
Qwen3-8B,Qwen,17-2071.00||IL||54||Y||III,1,1,35.023375921956486,-13.749365804160325,48.77274172611681,41502.0,-13550.0,55052.0
Qwen3-8B,Qwen,17-2071.00||IN||32||Y||III,1,1,-14.88446686317902,20.95365235232455,-35.83811921550357,-16613.0,23387.0,-40000.0
Qwen3-8B,Qwen,17-2071.00||MI||33||Y||II,1,1,-0.9694568956530804,-0.9694568956530804,0.0,-930.0,-930.0,0.0
Qwen3-8B,Qwen,17-2071.00||MI||54||Y||I,1,1,3.8244023989544274,68.3186833738545,-64.49428097490006,3131.0,54795.0,-51664.0
Qwen3-8B,Qwen,17-2072.00||CA||33||Y||III,6,6,-13.516092573681382,-12.441979929581422,-1.0741126440999604,-25061.0,-19824.333333333332,-5236.666666666668
Qwen3-8B,Qwen,17-2072.00||CA||33||Y||IV,5,5,-15.878890752435202,-31.510335923291574,15.631445170856372,-32116.8,-68091.0,35974.2
Qwen3-8B,Qwen,17-2072.00||CA||54||Y||III,1,1,-14.196233214638122,-24.921704062808356,10.725470848170234,-26472.0,-46472.0,20000.0
Qwen3-8B,Qwen,17-2072.00||ID||33||Y||III,1,1,34.21274637625585,-8.927064958969247,43.1398113352251,35688.0,-9312.0,45000.0
Qwen3-8B,Qwen,17-2072.00||TX||33||Y||IV,1,1,-0.7314848708578661,-16.242190359786324,15.510705488928458,-1179.0,-26179.0,25000.0
Qwen3-8B,Qwen,17-2074.00||TN||54||Y||II,1,1,39.54581509445048,24.85678192661359,14.689033167836893,26922.0,16922.0,10000.0
Qwen3-8B,Qwen,17-2112.00||AR||45||Y||III,3,3,-6.494133260941695,-22.11227379710994,15.618140536168244,-7176.666666666667,-24165.0,16988.333333333332
Qwen3-8B,Qwen,17-2112.00||AR||45||Y||IV,1,1,19.218877911921094,11.27095271779302,7.947925194128073,24181.0,14181.0,10000.0
Qwen3-8B,Qwen,17-2112.00||CA||33||Y||III,2,2,-1.8628835095210219,11.31654229849568,-13.179425808016703,-2705.0,16251.0,-18956.0
Qwen3-8B,Qwen,17-2112.00||CA||33||Y||IV,2,2,3.818948763269549,-11.026218000516112,14.845166763785661,4489.0,-18605.0,23094.0
Qwen3-8B,Qwen,17-2112.00||CA||54||Y||III,1,1,10.189043077029028,10.189043077029028,0.0,14795.0,14795.0,0.0
Qwen3-8B,Qwen,17-2112.00||IN||33||Y||III,1,1,40.81107177341487,-17.488118289033622,58.29919006244849,40576.0,-15896.0,56472.0
Qwen3-8B,Qwen,17-2112.00||OH||32||Y||IV,1,1,-29.384398105840326,20.08508886296576,-49.46948696880608,-35370.0,23416.0,-58786.0
Qwen3-8B,Qwen,17-2112.00||TX||33||Y||IV,1,1,-7.754750630342538,12.874461024448609,-20.629211654791145,-11349.0,17109.0,-28458.0
Qwen3-8B,Qwen,17-2112.02||CA||33||Y||IV,1,1,-11.059314236643562,12.559533440733889,-23.618847677377452,-18030.0,17853.0,-35883.0
Qwen3-8B,Qwen,17-2112.02||IN||33||Y||IV,1,1,-15.304902351534476,-15.304902351534476,0.0,-15360.0,-15360.0,0.0
Qwen3-8B,Qwen,17-2141.00||CA||33||Y||III,1,1,32.6029122914612,-9.702469637455415,42.30538192891662,39339.0,-15043.0,54382.0
Qwen3-8B,Qwen,17-2141.00||CA||54||Y||IV,4,4,-10.851978892789308,-22.269638398977094,11.417659506187785,-19990.5,-37312.5,17322.0
Qwen3-8B,Qwen,17-2141.00||NY||33||Y||IV,1,1,3.5502958579881656,33.255917990500755,-29.70562213251259,4800.0,34939.0,-30139.0
Qwen3-8B,Qwen,17-2141.00||TN||33||Y||IV,1,1,-19.20532054225987,-15.689658592711618,-3.5156619495482513,-22582.0,-15818.0,-6764.0
Qwen3-8B,Qwen,17-2141.02||CA||33||Y||IV,1,1,-8.65337953949885,-20.071707097061495,11.418327557562645,-15157.0,-35157.0,20000.0
Qwen3-8B,Qwen,17-2141.02||MI||33||Y||II,1,1,54.84504816214946,1.4502039683048205,53.39484419384464,51358.0,1358.0,50000.0
Qwen3-8B,Qwen,17-2141.02||MI||33||Y||III,1,1,36.97129081744466,23.274161735700197,13.697129081744464,40488.0,25488.0,15000.0
Qwen3-8B,Qwen,17-2199.05||CA||33||Y||II,1,1,19.94902166579204,23.59125282908102,-3.642231163288983,26610.0,30541.0,-3931.0
Qwen3-8B,Qwen,17-2199.05||CA||51||Y||IV,1,1,-14.7857393934875,-14.7857393934875,0.0,-27762.0,-27762.0,0.0
Qwen3-8B,Qwen,17-2199.05||CA||54||Y||III,1,1,0.8693678642802656,-15.949233336935508,16.818601201215774,1379.0,-26566.0,27945.0
Qwen3-8B,Qwen,17-2199.08||CA||33||Y||IV,1,1,3.2664467951903653,-19.905087528721534,23.1715343239119,5061.0,-39763.0,44824.0
Qwen3-8B,Qwen,17-2199.08||CA||54||Y||III,1,1,-15.949233336935508,-11.739303118754767,-4.209930218180741,-26566.0,-18621.0,-7945.0
Qwen3-8B,Qwen,19-1013.00||NC||32||Y||III,1,1,11.259457053849577,37.43815283122595,-26.178695777376372,8602.0,28602.0,-20000.0
Qwen3-8B,Qwen,19-1029.00||TX||61||Y||II,1,1,116.00604816934874,61.26890166391561,54.73714650543314,75187.0,32293.0,42894.0
Qwen3-8B,Qwen,19-1029.01||CA||62||Y||II,1,1,64.08429244509037,42.160303512248,21.92398893284237,54678.0,47451.0,7227.0
Qwen3-8B,Qwen,19-1029.01||MA||32||Y||III,1,1,41.01388986815201,23.387153634633012,17.626736233519,46536.0,26536.0,20000.0
Qwen3-8B,Qwen,19-1029.01||MA||62||Y||III,1,1,-4.385876106592875,-4.385876106592875,0.0,-3899.0,-3899.0,0.0
Qwen3-8B,Qwen,19-1029.01||NC||54||Y||III,2,2,-7.460834158927852,3.9928430014065928,-11.453677160334445,-6853.0,5619.0,-12472.0
Qwen3-8B,Qwen,19-1029.01||NJ||32||Y||IV,1,1,16.812682519816438,-31.391099620123352,48.20378213993979,20150.0,-43466.0,63616.0
Qwen3-8B,Qwen,19-1029.01||TX||61||Y||I,1,1,134.309913912802,102.80587898453904,31.504034928262953,77384.0,43088.0,34296.0
Qwen3-8B,Qwen,19-1042.00||MA||62||Y||I,1,1,100.85795038808625,96.06195557796264,4.7959948101236165,70299.0,68594.0,1705.0
Qwen3-8B,Qwen,19-1042.00||NY||54||Y||I,1,1,59.69824636116139,59.69824636116139,0.0,39251.0,39251.0,0.0
Qwen3-8B,Qwen,19-3011.00||CA||51||Y||III,1,1,-6.503983598127409,-19.204666122901244,12.700682524773836,-9739.0,-24958.0,15219.0
Qwen3-8B,Qwen,25-1021.00||NV||61||Y||II,1,1,-13.521212737816665,-13.521212737816665,0.0,-13290.0,-13290.0,0.0
Qwen3-8B,Qwen,25-1021.00||NY||61||Y||I,2,2,60.91954022988506,37.93103448275862,22.98850574712644,39750.0,24750.0,15000.0
Qwen3-8B,Qwen,25-1021.00||VA||61||Y||I,1,1,57.260178228201994,53.59595229490423,3.6642259332977645,32770.0,29660.0,3110.0
Qwen3-8B,Qwen,25-1022.00||FL||61||Y||II,1,1,16.204355612670376,16.204355612670376,0.0,11853.0,11853.0,0.0
Qwen3-8B,Qwen,25-1071.00||NY||61||Y||II,1,1,-18.302878461915526,-18.302878461915526,0.0,-20163.0,-20163.0,0.0
Qwen3-8B,Qwen,25-9031.00||DC||61||Y||I,1,1,58.347157291509575,58.347157291509575,0.0,38690.0,38690.0,0.0
Qwen3-8B,Qwen,27-1024.00||CA||51||Y||IV,1,1,24.83420457205274,5.3288601076695015,19.50534446438324,31830.0,6830.0,25000.0
Qwen3-8B,Qwen,41-9031.00||CA||54||Y||I,1,1,46.13073220630006,-4.101706989615585,50.232439195915646,50509.0,-4491.0,55000.0
Qwen3-8B,Qwen,41-9031.00||TX||51||Y||IV,1,1,-16.116932995404404,-16.116932995404404,0.0,-26899.0,-26899.0,0.0
Qwen3-8B,Qwen,41-9031.00||TX||54||Y||IV,1,1,1.8433649047764538,-6.9740399430216,8.817404847798054,2715.0,-11995.0,14710.0
granite-4.1-30b,Granite,11-3021.00||AZ||52||Y||II,1,1,-7.898745297522476,-18.525813147808343,10.627067850285867,-11149.0,-26149.0,15000.0
granite-4.1-30b,Granite,11-3021.00||CA||33||Y||II,5,5,-22.649093525002066,-11.475990961474704,-11.173102563527362,-55232.4,-24908.0,-30324.4
granite-4.1-30b,Granite,11-3021.00||CA||45||Y||II,6,6,-19.675791040480338,-29.998957223175722,10.323166182695385,-47323.0,-73335.5,26012.5
granite-4.1-30b,Granite,11-3021.00||CA||51||Y||II,1,1,4.840642223819794,24.435684172278716,-19.59504194845892,9696.0,49093.0,-39397.0
granite-4.1-30b,Granite,11-3021.00||CA||51||Y||III,2,2,-11.040523562789621,-17.957607223096407,6.917083660306785,-24326.0,-42682.0,18356.0
granite-4.1-30b,Granite,11-3021.00||CA||51||Y||IV,1,1,-32.59393126767132,-23.485003060599876,-9.108928207071447,-89456.0,-64456.0,-25000.0
granite-4.1-30b,Granite,11-3021.00||CA||52||Y||II,1,1,-10.406307395959324,-14.585160903088786,4.178853507129462,-20907.0,-31590.0,10683.0
granite-4.1-30b,Granite,11-3021.00||CA||54||Y||I,1,1,9.667160168887426,-4.765105934814516,14.432266103701942,15867.0,-8506.0,24373.0
granite-4.1-30b,Granite,11-3021.00||CA||54||Y||II,1,1,3.1565917062100266,0.5457623982979614,2.6108293079120655,5202.0,1357.0,3845.0
granite-4.1-30b,Granite,11-3021.00||CA||54||Y||IV,2,2,-8.91071792928557,3.499743763931531,-12.410461693217101,-24456.0,-3178.5,-21277.5
granite-4.1-30b,Granite,11-3021.00||CT||54||Y||IV,1,1,28.547922665569725,-15.710856228327554,44.25877889389728,55520.0,-29450.0,84970.0
granite-4.1-30b,Granite,11-3021.00||FL||44||Y||IV,1,1,-13.157590026631672,-39.082852617583335,25.92526259095166,-27272.0,-73781.0,46509.0
granite-4.1-30b,Granite,11-3021.00||GA||42||Y||IV,1,1,-15.522703273495248,-20.215886424967735,4.693183151472487,-33075.0,-43075.0,10000.0
granite-4.1-30b,Granite,11-3021.00||IL||52||Y||II,1,1,-9.643159987211032,25.109470786938573,-34.75263077414961,-13874.0,36126.0,-50000.0
granite-4.1-30b,Granite,11-3021.00||IL||52||Y||IV,1,1,-11.233411743819627,-11.233411743819627,0.0,-22779.0,-22779.0,0.0
granite-4.1-30b,Granite,11-3021.00||IL||54||Y||II,1,1,45.961049251428335,-20.068949219455913,66.02999847088425,66126.0,-28874.0,95000.0
granite-4.1-30b,Granite,11-3021.00||MI||33||Y||II,1,1,1.5353596890116983,-6.890130353817504,8.425490042829203,2117.0,-8510.0,10627.0
granite-4.1-30b,Granite,11-3021.00||NC||52||Y||IV,1,1,-31.12188670927926,-21.938138270516493,-9.183748438762766,-67776.0,-47776.0,-20000.0
granite-4.1-30b,Granite,11-3021.00||NJ||54||Y||III,2,2,-3.864211552391769,-30.463530715166378,26.59931916277461,-8642.0,-67541.0,58899.0
granite-4.1-30b,Granite,11-3021.00||NY||51||Y||II,3,3,-22.962262257958173,-22.962262257958177,3.552713678800501e-15,-42722.666666666664,-42722.666666666664,0.0
granite-4.1-30b,Granite,11-3021.00||NY||51||Y||III,1,1,-23.985655646077213,-7.282639601438974,-16.70301604463824,-53642.0,-11782.0,-41860.0
granite-4.1-30b,Granite,11-3021.00||NY||51||Y||IV,2,2,-29.186060754532093,-35.310509554140125,6.124448799608032,-76248.0,-92248.0,16000.0
granite-4.1-30b,Granite,11-3021.00||NY||52||Y||II,1,1,-19.379111665305068,-3.2549339983660834,-16.124177666938984,-36056.0,-6056.0,-30000.0
granite-4.1-30b,Granite,11-3021.00||NY||52||Y||III,1,1,-23.985655646077213,-19.514223625258225,-4.4714320208189875,-53642.0,-43642.0,-10000.0
granite-4.1-30b,Granite,11-3021.00||NY||54||Y||II,1,1,-3.2549339983660834,-19.379111665305068,16.124177666938984,-6056.0,-36056.0,30000.0
granite-4.1-30b,Granite,11-3021.00||NY||54||Y||III,1,1,11.785800520474687,-10.359994263039633,22.14579478351432,26358.0,-17336.0,43694.0
granite-4.1-30b,Granite,11-3021.00||NY||54||Y||IV,1,1,-4.305487506124448,-39.521068103870654,35.215580597746204,-11248.0,-103248.0,92000.0
granite-4.1-30b,Granite,11-3021.00||PA||51||Y||IV,1,1,-15.818617180484885,-15.818617180484885,0.0,-33824.0,-33824.0,0.0
granite-4.1-30b,Granite,11-3021.00||TX||44||Y||IV,1,1,-18.813337535937038,-14.037651508639216,-4.775686027297821,-39394.0,-29394.0,-10000.0
granite-4.1-30b,Granite,11-3021.00||TX||54||Y||II,2,2,-5.822998369135483,-9.624407773431619,3.8014094042961357,-8920.0,-13258.5,4338.5
granite-4.1-30b,Granite,11-3021.00||TX||54||Y||III,2,2,17.146621791896198,-13.0692412162634,30.215863008159598,32033.0,-23705.5,55738.5
granite-4.1-30b,Granite,11-3021.00||TX||54||Y||IV,1,1,-25.651957047535692,-23.371647509578544,-2.280309537957148,-54514.0,-48190.0,-6324.0
granite-4.1-30b,Granite,11-3021.00||VA||51||Y||II,1,1,-14.148351648351648,-19.871794871794872,5.723443223443224,-24720.0,-34720.0,10000.0
granite-4.1-30b,Granite,11-3021.00||WA||45||Y||III,1,1,-29.84483327830967,-29.84483327830967,0.0,-72320.0,-72320.0,0.0
granite-4.1-30b,Granite,11-3021.00||WA||51||Y||II,2,2,-24.39135037048238,-19.35077372851454,-5.040576641967842,-48390.0,-38390.0,-10000.0
granite-4.1-30b,Granite,11-3021.00||WA||51||Y||III,3,3,-23.917604517541676,-24.522565613174866,0.6049610956331897,-57652.333333333336,-57652.333333333336,0.0
granite-4.1-30b,Granite,11-3021||CA||51||Y||II,1,1,-8.97947790628527,-8.97947790628527,0.0,-14798.0,-14798.0,0.0
granite-4.1-30b,Granite,11-3051.01||CA||33||Y||II,1,1,17.09279259422526,-20.790169715671148,37.882962309896406,24816.0,-30184.0,55000.0
granite-4.1-30b,Granite,11-9041.00||CA||33||Y||III,1,1,-21.283905799987036,-18.221220684579247,-3.0626851154077883,-45966.0,-40106.0,-5860.0
granite-4.1-30b,Granite,11-9041.00||CA||33||Y||IV,1,1,-27.770309584478643,0.319014466001886,-28.089324050480528,-69205.0,795.0,-70000.0
granite-4.1-30b,Granite,11-9041.00||CA||51||Y||IV,2,2,-7.706506691278265,-13.725647559238379,6.019140867960114,-19205.0,-34205.0,15000.0
granite-4.1-30b,Granite,11-9041.00||CA||54||Y||I,1,1,21.95604308674041,67.23526657301491,-45.2792234862745,33306.0,100510.0,-67204.0
granite-4.1-30b,Granite,11-9041.00||CA||54||Y||II,1,1,17.08943759601334,-17.910774484479663,35.000212080493,36488.0,-32728.0,69216.0
granite-4.1-30b,Granite,11-9041.00||TX||54||Y||IV,1,1,16.714441778167863,16.714441778167863,0.0,35802.0,35802.0,0.0
granite-4.1-30b,Granite,13-1081.02||AR||45||Y||III,1,1,66.6865102988451,13.10870341707346,53.57780688177165,56010.0,11010.0,45000.0
granite-4.1-30b,Granite,13-1081.02||AR||45||Y||IV,1,1,54.92026770222259,34.26423200859291,20.656035693629676,53176.0,33176.0,20000.0
granite-4.1-30b,Granite,13-1082.00||NY||51||Y||IV,1,1,-0.2002648019640588,19.75968223764313,-19.95994703960719,-301.0,29699.0,-30000.0
granite-4.1-30b,Granite,13-1111.00||CA||54||Y||II,1,1,18.662942475856656,34.261096971536645,-15.598154495679989,20446.0,29346.0,-8900.0
granite-4.1-30b,Granite,13-1111.00||FL||54||Y||IV,2,2,9.591812648581207,18.99973842344079,-9.407925774859581,11378.0,23453.0,-12075.0
granite-4.1-30b,Granite,13-1111.00||GA||54||Y||IV,2,2,-6.800014338459333,-17.55385883786787,10.753844499408538,-9485.0,-24485.0,15000.0
granite-4.1-30b,Granite,13-1111.00||IL||54||Y||IV,1,1,-4.127625305193726,-5.53306342780027,1.4054381226065438,-6458.0,-8200.0,1742.0
granite-4.1-30b,Granite,13-1111.00||NJ||54||Y||IV,1,1,-4.242076031791631,-17.009799227552747,12.767723195761118,-6645.0,-26645.0,20000.0
granite-4.1-30b,Granite,13-1111.00||NY||52||Y||IV,1,1,-12.325747423003218,59.59653994701395,-71.92228737001717,-19682.0,93355.0,-113037.0
granite-4.1-30b,Granite,13-1111.00||NY||54||Y||II,1,1,12.948848903905084,12.948848903905084,0.0,13184.0,13184.0,0.0
granite-4.1-30b,Granite,13-1111.00||TX||54||Y||IV,1,1,7.7611090157562135,-11.481946165628825,19.24305518138504,10083.0,-14917.0,25000.0
granite-4.1-30b,Granite,13-1111.00||WA||51||Y||IV,1,1,-3.9741882618047732,-3.9741882618047732,0.0,-6208.0,-6208.0,0.0
granite-4.1-30b,Granite,13-1161.00||IL||51||Y||III,1,1,38.88050238512167,4.3277610035103224,34.55274138161135,32195.0,3526.0,28669.0
granite-4.1-30b,Granite,13-1161.00||IL||54||Y||II,1,1,28.22446824558757,10.69770302266228,17.52676522292529,18710.0,6958.0,11752.0
granite-4.1-30b,Granite,13-2051.00||NY||52||Y||IV,1,1,-16.242294291074778,39.596176181542035,-55.83847047261681,-29088.0,70912.0,-100000.0
granite-4.1-30b,Granite,13-2099.01||CA||52||Y||II,2,2,72.4336130589723,60.475431843177844,11.958181215794454,56709.0,54104.0,2605.0
granite-4.1-30b,Granite,13-2099.01||CA||52||Y||IV,1,1,55.19783412800373,23.211381446008772,31.986452681994955,64019.0,28258.0,35761.0
granite-4.1-30b,Granite,13-2099.01||IL||52||Y||IV,1,1,100.89034601353197,100.89034601353197,0.0,125554.0,125554.0,0.0
granite-4.1-30b,Granite,13-2099.01||NJ||52||Y||IV,1,1,9.63977243656121,-3.087709836176094,12.727482272737303,15826.0,-3664.0,19490.0
granite-4.1-30b,Granite,15-1211.00||CO||51||Y||IV,1,1,3.4354356010977947,-33.45494116633916,36.890376767436955,4982.0,-42733.0,47715.0
granite-4.1-30b,Granite,15-1211.00||UT||54||Y||III,1,1,18.49970904089298,21.673808390202613,-3.174099349309632,17485.0,20485.0,-3000.0
granite-4.1-30b,Granite,15-1211.00||VA||54||Y||III,1,1,8.006574313219065,-11.183194315724435,19.1897686289435,8525.0,-14480.0,23005.0
granite-4.1-30b,Granite,15-1211||NJ||54||Y||III,1,1,-9.61535438640615,-9.61535438640615,0.0,-12234.0,-12234.0,0.0
granite-4.1-30b,Granite,15-1212.00||CA||54||Y||II,1,1,-9.654104284976768,-5.345779149859474,-4.308325135117293,-14960.0,-7342.0,-7618.0
granite-4.1-30b,Granite,15-1221.00||CA||33||Y||II,1,1,-8.76078903669641,-14.84340310091665,6.082614064220239,-14403.0,-24403.0,10000.0
granite-4.1-30b,Granite,15-1221.00||CA||45||Y||I,1,1,55.15422329795817,44.81060841142762,10.343614886530546,53322.0,43322.0,10000.0
granite-4.1-30b,Granite,15-1221.00||CA||45||Y||II,1,1,-8.76078903669641,3.404439091744068,-12.165228128440479,-14403.0,5597.0,-20000.0
granite-4.1-30b,Granite,15-1221.00||CA||51||Y||I,2,2,14.925625165273754,9.621648709596592,5.303976455677162,13794.0,12288.0,1506.0
granite-4.1-30b,Granite,15-1221.00||CA||51||Y||II,1,1,3.404439091744068,3.404439091744068,0.0,5597.0,5597.0,0.0
granite-4.1-30b,Granite,15-1221.00||CA||51||Y||III,1,1,-10.489621768923985,-0.9445231061466837,-9.545098662777303,-21094.0,-1621.0,-19473.0
granite-4.1-30b,Granite,15-1221.00||CA||51||Y||IV,1,1,-28.507145080029943,-18.692187754086913,-9.81495732594303,-67786.0,-39082.0,-28704.0
granite-4.1-30b,Granite,15-1221.00||CA||54||Y||I,1,1,117.21591261714144,30.983974395480484,86.23193822166095,113322.0,27203.0,86119.0
granite-4.1-30b,Granite,15-1221.00||CA||54||Y||II,2,2,12.714186475993486,6.210835234042747,6.503351241950739,15729.0,1724.0,14005.0
granite-4.1-30b,Granite,15-1221.00||CA||54||Y||III,1,1,64.53430211130417,22.362647927701154,42.17165418360302,98056.0,38379.0,59677.0
granite-4.1-30b,Granite,15-1221.00||CA||54||Y||IV,1,1,-11.6852968635664,14.119270940886217,-25.804567804452617,-27786.0,25982.0,-53768.0
granite-4.1-30b,Granite,15-1221.00||IL||51||Y||II,1,1,55.44501687688755,55.44501687688755,0.0,49936.0,49936.0,0.0
granite-4.1-30b,Granite,15-1221.00||MA||33||Y||II,1,1,4.621479487215256,-2.3532858119324285,6.974765299147684,6626.0,-3374.0,10000.0
granite-4.1-30b,Granite,15-1221.00||NM||54||Y||II,1,1,-28.159573205394903,-28.262198545282146,0.10262533988724343,-45077.0,-45306.0,229.0
granite-4.1-30b,Granite,15-1221.00||NY||54||Y||II,2,2,-1.9389045561213791,69.07085421358383,-71.0097587697052,-2867.0,102133.0,-105000.0
granite-4.1-30b,Granite,15-1221.00||NY||54||Y||III,3,3,-10.260621104189214,-15.644983837937863,5.384362733748649,-19056.333333333332,-29056.333333333332,10000.0
granite-4.1-30b,Granite,15-1221.00||TN||54||Y||II,4,4,44.91852726366429,28.230790402081716,16.68773686158257,35632.75,22566.0,13066.75
granite-4.1-30b,Granite,15-1221.00||TX||54||Y||II,1,1,42.59702081916504,12.626950160126142,29.970070659038896,38834.0,12893.0,25941.0
granite-4.1-30b,Granite,15-1241.00||CA||51||Y||III,1,1,12.869243668572903,-19.379111665305068,32.24835533387797,23944.0,-36056.0,60000.0
granite-4.1-30b,Granite,15-1242.00||MA||54||Y||IV,1,1,-1.293756830119505,9.965837279885049,-11.259594110004555,-1835.0,13594.0,-15429.0
granite-4.1-30b,Granite,15-1242.00||TX||52||Y||III,1,1,19.65811965811966,3.7306970702843123,15.927422587835347,23000.0,4136.0,18864.0
granite-4.1-30b,Granite,15-1243.00||CA||54||Y||II,1,1,-7.852564102564102,9.861321209150603,-17.713885311714705,-9800.0,11669.0,-21469.0
granite-4.1-30b,Granite,15-1243.00||IN||33||Y||IV,1,1,-2.6915516805169024,6.851708684529759,-9.543260365046661,-4149.0,10901.0,-15050.0
granite-4.1-30b,Granite,15-1243.00||MA||54||Y||IV,1,1,-8.105624476337198,-14.592286278007514,6.486661801670316,-14995.0,-26995.0,12000.0
granite-4.1-30b,Granite,15-1243.00||NC||52||Y||IV,1,1,-10.351805130438123,-26.3604113571456,16.008606226707478,-16166.0,-41166.0,25000.0
granite-4.1-30b,Granite,15-1243.00||PA||54||Y||II,3,3,-0.8352597303369323,-6.064232824891846,5.228973094554914,-856.3333333333334,-7144.333333333333,6288.0
granite-4.1-30b,Granite,15-1243.00||TX||54||Y||II,1,1,-7.130427982090836,-0.28740688603437153,-6.843021096056464,-7294.0,-294.0,-7000.0
granite-4.1-30b,Granite,15-1243.00||TX||54||Y||III,1,1,3.0116182389428063,17.758814247246406,-14.7471960083036,4093.0,22621.0,-18528.0
granite-4.1-30b,Granite,15-1251.00||CA||54||Y||II,3,3,13.804075876437622,22.67973357719094,-8.875657700753319,15105.0,18557.333333333332,-3452.333333333332
granite-4.1-30b,Granite,15-1251.00||CA||54||Y||III,1,1,15.14546710677823,10.004687156235352,5.140779950542878,19730.0,10459.0,9271.0
granite-4.1-30b,Granite,15-1251.00||MO||54||Y||II,1,1,9.923169489956493,-10.904378413403684,20.827547903360177,8576.0,-9424.0,18000.0
granite-4.1-30b,Granite,15-1251.00||NC||54||Y||III,1,1,32.84047591544415,23.882365614564257,8.958110300879895,28430.0,22170.0,6260.0
granite-4.1-30b,Granite,15-1251.00||NJ||54||Y||I,1,1,-3.6325186711995077,3.059667532189416,-6.692186203388923,-2714.0,2286.0,-5000.0
granite-4.1-30b,Granite,15-1251.00||TX||54||Y||II,2,2,8.667036942208567,74.97971331143944,-66.31267636923087,7367.0,47743.0,-40376.0
granite-4.1-30b,Granite,15-1252.00||AR||54||Y||II,1,1,38.01380138013801,2.01020102010201,36.003600360036,31675.0,1675.0,30000.0
granite-4.1-30b,Granite,15-1252.00||AZ||51||Y||III,2,2,-14.507040159388614,-13.76362311729634,-0.7434170420922737,-19514.0,-18514.0,-1000.0
granite-4.1-30b,Granite,15-1252.00||AZ||54||Y||II,1,1,-23.473062518006337,-23.473062518006337,0.0,-26072.0,-26072.0,0.0
granite-4.1-30b,Granite,15-1252.00||AZ||54||Y||IV,1,1,-27.18477338635126,-5.0236174604581665,-22.161155925893095,-42934.0,-7934.0,-35000.0
granite-4.1-30b,Granite,15-1252.00||CA||33||Y||I,1,1,32.64651913426039,-6.2698758075854455,38.91639494184583,44301.0,-9365.0,53666.0
granite-4.1-30b,Granite,15-1252.00||CA||33||Y||II,20,20,-10.528937013085898,-12.261474735308006,1.7325377222221086,-19668.0,-20881.4,1213.4000000000015
granite-4.1-30b,Granite,15-1252.00||CA||33||Y||III,15,15,-14.173767386588663,-14.205455441204737,0.03168805461607427,-29742.533333333333,-26971.266666666666,-2771.2666666666664
granite-4.1-30b,Granite,15-1252.00||CA||33||Y||IV,15,15,-22.377303503498926,-32.938050347492286,10.56074684399336,-51634.8,-83039.86666666667,31405.066666666666
granite-4.1-30b,Granite,15-1252.00||CA||42||Y||II,1,1,0.25681167914735437,-20.102694669784437,20.35950634893179,333.0,-37741.0,38074.0
granite-4.1-30b,Granite,15-1252.00||CA||42||Y||III,2,2,-29.246743139145124,-14.200288127657746,-15.046455011487378,-66138.0,-22352.0,-43786.0
granite-4.1-30b,Granite,15-1252.00||CA||44||Y||II,1,1,7.9688741160048435,5.173939135222752,2.7949349807820916,10333.0,8363.0,1970.0
granite-4.1-30b,Granite,15-1252.00||CA||44||Y||IV,1,1,-2.0838853114308424,-15.695604930870395,13.611719619439553,-3618.0,-33512.0,29894.0
granite-4.1-30b,Granite,15-1252.00||CA||45||Y||I,1,1,20.51015967596157,-23.00739798480233,43.5175576607639,30635.0,-34365.0,65000.0
granite-4.1-30b,Granite,15-1252.00||CA||45||Y||II,1,1,-7.199465468921101,-25.429181691798806,18.229716222877705,-11637.0,-47741.0,36104.0
granite-4.1-30b,Granite,15-1252.00||CA||45||Y||III,1,1,-20.402586031538263,34.355429825412585,-54.75801585695085,-46138.0,46027.0,-92165.0
granite-4.1-30b,Granite,15-1252.00||CA||45||Y||IV,3,3,-14.470170402419436,-27.011892669523245,12.54172226710381,-41592.666666666664,-69180.0,27587.333333333336
granite-4.1-30b,Granite,15-1252.00||CA||51||Y||I,3,3,12.080389026588072,4.22798984108109,7.852399185506982,16412.333333333332,3800.0,12612.333333333332
granite-4.1-30b,Granite,15-1252.00||CA||51||Y||II,20,20,-6.454050752975798,-13.432843603747841,6.978792850772043,-12298.4,-24122.75,11824.35
granite-4.1-30b,Granite,15-1252.00||CA||51||Y||III,18,18,-18.743887432053704,-18.403037802537227,-0.3408496295164767,-41620.72222222222,-39400.833333333336,-2219.8888888888832
granite-4.1-30b,Granite,15-1252.00||CA||51||Y||IV,22,22,-24.787383471904914,-24.985686787559555,0.1983033156546412,-59480.045454545456,-57185.40909090909,-2294.6363636363676
granite-4.1-30b,Granite,15-1252.00||CA||52||Y||II,4,4,2.0805879841867885,-4.238570467065008,6.319158451251797,3363.0,-8163.0,11526.0
granite-4.1-30b,Granite,15-1252.00||CA||52||Y||III,1,1,-20.402586031538263,-9.369102327614701,-11.033483703923562,-46138.0,-17574.0,-28564.0
granite-4.1-30b,Granite,15-1252.00||CA||52||Y||IV,1,1,-1.6448724193487954,-29.746337442391997,28.1014650230432,-3512.0,-63512.0,60000.0
granite-4.1-30b,Granite,15-1252.00||CA||53||Y||II,1,1,-7.698728650314627,-7.199465468921101,-0.499263181393526,-9592.0,-11637.0,2045.0
granite-4.1-30b,Granite,15-1252.00||CA||53||Y||III,1,1,-4.037873052768507,-10.897831635088433,6.859958582319926,-7574.0,-17123.0,9549.0
granite-4.1-30b,Granite,15-1252.00||CA||54||Y||I,4,4,9.166575035766382,-0.6141869444662333,9.780761980232615,12468.0,-1917.75,14385.75
granite-4.1-30b,Granite,15-1252.00||CA||54||Y||II,21,21,-10.974670647454165,-9.123565295836826,-1.8511053516173384,-19870.619047619046,-17274.714285714286,-2595.9047619047597
granite-4.1-30b,Granite,15-1252.00||CA||54||Y||III,15,15,-10.624546312184123,-7.597645171068407,-3.026901141115715,-22855.4,-16880.133333333335,-5975.266666666666
granite-4.1-30b,Granite,15-1252.00||CA||54||Y||IV,17,17,-16.73753084698879,-18.39698445735313,1.6594536103643414,-40624.17647058824,-39712.117647058825,-912.0588235294126
granite-4.1-30b,Granite,15-1252.00||CA||56||Y||II,1,1,11.360641437294678,-7.199465468921101,18.56010690621578,18363.0,-11637.0,30000.0
granite-4.1-30b,Granite,15-1252.00||CO||51||Y||III,1,1,-8.652697556108324,-8.652697556108324,0.0,-12314.0,-12314.0,0.0
granite-4.1-30b,Granite,15-1252.00||CO||54||Y||II,1,1,-1.1823743727228981,-29.48164863609212,28.299274263369224,-1376.0,-35536.0,34160.0
granite-4.1-30b,Granite,15-1252.00||DC||54||Y||II,1,1,14.10035941613216,-8.79530494091522,22.89566435704738,17301.0,-11090.0,28391.0
granite-4.1-30b,Granite,15-1252.00||DC||54||Y||III,1,1,-0.5027925549556242,-12.293129853394593,11.790337298438969,-758.0,-18221.0,17463.0
granite-4.1-30b,Granite,15-1252.00||FL||33||Y||IV,1,1,-23.221236338387378,-6.6051697630645,-16.61606657532288,-34781.0,-9194.0,-25587.0
granite-4.1-30b,Granite,15-1252.00||FL||44||Y||III,1,1,-5.972891261265171,-6.670237544534528,0.6973462832693569,-8258.0,-8219.0,-39.0
granite-4.1-30b,Granite,15-1252.00||FL||52||Y||IV,1,1,50.8685719212035,-15.43187131147046,66.30044323267396,70806.0,-25547.0,96353.0
granite-4.1-30b,Granite,15-1252.00||FL||54||Y||II,4,4,15.782571822680842,0.32933917315815986,15.453232649522683,16216.5,286.75,15929.75
granite-4.1-30b,Granite,15-1252.00||FL||62||Y||IV,1,1,48.14623966196893,43.531115049549435,4.615124612419493,37374.0,34878.0,2496.0
granite-4.1-30b,Granite,15-1252.00||GA||31||Y||IV,1,1,-1.4007664447088364,-14.241823144267626,12.84105669955879,-2131.0,-19098.0,16967.0
granite-4.1-30b,Granite,15-1252.00||GA||52||Y||II,1,1,9.287540270082774,37.258310990730486,-27.970770720647714,9773.0,40717.0,-30944.0
granite-4.1-30b,Granite,15-1252.00||GA||52||Y||III,2,2,4.6297861910358895,37.05470829073162,-32.42492209969573,5894.5,46894.5,-41000.0
granite-4.1-30b,Granite,15-1252.00||GA||54||Y||I,2,2,56.681250075327526,2.442003268241706,54.23924680708582,47029.0,1585.0,45444.0
granite-4.1-30b,Granite,15-1252.00||GA||54||Y||II,3,3,7.935484099908531,-13.935108555669139,21.87059265557767,8421.0,-15264.333333333334,23685.333333333336
granite-4.1-30b,Granite,15-1252.00||GA||54||Y||III,1,1,7.109795190770196,-12.016953950438767,19.12674914120896,9293.0,-15707.0,25000.0
granite-4.1-30b,Granite,15-1252.00||GA||54||Y||IV,1,1,-1.4007664447088364,-24.407254274276774,23.006487829567938,-2131.0,-37131.0,35000.0
granite-4.1-30b,Granite,15-1252.00||IL||33||Y||IV,1,1,-9.865425160870622,-6.008096731095878,-3.8573284297747437,-12587.0,-8949.0,-3638.0
granite-4.1-30b,Granite,15-1252.00||IL||51||Y||III,1,1,37.71259381670454,7.109795190770196,30.602798625934344,49293.0,9293.0,40000.0
granite-4.1-30b,Granite,15-1252.00||IL||51||Y||IV,2,2,-3.990157297304046,-20.957092335067774,16.96693503776373,-6133.0,-31633.0,25500.0
granite-4.1-30b,Granite,15-1252.00||IL||52||Y||III,1,1,7.109795190770196,-17.372443709977276,24.482238900747472,9293.0,-22707.0,32000.0
granite-4.1-30b,Granite,15-1252.00||IL||52||Y||IV,1,1,-2.1634913284241146,-15.208359151300899,13.044867822876784,-3317.0,-23317.0,20000.0
granite-4.1-30b,Granite,15-1252.00||IL||54||Y||II,1,1,6.405618216641838,-27.156452803057537,33.562071019699374,6923.0,-28706.0,35629.0
granite-4.1-30b,Granite,15-1252.00||IL||54||Y||III,2,2,7.109795190770196,-4.802214057570187,11.912009248340382,9293.0,-6160.0,15453.0
granite-4.1-30b,Granite,15-1252.00||IN||33||Y||IV,1,1,7.847442089775292,-9.52313369287539,17.370575782650683,10187.0,-10736.0,20923.0
granite-4.1-30b,Granite,15-1252.00||MA||33||Y||II,1,1,6.803374986649578,-0.8254375123968203,7.628812499046398,8918.0,-1082.0,10000.0
granite-4.1-30b,Granite,15-1252.00||MA||33||Y||III,1,1,-2.9791858013272448,8.935626307227515,-11.91481210855476,-4606.0,12304.0,-16910.0
granite-4.1-30b,Granite,15-1252.00||MA||33||Y||IV,1,1,-15.79231015376324,-27.020002133261475,11.227691979498234,-28131.0,-48131.0,20000.0
granite-4.1-30b,Granite,15-1252.00||MA||51||Y||IV,1,1,-21.40615614351236,-15.79231015376324,-5.613845989749118,-38131.0,-28131.0,-10000.0
granite-4.1-30b,Granite,15-1252.00||MA||54||Y||II,3,3,4.260437486967445,-13.827825169280763,18.088262656248208,5584.666666666667,-17520.333333333332,23105.0
granite-4.1-30b,Granite,15-1252.00||MA||54||Y||III,3,3,-4.530977512598758,-16.130896170480664,11.599918657881906,-6766.0,-24939.333333333332,18173.333333333332
granite-4.1-30b,Granite,15-1252.00||MA||54||Y||IV,4,4,-10.969190867688813,-1.8647828079357023,-9.10440805975311,-19284.25,-3534.25,-15750.0
granite-4.1-30b,Granite,15-1252.00||MI||33||Y||II,1,1,5.685487816811821,-2.0941545057300686,7.779642322541889,5810.0,-2032.0,7842.0
granite-4.1-30b,Granite,15-1252.00||MI||33||Y||III,4,4,3.3618479130193126,-2.2189643652285187,5.580812278247832,3730.0,-2763.75,6493.75
granite-4.1-30b,Granite,15-1252.00||MI||51||Y||IV,2,2,29.97703739006109,-3.1158231096711875,33.092860499732275,41514.0,-4380.5,45894.5
granite-4.1-30b,Granite,15-1252.00||MI||52||Y||II,1,1,12.535473138271847,-16.82160681084255,29.357079949114397,12810.0,-17190.0,30000.0
granite-4.1-30b,Granite,15-1252.00||MI||52||Y||III,1,1,-4.444573698161181,-4.444573698161181,0.0,-5349.0,-5349.0,0.0
granite-4.1-30b,Granite,15-1252.00||MI||54||Y||II,2,2,14.092214496706635,-11.928760152656817,26.020974649363453,13509.0,-12190.0,25699.0
granite-4.1-30b,Granite,15-1252.00||MI||54||Y||III,1,1,16.328345063108127,-4.444573698161181,20.77291876126931,19651.0,-5349.0,25000.0
granite-4.1-30b,Granite,15-1252.00||MI||54||Y||IV,1,1,29.97703739006109,1.093251303380847,28.883786086680242,41514.0,1514.0,40000.0
granite-4.1-30b,Granite,15-1252.00||MN||45||Y||III,1,1,5.914079240025745,-8.583602283025167,14.497681523050911,7259.0,-10798.0,18057.0
granite-4.1-30b,Granite,15-1252.00||MO||54||Y||II,1,1,10.209267951144879,-2.450044154190541,12.65931210533542,7874.0,-2386.0,10260.0
granite-4.1-30b,Granite,15-1252.00||MO||54||Y||IV,1,1,-0.03284635048484069,-17.88412378789826,17.85127743741342,-46.0,-25046.0,25000.0
granite-4.1-30b,Granite,15-1252.00||NC||42||Y||III,1,1,4.840642223819794,4.840642223819794,0.0,6464.0,6464.0,0.0
granite-4.1-30b,Granite,15-1252.00||NC||52||Y||II,1,1,11.388153441465525,-1.4643258017804968,12.852479243246021,13291.0,-1709.0,15000.0
granite-4.1-30b,Granite,15-1252.00||NC||52||Y||IV,1,1,-7.259136520733766,-25.647673418719975,18.38853689798621,-11741.0,-39669.0,27928.0
granite-4.1-30b,Granite,15-1252.00||NC||54||Y||I,2,2,5.110992959762577,-7.070977506674122,12.181970466436699,5086.5,-6468.0,11554.5
granite-4.1-30b,Granite,15-1252.00||NC||54||Y||II,6,6,-0.2822090282469884,-15.514930615314547,15.232721587067559,-325.3333333333333,-17653.666666666668,17328.333333333336
granite-4.1-30b,Granite,15-1252.00||NC||54||Y||IV,1,1,-16.062423729798486,-10.968660968660968,-5.093762761137517,-24877.0,-17248.0,-7629.0
granite-4.1-30b,Granite,15-1252.00||NC||56||Y||II,1,1,-15.498470077563509,-15.498470077563509,0.0,-17424.0,-17424.0,0.0
granite-4.1-30b,Granite,15-1252.00||NC||61||Y||IV,1,1,16.691351375611507,11.30559669673713,5.3857546788743775,18595.0,12595.0,6000.0
granite-4.1-30b,Granite,15-1252.00||NH||33||Y||III,1,1,10.346232524976445,-22.106774678605777,32.453007203582224,12189.0,-32638.0,44827.0
granite-4.1-30b,Granite,15-1252.00||NJ||32||Y||IV,2,2,6.291964536068038,-11.423362886609967,17.715327422678005,8701.5,-21298.5,30000.0
granite-4.1-30b,Granite,15-1252.00||NJ||33||Y||III,2,2,4.517856528107621,-17.60206461241877,22.11992114052639,4805.5,-28305.0,33110.5
granite-4.1-30b,Granite,15-1252.00||NJ||45||Y||III,1,1,-1.1981372555477245,-6.719318429153322,5.521181173605598,-1819.0,-10805.0,8986.0
granite-4.1-30b,Granite,15-1252.00||NJ||51||Y||II,1,1,-12.87680780623802,-18.17995863542353,5.303150829185512,-16997.0,-23997.0,7000.0
granite-4.1-30b,Granite,15-1252.00||NJ||51||Y||IV,1,1,-8.49972223129963,-20.882737668256045,12.383015436956414,-13005.0,-39592.0,26587.0
granite-4.1-30b,Granite,15-1252.00||NJ||52||Y||II,2,2,9.740182209664038,6.163034229280041,3.577147980383997,11561.0,7390.5,4170.5
granite-4.1-30b,Granite,15-1252.00||NJ||52||Y||IV,1,1,-20.882737668256045,31.465644740388218,-52.34838240864426,-39592.0,47869.0,-87461.0
granite-4.1-30b,Granite,15-1252.00||NJ||54||Y||II,2,2,-1.5129131722690667,-14.461629803686941,12.948716631417874,-1997.0,-17439.0,15442.0
granite-4.1-30b,Granite,15-1252.00||NJ||61||Y||IV,1,1,47.60788399756881,-0.1476078839975688,47.75549188156638,54830.0,-170.0,55000.0
granite-4.1-30b,Granite,15-1252.00||NV||54||Y||II,2,2,-5.236367574592516,-27.79913719968954,22.562769625097022,-5802.0,-30802.0,25000.0
granite-4.1-30b,Granite,15-1252.00||NY||33||Y||IV,2,2,-20.882737668256045,-28.79446390143044,7.911726233174395,-39592.0,-54592.0,15000.0
granite-4.1-30b,Granite,15-1252.00||NY||45||Y||II,1,1,5.130361648444071,-7.000064695607168,12.130426344051239,6344.0,-8656.0,15000.0
granite-4.1-30b,Granite,15-1252.00||NY||51||Y||II,3,3,1.0123967463907009,-7.726590647537285,8.738987393927985,1336.3333333333333,-10428.0,11764.333333333334
granite-4.1-30b,Granite,15-1252.00||NY||51||Y||III,8,8,-9.527196341359373,-9.138526834814177,-0.3886695065451953,-15306.75,-14681.75,-625.0
granite-4.1-30b,Granite,15-1252.00||NY||51||Y||IV,6,6,-16.568471699492207,-22.640899053405906,6.0724273539136995,-31323.666666666668,-42925.333333333336,11601.666666666668
granite-4.1-30b,Granite,15-1252.00||NY||52||Y||II,1,1,-12.87680780623802,13.638946339689538,-26.51575414592756,-16997.0,18003.0,-35000.0
granite-4.1-30b,Granite,15-1252.00||NY||52||Y||III,2,2,-17.60206461241877,30.59295419918535,-48.195018811604115,-28305.0,49195.0,-77500.0
granite-4.1-30b,Granite,15-1252.00||NY||52||Y||IV,2,2,-2.5818020149284777,13.401409342166335,-15.983211357094813,-6109.0,25408.0,-31517.0
granite-4.1-30b,Granite,15-1252.00||NY||54||Y||II,4,4,9.74557301289706,9.86675238503765,-0.12117937214059005,12588.25,10394.25,2194.0
granite-4.1-30b,Granite,15-1252.00||NY||54||Y||III,5,5,-5.615082194432203,-8.966725106615035,3.3516429121828324,-9007.8,-17604.0,8596.2
granite-4.1-30b,Granite,15-1252.00||NY||54||Y||IV,5,5,-17.81541216791928,-16.72363537878021,-1.0917767891390717,-33670.0,-30365.4,-3304.5999999999985
granite-4.1-30b,Granite,15-1252.00||NY||62||Y||II,1,1,18.325960715781044,4.6729652485755375,13.652995467205507,20134.0,5134.0,15000.0
granite-4.1-30b,Granite,15-1252.00||OH||54||Y||II,5,5,12.640881477434394,-8.815254712504307,21.456136189938704,12510.0,-8958.2,21468.2
granite-4.1-30b,Granite,15-1252.00||OR||33||Y||III,1,1,-1.8838304552590266,-24.77760334903192,22.893772893772894,-2880.0,-37880.0,35000.0
granite-4.1-30b,Granite,15-1252.00||PA||33||Y||II,1,1,9.309354979754007,-13.514497701306386,22.823852681060394,9794.0,-14845.0,24639.0
granite-4.1-30b,Granite,15-1252.00||PA||33||Y||III,1,1,-3.7455534630675875,-3.7455534630675875,0.0,-4475.0,-4475.0,0.0
granite-4.1-30b,Granite,15-1252.00||PA||33||Y||IV,1,1,-18.297170950736746,-17.639475757358735,-0.6576951933780109,-25754.0,-24630.0,-1124.0
granite-4.1-30b,Granite,15-1252.00||PA||54||Y||IV,1,1,-0.5356863748099521,-11.0064486096469,10.470762234836949,-754.0,-16078.0,15324.0
granite-4.1-30b,Granite,15-1252.00||SC||52||Y||III,1,1,-2.64797507788162,-1.6984326361203648,-0.9495424417612552,-3536.0,-1866.0,-1670.0
granite-4.1-30b,Granite,15-1252.00||TN||54||Y||II,1,1,11.289604583196237,25.80563996361314,-14.516035380416902,11666.0,26666.0,-15000.0
granite-4.1-30b,Granite,15-1252.00||TN||54||Y||III,1,1,-1.2349920129167453,-5.828017393155744,4.593025380238999,-1438.0,-7117.0,5679.0
granite-4.1-30b,Granite,15-1252.00||TN||55||Y||III,1,1,14.64415273876692,-16.47354586175553,31.11769860052245,17883.0,-20117.0,38000.0
granite-4.1-30b,Granite,15-1252.00||TX||22||Y||III,1,1,1.6919984042178713,-10.04169371934573,11.733692123563602,2163.0,-12837.0,15000.0
granite-4.1-30b,Granite,15-1252.00||TX||33||Y||III,1,1,1.6919984042178713,-14.796511843284854,16.488510247502724,2163.0,-19971.0,22134.0
granite-4.1-30b,Granite,15-1252.00||TX||33||Y||IV,2,2,-17.45643534087435,-29.685111586670743,12.228676245796393,-28550.0,-48550.0,20000.0
granite-4.1-30b,Granite,15-1252.00||TX||44||Y||IV,2,2,-5.493791191235886,-18.9850198715989,13.491228680363015,-8389.5,-31050.0,22660.5
granite-4.1-30b,Granite,15-1252.00||TX||48||Y||II,1,1,-9.672962992481603,-31.811942651187092,22.138979658705487,-10923.0,-35923.0,25000.0
granite-4.1-30b,Granite,15-1252.00||TX||51||Y||I,1,1,44.0182339607519,-22.70554379622803,66.72377775697993,35149.0,-19094.0,54243.0
granite-4.1-30b,Granite,15-1252.00||TX||51||Y||II,1,1,32.83387795223294,-17.21421475504122,50.04809270727416,37077.0,-19754.0,56831.0
granite-4.1-30b,Granite,15-1252.00||TX||51||Y||III,2,2,7.430485067162576,-1.137372163655833,8.567857230818408,10029.0,-1015.0,11044.0
granite-4.1-30b,Granite,15-1252.00||TX||51||Y||IV,7,7,5.005052702474432,-7.840109122504133,12.845161824978565,7780.285714285715,-12789.142857142857,20569.428571428572
granite-4.1-30b,Granite,15-1252.00||TX||52||Y||I,1,1,34.68565539211093,-5.9266227657572905,40.61227815786822,29616.0,-5355.0,34971.0
granite-4.1-30b,Granite,15-1252.00||TX||52||Y||II,1,1,-5.557654274349459,1.8393064300452522,-7.396960704394711,-5002.0,2077.0,-7079.0
granite-4.1-30b,Granite,15-1252.00||TX||52||Y||III,4,4,4.226789231620252,-0.6492696796040303,4.876058911224282,5757.0,-697.75,6454.75
granite-4.1-30b,Granite,15-1252.00||TX||52||Y||IV,5,5,-5.089854747251053,-14.298464330360241,9.208609583109189,-8208.6,-22685.8,14477.199999999999
granite-4.1-30b,Granite,15-1252.00||TX||54||Y||I,5,5,28.716426349395324,15.512014328502612,13.204412020892711,25572.6,13733.0,11839.599999999999
granite-4.1-30b,Granite,15-1252.00||TX||54||Y||II,16,16,2.343786083238161,-12.102800220157292,14.446586303395453,2622.3125,-13568.8125,16191.125
granite-4.1-30b,Granite,15-1252.00||TX||54||Y||III,4,4,-0.3745083089578083,-12.606987309297965,12.232479000340156,-545.0,-16617.0,16072.0
granite-4.1-30b,Granite,15-1252.00||TX||54||Y||IV,6,6,12.284805012519657,-24.50868676074258,36.79349177326224,19204.833333333332,-39071.166666666664,58276.0
granite-4.1-30b,Granite,15-1252.00||TX||55||Y||III,1,1,-3.683013388061139,-14.796511843284854,11.113498455223715,-4971.0,-19971.0,15000.0
granite-4.1-30b,Granite,15-1252.00||TX||55||Y||IV,2,2,22.41921550804085,33.64397517855868,-11.224759670517827,34726.0,51610.5,-16884.5
granite-4.1-30b,Granite,15-1252.00||TX||92||Y||II,1,1,8.515135502377897,-24.727469160401334,33.24260466277923,9024.0,-27923.0,36947.0
granite-4.1-30b,Granite,15-1252.00||UT||54||Y||III,2,2,8.90331420667506,-6.476757860023717,15.380072066698776,11445.5,-8188.0,19633.5
granite-4.1-30b,Granite,15-1252.00||VA||54||Y||I,2,2,28.178582344879267,27.93203709224453,0.2465452526347356,28579.0,24603.0,3976.0
granite-4.1-30b,Granite,15-1252.00||VA||54||Y||II,1,1,7.065384364729869,-8.79530494091522,15.860689305645089,7589.0,-11090.0,18679.0
granite-4.1-30b,Granite,15-1252.00||VA||54||Y||III,1,1,-0.5027925549556242,-23.718807625465978,23.216015070510352,-758.0,-35758.0,35000.0
granite-4.1-30b,Granite,15-1252.00||VA||81||Y||III,2,2,-0.5027925549556242,3.0998224167892183,-3.602614971744843,-758.0,4018.0,-4776.0
granite-4.1-30b,Granite,15-1252.00||WA||33||Y||III,2,2,-11.460350838359803,-18.829514342886412,7.369163504526609,-20710.0,-32286.0,11576.0
granite-4.1-30b,Granite,15-1252.00||WA||33||Y||IV,6,6,-30.415324546309563,-33.55698516527954,3.141660618969979,-63582.666666666664,-70249.33333333333,6666.666666666664
granite-4.1-30b,Granite,15-1252.00||WA||44||Y||III,1,1,-16.994078910962315,-22.527806983564826,5.533728072602511,-30710.0,-40710.0,10000.0
granite-4.1-30b,Granite,15-1252.00||WA||45||Y||III,2,2,-16.994078910962315,-16.994078910962315,0.0,-30710.0,-30710.0,0.0
granite-4.1-30b,Granite,15-1252.00||WA||45||Y||IV,3,3,-26.170975454205585,-21.55579245206501,-4.615183002140576,-55535.333333333336,-44963.333333333336,-10572.0
granite-4.1-30b,Granite,15-1252.00||WA||51||Y||II,3,3,-8.424908424908425,-10.357504741559525,1.9325963166511002,-12573.333333333334,-15246.333333333334,2673.0
granite-4.1-30b,Granite,15-1252.00||WA||51||Y||III,3,3,-18.838654935163152,-18.838654935163152,0.0,-34043.333333333336,-34043.333333333336,0.0
granite-4.1-30b,Granite,15-1252.00||WA||51||Y||IV,11,11,-28.628877714397298,-31.02626913806827,2.397391423670971,-60227.818181818184,-65838.36363636363,5610.545454545449
granite-4.1-30b,Granite,15-1252.00||WA||52||Y||I,1,1,-2.334627045664931,5.308749968152596,-7.643377013817528,-2749.0,6251.0,-9000.0
granite-4.1-30b,Granite,15-1252.00||WA||52||Y||II,1,1,0.5092468507102653,-22.942910747788797,23.452157598499063,760.0,-34240.0,35000.0
granite-4.1-30b,Granite,15-1252.00||WA||52||Y||III,2,2,-19.760942947263572,-19.760942947263572,0.0,-35710.0,-35710.0,0.0
granite-4.1-30b,Granite,15-1252.00||WA||52||Y||IV,1,1,-34.02512700163052,-24.600145144720596,-9.424981856909927,-72202.0,-52202.0,-20000.0
granite-4.1-30b,Granite,15-1252.00||WA||54||Y||II,4,4,-0.1296132052052097,-21.045363371370684,20.915750166165473,-749.5,-28247.25,27497.75
granite-4.1-30b,Granite,15-1252.00||WA||54||Y||III,1,1,-16.994078910962315,-14.56225360364209,-2.431825307320226,-30710.0,-23862.0,-6848.0
granite-4.1-30b,Granite,15-1252.00||WA||54||Y||IV,4,4,-22.243899680493115,-24.19543349184746,1.951533811354345,-47202.0,-48916.0,1714.0
granite-4.1-30b,Granite,15-1252.00||WA||56||Y||III,2,2,-16.994078910962315,-14.227214874661058,-2.766864036301257,-30710.0,-25710.0,-5000.0
granite-4.1-30b,Granite,15-1252.00||WI||33||Y||IV,1,1,14.178712520837616,-1.4352543349533333,15.613966855790949,18627.0,-1893.0,20520.0
granite-4.1-30b,Granite,15-1252.00||WI||54||Y||II,1,1,-13.34753754090506,17.23568450348139,-30.583222044386453,-13093.0,16907.0,-30000.0
granite-4.1-30b,Granite,15-1252||CA||54||Y||I,1,1,2.5241444360146814,12.489240159636905,-9.965095723622223,3693.0,12768.0,-9075.0
granite-4.1-30b,Granite,15-1252||CA||54||Y||II,1,1,-20.102694669784437,-14.776207647770066,-5.326487022014371,-37741.0,-27741.0,-10000.0
granite-4.1-30b,Granite,15-1252||CA||54||Y||III,1,1,-20.402586031538263,-20.402586031538263,0.0,-46138.0,-46138.0,0.0
granite-4.1-30b,Granite,15-1253.00||CA||33||Y||IV,2,2,-10.448096572590128,-31.858763609595478,21.41066703700535,-16876.0,-64053.0,47177.0
granite-4.1-30b,Granite,15-1253.00||CA||54||Y||I,1,1,59.29992990803084,30.5201511763838,28.779778731647042,55838.0,26891.0,28947.0
granite-4.1-30b,Granite,15-1253.00||IL||54||Y||II,1,1,7.846698755789665,-12.587412587412587,20.43411134320225,6912.0,-11088.0,18000.0
granite-4.1-30b,Granite,15-1253.00||MI||33||Y||IV,2,2,5.887335874629393,-4.493775485628389,10.381111360257783,7089.0,-5411.0,12500.0
granite-4.1-30b,Granite,15-1253.00||MN||54||Y||IV,1,1,12.104930214680941,-0.7070618098540233,12.811992024534964,15117.0,-883.0,16000.0
granite-4.1-30b,Granite,15-1255.00||CA||51||Y||IV,1,1,-8.975546548299182,-19.684305777911042,10.70875922961186,-16763.0,-36763.0,20000.0
granite-4.1-30b,Granite,15-1295.00||OH||62||Y||I,1,1,39.273864303562405,57.024454852055655,-17.75059054849325,28763.0,41763.0,-13000.0
granite-4.1-30b,Granite,15-1299.00||CA||54||Y||IV,1,1,34.41293805176511,34.41293805176511,0.0,64006.0,64006.0,0.0
granite-4.1-30b,Granite,15-1299.00||MA||54||Y||II,1,1,27.070419111391033,54.69442326604126,-27.62400415465023,24499.0,49499.0,-25000.0
granite-4.1-30b,Granite,15-1299.00||NC||33||Y||IV,1,1,6.537874214283177,-27.011931962427013,33.54980617671019,9205.0,-42560.0,51765.0
granite-4.1-30b,Granite,15-1299.00||NJ||54||Y||II,1,1,21.45920027037874,47.86337424220021,-26.404173971821468,20318.0,45318.0,-25000.0
granite-4.1-30b,Granite,15-1299.00||TX||54||Y||IV,1,1,67.51541141785044,24.731480839858637,42.78393057799181,100760.0,35690.0,65070.0
granite-4.1-30b,Granite,15-1299.08||CA||33||Y||IV,1,1,-5.889523263213559,-10.591437640011325,4.701914376797766,-13142.0,-21323.0,8181.0
granite-4.1-30b,Granite,15-1299.08||CA||51||Y||III,1,1,-6.229142879206588,-6.229142879206588,0.0,-11293.0,-11293.0,0.0
granite-4.1-30b,Granite,15-1299.08||CA||54||Y||II,3,3,30.21020764069789,32.783073270053485,-2.5728656293555936,36642.333333333336,32492.333333333332,4150.000000000004
granite-4.1-30b,Granite,15-1299.08||CA||54||Y||IV,2,2,7.539530484505315,5.486056773678262,2.0534737108270527,10432.0,7738.5,2693.5
granite-4.1-30b,Granite,15-1299.08||NJ||54||Y||II,1,1,47.86337424220021,21.45920027037874,26.404173971821468,45318.0,20318.0,25000.0
granite-4.1-30b,Granite,15-1299.08||NY||52||Y||IV,1,1,13.226062123366084,57.25841961578623,-44.03235749242015,21026.0,91026.0,-70000.0
granite-4.1-30b,Granite,15-1299.08||TN||44||Y||IV,1,1,59.82951518380394,38.51891315929675,21.31060202450719,56150.0,36150.0,20000.0
granite-4.1-30b,Granite,15-1299.08||TX||54||Y||III,1,1,34.09379413920724,9.745390693590869,24.34840344561637,38138.0,11544.0,26594.0
granite-4.1-30b,Granite,15-1299.09||CA||51||Y||III,2,2,-3.4711764933008995,-11.745075651017965,8.273899157717064,-6293.0,-21293.0,15000.0
granite-4.1-30b,Granite,15-1299.09||CA||51||Y||IV,1,1,-3.2226846027291205,60.6425702811245,-63.865254883853616,-5994.0,67950.0,-73944.0
granite-4.1-30b,Granite,15-1299.09||CA||52||Y||IV,1,1,-23.815328355934785,-8.599202124799724,-15.21612623113506,-53142.0,-15994.0,-37148.0
granite-4.1-30b,Granite,15-1299.09||CA||54||Y||III,2,2,52.920448123400156,-2.1164255571146144,55.03687368051477,79595.0,-5849.0,85444.0
granite-4.1-30b,Granite,15-1299.09||CO||51||Y||III,1,1,1.60933555310651,11.666580769296845,-10.057245216190335,2059.0,13582.0,-11523.0
granite-4.1-30b,Granite,15-1299.09||GA||52||Y||II,1,1,73.52073572791949,5.759540132634906,67.76119559528458,63555.0,4629.0,58926.0
granite-4.1-30b,Granite,15-1299.09||GA||52||Y||IV,1,1,91.47990992785037,-11.91924143318883,103.3991513610392,119438.0,-15562.0,135000.0
granite-4.1-30b,Granite,15-1299.09||GA||54||Y||III,1,1,29.01561088891756,-0.47367159997788305,29.489282488895444,31486.0,-514.0,32000.0
granite-4.1-30b,Granite,15-1299.09||IL||33||Y||III,1,1,30.06317354143441,6.837606837606837,23.22556670382757,32360.0,7360.0,25000.0
granite-4.1-30b,Granite,15-1299.09||MA||54||Y||III,1,1,29.727485794840305,-0.5422608906224324,30.26974668546274,34373.0,-627.0,35000.0
granite-4.1-30b,Granite,15-1299.09||NJ||52||Y||IV,1,1,57.25841961578623,-5.644948230528263,62.903367846314495,91026.0,-8974.0,100000.0
granite-4.1-30b,Granite,15-1299.09||NJ||54||Y||III,2,2,54.83737774298716,1.2540643148124548,53.583313428174705,63749.0,965.5,62783.5
granite-4.1-30b,Granite,15-1299.09||NY||51||Y||IV,1,1,-5.644948230528263,-11.935285015159712,6.2903367846314495,-8974.0,-18974.0,10000.0
granite-4.1-30b,Granite,15-1299.09||NY||52||Y||IV,2,2,25.21985515378607,-8.790116622843987,34.00997177663006,38990.0,-13974.0,52964.0
granite-4.1-30b,Granite,15-1299.09||NY||54||Y||IV,1,1,-5.644948230528263,-5.644948230528263,0.0,-8974.0,-8974.0,0.0
granite-4.1-30b,Granite,15-1299.09||TX||22||Y||IV,1,1,7.139030748901825,-6.191369606003752,13.330400354905578,9995.0,-9240.0,19235.0
granite-4.1-30b,Granite,15-1299.09||TX||54||Y||III,1,1,25.06983065544929,-2.917539001823462,27.98736965727275,30067.0,-3456.0,33523.0
granite-4.1-30b,Granite,15-1299.09||TX||54||Y||IV,1,1,17.801954126533158,21.4242348487554,-3.622280722222243,25690.0,29995.0,-4305.0
granite-4.1-30b,Granite,15-1299.09||WA||51||Y||II,1,1,17.685585050860638,25.504258180188256,-7.8186731293276175,17282.0,28450.0,-11168.0
granite-4.1-30b,Granite,15-1299.09||WA||51||Y||IV,1,1,-10.19254717884855,-10.19254717884855,0.0,-17024.0,-17024.0,0.0
granite-4.1-30b,Granite,15-2021.00||NY||52||Y||IV,1,1,91.35826093612461,14.814956561674768,76.54330437444985,119355.0,19355.0,100000.0
granite-4.1-30b,Granite,15-2031.00||CA||51||Y||IV,5,5,5.197422668502149,13.594801981899824,-8.397379313397675,7683.8,17291.4,-9607.600000000002
granite-4.1-30b,Granite,15-2031.00||CA||52||Y||IV,1,1,-3.7793786657964974,0.874921821935588,-4.654300487732085,-4517.0,1301.0,-5818.0
granite-4.1-30b,Granite,15-2031.00||CA||54||Y||II,2,2,34.451147525512006,32.47696872255813,1.9741788029538796,33721.0,33007.5,713.5
granite-4.1-30b,Granite,15-2031.00||CA||54||Y||III,7,7,39.177891802526645,25.82683211383585,13.351059688690796,48189.28571428572,29887.285714285714,18302.000000000004
granite-4.1-30b,Granite,15-2031.00||CA||54||Y||IV,3,3,15.06545193648387,6.282305756482228,8.78314618000164,22258.0,9016.666666666666,13241.333333333334
granite-4.1-30b,Granite,15-2031.00||GA||44||Y||III,2,2,37.283042812572205,19.103759325763896,18.17928348680831,31217.5,15799.0,15418.5
granite-4.1-30b,Granite,15-2031.00||GA||44||Y||IV,1,1,-13.052373158756138,10.474631751227497,-23.527004909983635,-12760.0,10240.0,-23000.0
granite-4.1-30b,Granite,15-2031.00||IL||52||Y||IV,1,1,12.629825986918851,20.674813557413053,-8.044987570494202,15699.0,25699.0,-10000.0
granite-4.1-30b,Granite,15-2031.00||IL||54||Y||II,2,2,48.42149376047681,4.768113242689513,43.65338051778729,41596.0,4096.0,37500.0
granite-4.1-30b,Granite,15-2031.00||IL||54||Y||III,1,1,9.417518220395426,9.417518220395426,0.0,9898.0,9898.0,0.0
granite-4.1-30b,Granite,15-2031.00||MA||54||Y||II,2,2,40.282972693495765,-0.7635370210381301,41.0465097145339,32871.5,-654.0,33525.5
granite-4.1-30b,Granite,15-2031.00||MO||54||Y||IV,1,1,45.91871693037774,45.91871693037774,0.0,36189.0,36189.0,0.0
granite-4.1-30b,Granite,15-2031.00||NC||52||Y||IV,2,2,-5.603073235598313,7.460566644240114,-13.063639879838426,-6826.0,7984.0,-14810.0
granite-4.1-30b,Granite,15-2031.00||NC||54||Y||IV,1,1,-2.572096648480125,3.4126163391933817,-5.984712987673507,-3432.0,3366.0,-6798.0
granite-4.1-30b,Granite,15-2031.00||NJ||52||Y||II,1,1,97.21704831817684,42.43453489646105,54.782513421715784,88730.0,38730.0,50000.0
granite-4.1-30b,Granite,15-2031.00||NJ||54||Y||I,1,1,66.98369367930418,10.537951363301401,56.44574231600278,46131.0,7150.0,38981.0
granite-4.1-30b,Granite,15-2031.00||NJ||54||Y||III,1,1,-3.460317993317775,7.461995651922329,-10.922313645240104,-4122.0,9027.0,-13149.0
granite-4.1-30b,Granite,15-2031.00||NJ||54||Y||IV,1,1,18.812157978236407,-9.143643898995688,27.955801877232094,26917.0,-13083.0,40000.0
granite-4.1-30b,Granite,15-2031.00||NY||54||Y||III,1,1,23.99461036760269,0.28778233190895613,23.706828035693732,29027.0,330.0,28697.0
granite-4.1-30b,Granite,15-2031.00||NY||54||Y||IV,1,1,15.635245622865849,-21.77615737276722,37.41140299563307,22986.0,-32014.0,55000.0
granite-4.1-30b,Granite,15-2031.00||PA||54||Y||IV,1,1,26.82951576490881,-2.7640379135699127,29.59355367847872,31731.0,-3269.0,35000.0
granite-4.1-30b,Granite,15-2031.00||TN||54||Y||II,1,1,29.64827186479973,10.275535678730606,19.372736186069126,19438.0,6709.0,12729.0
granite-4.1-30b,Granite,15-2031.00||TX||42||Y||IV,1,1,5.875637555469628,5.875637555469628,0.0,6382.0,6382.0,0.0
granite-4.1-30b,Granite,15-2031.00||TX||52||Y||IV,1,1,5.746570789775817,-13.13674542268415,18.883316212459967,7608.0,-17392.0,25000.0
granite-4.1-30b,Granite,15-2031.00||TX||54||Y||II,1,1,40.57648583233504,-13.667451508016594,54.243937340351636,33194.0,-12190.0,45384.0
granite-4.1-30b,Granite,15-2031.00||TX||54||Y||III,2,2,27.16561544671161,5.038139455597843,22.127475991113766,25600.5,5222.5,20378.0
granite-4.1-30b,Granite,15-2031.00||TX||54||Y||IV,1,1,13.299897274759804,-17.739355624952395,31.0392528997122,17608.0,-23290.0,40898.0
granite-4.1-30b,Granite,15-2031.00||VA||44||Y||III,1,1,11.788049857470236,-8.174101902792305,19.962151760262543,14763.0,-10237.0,25000.0
granite-4.1-30b,Granite,15-2031.00||WA||45||Y||I,1,1,61.99464713339907,5.6486829130863505,56.34596422031272,44010.0,4010.0,40000.0
granite-4.1-30b,Granite,15-2031.00||WA||51||Y||IV,2,2,22.371872825031165,3.251267696120047,19.12060512891112,29251.0,4251.0,25000.0
granite-4.1-30b,Granite,15-2031.00||WA||52||Y||III,1,1,31.53691489561606,3.7700095648878382,27.76690533072822,33566.0,4178.0,29388.0
granite-4.1-30b,Granite,15-2031.00||WA||54||Y||III,1,1,35.35218638898414,3.7700095648878382,31.582176824096297,39178.0,4178.0,35000.0
granite-4.1-30b,Granite,15-2031||MA||54||Y||II,2,2,34.261096971536645,51.773413967824034,-17.51231699628739,29346.0,44346.0,-15000.0
granite-4.1-30b,Granite,15-2041.00||CA||33||Y||IV,1,1,-23.216314997389354,-23.216314997389354,0.0,-45354.0,-45354.0,0.0
granite-4.1-30b,Granite,15-2041.00||CA||52||Y||IV,1,1,11.789299528249156,-15.831528387219858,27.620827915469015,15819.0,-28214.0,44033.0
granite-4.1-30b,Granite,15-2041.00||CA||54||Y||II,3,3,39.235175678621545,18.125350684634842,21.109824993986702,39159.0,18413.0,20746.0
granite-4.1-30b,Granite,15-2041.00||CA||54||Y||III,3,3,17.58779639466584,0.21607079900453505,17.371725595661307,24326.666666666668,-1264.6666666666667,25591.333333333336
granite-4.1-30b,Granite,15-2041.00||FL||52||Y||II,2,2,14.047506685543496,-20.283690836834076,34.33119752237757,14288.0,-20287.0,34575.0
granite-4.1-30b,Granite,15-2041.00||IL||52||Y||IV,1,1,-10.150136223987015,32.220720456014575,-42.370856680001594,-14008.0,43864.0,-57872.0
granite-4.1-30b,Granite,15-2041.00||NC||54||Y||III,1,1,-7.047999380319996,-18.320963102382898,11.2729637220629,-8189.0,-25795.0,17606.0
granite-4.1-30b,Granite,15-2041.00||NJ||54||Y||II,1,1,1.8014429247997168,-14.276948620310046,16.078391545109763,2035.0,-15822.0,17857.0
granite-4.1-30b,Granite,15-2041.00||NJ||54||Y||III,1,1,-3.028959708532759,-20.345216903437624,17.316257194904864,-4373.0,-29373.0,25000.0
granite-4.1-30b,Granite,15-2041.00||NJ||54||Y||IV,1,1,2.400145635762682,-26.044339263060284,28.444484898822964,4219.0,-45781.0,50000.0
granite-4.1-30b,Granite,15-2041.00||NY||52||Y||II,1,1,15.079892001947506,1.8014429247997168,13.278449077147789,17035.0,2035.0,15000.0
granite-4.1-30b,Granite,15-2041.00||NY||52||Y||III,4,4,3.897543169429187,15.668009777160972,-11.770466607731784,5627.0,22678.0,-17051.0
granite-4.1-30b,Granite,15-2041.00||NY||52||Y||IV,1,1,-14.138031700238697,-14.666545303531098,0.5285136032924012,-24699.0,-25781.0,1082.0
granite-4.1-30b,Granite,15-2041.00||NY||54||Y||II,1,1,1.8014429247997168,23.9321913867127,-22.130748461912983,2035.0,27035.0,-25000.0
granite-4.1-30b,Granite,15-2041.00||NY||54||Y||III,1,1,3.897543169429187,-9.955462586494704,13.853005755923892,5627.0,-14373.0,20000.0
granite-4.1-30b,Granite,15-2041.00||TX||54||Y||I,1,1,70.22410373308861,-5.31921888355579,75.5433226166444,47442.0,-4045.0,51487.0
granite-4.1-30b,Granite,15-2041.00||TX||54||Y||IV,2,2,-2.624837560962437,-7.7747074281230795,5.149869867160643,-3979.5,-10978.5,6999.0
granite-4.1-30b,Granite,15-2041.00||WA||51||Y||IV,1,1,17.451766474567776,40.94211976948133,-23.490353294913554,22288.0,52288.0,-30000.0
granite-4.1-30b,Granite,15-2041.01||CA||54||Y||III,1,1,78.6977934396466,-0.34489332570755127,79.04268676535415,110099.0,-398.0,110497.0
granite-4.1-30b,Granite,15-2051.00||CA||33||Y||I,1,1,44.89673692548444,21.427010224154262,23.469726701330178,46478.0,26469.0,20009.0
granite-4.1-30b,Granite,15-2051.00||CA||33||Y||II,1,1,11.980410893454371,-25.41766109785203,37.3980719913064,16048.0,-44304.0,60352.0
granite-4.1-30b,Granite,15-2051.00||CA||33||Y||IV,1,1,-11.843232078988464,25.938239887159337,-37.781471966147805,-18808.0,41192.0,-60000.0
granite-4.1-30b,Granite,15-2051.00||CA||45||Y||I,1,1,2.4954218711564216,27.887050157301072,-25.391628286144652,1826.0,32709.0,-30883.0
granite-4.1-30b,Granite,15-2051.00||CA||45||Y||II,1,1,-13.943455112906188,0.874921821935588,-14.818376934841776,-24304.0,1301.0,-25605.0
granite-4.1-30b,Granite,15-2051.00||CA||45||Y||III,2,2,-1.0215232208606093,-2.678174972476171,1.6566517516155617,-1522.5,-4403.0,2880.5
granite-4.1-30b,Granite,15-2051.00||CA||51||Y||I,1,1,27.887050157301072,77.94695633336428,-50.05990617606321,32709.0,50374.0,-17665.0
granite-4.1-30b,Granite,15-2051.00||CA||51||Y||II,1,1,11.980410893454371,11.980410893454371,0.0,16048.0,16048.0,0.0
granite-4.1-30b,Granite,15-2051.00||CA||51||Y||IV,1,1,-7.613660860014166,-23.011384050011806,15.39772318999764,-14834.0,-44834.0,30000.0
granite-4.1-30b,Granite,15-2051.00||CA||52||Y||II,1,1,16.82424959890341,-2.950310559006211,19.774560157909622,21602.0,-3952.0,25554.0
granite-4.1-30b,Granite,15-2051.00||CA||52||Y||III,3,3,-1.8545372619148477,1.376901070337322,-3.2314383322521696,-3025.3333333333335,2263.6666666666665,-5289.0
granite-4.1-30b,Granite,15-2051.00||CA||52||Y||IV,2,2,-15.312522455012985,-6.1278055782461305,-9.184716876766855,-29834.0,-8846.5,-20987.5
granite-4.1-30b,Granite,15-2051.00||CA||54||Y||I,1,1,44.89673692548444,11.411120140509084,33.485616784975356,46478.0,8706.0,37772.0
granite-4.1-30b,Granite,15-2051.00||CA||54||Y||II,3,3,11.980410893454371,42.19680611239863,-30.216395218944264,16048.0,55312.666666666664,-39264.666666666664
granite-4.1-30b,Granite,15-2051.00||CA||54||Y||IV,1,1,-12.004475200975493,-27.585512064883382,15.581036863907888,-19099.0,-43808.0,24709.0
granite-4.1-30b,Granite,15-2051.00||CA||56||Y||III,1,1,9.487053155964308,-11.721808551470025,21.20886170743433,15597.0,-15270.0,30867.0
granite-4.1-30b,Granite,15-2051.00||CA||61||Y||I,1,1,2.934314182976037,-5.217416664236344,8.15173084721238,2138.0,-3578.0,5716.0
granite-4.1-30b,Granite,15-2051.00||CO||33||Y||IV,1,1,-3.7129757875167577,-28.66119004110213,24.948214253585373,-5013.0,-52229.0,47216.0
granite-4.1-30b,Granite,15-2051.00||CT||52||Y||IV,1,1,-10.676249501848314,-34.577684732707176,23.901435230858862,-15538.0,-60781.0,45243.0
granite-4.1-30b,Granite,15-2051.00||DC||54||Y||II,1,1,-0.8099086588637128,-18.060359326887415,17.250450668023703,-939.0,-20939.0,20000.0
granite-4.1-30b,Granite,15-2051.00||DE||52||Y||I,1,1,14.951855458184571,28.475603159147465,-13.523747700962893,11056.0,21056.0,-10000.0
granite-4.1-30b,Granite,15-2051.00||GA||52||Y||II,1,1,1.0917913465426607,-6.550275951538072,7.642067298080733,1026.0,-5958.0,6984.0
granite-4.1-30b,Granite,15-2051.00||GA||52||Y||IV,1,1,10.674153158271418,-15.149815911991913,25.82396907026333,14467.0,-20533.0,35000.0
granite-4.1-30b,Granite,15-2051.00||GA||54||Y||III,1,1,13.285811387838333,13.285811387838333,0.0,15246.0,15246.0,0.0
granite-4.1-30b,Granite,15-2051.00||IL||51||Y||III,1,1,17.097977550644874,-7.163855794522667,24.261833345167542,20442.0,-8334.0,28776.0
granite-4.1-30b,Granite,15-2051.00||IL||52||Y||II,1,1,14.925404899227447,18.644767249917464,-3.7193623506900177,14026.0,18072.0,-4046.0
granite-4.1-30b,Granite,15-2051.00||IL||52||Y||IV,1,1,5.477814499683567,5.477814499683567,0.0,7790.0,7790.0,0.0
granite-4.1-30b,Granite,15-2051.00||IL||54||Y||I,1,1,60.62798558538425,14.436501204949042,46.19148438043521,43406.0,10723.0,32683.0
granite-4.1-30b,Granite,15-2051.00||IL||54||Y||II,2,2,16.065533179267085,16.065533179267085,0.0,15572.0,15572.0,0.0
granite-4.1-30b,Granite,15-2051.00||IL||54||Y||IV,2,2,-5.06996695028479,1.9618873496941145,-7.031854299978905,-7210.0,2790.0,-10000.0
granite-4.1-30b,Granite,15-2051.00||IL||55||Y||III,1,1,-3.8123755833988526,-20.540658090633833,16.72828250723498,-4558.0,-24558.0,20000.0
granite-4.1-30b,Granite,15-2051.00||IL||61||Y||I,1,1,72.47220425636762,0.09547568449906065,72.37672857186855,47062.0,62.0,47000.0
granite-4.1-30b,Granite,15-2051.00||IL||81||Y||III,1,1,17.097977550644874,-3.8123755833988526,20.910353134043728,20442.0,-4558.0,25000.0
granite-4.1-30b,Granite,15-2051.00||IN||33||Y||III,1,1,-1.0550654598856404,19.775447074875277,-20.830512534760917,-1013.0,18987.0,-20000.0
granite-4.1-30b,Granite,15-2051.00||MA||32||Y||IV,2,2,-13.47502827512469,6.851984487215081,-20.32701276233977,-21803.0,9717.5,-31520.5
granite-4.1-30b,Granite,15-2051.00||MA||44||Y||III,1,1,-16.634045206095138,8.738201905093298,-25.372247111188436,-22946.0,12054.0,-35000.0
granite-4.1-30b,Granite,15-2051.00||MA||51||Y||III,1,1,-16.634045206095138,-16.634045206095138,0.0,-22946.0,-22946.0,0.0
granite-4.1-30b,Granite,15-2051.00||MA||52||Y||II,1,1,13.947128532360985,0.7993829324731786,13.147745599887806,15912.0,912.0,15000.0
granite-4.1-30b,Granite,15-2051.00||MA||52||Y||IV,2,2,8.15621465609414,-13.475028275124687,21.63124293121883,13197.0,-21803.0,35000.0
granite-4.1-30b,Granite,15-2051.00||MA||61||Y||I,1,1,0.9176780860625958,54.740439731962645,-53.82276164590005,682.0,40682.0,-40000.0
granite-4.1-30b,Granite,15-2051.00||MA||62||Y||I,1,1,54.740439731962645,-3.119029037379908,57.859468769342556,40682.0,-2318.0,43000.0
granite-4.1-30b,Granite,15-2051.00||MA||62||Y||II,1,1,50.42117930204573,18.02277145237434,32.398407849671386,43576.0,15576.0,28000.0
granite-4.1-30b,Granite,15-2051.00||MI||54||Y||II,1,1,7.511921174789087,14.240361721061113,-6.728440546272026,5939.0,11842.0,-5903.0
granite-4.1-30b,Granite,15-2051.00||NC||51||Y||III,1,1,-11.439000723889906,-34.54187010026645,23.102869376376546,-14854.0,-44854.0,30000.0
granite-4.1-30b,Granite,15-2051.00||NC||52||Y||IV,1,1,-15.563580623790285,-15.563580623790285,0.0,-23962.0,-23962.0,0.0
granite-4.1-30b,Granite,15-2051.00||NC||54||Y||II,7,7,20.97084376259382,-9.987350336385418,30.958194098979238,18609.285714285714,-9786.714285714286,28396.0
granite-4.1-30b,Granite,15-2051.00||NC||54||Y||III,1,1,2.2531253890064553,-15.530026852559885,17.78315224156634,2534.0,-17466.0,20000.0
granite-4.1-30b,Granite,15-2051.00||NC||54||Y||IV,1,1,23.460376481524516,-29.852820825918084,53.3131973074426,32304.0,-45962.0,78266.0
granite-4.1-30b,Granite,15-2051.00||NJ||52||Y||II,1,1,5.031463773278169,-13.23487775250934,18.26634152578751,5509.0,-14491.0,20000.0
granite-4.1-30b,Granite,15-2051.00||NJ||52||Y||IV,1,1,-23.322382196636802,-23.322382196636802,0.0,-39541.0,-39541.0,0.0
granite-4.1-30b,Granite,15-2051.00||NJ||54||Y||II,6,6,4.781958727911289,-19.323658261105173,24.10561698901646,5238.666666666667,-21157.666666666668,26396.333333333336
granite-4.1-30b,Granite,15-2051.00||NJ||54||Y||IV,3,3,-8.681337829443454,-5.148087548315193,-3.533250281128261,-14569.666666666666,-7960.333333333333,-6609.333333333333
granite-4.1-30b,Granite,15-2051.00||NV||52||Y||I,1,1,24.595066035385,24.595066035385,0.0,14805.0,14805.0,0.0
granite-4.1-30b,Granite,15-2051.00||NY||51||Y||II,1,1,16.10667524069807,-13.23487775250934,29.341552993207408,18034.0,-14491.0,32525.0
granite-4.1-30b,Granite,15-2051.00||NY||51||Y||III,2,2,-6.8140438404082975,-12.675988414501806,5.861944574093508,-9506.0,-17838.0,8332.0
granite-4.1-30b,Granite,15-2051.00||NY||52||Y||II,3,3,9.598049154725045,23.297805299065676,-13.69975614434063,10509.0,25509.0,-15000.0
granite-4.1-30b,Granite,15-2051.00||NY||52||Y||III,4,4,37.09087781170703,-1.4379309850472377,38.52880879675427,51744.0,-2006.0,53750.0
granite-4.1-30b,Granite,15-2051.00||NY||52||Y||IV,4,4,-11.525825611504002,-5.843574838237106,-5.6822507732668965,-19541.0,-9957.0,-9584.0
granite-4.1-30b,Granite,15-2051.00||NY||54||Y||II,6,6,6.211699423303762,1.86858294425977,4.343116479043992,6554.166666666667,-418.0,6972.166666666667
granite-4.1-30b,Granite,15-2051.00||NY||54||Y||IV,2,2,-11.77065680004344,-11.525825611504002,-0.24483118853943786,-19957.0,-19541.0,-416.0
granite-4.1-30b,Granite,15-2051.00||NY||62||Y||II,1,1,5.031463773278169,5.031463773278169,0.0,5509.0,5509.0,0.0
granite-4.1-30b,Granite,15-2051.00||OH||42||Y||III,2,2,18.978243978243977,-0.16638935108153077,19.144633329325508,19540.0,-170.0,19710.0
granite-4.1-30b,Granite,15-2051.00||OH||52||Y||IV,1,1,17.897715310702587,-8.066927276942385,25.964642587644974,21253.0,-10091.0,31344.0
granite-4.1-30b,Granite,15-2051.00||PA||48||Y||III,1,1,-2.6100506427736656,-2.6100506427736656,0.0,-3082.0,-3082.0,0.0
granite-4.1-30b,Granite,15-2051.00||PA||54||Y||I,1,1,55.52309856107325,1.4281077572216814,54.094990803851566,41056.0,1056.0,40000.0
granite-4.1-30b,Granite,15-2051.00||PA||54||Y||II,2,2,27.85182335350105,0.5072229802214281,27.344600373279622,23028.5,487.0,22541.5
granite-4.1-30b,Granite,15-2051.00||PA||61||Y||I,1,1,65.18004625041296,65.18004625041296,0.0,33541.0,33541.0,0.0
granite-4.1-30b,Granite,15-2051.00||TX||33||Y||IV,2,2,-9.686116225503483,-4.09479367152315,-5.591322553980333,-13942.5,-5909.5,-8033.0
granite-4.1-30b,Granite,15-2051.00||TX||42||Y||III,2,2,-5.463573593599218,10.847574171846679,-16.311147765445895,-6711.5,12709.0,-19420.5
granite-4.1-30b,Granite,15-2051.00||TX||42||Y||IV,2,2,-5.876658083514297,-10.598671537992534,4.722013454478237,-8741.0,-14925.5,6184.5
granite-4.1-30b,Granite,15-2051.00||TX||45||Y||II,2,2,6.140184773617436,-15.6548722327509,21.79505700636834,6161.0,-15034.0,21195.0
granite-4.1-30b,Granite,15-2051.00||TX||51||Y||II,1,1,29.56078892554241,13.007727576038057,16.553061349504354,29661.0,12086.0,17575.0
granite-4.1-30b,Granite,15-2051.00||TX||52||Y||II,3,3,14.04777194734948,31.897730664833983,-17.849958717484505,14021.666666666666,30632.666666666668,-16611.0
granite-4.1-30b,Granite,15-2051.00||TX||52||Y||III,3,3,6.538372037602438,42.36976820896138,-35.831396171358946,7773.666666666667,50383.333333333336,-42609.66666666667
granite-4.1-30b,Granite,15-2051.00||TX||52||Y||IV,5,5,-5.482708273084438,-8.251684515264998,2.7689762421805595,-7773.0,-11361.8,3588.7999999999993
granite-4.1-30b,Granite,15-2051.00||TX||54||Y||I,2,2,51.55747534288507,7.9922292447205265,43.56524609816454,36438.5,5372.0,31066.5
granite-4.1-30b,Granite,15-2051.00||TX||54||Y||II,8,8,13.210732185584721,-5.113044855069676,18.3237770406544,11928.0,-4788.0,16716.0
granite-4.1-30b,Granite,15-2051.00||TX||54||Y||III,1,1,3.400528691398874,-14.582171950583538,17.98270064198241,3782.0,-16218.0,20000.0
granite-4.1-30b,Granite,15-2051.00||TX||54||Y||IV,3,3,-14.857677340951332,-19.537652033622418,4.679974692671086,-21197.333333333332,-28429.0,7231.666666666668
granite-4.1-30b,Granite,15-2051.00||VA||52||Y||II,1,1,-0.8099086588637128,3.8477862361047146,-4.657694894968428,-939.0,4261.0,-5200.0
granite-4.1-30b,Granite,15-2051.00||VA||52||Y||IV,1,1,-13.447006265105163,-10.103201524649702,-3.343804740455461,-20197.0,-16858.0,-3339.0
granite-4.1-30b,Granite,15-2051.00||WA||51||Y||I,1,1,-1.1621253264250861,19.645848289064368,-20.807973615489455,-1117.0,18883.0,-20000.0
granite-4.1-30b,Granite,15-2051.00||WA||51||Y||III,1,1,-8.156892519072752,-7.2767854186121985,-0.8801071004605534,-13322.0,-10987.0,-2335.0
granite-4.1-30b,Granite,15-2051.00||WA||51||Y||IV,1,1,-23.82461379079192,-37.35735179566513,13.532738004873213,-46914.0,-68581.0,21667.0
granite-4.1-30b,Granite,15-2051.00||WA||52||Y||III,1,1,-14.279766351134569,-22.096221328022327,7.8164549768877585,-23322.0,-32618.0,9296.0
granite-4.1-30b,Granite,15-2051.00||WA||54||Y||II,1,1,-2.8831050382556116,-11.339999537426085,8.456894499170474,-3414.0,-14709.0,11295.0
granite-4.1-30b,Granite,15-2051.00||WA||54||Y||III,1,1,-8.156892519072752,-14.279766351134569,6.122873832061817,-13322.0,-23322.0,10000.0
granite-4.1-30b,Granite,15-2051.00||WI||54||Y||II,1,1,22.2922892053128,-9.610047109116625,31.902336314429427,20963.0,-9037.0,30000.0
granite-4.1-30b,Granite,15-2051.01||AR||45||Y||III,1,1,22.93642430628732,1.2421977480213753,21.694226558265946,26120.0,1411.0,24709.0
granite-4.1-30b,Granite,15-2051.01||AR||45||Y||IV,1,1,35.725111407695614,13.104259506413012,22.620851901282602,47379.0,17379.0,30000.0
granite-4.1-30b,Granite,15-2051.01||CA||51||Y||III,1,1,-5.4474855334652865,-8.76078903669641,3.3133035032311238,-8642.0,-14403.0,5761.0
granite-4.1-30b,Granite,15-2051.01||CA||51||Y||IV,3,3,-30.548463029897306,-20.546148754964644,-10.002314274932662,-71839.33333333333,-39517.666666666664,-32321.666666666664
granite-4.1-30b,Granite,15-2051.01||CA||52||Y||II,1,1,11.980410893454371,56.77257525083612,-44.79216435738175,16048.0,76048.0,-60000.0
granite-4.1-30b,Granite,15-2051.01||CA||54||Y||I,1,1,77.6587312433378,11.08749830953807,66.57123293379973,56826.0,11478.0,45348.0
granite-4.1-30b,Granite,15-2051.01||CA||54||Y||IV,3,3,-14.544204862235508,-10.849228330526651,-3.694976531708857,-26158.666666666668,-17825.333333333332,-8333.333333333336
granite-4.1-30b,Granite,15-2051.01||CT||54||Y||IV,1,1,7.957162597881161,-17.23284200829111,25.190004606172273,11056.0,-23944.0,35000.0
granite-4.1-30b,Granite,15-2051.01||MA||61||Y||II,1,1,-16.730944534043896,-10.904378413403684,-5.826566120640212,-19088.0,-9424.0,-9664.0
granite-4.1-30b,Granite,15-2051.01||NC||52||Y||IV,1,1,-6.748943830429036,-29.852820825918084,23.103876995489045,-8323.0,-45962.0,37639.0
granite-4.1-30b,Granite,15-2051.01||NC||54||Y||II,1,1,-19.619469110234807,-27.18469554691859,7.565226436683783,-20747.0,-28747.0,8000.0
granite-4.1-30b,Granite,15-2051.01||NJ||54||Y||II,1,1,5.031463773278169,18.731219917618798,-13.699756144340629,5509.0,20509.0,-15000.0
granite-4.1-30b,Granite,15-2051.01||NY||52||Y||II,1,1,18.731219917618798,-1.3617557607474586,20.09297567836626,20509.0,-1491.0,22000.0
granite-4.1-30b,Granite,15-2051.01||NY||54||Y||II,2,2,18.731219917618798,-5.060675236952005,23.791895154570803,20509.0,-5728.5,26237.5
granite-4.1-30b,Granite,15-2051.01||TX||22||Y||IV,1,1,7.059503672140976,0.8464377676632536,6.213065904477722,9891.0,1259.0,8632.0
granite-4.1-30b,Granite,15-2051.01||TX||33||Y||II,1,1,-1.0767020013745132,14.611467126441363,-15.688169127815877,-1034.0,14661.0,-15695.0
granite-4.1-30b,Granite,15-2051.01||TX||33||Y||III,1,1,4.392515859632217,-7.652774431863808,12.045290291496025,5470.0,-9530.0,15000.0
granite-4.1-30b,Granite,15-2051.01||TX||51||Y||III,1,1,-7.652774431863808,-12.117452440033086,4.464678008169278,-9530.0,-14064.0,4534.0
granite-4.1-30b,Granite,15-2051.01||TX||51||Y||IV,1,1,5.802938500278614,-2.312929259532004,8.115867759810618,8227.0,-3078.0,11305.0
granite-4.1-30b,Granite,15-2051.01||TX||54||Y||I,1,1,91.37709489569949,2.5234436941247234,88.85365120157476,66846.0,1846.0,65000.0
granite-4.1-30b,Granite,15-2051.01||TX||55||Y||III,1,1,51.39663394817189,-20.09622097179817,71.49285491997006,61107.0,-23893.0,85000.0
granite-4.1-30b,Granite,15-2051.02||NY||54||Y||II,1,1,68.23687752355316,10.176282051282051,58.06059547227111,52728.0,7112.0,45616.0
granite-4.1-30b,Granite,15-2051.02||NY||62||Y||III,1,1,21.45920027037874,-22.58397488280074,44.043175153179476,20318.0,-31506.0,51824.0
granite-4.1-30b,Granite,17-2011.00||TX||54||Y||I,1,1,62.16566844688534,18.79797113725814,43.367697309627204,57502.0,18197.0,39305.0
granite-4.1-30b,Granite,17-2031.00||CA||33||Y||III,2,2,20.7548426855877,7.9171114436373315,12.837731241950369,24922.0,10091.0,14831.0
granite-4.1-30b,Granite,17-2031.00||CA||54||Y||III,1,1,29.703555318566345,-6.670237544534528,36.373792863100874,41222.0,-8219.0,49441.0
granite-4.1-30b,Granite,17-2041.00||PA||32||Y||III,1,1,-5.473495590133077,-4.493775485628389,-0.9797201045046879,-6659.0,-5411.0,-1248.0
granite-4.1-30b,Granite,17-2051.00||AZ||54||Y||II,1,1,13.248933075841022,13.248933075841022,0.0,11114.0,11114.0,0.0
granite-4.1-30b,Granite,17-2061.00||CA||33||Y||IV,1,1,8.889760006968945,-34.666143995818636,43.555904002787585,20410.0,-79590.0,100000.0
granite-4.1-30b,Granite,17-2061.00||MA||54||Y||II,1,1,1.214574898785425,-22.402159244264507,23.616734143049932,1800.0,-33200.0,35000.0
granite-4.1-30b,Granite,17-2061.00||TX||54||Y||II,1,1,1.7078067374788846,-2.951948556093774,4.659755293572658,1931.0,-3498.0,5429.0
granite-4.1-30b,Granite,17-2071.00||CA||33||Y||II,1,1,3.53644482857966,-3.025601241272304,6.562046069851964,3928.0,-4056.0,7984.0
granite-4.1-30b,Granite,17-2071.00||CA||33||Y||IV,1,1,-20.129071420584335,-10.944874877549204,-9.184196543035132,-37803.0,-17206.0,-20597.0
granite-4.1-30b,Granite,17-2071.00||CA||54||Y||II,1,1,-12.439802364125336,3.53644482857966,-15.976247192704996,-19890.0,3928.0,-23818.0
granite-4.1-30b,Granite,17-2071.00||IL||33||Y||IV,2,2,7.835187483457923,3.5837357753656187,4.251451708092304,8734.5,4015.0,4719.5
granite-4.1-30b,Granite,17-2071.00||IL||54||Y||III,1,1,18.145453931711927,9.58904109589041,8.556412835821517,21502.0,9450.0,12052.0
granite-4.1-30b,Granite,17-2071.00||IN||32||Y||III,1,1,34.39294705813839,34.39294705813839,0.0,38387.0,38387.0,0.0
granite-4.1-30b,Granite,17-2071.00||MI||33||Y||II,1,1,-0.9694568956530804,12.582091108099656,-13.551548003752735,-930.0,12070.0,-13000.0
granite-4.1-30b,Granite,17-2071.00||MI||54||Y||I,1,1,3.8244023989544274,43.382582133283464,-39.55817973432904,3131.0,34795.0,-31664.0
granite-4.1-30b,Granite,17-2072.00||CA||33||Y||III,6,6,-9.898426834231506,-9.534803124497955,-0.3636237097335506,-18394.333333333332,-16491.0,-1903.3333333333321
granite-4.1-30b,Granite,17-2072.00||CA||33||Y||IV,5,5,-18.359852077298203,-22.254975912925573,3.89512383562737,-36116.8,-48091.0,11974.199999999997
granite-4.1-30b,Granite,17-2072.00||CA||54||Y||III,1,1,-3.470762366467888,-19.55896863872324,16.088206272255352,-6472.0,-36472.0,30000.0
granite-4.1-30b,Granite,17-2072.00||ID||33||Y||III,1,1,10.246184523353017,10.246184523353017,0.0,10688.0,10688.0,0.0
granite-4.1-30b,Granite,17-2072.00||TX||33||Y||IV,1,1,5.472797324713517,-28.650754750929092,34.12355207564261,8821.0,-46179.0,55000.0
granite-4.1-30b,Granite,17-2074.00||TN||54||Y||II,1,1,39.54581509445048,24.85678192661359,14.689033167836893,26922.0,16922.0,10000.0
granite-4.1-30b,Granite,17-2112.00||AR||45||Y||III,3,3,14.620094712394051,9.9019893444148,4.718105367979252,16156.666666666666,10835.0,5321.666666666666
granite-4.1-30b,Granite,17-2112.00||AR||45||Y||IV,1,1,58.95850388256146,3.323027523664947,55.63547635889651,74181.0,4181.0,70000.0
granite-4.1-30b,Granite,17-2112.00||CA||33||Y||III,2,2,3.3022278847147137,4.3592584048397,-1.0570305201249863,4795.0,6251.0,-1456.0
granite-4.1-30b,Granite,17-2112.00||CA||33||Y||IV,2,2,4.433848934288119,-5.1524338738303355,9.586282808118455,4489.0,-8605.0,13094.0
granite-4.1-30b,Granite,17-2112.00||CA||54||Y||III,1,1,23.962673461657655,3.3022278847147137,20.66044557694294,34795.0,4795.0,30000.0
granite-4.1-30b,Granite,17-2112.00||IN||33||Y||III,1,1,50.86900547151593,12.216159126914276,38.652846344601656,50576.0,11104.0,39472.0
granite-4.1-30b,Granite,17-2112.00||OH||32||Y||IV,1,1,24.615768048517072,20.08508886296576,4.530679185551314,29630.0,23416.0,6214.0
granite-4.1-30b,Granite,17-2112.00||TX||33||Y||IV,1,1,-11.171241347737258,12.874461024448609,-24.045702372185865,-16349.0,17109.0,-33458.0
granite-4.1-30b,Granite,17-2112.02||CA||33||Y||IV,1,1,-7.992394037907133,5.52456260068802,-13.516956638595154,-13030.0,7853.0,-20883.0
granite-4.1-30b,Granite,17-2112.02||IN||33||Y||IV,1,1,1.634117178158629,14.587485053806297,-12.953367875647668,1640.0,14640.0,-13000.0
granite-4.1-30b,Granite,17-2141.00||CA||33||Y||III,1,1,24.315230273244875,-3.2526460401308026,27.567876313375677,29339.0,-5043.0,34382.0
granite-4.1-30b,Granite,17-2141.00||CA||54||Y||IV,4,4,-5.060705955099651,-16.901814275049343,11.841108319949692,-9990.5,-29062.5,19072.0
granite-4.1-30b,Granite,17-2141.00||NY||33||Y||IV,1,1,10.946745562130177,33.255917990500755,-22.30917242837058,14800.0,34939.0,-20139.0
granite-4.1-30b,Granite,17-2141.00||TN||33||Y||IV,1,1,-2.1959143406303685,7.123727905731119,-9.319642246361488,-2582.0,7182.0,-9764.0
granite-4.1-30b,Granite,17-2141.02||CA||33||Y||IV,1,1,-14.36254331828017,-20.071707097061495,5.709163778781324,-25157.0,-35157.0,10000.0
granite-4.1-30b,Granite,17-2141.02||MI||33||Y||II,1,1,22.808141645842678,-9.228764870464108,32.036906516306786,21358.0,-8642.0,30000.0
granite-4.1-30b,Granite,17-2141.02||MI||33||Y||III,1,1,27.83987142961502,-1.3806706114398422,29.220542041054863,30488.0,-1512.0,32000.0
granite-4.1-30b,Granite,17-2199.05||CA||33||Y||II,1,1,12.452207811680037,8.142346225445895,4.309861586234142,16610.0,10541.0,6069.0
granite-4.1-30b,Granite,17-2199.05||CA||51||Y||IV,1,1,-4.133956817673438,-20.11163068139453,15.977673863721092,-7762.0,-37762.0,30000.0
granite-4.1-30b,Granite,17-2199.05||CA||54||Y||III,1,1,7.173703355797782,-9.945607146716616,17.1193105025144,11379.0,-16566.0,27945.0
granite-4.1-30b,Granite,17-2199.08||CA||33||Y||IV,1,1,-3.1877061295090328,-14.89915549926663,11.711449369757597,-4939.0,-29763.0,24824.0
granite-4.1-30b,Granite,17-2199.08||CA||54||Y||III,1,1,-9.945607146716616,-5.434967627237251,-4.510639519479366,-16566.0,-8621.0,-7945.0
granite-4.1-30b,Granite,19-1013.00||NC||32||Y||III,1,1,50.52750071991414,50.52750071991414,0.0,38602.0,38602.0,0.0
granite-4.1-30b,Granite,19-1029.00||TX||61||Y||II,1,1,77.43353956767932,42.296089703454946,35.13744986422437,50187.0,22293.0,27894.0
granite-4.1-30b,Granite,19-1029.01||CA||62||Y||II,1,1,34.78352593703851,33.2752845427325,1.5082413943060118,29678.0,37451.0,-7773.0
granite-4.1-30b,Granite,19-1029.01||MA||32||Y||III,1,1,32.200521751392515,14.57378551787351,17.626736233519004,36536.0,16536.0,20000.0
granite-4.1-30b,Granite,19-1029.01||MA||62||Y||III,1,1,29.360285267550815,29.360285267550815,0.0,26101.0,26101.0,0.0
granite-4.1-30b,Granite,19-1029.01||NC||54||Y||III,2,2,3.4261265282571065,-6.9615952988151255,10.387721827072232,3147.0,-6881.0,10028.0
granite-4.1-30b,Granite,19-1029.01||NJ||32||Y||IV,1,1,16.812682519816438,-6.11413632227406,22.926818842090498,20150.0,-8466.0,28616.0
granite-4.1-30b,Granite,19-1029.01||TX||61||Y||I,1,1,47.52846431546793,78.94636380988739,-31.41789949441946,27384.0,33088.0,-5704.0
granite-4.1-30b,Granite,19-1042.00||MA||62||Y||I,1,1,64.99045924735657,61.05089208189788,3.9395671654586906,45299.0,43594.0,1705.0
granite-4.1-30b,Granite,19-1042.00||NY||54||Y||I,1,1,29.279532768559218,29.279532768559218,0.0,19251.0,19251.0,0.0
granite-4.1-30b,Granite,19-3011.00||CA||51||Y||III,1,1,0.17430328772063391,-11.509872420320411,11.684175708041044,261.0,-14958.0,15219.0
granite-4.1-30b,Granite,25-1021.00||NV||61||Y||II,1,1,-23.695187709838233,-23.695187709838233,0.0,-23290.0,-23290.0,0.0
granite-4.1-30b,Granite,25-1021.00||NY||61||Y||I,2,2,76.24521072796935,27.96934865900383,48.27586206896552,49750.0,18250.0,31500.0
granite-4.1-30b,Granite,25-1021.00||VA||61||Y||I,1,1,31.05014852350166,35.52584026020961,-4.475691736707951,17770.0,19660.0,-1890.0
granite-4.1-30b,Granite,25-1022.00||FL||61||Y||II,1,1,2.5332549523562142,2.5332549523562142,0.0,1853.0,1853.0,0.0
granite-4.1-30b,Granite,25-1071.00||NY||61||Y||II,1,1,4.390766409774606,-22.84160743625355,27.232373846028157,4837.0,-25163.0,30000.0
granite-4.1-30b,Granite,25-9031.00||DC||61||Y||I,1,1,73.42783893832001,28.185793997888705,45.2420449404313,48690.0,18690.0,30000.0
granite-4.1-30b,Granite,27-1024.00||CA||51||Y||IV,1,1,32.636342357806036,1.4277912147928533,31.20855114301318,41830.0,1830.0,40000.0
granite-4.1-30b,Granite,41-9031.00||CA||54||Y||I,1,1,128.32926907234383,5.031463773278169,123.29780529906566,140509.0,5509.0,135000.0
granite-4.1-30b,Granite,41-9031.00||TX||51||Y||IV,1,1,-10.125285352219006,-16.116932995404404,5.991647643185399,-16899.0,-26899.0,10000.0
granite-4.1-30b,Granite,41-9031.00||TX||54||Y||IV,1,1,22.212037885731746,-12.78816244658275,35.00020033231449,32715.0,-21995.0,54710.0
granite-4.1-8b,Granite,11-3021.00||CA||33||Y||II,3,5,-66.81989840856167,-59.771212219071046,-7.048686189490624,-166143.0,-122708.0,-43435.0
granite-4.1-8b,Granite,11-3021.00||CA||45||Y||II,4,5,-63.477750514516885,-64.35386651747787,0.876116002960984,-143749.25,-150874.0,7124.75
granite-4.1-8b,Granite,11-3021.00||CA||51||Y||III,1,1,-62.680997163755784,-70.54888464418845,7.867887480432664,-125970.0,-167682.0,41712.0
granite-4.1-8b,Granite,11-3021.00||CA||54||Y||I,1,1,-54.30534992963024,-57.98460555947699,3.6792556298467503,-89133.0,-103506.0,14373.0
granite-4.1-8b,Granite,11-3021.00||CA||54||Y||II,1,1,-57.52375635626646,-65.4122577349855,7.888501378719042,-94798.0,-162643.0,67845.0
granite-4.1-8b,Granite,11-3021.00||IL||52||Y||II,1,1,-42.658159222653154,-42.658159222653154,0.0,-61374.0,-61374.0,0.0
granite-4.1-8b,Granite,11-3021.00||IL||52||Y||IV,1,1,-60.548182997253164,-63.013921559924846,2.4657385626716817,-122779.0,-127779.0,5000.0
granite-4.1-8b,Granite,11-3021.00||NJ||54||Y||III,1,1,-64.2285438334481,-68.6999758542671,4.471432020818995,-143642.0,-153642.0,10000.0
granite-4.1-8b,Granite,11-3021.00||NY||51||Y||II,1,2,-59.68955583265254,-59.68955583265254,0.0,-111056.0,-111056.0,0.0
granite-4.1-8b,Granite,11-3021.00||PA||51||Y||IV,1,1,-64.92442382520204,-67.26279557018857,2.3383717449865316,-138824.0,-143824.0,5000.0
granite-4.1-8b,Granite,11-3021.00||TX||54||Y||II,2,2,-54.51064971580555,-47.8784034341941,-6.632246281611451,-83920.0,-69258.5,-14661.5
granite-4.1-8b,Granite,11-3021||CA||51||Y||II,1,1,-49.9387128484569,-49.9387128484569,0.0,-82298.0,-82298.0,0.0
granite-4.1-8b,Granite,11-9041.00||CA||33||Y||III,1,1,-67.58749062352408,-68.19714137733638,0.6096507538123035,-145966.0,-150106.0,4140.0
granite-4.1-8b,Granite,11-9041.00||CA||51||Y||IV,1,1,-67.8979153708794,-61.878774502919285,-6.019140867960118,-169205.0,-154205.0,-15000.0
granite-4.1-8b,Granite,11-9041.00||CA||54||Y||I,1,1,-45.614197001859004,-36.45059870225433,-9.163598299604672,-69194.0,-54490.0,-14704.0
granite-4.1-8b,Granite,11-9041.00||TX||54||Y||IV,1,1,-62.65137863098629,-67.319956302113,4.668577671126712,-134198.0,-144198.0,10000.0
granite-4.1-8b,Granite,13-1111.00||NY||54||Y||II,1,1,-31.24852675414473,-31.24852675414473,0.0,-31816.0,-31816.0,0.0
granite-4.1-8b,Granite,15-1212.00||CA||54||Y||II,1,1,-51.60041300980898,-49.0323426191551,-2.5680703906538795,-79960.0,-67342.0,-12618.0
granite-4.1-8b,Granite,15-1221.00||CA||33||Y||II,1,1,-49.81843397018302,-68.06627616284375,18.247842192660727,-81903.0,-111903.0,30000.0
granite-4.1-8b,Granite,15-1221.00||CA||45||Y||I,1,1,-14.665177186123007,-45.69602184571464,31.030844659591633,-14178.0,-44178.0,30000.0
granite-4.1-8b,Granite,15-1221.00||CA||45||Y||II,1,1,-54.380394518348204,-49.81843397018302,-4.561960548165182,-89403.0,-81903.0,-7500.0
granite-4.1-8b,Granite,15-1221.00||CA||51||Y||I,2,2,-40.11541080203812,-38.33782260085192,-1.777588201186198,-56206.0,-48962.0,-7244.0
granite-4.1-8b,Granite,15-1221.00||CA||51||Y||III,1,1,-58.97440997742349,-51.92895974268883,-7.045450234734659,-118594.0,-89121.0,-29473.0
granite-4.1-8b,Granite,15-1221.00||CA||51||Y||IV,1,1,-65.30493805354395,-64.12890636209717,-1.1760316914467808,-155286.0,-134082.0,-21204.0
granite-4.1-8b,Granite,15-1221.00||CA||54||Y||I,1,1,-17.251080907755643,-14.575668872512729,-2.675412035242914,-16678.0,-12797.0,-3881.0
granite-4.1-8b,Granite,15-1221.00||CA||54||Y||II,2,2,-44.15753402935157,-36.80801045362534,-7.349523575726224,-66771.0,-54526.0,-12245.0
granite-4.1-8b,Granite,15-1221.00||CA||54||Y||III,1,1,-17.732848944347918,-51.92895974268883,34.19611079834091,-26944.0,-89121.0,62177.0
granite-4.1-8b,Granite,15-1221.00||CA||54||Y||IV,1,1,-65.30493805354395,-56.52599202251954,-8.778946031024411,-155286.0,-104018.0,-51268.0
granite-4.1-8b,Granite,15-1221.00||IL||51||Y||II,1,1,-8.39847219754841,-8.39847219754841,0.0,-7564.0,-7564.0,0.0
granite-4.1-8b,Granite,15-1221.00||MA||33||Y||II,1,1,-42.45818628203161,-42.45818628203161,0.0,-60874.0,-60874.0,0.0
granite-4.1-8b,Granite,15-1221.00||NY||54||Y||II,2,2,-44.206618109517336,-15.464572893208086,-28.74204521630925,-65367.0,-22867.0,-42500.0
granite-4.1-8b,Granite,15-1221.00||NY||54||Y||III,3,3,-55.39952868878205,-56.92509813001082,1.5255694412287681,-102889.66666666667,-105723.0,2833.3333333333285
granite-4.1-8b,Granite,15-1221.00||TN||54||Y||II,3,2,-2.1321116193278886,-1.4812220081567293,-0.6508896111711593,-1678.3333333333333,-1184.0,-494.33333333333326
granite-4.1-8b,Granite,15-1221.00||TX||54||Y||II,1,1,-9.505736787837572,-26.547641199917734,17.041904412080164,-8666.0,-27107.0,18441.0
granite-4.1-8b,Granite,15-1243.00||TX||54||Y||II,1,1,-19.350108510763096,-26.68191682796645,7.331808317203354,-19794.0,-27294.0,7500.0
granite-4.1-8b,Granite,15-1251.00||CA||54||Y||II,2,3,-42.646834554187805,-43.216693241160726,0.5698586869729212,-48741.0,-43109.333333333336,-5631.666666666664
granite-4.1-8b,Granite,15-1251.00||NJ||54||Y||I,1,1,-29.732044864416306,-29.732044864416306,0.0,-22214.0,-22214.0,0.0
granite-4.1-8b,Granite,15-1252.00||AZ||54||Y||IV,1,1,-62.00944698418326,-55.67768814821381,-6.3317588359694525,-97934.0,-87934.0,-10000.0
granite-4.1-8b,Granite,15-1252.00||CA||33||Y||I,1,1,-48.41524255889874,-49.78743346834935,1.3721909094506088,-65699.0,-74365.0,8666.0
granite-4.1-8b,Granite,15-1252.00||CA||33||Y||II,18,16,-52.80716168087129,-54.30353311693914,1.4963714360678537,-94486.77777777778,-86721.75,-7765.027777777781
granite-4.1-8b,Granite,15-1252.00||CA||33||Y||III,10,13,-58.73945526462397,-57.60838022814415,-1.131075036479821,-118614.0,-106441.38461538461,-12172.61538461539
granite-4.1-8b,Granite,15-1252.00||CA||33||Y||IV,15,15,-64.10171873573911,-69.63098166360324,5.529262927864124,-145968.13333333333,-166373.2,20405.06666666668
granite-4.1-8b,Granite,15-1252.00||CA||42||Y||II,1,1,-36.375484895925716,-56.05648206838144,19.680997172455726,-47167.0,-105241.0,58074.0
granite-4.1-8b,Granite,15-1252.00||CA||44||Y||II,1,1,-36.375484895925716,-48.959706007906604,12.584221111980888,-47167.0,-79137.0,31970.0
granite-4.1-8b,Granite,15-1252.00||CA||44||Y||IV,1,1,-59.68159983411858,-67.21495747311627,7.533357638997693,-103618.0,-143512.0,39894.0
granite-4.1-8b,Granite,15-1252.00||CA||45||Y||I,1,1,-44.76617681518428,-64.85120342784454,20.085026612660258,-66865.0,-96865.0,30000.0
granite-4.1-8b,Granite,15-1252.00||CA||45||Y||II,1,1,-48.959706007906604,-56.05648206838144,7.096776060474838,-79137.0,-105241.0,26104.0
granite-4.1-8b,Granite,15-1252.00||CA||45||Y||IV,2,3,-60.328315738105644,-67.27244113888146,6.9441254007758175,-131382.0,-167513.33333333334,36131.33333333334
granite-4.1-8b,Granite,15-1252.00||CA||51||Y||I,3,3,-41.05784475848186,-57.0868417409111,16.028996982429234,-57754.333333333336,-72033.33333333333,14278.999999999993
granite-4.1-8b,Granite,15-1252.00||CA||51||Y||II,17,20,-52.39650880247152,-51.98135641254174,-0.41515238992978,-91826.88235294117,-87497.75,-4329.132352941175
granite-4.1-8b,Granite,15-1252.00||CA||51||Y||III,17,15,-61.957322738620604,-60.6272308986981,-1.3300918399225026,-134505.82352941178,-125237.2,-9268.62352941178
granite-4.1-8b,Granite,15-1252.00||CA||51||Y||IV,22,18,-64.33141758663511,-71.93899468321848,7.60757709658337,-149366.4090909091,-161839.44444444444,12473.03535353535
granite-4.1-8b,Granite,15-1252.00||CA||52||Y||II,3,4,-51.53749863376991,-50.73390002302531,-0.8035986107445936,-83303.66666666667,-85663.0,2359.3333333333285
granite-4.1-8b,Granite,15-1252.00||CA||52||Y||III,1,1,-63.517851931121704,-60.01578043865354,-3.5020714924681613,-143638.0,-112574.0,-31064.0
granite-4.1-8b,Granite,15-1252.00||CA||53||Y||II,1,1,-39.8035186849878,-48.959706007906604,9.156187322918804,-49592.0,-79137.0,29545.0
granite-4.1-8b,Granite,15-1252.00||CA||54||Y||I,4,4,-47.51186606991832,-54.87517354200108,7.363307472082759,-67532.0,-71292.75,3760.75
granite-4.1-8b,Granite,15-1252.00||CA||54||Y||II,19,17,-53.41308575851721,-59.32704037049638,5.913954611979165,-93310.78947368421,-102105.76470588235,8794.975232198136
granite-4.1-8b,Granite,15-1252.00||CA||54||Y||III,10,12,-58.28182271921541,-56.06420764321182,-2.2176150760035895,-117301.1,-98826.25,-18474.850000000006
granite-4.1-8b,Granite,15-1252.00||CA||54||Y||IV,15,16,-64.3787400557899,-64.22775782442598,-0.1509822313639262,-149552.26666666666,-136727.0,-12825.266666666663
granite-4.1-8b,Granite,15-1252.00||CA||56||Y||II,1,1,-48.959706007906604,-48.959706007906604,0.0,-79137.0,-79137.0,0.0
granite-4.1-8b,Granite,15-1252.00||DC||54||Y||II,1,1,-32.76228820120783,-58.36307399476564,25.60078579355781,-40199.0,-73590.0,33391.0
granite-4.1-8b,Granite,15-1252.00||DC||54||Y||III,1,1,-45.27653590522559,-64.57991782540935,19.30338192018376,-68258.0,-95721.0,27463.0
granite-4.1-8b,Granite,15-1252.00||FL||54||Y||II,2,2,-25.276240495530004,-29.456605570074075,4.180365074544071,-27122.0,-29496.0,2374.0
granite-4.1-8b,Granite,15-1252.00||FL||62||Y||IV,1,1,-3.3828871769767863,-31.354684106737224,27.971796929760437,-2626.0,-25122.0,22496.0
granite-4.1-8b,Granite,15-1252.00||GA||54||Y||I,2,2,-36.724879777271575,-38.48502266330884,1.760142886037265,-30471.0,-32915.0,2444.0
granite-4.1-8b,Granite,15-1252.00||GA||54||Y||II,3,2,-29.607292978320526,-51.03372660192936,21.426433623608833,-31579.0,-54755.0,23176.0
granite-4.1-8b,Granite,15-1252.00||IL||51||Y||IV,1,2,-53.00404836554794,-57.9173909691865,4.9133426036385615,-78949.0,-87383.0,8434.0
granite-4.1-8b,Granite,15-1252.00||IL||52||Y||IV,1,1,-54.34296261993126,-51.08174566421206,-3.261216955719199,-83317.0,-78317.0,-5000.0
granite-4.1-8b,Granite,15-1252.00||MA||33||Y||II,1,1,-37.062296882867216,-42.78390625715201,5.721609374284796,-48582.0,-56082.0,7500.0
granite-4.1-8b,Granite,15-1252.00||MA||54||Y||II,3,3,-40.87670313239041,-58.264404498567295,17.387701366176884,-53582.0,-73687.0,20105.0
granite-4.1-8b,Granite,15-1252.00||MA||54||Y||IV,4,2,-58.993249177437605,-57.89615507688163,-1.097094100555978,-104284.25,-103131.0,-1153.25
granite-4.1-8b,Granite,15-1252.00||MI||51||Y||IV,2,1,-49.45337434830957,-62.57351630725361,13.12014195894404,-68486.0,-87775.0,19289.0
granite-4.1-8b,Granite,15-1252.00||MI||54||Y||IV,1,1,-49.45337434830957,-62.090030761232185,12.636656412922612,-68486.0,-85986.0,17500.0
granite-4.1-8b,Granite,15-1252.00||NC||54||Y||I,2,2,-39.01676336645335,-42.602662577651664,3.585899211198317,-33913.5,-38968.0,5054.5
granite-4.1-8b,Granite,15-1252.00||NC||54||Y||II,4,4,-32.41424947804964,-49.00745130556123,16.593201827511592,-36901.0,-55931.75,19030.75
granite-4.1-8b,Granite,15-1252.00||NJ||51||Y||IV,1,1,-65.68739583673737,-63.07861091185282,-2.608784924884546,-100505.0,-119592.0,19087.0
granite-4.1-8b,Granite,15-1252.00||NJ||52||Y||II,1,2,-30.698009646837058,-38.833250677490966,8.135241030653908,-33222.0,-47609.5,14387.5
granite-4.1-8b,Granite,15-1252.00||NV||54||Y||II,1,2,-32.31169112470894,-52.61818378729626,20.306492662587317,-35802.0,-58302.0,22500.0
granite-4.1-8b,Granite,15-1252.00||NY||33||Y||IV,2,2,-56.485505717540825,-56.485505717540825,0.0,-107092.0,-107092.0,0.0
granite-4.1-8b,Granite,15-1252.00||NY||45||Y||II,1,1,-33.282655107718185,-39.34786827974381,6.065213172025622,-41156.0,-48656.0,7500.0
granite-4.1-8b,Granite,15-1252.00||NY||51||Y||II,3,2,-37.49857951317075,-40.33955317166299,2.8409736584922385,-49497.0,-53247.0,3750.0
granite-4.1-8b,Granite,15-1252.00||NY||51||Y||III,4,7,-47.936462724663556,-48.261818043822466,0.32535531915890914,-76058.5,-77021.28571428571,962.7857142857101
granite-4.1-8b,Granite,15-1252.00||NY||51||Y||IV,6,6,-56.098268577109714,-58.46343727583442,2.365168698724709,-105490.33333333333,-110842.0,5351.6666666666715
granite-4.1-8b,Granite,15-1252.00||NY||54||Y||II,4,2,-36.44459841180761,-45.221339568529686,8.776741156722075,-47411.75,-52023.0,4611.25
granite-4.1-8b,Granite,15-1252.00||NY||54||Y||III,4,3,-47.936462724663556,-56.469015266938214,8.532552542274658,-76058.5,-90805.0,14746.5
granite-4.1-8b,Granite,15-1252.00||NY||54||Y||IV,5,2,-57.33944218788589,-60.44136883412802,3.101926646242127,-107670.0,-114592.0,6922.0
granite-4.1-8b,Granite,15-1252.00||NY||62||Y||II,1,1,-24.908524930369722,-31.735022663972476,6.8264977336027535,-27366.0,-34866.0,7500.0
granite-4.1-8b,Granite,15-1252.00||OH||54||Y||II,2,3,-37.43805140384106,-48.47839527375146,11.040343869910402,-38149.0,-49399.0,11250.0
granite-4.1-8b,Granite,15-1252.00||PA||33||Y||II,1,1,-33.463870881888866,-52.20538030861669,18.741509426727823,-35206.0,-57345.0,22139.0
granite-4.1-8b,Granite,15-1252.00||PA||54||Y||IV,1,1,-46.71554627221962,-48.65756650556552,1.9420202333459002,-65754.0,-71078.0,5324.0
granite-4.1-8b,Granite,15-1252.00||TX||33||Y||IV,2,2,-54.14246407826353,-54.14246407826353,0.0,-88550.0,-88550.0,0.0
granite-4.1-8b,Granite,15-1252.00||TX||48||Y||II,1,1,-33.58306102388353,-53.508142716718474,19.925081692834944,-37923.0,-60423.0,22500.0
granite-4.1-8b,Granite,15-1252.00||TX||51||Y||I,1,1,-34.2525453657437,-37.56986229695341,3.31731693120971,-27351.0,-31594.0,4243.0
granite-4.1-8b,Granite,15-1252.00||TX||51||Y||IV,2,5,-56.30653894848534,-55.47779101033878,-0.828747938146563,-90274.0,-85295.2,-4978.800000000003
granite-4.1-8b,Granite,15-1252.00||TX||52||Y||I,1,1,-12.161529092101565,-41.89585523767362,29.734326145572055,-10384.0,-37855.0,27471.0
granite-4.1-8b,Granite,15-1252.00||TX||52||Y||IV,2,5,-53.82106778430298,-56.83037189904029,3.0093041147373043,-84498.0,-90485.8,5987.800000000003
granite-4.1-8b,Granite,15-1252.00||TX||54||Y||I,5,5,-29.152567405313356,-40.303789087245505,11.15122168193215,-26427.4,-35567.0,9139.599999999999
granite-4.1-8b,Granite,15-1252.00||TX||54||Y||II,10,13,-43.1204253527388,-45.92200856824529,2.80158321550649,-48287.8,-51507.53846153846,3219.738461538458
granite-4.1-8b,Granite,15-1252.00||TX||54||Y||III,1,1,-48.137007208956,-44.43250772388143,-3.704499485074571,-64971.0,-59971.0,-5000.0
granite-4.1-8b,Granite,15-1252.00||TX||54||Y||IV,4,5,-51.197602242634034,-61.89672511971658,10.699122877082544,-79568.75,-98175.4,18606.649999999994
granite-4.1-8b,Granite,15-1252.00||TX||55||Y||IV,1,2,-54.14246407826353,-51.001065452850725,-3.141398625412805,-88550.0,-78389.5,-10160.5
granite-4.1-8b,Granite,15-1252.00||VA||54||Y||I,2,2,-26.05081787795427,-37.73651175009985,11.685693872145581,-26421.0,-34147.0,7726.0
granite-4.1-8b,Granite,15-1252.00||VA||54||Y||II,1,1,-23.192224260085094,-52.414941708303594,29.2227174482185,-24911.0,-66090.0,41179.0
granite-4.1-8b,Granite,15-1252.00||WA||33||Y||IV,6,5,-60.97230797940906,-62.1205023393553,1.1481943599462383,-127332.66666666667,-129358.8,2026.1333333333314
granite-4.1-8b,Granite,15-1252.00||WA||44||Y||III,1,1,-61.263903491782415,-58.49703945548116,-2.766864036301257,-110710.0,-105710.0,-5000.0
granite-4.1-8b,Granite,15-1252.00||WA||45||Y||IV,1,1,-64.65631803658778,-61.12194984024656,-3.5343681963412195,-137202.0,-129702.0,-7500.0
granite-4.1-8b,Granite,15-1252.00||WA||51||Y||II,3,3,-47.511837755740196,-63.79822306870673,16.286385312966537,-70906.66666666667,-92746.33333333333,21839.666666666657
granite-4.1-8b,Granite,15-1252.00||WA||51||Y||III,3,2,-56.65246343128032,-54.34674340102927,-2.305720030251045,-102376.66666666667,-98210.0,-4166.6666666666715
granite-4.1-8b,Granite,15-1252.00||WA||51||Y||IV,11,11,-64.57469520340369,-72.58187096171659,8.007175758312897,-135909.63636363635,-154020.18181818182,18110.54545454547
granite-4.1-8b,Granite,15-1252.00||WA||52||Y||I,1,1,-36.30519155152061,-55.41363408606443,19.10844253454382,-42749.0,-65249.0,22500.0
granite-4.1-8b,Granite,15-1252.00||WA||52||Y||III,1,2,-54.34674340102927,-58.49703945548116,4.150296054451886,-98210.0,-105710.0,7500.0
granite-4.1-8b,Granite,15-1252.00||WA||54||Y||II,4,3,-43.67331361726771,-60.913070669168235,17.239757051900526,-62624.5,-90906.66666666667,28282.16666666667
granite-4.1-8b,Granite,15-1252.00||WA||54||Y||III,1,1,-58.49703945548116,-67.96084510136578,9.46380564588462,-105710.0,-111362.0,5652.0
granite-4.1-8b,Granite,15-1252.00||WA||54||Y||IV,2,4,-64.06725667053091,-65.8295929689796,1.7623362984486874,-135952.0,-130791.0,-5161.0
granite-4.1-8b,Granite,15-1252.00||WI||33||Y||IV,1,1,-42.91064373958119,-60.19500655834654,17.284362818765352,-56373.0,-79393.0,23020.0
granite-4.1-8b,Granite,15-1252||CA||54||Y||I,1,1,-48.73792778199266,-48.646216448861416,-0.09171133313124358,-71307.0,-49732.0,-21575.0
granite-4.1-8b,Granite,15-1252||CA||54||Y||II,1,1,-56.05648206838144,-56.05648206838144,0.0,-105241.0,-105241.0,0.0
granite-4.1-8b,Granite,15-1252||CA||54||Y||III,1,1,-63.517851931121704,-63.517851931121704,0.0,-143638.0,-143638.0,0.0
granite-4.1-8b,Granite,15-1253.00||CA||33||Y||IV,1,1,-54.16012175071663,-62.696403435909936,8.536281685193309,-88613.0,-126053.0,37440.0
granite-4.1-8b,Granite,15-1295.00||OH||62||Y||I,1,1,-28.314922784931113,-18.074197468492702,-10.24072531643841,-20737.0,-13237.0,-7500.0
granite-4.1-8b,Granite,15-1299.08||CA||54||Y||II,1,2,-30.93624552164717,-28.950359984842745,-1.9858855368044246,-35835.0,-30560.0,-5275.0
granite-4.1-8b,Granite,15-1299.09||NY||51||Y||IV,1,1,-52.82247411526413,-55.96764250757985,3.1451683923157248,-83974.0,-88974.0,5000.0
granite-4.1-8b,Granite,15-2031.00||CA||51||Y||IV,5,3,-57.49531502916269,-54.530053065893235,-2.9652619632694552,-85316.2,-80880.0,-4436.199999999997
granite-4.1-8b,Granite,15-2031.00||CA||54||Y||II,1,2,-15.140044641479546,-26.44584915988974,11.305804518410193,-14719.0,-26992.5,12273.5
granite-4.1-8b,Granite,15-2031.00||CA||54||Y||III,7,5,-33.93123477532398,-39.47200244968762,5.540767674363643,-41810.71428571428,-48955.4,7144.685714285719
granite-4.1-8b,Granite,15-2031.00||CA||54||Y||IV,3,2,-49.235830028021816,-50.92796902708776,1.6921389990659463,-72742.0,-75242.0,2500.0
granite-4.1-8b,Granite,15-2031.00||GA||44||Y||IV,1,1,-38.62520458265139,-38.62520458265139,0.0,-37760.0,-37760.0,0.0
granite-4.1-8b,Granite,15-2031.00||IL||54||Y||II,1,2,-3.9625628608679455,-28.99050102439933,25.027938163531385,-3404.0,-24904.0,21500.0
granite-4.1-8b,Granite,15-2031.00||NJ||54||Y||I,1,1,-23.768313755100262,-22.62343404568902,-1.1448797094112422,-16369.0,-15350.0,-1019.0
granite-4.1-8b,Granite,15-2031.00||NJ||54||Y||IV,1,1,-51.077346714843834,-58.06629718415186,6.988950469308023,-73083.0,-83083.0,10000.0
granite-4.1-8b,Granite,15-2031.00||NY||54||Y||III,1,1,-31.802964297818523,-47.675939652917066,15.872975355098543,-38473.0,-54670.0,16197.0
granite-4.1-8b,Granite,15-2031.00||PA||54||Y||IV,1,1,-40.81289264304255,-49.268193694036476,8.455301050993924,-48269.0,-58269.0,10000.0
granite-4.1-8b,Granite,15-2031.00||WA||45||Y||I,1,1,-12.663755458515285,-21.11565009156219,8.451894633046907,-8990.0,-14990.0,6000.0
granite-4.1-8b,Granite,15-2031.00||WA||54||Y||III,1,1,-32.32390680550793,-36.835646351807405,4.511739546299474,-35822.0,-40822.0,5000.0
granite-4.1-8b,Granite,15-2041.00||CA||33||Y||IV,1,1,-57.768973248564144,-73.12571024908627,15.356737000522124,-112854.0,-142854.0,30000.0
granite-4.1-8b,Granite,15-2041.00||CA||54||Y||III,1,2,-39.8766925622003,-66.14983114168551,26.273138579485213,-54718.0,-104446.5,49728.5
granite-4.1-8b,Granite,15-2041.00||NY||52||Y||III,3,1,-42.856351256813944,-47.468323399009606,4.611972142195661,-61873.0,-67771.0,5898.0
granite-4.1-8b,Granite,15-2051.00||CA||45||Y||I,1,1,-28.253204690190504,-55.23953244494462,26.986327754754118,-20674.0,-64791.0,44117.0
granite-4.1-8b,Granite,15-2051.00||CA||51||Y||I,1,1,-29.66212241348441,-18.763346021725003,-10.898776391759409,-34791.0,-12126.0,-22665.0
granite-4.1-8b,Granite,15-2051.00||CA||51||Y||II,1,1,-38.41077400860009,-38.41077400860009,0.0,-51452.0,-51452.0,0.0
granite-4.1-8b,Granite,15-2051.00||CA||51||Y||IV,1,1,-57.65626122750649,-61.5056920250059,3.8494307974994086,-112334.0,-119834.0,7500.0
granite-4.1-8b,Granite,15-2051.00||CA||52||Y||III,2,1,-49.81843397018302,-68.06627616284375,18.247842192660727,-81903.0,-111903.0,30000.0
granite-4.1-8b,Granite,15-2051.00||CA||52||Y||IV,2,1,-57.65626122750649,-52.77316004231525,-4.883101185191244,-112334.0,-83808.0,-28526.0
granite-4.1-8b,Granite,15-2051.00||CA||54||Y||I,1,1,-49.286142076080445,-31.187249324979685,-18.09889275110076,-51022.0,-23794.0,-27228.0
granite-4.1-8b,Granite,15-2051.00||CA||54||Y||II,3,2,-45.87613473483038,-45.1448706823124,-0.7312640525179788,-61452.0,-53805.0,-7647.0
granite-4.1-8b,Granite,15-2051.00||CA||54||Y||IV,1,1,-48.14549431486056,-66.94121202962067,18.795717714760116,-76599.0,-106308.0,29709.0
granite-4.1-8b,Granite,15-2051.00||CA||61||Y||I,1,1,-27.945980071916775,-23.444836536498585,-4.501143535418191,-20362.0,-16078.0,-4284.0
granite-4.1-8b,Granite,15-2051.00||IL||54||Y||I,1,1,15.233120093862615,-29.318631608707946,44.55175170257056,10906.0,-21777.0,32683.0
granite-4.1-8b,Granite,15-2051.00||IL||54||Y||II,2,1,-26.491828986464178,-45.83608451634203,19.34425552987785,-25678.0,-44428.0,18750.0
granite-4.1-8b,Granite,15-2051.00||IL||55||Y||III,1,1,-30.9958346576557,-30.9958346576557,0.0,-37058.0,-37058.0,0.0
granite-4.1-8b,Granite,15-2051.00||MA||32||Y||IV,2,1,-49.01207023355562,-56.73751413756234,7.725443904006724,-79303.0,-91803.0,12500.0
granite-4.1-8b,Granite,15-2051.00||MA||52||Y||II,1,1,-27.68739920061707,-38.64385386719024,10.956454666573169,-31588.0,-44088.0,12500.0
granite-4.1-8b,Granite,15-2051.00||MA||61||Y||I,1,1,-19.265857531149923,-29.357625339756183,10.09176780860626,-14318.0,-21818.0,7500.0
granite-4.1-8b,Granite,15-2051.00||MA||62||Y||I,1,1,-29.357625339756183,-29.357625339756183,0.0,-21818.0,-21818.0,0.0
granite-4.1-8b,Granite,15-2051.00||NC||54||Y||II,3,6,-8.271607769394821,-35.816280429476265,27.544672660081446,-7214.0,-32210.166666666668,24996.166666666668
granite-4.1-8b,Granite,15-2051.00||NV||52||Y||I,1,1,-12.783453775230502,-12.783453775230502,0.0,-7695.0,-7695.0,0.0
granite-4.1-8b,Granite,15-2051.00||NY||51||Y||II,1,1,-26.31691763571084,-52.05085349480779,25.73393585909695,-29466.0,-56991.0,27525.0
granite-4.1-8b,Granite,15-2051.00||NY||52||Y||III,1,1,-40.862758591028346,-46.2388714463894,5.3761128553610575,-57006.0,-64506.0,7500.0
granite-4.1-8b,Granite,15-2051.00||NY||52||Y||IV,2,1,-51.3392040863272,-51.3392040863272,0.0,-87041.0,-87041.0,0.0
granite-4.1-8b,Granite,15-2051.00||NY||54||Y||II,3,5,-25.2065333493213,-24.414300959142064,-0.7922323901792367,-27816.0,-27603.4,-212.59999999999854
granite-4.1-8b,Granite,15-2051.00||NY||54||Y||IV,2,1,-51.458019221941925,-69.0340389640264,17.57601974208447,-87457.0,-117041.0,29584.0
granite-4.1-8b,Granite,15-2051.00||PA||54||Y||I,1,1,-5.333766093259764,-29.000324569944823,23.666558476685058,-3944.0,-21444.0,17500.0
granite-4.1-8b,Granite,15-2051.00||PA||61||Y||I,1,1,2.022969742902116,45.74709963271731,-43.724129889815195,1041.0,23541.0,-22500.0
granite-4.1-8b,Granite,15-2051.00||TX||42||Y||III,1,1,-57.841483979763915,-30.390320457652003,-27.451163522111912,-72030.0,-36018.0,-36012.0
granite-4.1-8b,Granite,15-2051.00||TX||42||Y||IV,2,1,-59.6614248929347,-47.09853074986069,-12.562894143074004,-88741.0,-66773.0,-21968.0
granite-4.1-8b,Granite,15-2051.00||TX||52||Y||II,1,1,-17.778730104944238,-21.90265947476935,4.123929369825113,-17839.0,-21034.0,3195.0
granite-4.1-8b,Granite,15-2051.00||TX||52||Y||III,2,1,-39.02080021531965,-30.609876107087885,-8.410924108231768,-46393.0,-36393.0,-10000.0
granite-4.1-8b,Granite,15-2051.00||TX||54||Y||I,2,2,-4.8523747944525635,-24.40543952869563,19.553064734243065,-4561.5,-17128.0,12566.5
granite-4.1-8b,Granite,15-2051.00||TX||54||Y||II,4,6,-12.493545573766996,-33.60333821294401,21.109792639177016,-11870.0,-31456.0,19586.0
granite-4.1-8b,Granite,15-2051.00||TX||54||Y||III,1,1,-25.821359851822546,-32.564872592565955,6.743512740743409,-28718.0,-36218.0,7500.0
granite-4.1-8b,Granite,15-2051.00||TX||54||Y||IV,2,1,-41.27037062893642,-64.70374678131786,23.43337615238144,-58409.5,-96241.0,37831.5
granite-4.1-8b,Granite,15-2051.00||WA||51||Y||IV,1,1,-58.10353758493556,-71.40226929802104,13.29873171308548,-114414.0,-131081.0,16667.0
granite-4.1-8b,Granite,15-2051.01||CA||51||Y||III,1,1,-47.99611704340591,-57.42170155045832,9.425584507052413,-76142.0,-94403.0,18261.0
granite-4.1-8b,Granite,15-2051.01||CA||51||Y||IV,3,3,-61.80165466644352,-64.63104583262565,2.829391166182127,-139339.33333333334,-124517.66666666667,-14821.666666666672
granite-4.1-8b,Granite,15-2051.01||CA||52||Y||II,1,1,-38.41077400860009,-44.00979455327281,5.599020544672719,-51452.0,-58952.0,7500.0
granite-4.1-8b,Granite,15-2051.01||CA||54||Y||I,1,1,2.4954218711564216,-49.286142076080445,51.78156394723687,1826.0,-51022.0,52848.0
granite-4.1-8b,Granite,15-2051.01||CA||54||Y||IV,3,3,-60.75124482821121,-58.59484803077569,-2.1563967974355265,-110325.33333333333,-107825.33333333333,-2500.0
granite-4.1-8b,Granite,15-2051.01||NY||54||Y||II,2,1,-24.65134120612653,-36.06780465974372,11.41646345361719,-26991.0,-39491.0,12500.0
granite-4.1-8b,Granite,17-2011.00||TX||54||Y||I,1,1,-18.91716577655733,-35.95239816947822,17.035232392920893,-17498.0,-34803.0,17305.0
granite-4.1-8b,Granite,17-2031.00||CA||33||Y||III,2,2,-34.41762854144806,-47.75236680760921,13.334738266161146,-41328.0,-64909.0,23581.0
granite-4.1-8b,Granite,17-2031.00||CA||54||Y||III,1,1,-40.55253714565709,-39.13276361600078,-1.419773529656311,-56278.0,-48219.0,-8059.0
granite-4.1-8b,Granite,17-2061.00||CA||33||Y||IV,1,1,-65.15527679776994,-77.13315039853651,11.977873600766571,-149590.0,-177090.0,27500.0
granite-4.1-8b,Granite,17-2061.00||TX||54||Y||II,1,1,-33.668821692948555,-36.70779253658289,3.0389708436343383,-38069.0,-43498.0,5429.0
granite-4.1-8b,Granite,17-2071.00||CA||33||Y||IV,1,1,-60.06453571029217,-52.29189725582993,-7.772638454462239,-112803.0,-82206.0,-30597.0
granite-4.1-8b,Granite,17-2071.00||CA||54||Y||II,1,1,-53.09275126649572,-32.47623163353501,-20.61651963296071,-84890.0,-36072.0,-48818.0
granite-4.1-8b,Granite,17-2072.00||CA||33||Y||III,5,4,-59.396905208823455,-55.30054566905093,-4.096359539772521,-109778.8,-94489.0,-15289.800000000003
granite-4.1-8b,Granite,17-2072.00||CA||33||Y||IV,5,4,-59.87407803942655,-65.29239996112749,5.418321921700937,-115616.8,-141091.0,25474.199999999997
granite-4.1-8b,Granite,17-2072.00||CA||54||Y||III,1,1,-55.757432751297785,-59.77948431936162,4.022051568063837,-103972.0,-111472.0,7500.0
granite-4.1-8b,Granite,17-2072.00||TX||33||Y||IV,1,1,-53.467883533214625,-53.467883533214625,0.0,-86179.0,-86179.0,0.0
granite-4.1-8b,Granite,17-2112.00||CA||33||Y||IV,2,1,-59.718771026919626,-55.94661904985668,-3.772151977062947,-94261.0,-95248.0,987.0
granite-4.1-8b,Granite,17-2112.02||CA||33||Y||IV,1,1,-66.26387781389928,-47.23771869965599,-19.026159114243292,-108030.0,-67147.0,-40883.0
granite-4.1-8b,Granite,17-2141.00||CA||33||Y||III,1,1,-37.84238486337756,-51.6263230200654,13.783938156687839,-45661.0,-80043.0,34382.0
granite-4.1-8b,Granite,17-2141.00||CA||54||Y||IV,4,3,-56.56545296732757,-59.72311284114566,3.1576598738180834,-99990.5,-108965.0,8974.5
granite-4.1-8b,Granite,17-2141.02||CA||33||Y||IV,1,1,-60.035853548530746,-60.035853548530746,0.0,-105157.0,-105157.0,0.0
granite-4.1-8b,Granite,17-2199.05||CA||33||Y||II,1,1,-38.15128570357598,-42.066600236368274,3.9153145327922942,-50890.0,-54459.0,3569.0
granite-4.1-8b,Granite,17-2199.05||CA||54||Y||III,1,1,-52.71748381361863,-54.972803573358306,2.2553197597396775,-83621.0,-91566.0,7945.0
granite-4.1-8b,Granite,19-1029.01||TX||61||Y||I,1,1,30.17217439600111,31.22733346058408,-1.0551590645829698,17384.0,13088.0,4296.0
granite-4.1-8b,Granite,25-1021.00||NY||61||Y||I,2,2,14.942528735632184,-17.624521072796934,32.56704980842912,9750.0,-11500.0,21250.0
granite-4.1-8b,Granite,25-1021.00||VA||61||Y||I,1,1,-8.264896033548839,-5.131911817853271,-3.1329842156955676,-4730.0,-2840.0,-1890.0
granite-4.1-8b,Granite,25-9031.00||DC||61||Y||I,1,1,-20.826421354245213,-20.826421354245213,0.0,-13810.0,-13810.0,0.0
