BLOCK_ID,n_ai_rows,n_other_rows,mean_ai_overestimation_pct_points,mean_other_overestimation_pct_points,delta_pct_points_ai_minus_other,median_ai_overestimation_pct_points,median_other_overestimation_pct_points,mean_ai_overestimation_usd,mean_other_overestimation_usd,delta_usd_ai_minus_other,mean_ai_confidence,mean_other_confidence,harmonic_weight
11-3021.00||AZ||52||Y||II,1,1,-11.697489099383551,-19.969033368348985,8.271544268965433,-11.697489099383551,-19.969033368348985,-16510.88888888889,-28186.090909090908,11675.202020202018,0.85,0.05,0.5
11-3021.00||CA||33||Y||II,5,5,-6.2908237768153725,-10.022873454156736,3.7320496773413634,-11.422762756240877,-15.45340837337797,-16245.52181818182,-18658.600000000002,2413.078181818182,0.93,0.1,2.5
11-3021.00||CA||45||Y||II,6,6,-12.595315542173763,-18.13821391942498,5.542898377251218,-16.185466447592425,-15.873872470679943,-37945.45151515151,-48677.19393939394,10731.742424242431,0.8833333333333333,0.11666666666666665,3.0
11-3021.00||CA||51||Y||II,1,1,26.707404744787926,16.698047083747934,10.009357661039992,26.707404744787926,16.698047083747934,53496.0,33547.545454545456,19948.454545454544,0.95,0.1,0.5
11-3021.00||CA||51||Y||III,2,2,6.244642435380641,-6.566476139624294,12.811118575004935,6.244642435380641,-6.566476139624294,14225.94090909091,-15607.331818181818,29833.272727272728,0.8999999999999999,0.1,1.0
11-3021.00||CA||51||Y||IV,1,1,-15.572590539434042,-0.8781735505873425,-14.6944169888467,-15.572590539434042,-0.8781735505873425,-42739.90909090909,-2410.2,-40329.70909090909,0.85,0.1,0.5
11-3021.00||CA||52||Y||II,1,1,16.16553927936807,2.262846853502006,13.902692425866062,16.16553927936807,2.262846853502006,32477.7,4901.1,27576.6,0.95,0.15,0.5
11-3021.00||CA||54||Y||I,1,1,48.76222885763929,-18.58633730671645,67.34856616435574,48.76222885763929,-18.58633730671645,80034.90909090909,-33177.72727272727,113212.63636363635,0.85,0.1,0.5
11-3021.00||CA||54||Y||II,1,1,24.28907915549137,-3.8782511472271497,28.16733030271852,24.28907915549137,-3.8782511472271497,40027.916666666664,-9643.0,49670.916666666664,0.85,0.1,0.5
11-3021.00||CA||54||Y||IV,2,2,-12.013328183752588,9.388449600314342,-21.40177778406693,-12.013328183752588,9.388449600314342,-32971.3,8914.13636363636,-41885.43636363636,0.8999999999999999,0.1,1.0
11-3021.00||CT||54||Y||IV,1,1,35.286044837515426,-23.820538810349426,59.10658364786485,35.286044837515426,-23.820538810349426,68624.3,-44651.6,113275.9,0.95,0.1,0.5
11-3021.00||FL||44||Y||IV,1,1,-18.505313468936148,-39.050973446384006,20.54565997744786,-18.505313468936148,-39.050973446384006,-38356.333333333336,-73720.81818181818,35364.48484848484,0.85,0.05,0.5
11-3021.00||GA||42||Y||IV,1,1,-29.560014079549454,-29.667800852594937,0.10778677304548268,-29.560014079549454,-29.667800852594937,-62985.0,-63214.666666666664,229.66666666666424,0.85,0.1,0.5
11-3021.00||IL||52||Y||II,1,1,-17.309937862296174,54.95951634447818,-72.26945420677436,-17.309937862296174,54.95951634447818,-24904.5,79072.45454545454,-103976.95454545454,0.95,0.15,0.5
11-3021.00||IL||52||Y||IV,1,1,8.940812859857731,-27.228837126311717,36.169649986169446,8.940812859857731,-27.228837126311717,18130.090909090908,-55214.36363636364,73344.45454545454,0.85,0.1,0.5
11-3021.00||IL||54||Y||II,1,1,6.776832506220721,-22.043883305299545,28.820715811520266,6.776832506220721,-22.043883305299545,9750.1,-31715.416666666668,41465.51666666667,0.85,0.05,0.5
11-3021.00||MI||33||Y||II,1,1,-11.208617289860083,-15.426443202979517,4.217825913119434,-11.208617289860083,-15.426443202979517,-15454.777777777777,-19053.2,3598.4222222222234,0.85,0.1,0.5
11-3021.00||NC||52||Y||IV,1,1,-32.92072792430959,-1.5233751444353176,-31.39735277987427,-32.92072792430959,-1.5233751444353176,-71693.44444444444,-3317.5454545454545,-68375.89898989898,0.85,0.1,0.5
11-3021.00||NJ||54||Y||III,2,2,-10.93313908348651,-39.919220300658935,28.986081217172426,-10.93313908348651,-39.919220300658935,-24451.090909090908,-88465.86363636365,64014.772727272735,0.8999999999999999,0.125,1.0
11-3021.00||NY||51||Y||II,3,3,-25.833942468934087,-29.637940548365368,3.803998079431281,-22.44748892806467,-34.59805112439266,-48065.6,-55143.166666666664,7077.566666666666,0.9499999999999998,0.11666666666666665,1.5
11-3021.00||NY||51||Y||III,1,1,-34.235171489354514,-18.08112150919138,-16.154049980163133,-34.235171489354514,-18.08112150919138,-76564.22222222222,-29252.0,-47312.22222222222,0.85,0.15,0.5
11-3021.00||NY||51||Y||IV,2,2,-15.030758342860256,-36.984397966683,21.953639623822742,-15.030758342860256,-36.984397966683,-39267.555555555555,-96621.0,57353.444444444445,0.8999999999999999,0.07500000000000001,1.0
11-3021.00||NY||52||Y||II,1,1,-26.53566668099927,17.78179199224476,-44.31745867324403,-26.53566668099927,17.78179199224476,-49371.2,33084.09090909091,-82455.29090909091,0.85,0.15,0.5
11-3021.00||NY||52||Y||III,1,1,-2.593833000956883,5.07865248924621,-7.672485490203092,-2.593833000956883,5.07865248924621,-5800.9,11358.0,-17158.9,0.85,0.15,0.5
11-3021.00||NY||54||Y||II,1,1,-19.18024680741282,-28.484793108884777,9.304546301471955,-19.18024680741282,-28.484793108884777,-35686.0,-52997.666666666664,17311.666666666664,0.85,0.05,0.5
11-3021.00||NY||54||Y||III,1,1,16.793804383791958,-24.334990677439404,41.12879506123136,16.793804383791958,-24.334990677439404,37558.0,-40721.2,78279.2,0.95,0.1,0.5
11-3021.00||NY||54||Y||IV,1,1,10.961500183733463,-42.230197151574544,53.19169733530801,10.961500183733463,-42.230197151574544,28636.7,-110325.54545454546,138962.24545454545,0.85,0.1,0.5
11-3021.00||PA||51||Y||IV,1,1,-24.465533250795897,-34.961676212892165,10.496142962096268,-24.465533250795897,-34.961676212892165,-52313.181818181816,-74756.45454545454,22443.272727272728,0.95,0.1,0.5
11-3021.00||TX||44||Y||IV,1,1,-29.80968891181218,-29.895403792936676,0.08571488112449543,-29.80968891181218,-29.895403792936676,-62419.7,-62599.181818181816,179.4818181818191,0.85,0.1,0.5
11-3021.00||TX||54||Y||II,2,2,-13.000030978541009,-16.807656686131597,3.8076257075905886,-13.000030978541009,-16.807656686131597,-19976.481060606064,-24145.227272727272,4168.746212121208,0.8999999999999999,0.125,1.0
11-3021.00||TX||54||Y||III,2,2,35.95839191944518,-8.770901421868494,44.72929334131367,35.95839191944518,-8.770901421868494,65830.70000000001,-15393.25378787879,81223.9537878788,0.95,0.1,1.0
11-3021.00||TX||54||Y||IV,1,1,-35.857441548948934,-30.739609098404383,-5.117832450544551,-35.857441548948934,-30.739609098404383,-76202.08333333333,-63382.0,-12820.083333333328,0.85,0.1,0.5
11-3021.00||VA||51||Y||II,1,1,-19.252200345950346,-27.419299450549453,8.167099104599107,-19.252200345950346,-27.419299450549453,-33637.444444444445,-47907.0,14269.555555555555,0.85,0.1,0.5
11-3021.00||WA||45||Y||III,1,1,1.4228659990462564,-38.77471937933311,40.19758537837937,1.4228659990462564,-38.77471937933311,3447.8888888888887,-93958.9,97406.78888888888,0.85,0.1,0.5
11-3021.00||WA||51||Y||II,2,2,-29.50971991195793,-29.305474982701654,-0.20424492925627646,-29.50971991195793,-29.305474982701654,-58544.333333333336,-58139.13181818182,-405.2015151515152,0.85,0.1,1.0
11-3021.00||WA||51||Y||III,3,3,-9.808780692756441,-14.636554945890298,4.827774253133857,-5.317532372253401,-6.162223506107624,-25153.374074074072,-32940.166666666664,7786.792592592592,0.9166666666666666,0.10000000000000002,1.5
11-3021||CA||51||Y||II,1,1,-18.847702255874683,-23.702130100872804,4.854427844998121,-18.847702255874683,-23.702130100872804,-31060.636363636364,-39060.63636363636,7999.999999999996,0.95,0.05,0.5
11-3051.01||CA||33||Y||II,1,1,-5.207568020963437,-22.152808390272572,16.945240369309133,-5.207568020963437,-22.152808390272572,-7560.555555555556,-32162.333333333332,24601.777777777777,0.85,0.0,0.5
11-9041.00||CA||33||Y||III,1,1,-37.622841305828445,-36.97879451470903,-0.6440467911194148,-37.622841305828445,-36.97879451470903,-81252.54545454546,-81392.54545454546,140.0,0.85,0.05,0.5
11-9041.00||CA||33||Y||IV,1,1,-12.775608252424526,5.199012860897657,-17.974621113322183,-12.775608252424526,5.199012860897657,-31837.454545454544,12956.2,-44793.65454545454,0.85,0.05,0.5
11-9041.00||CA||51||Y||IV,2,2,0.6885795820608545,-21.958825732496006,22.64740531455686,0.6885795820608545,-21.958825732496006,1715.9747474747473,-54722.49166666666,56438.46641414141,0.85,0.05,1.0
11-9041.00||CA||54||Y||I,1,1,47.16516623777293,48.165484870782876,-1.0003186330099467,47.16516623777293,48.165484870782876,71546.72727272728,72002.58333333333,-455.85606060604914,0.85,0.05,0.5
11-9041.00||CA||54||Y||II,1,1,17.932481546704633,-30.112566716152376,48.04504826285701,17.932481546704633,-30.112566716152376,38288.0,-55024.09090909091,93312.09090909091,0.95,0.05,0.5
11-9041.00||TX||54||Y||IV,1,1,24.304997330422406,10.07658023573205,14.228417094690355,24.304997330422406,10.07658023573205,52060.818181818184,21583.833333333332,30476.98484848485,0.95,0.05,0.5
13-1081.02||AR||45||Y||III,1,1,34.30712650976969,13.891733142834463,20.415393366935227,34.30712650976969,13.891733142834463,28814.555555555555,11667.666666666666,17146.88888888889,0.85,0.15,0.5
13-1081.02||AR||45||Y||IV,1,1,29.931169498838674,17.171821495129766,12.759348003708908,29.931169498838674,17.171821495129766,28980.555555555555,16626.444444444445,12354.11111111111,0.85,0.15,0.5
13-1082.00||NY||51||Y||IV,1,1,4.502816200675829,10.603449683695324,-6.100633483019495,4.502816200675829,10.603449683695324,6767.777777777777,15937.09090909091,-9169.313131313133,0.95,0.0,0.5
13-1111.00||CA||54||Y||II,1,1,-0.44992340846440276,16.879421860041564,-17.329345268505968,-0.44992340846440276,16.879421860041564,-492.90909090909093,14457.9,-14950.80909090909,0.85,0.05,0.5
13-1111.00||FL||54||Y||IV,2,2,5.9003388916052675,0.4619666471768573,5.43837224442841,5.9003388916052675,0.4619666471768573,6999.1,-123.625,7122.725,0.85,0.05,1.0
13-1111.00||GA||54||Y||IV,2,2,-7.085907285928793,-20.174391511632077,13.088484225703283,-7.085907285928793,-20.174391511632077,-9883.777777777777,-28140.25,18256.472222222223,0.85,0.025,1.0
13-1111.00||IL||54||Y||IV,1,1,-15.222551739124878,-14.230707888602627,-0.9918438505222511,-15.222551739124878,-14.230707888602627,-23816.9,-21089.909090909092,-2726.9909090909096,0.85,0.15,0.5
13-1111.00||NJ||54||Y||IV,1,1,-11.87647227808101,-23.571706725398194,11.695234447317183,-11.87647227808101,-23.571706725398194,-18603.9,-36923.9,18320.0,0.85,0.05,0.5
13-1111.00||NY||52||Y||IV,1,1,-16.82149522175323,66.502717493812,-83.32421271556524,-16.82149522175323,66.502717493812,-26860.9,104173.18181818182,-131034.08181818182,0.85,0.05,0.5
13-1111.00||NY||54||Y||II,1,1,9.030639942284479,10.203537099604516,-1.1728971573200369,9.030639942284479,10.203537099604516,9194.636363636364,10388.833333333334,-1194.19696969697,0.85,0.05,0.5
13-1111.00||TX||54||Y||IV,1,1,-0.51674017513746,-17.114143505608826,16.597403330471366,-0.51674017513746,-17.114143505608826,-671.3333333333334,-22234.18181818182,21562.848484848488,0.85,0.05,0.5
13-1111.00||WA||51||Y||IV,1,1,-8.83238303344828,-18.336681627294144,9.504298593845864,-8.83238303344828,-18.336681627294144,-13796.888888888889,-28643.363636363636,14846.474747474747,0.95,0.05,0.5
13-1161.00||IL||51||Y||III,1,1,24.61357735314622,13.521993630985458,11.091583722160761,24.61357735314622,13.521993630985458,20381.272727272728,11016.90909090909,9364.363636363638,0.85,0.05,0.5
13-1161.00||IL||54||Y||II,1,1,47.00160452008393,16.897671248321597,30.103933271762333,47.00160452008393,16.897671248321597,31157.363636363636,10990.583333333334,20166.780303030304,0.85,0.1,0.5
13-2051.00||NY||52||Y||IV,1,1,-24.065264004288395,64.05581207410475,-88.12107607839314,-24.065264004288395,64.05581207410475,-43098.0,114716.27272727272,-157814.2727272727,0.85,0.0,0.5
13-2099.01||CA||52||Y||II,2,2,114.49042674126018,35.77338360231022,78.71704313894996,114.49042674126018,35.77338360231022,89635.70000000001,31487.772727272728,58147.927272727284,0.85,0.1,1.0
13-2099.01||CA||52||Y||IV,1,1,109.47750062510241,7.821981209144226,101.65551941595818,109.47750062510241,7.821981209144226,126973.1,9522.636363636364,117450.46363636364,0.85,0.15,0.5
13-2099.01||IL||52||Y||IV,1,1,102.55671317095549,28.160735653141998,74.39597751781349,102.55671317095549,28.160735653141998,127627.72727272728,35044.90909090909,92582.81818181819,0.85,0.05,0.5
13-2099.01||NJ||52||Y||IV,1,1,-4.102908554892426,-3.5579451223623,-0.5449634325301256,-4.102908554892426,-3.5579451223623,-6735.909090909091,-4222.0,-2513.909090909091,0.85,0.15,0.5
15-1211.00||CO||51||Y||IV,1,1,-7.8594381387138155,-24.12916004478091,16.269721906067094,-7.8594381387138155,-24.12916004478091,-11397.6,-30820.9,19423.300000000003,0.85,0.15,0.5
15-1211.00||UT||54||Y||III,1,1,6.852057580513381,14.058556255033004,-7.206498674519623,6.852057580513381,14.058556255033004,6476.222222222223,13287.444444444445,-6811.222222222223,0.85,0.1,0.5
15-1211.00||VA||54||Y||III,1,1,1.1395476246380218,-22.455977757182573,23.595525381820597,1.1395476246380218,-22.455977757182573,1213.3333333333333,-29076.0,30289.333333333332,0.95,0.15,0.5
15-1211||NJ||54||Y||III,1,1,-5.597481805177861,-11.81130829809642,6.213826492918559,-5.597481805177861,-11.81130829809642,-7121.9,-15028.0,7906.1,0.95,0.1,0.5
15-1212.00||CA||54||Y||II,1,1,-20.068985544656687,-15.945450044414674,-4.1235355002420135,-20.068985544656687,-15.945450044414674,-31098.9,-21899.8,-9199.100000000002,0.95,0.05,0.5
15-1221.00||CA||33||Y||II,1,1,19.25262920992926,9.275654668986908,9.976974540942352,19.25262920992926,9.275654668986908,31651.9,15249.454545454546,16402.445454545457,0.85,0.15,0.5
15-1221.00||CA||45||Y||I,1,1,23.98032644448582,21.047281603974955,2.9330448405108633,23.98032644448582,21.047281603974955,23183.7,20348.090909090908,2835.6090909090926,0.95,0.1,0.5
15-1221.00||CA||45||Y||II,1,1,20.928505507254073,23.772735843683453,-2.84423033642938,20.928505507254073,23.772735843683453,34407.09090909091,39083.09090909091,-4676.0,0.95,0.15,0.5
15-1221.00||CA||51||Y||I,2,2,21.24584885127595,21.74306251566023,-0.4972136643842795,21.24584885127595,21.74306251566023,29935.181818181816,27768.500000000004,2166.6818181818126,0.95,0.1,1.0
15-1221.00||CA||51||Y||II,1,1,36.54927221522722,29.714238791262936,6.835033423964283,36.54927221522722,29.714238791262936,60088.1,48851.1,11237.0,0.98,0.1,0.5
15-1221.00||CA||51||Y||III,1,1,8.535718709567755,14.12798161841111,-5.592262908843356,8.535718709567755,14.12798161841111,17164.81818181818,24246.583333333332,-7081.765151515152,0.85,0.1,0.5
15-1221.00||CA||51||Y||IV,1,1,-9.181135367706487,-3.6298756787608055,-5.551259688945681,-9.181135367706487,-3.6298756787608055,-21831.454545454544,-7589.416666666667,-14242.037878787876,1.0,0.15,0.5
15-1221.00||CA||54||Y||I,1,1,135.073787587286,23.374944474184765,111.69884311310125,135.073787587286,23.374944474184765,130586.63636363637,20522.5,110064.13636363637,1.0,0.1,0.5
15-1221.00||CA||54||Y||II,2,2,38.60104784347807,-7.582531577419842,46.183579420897914,38.60104784347807,-7.582531577419842,55093.13636363637,-16907.5,72000.63636363637,0.915,0.1,1.0
15-1221.00||CA||54||Y||III,1,1,11.586984199920545,21.430943765623084,-9.843959565702539,11.586984199920545,21.430943765623084,17605.727272727272,36780.0,-19174.272727272728,0.85,0.15,0.5
15-1221.00||CA||54||Y||IV,1,1,4.987131286114407,19.95605173011731,-14.968920444002903,4.987131286114407,19.95605173011731,11858.7,36722.72727272727,-24864.02727272727,0.85,0.15,0.5
15-1221.00||IL||51||Y||II,1,1,28.64074435956653,36.19392876176941,-7.553184402202884,28.64074435956653,36.19392876176941,25795.0,32597.7,-6802.700000000001,0.85,0.15,0.5
15-1221.00||MA||33||Y||II,1,1,34.79818199572129,-14.452157548534855,49.25033954425615,34.79818199572129,-14.452157548534855,49891.545454545456,-20720.636363636364,70612.18181818182,0.85,0.15,0.5
15-1221.00||NM||54||Y||II,1,1,-34.51350401255759,-30.916122914925204,-3.597381097632386,-34.51350401255759,-30.916122914925204,-55248.181818181816,-49560.4,-5687.781818181815,0.85,0.15,0.5
15-1221.00||NY||54||Y||II,2,2,11.45344680139462,63.32244517032198,-51.86899836892736,11.45344680139462,63.32244517032198,16935.86818181818,93633.0,-76697.13181818182,0.95,0.3,1.0
15-1221.00||NY||54||Y||III,3,3,9.151447819787228,-3.9374147781830193,13.088862597970246,9.131242862660077,14.276476257652524,16996.343434343435,-7312.684848484849,24309.028282828283,0.85,0.13333333333333333,1.5
15-1221.00||TN||54||Y||II,4,4,33.90858623530598,27.00941344791271,6.899172787393272,34.91340583253912,27.769671342493922,26900.621464646465,21589.704545454544,5310.916919191921,0.9624999999999999,0.125,2.0
15-1221.00||TX||54||Y||II,1,1,33.341048197793036,1.1129664632852465,32.22808173450779,33.341048197793036,1.1129664632852465,30395.7,1136.4166666666667,29259.283333333333,0.95,0.05,0.5
15-1241.00||CA||51||Y||III,1,1,31.376873390568196,15.344251193189146,16.032622197379048,31.376873390568196,15.344251193189146,58378.555555555555,28548.9,29829.655555555553,0.95,0.05,0.5
15-1242.00||MA||54||Y||IV,1,1,-5.964520589260605,1.3328592583903933,-7.297379847650999,-5.964520589260605,1.3328592583903933,-8459.777777777777,1818.1,-10277.877777777778,0.85,0.1,0.5
15-1242.00||TX||52||Y||III,1,1,2.3255460588793926,-1.6204128891746146,3.945958948054007,2.3255460588793926,-1.6204128891746146,2720.8888888888887,-1796.4545454545455,4517.343434343435,0.95,0.15,0.5
15-1243.00||CA||54||Y||II,1,1,-2.139182692307692,2.7348708284388707,-4.874053520746562,-2.139182692307692,2.7348708284388707,-2669.7,3236.2,-5905.9,0.95,0.15,0.5
15-1243.00||IN||33||Y||IV,1,1,-20.361756770685798,-17.26025235161056,-3.101504419075237,-20.361756770685798,-17.26025235161056,-31387.444444444445,-27460.88888888889,-3926.5555555555547,0.85,0.15,0.5
15-1243.00||MA||54||Y||IV,1,1,-19.72210551145117,-25.98659423227655,6.26448872082538,-19.72210551145117,-25.98659423227655,-36484.90909090909,-48073.9,11588.990909090913,0.85,0.05,0.5
15-1243.00||NC||52||Y||IV,1,1,-20.67885028324561,-24.331451497415916,3.652601214170307,-20.67885028324561,-24.331451497415916,-32293.333333333332,-37997.454545454544,5704.121212121212,0.85,0.05,0.5
15-1243.00||PA||54||Y||II,3,3,7.756926088129819,-8.300568847546634,16.057494935676452,6.475522565668191,-6.0252901218515635,7952.633333333334,-9778.983164983165,17731.6164983165,0.85,0.15,1.5
15-1243.00||TX||54||Y||II,1,1,2.5864842335016536,1.3158151993274287,1.2706690341742248,2.5864842335016536,1.3158151993274287,2645.818181818182,1346.0,1299.818181818182,0.85,0.15,0.5
15-1243.00||TX||54||Y||III,1,1,-11.519396842448636,-2.028734578055894,-9.490662264392743,-11.519396842448636,-2.028734578055894,-15655.666666666666,-2584.181818181818,-13071.484848484848,0.85,0.05,0.5
15-1251.00||CA||54||Y||II,3,3,2.1774435592759143,3.65576887161493,-1.4783253123390159,7.681862460518159,-5.818011933745635,1390.4410774410771,991.0888888888888,399.3521885521883,0.9499999999999998,0.08333333333333333,1.5
15-1251.00||CA||54||Y||III,1,1,-7.345513164965072,-1.0087908093475284,-6.336722355617544,-7.345513164965072,-1.0087908093475284,-9569.0,-1054.6,-8514.4,0.95,0.1,0.5
15-1251.00||MO||54||Y||II,1,1,14.798487045779464,2.8805013010789184,11.917985744700545,14.798487045779464,2.8805013010789184,12789.444444444445,2489.4444444444443,10300.0,0.95,0.1,0.5
15-1251.00||NC||54||Y||III,1,1,37.02148550306111,24.837092240948753,12.184393262112355,37.02148550306111,24.837092240948753,32049.5,23056.272727272728,8993.227272727272,0.95,0.1,0.5
15-1251.00||NJ||54||Y||I,1,1,10.905720480766657,19.3684137734115,-8.462693292644843,10.905720480766657,19.3684137734115,8148.1,14470.916666666666,-6322.816666666666,0.95,0.15,0.5
15-1251.00||TX||54||Y||II,2,2,23.393925706056937,73.92483344131074,-50.530907735253805,23.393925706056937,73.92483344131074,19211.0,46647.5,-27436.5,0.8999999999999999,0.1,1.0
15-1252.00||AR||54||Y||II,1,1,23.02843617695103,7.733573357335733,15.294862819615297,23.02843617695103,7.733573357335733,19188.444444444445,6444.0,12744.444444444445,0.95,0.1,0.5
15-1252.00||AZ||51||Y||III,2,2,-18.57525475550365,-14.503380895503648,-4.071873860000002,-18.57525475550365,-14.503380895503648,-24986.318181818184,-19509.077777777777,-5477.240404040407,0.95,0.07500000000000001,1.0
15-1252.00||AZ||54||Y||II,1,1,-18.46540982425814,-18.17541774704696,-0.2899920772111777,-18.46540982425814,-18.17541774704696,-20509.9,-20187.8,-322.1000000000022,0.85,0.1,0.5
15-1252.00||AZ||54||Y||IV,1,1,-29.476179347644642,-17.790112555647525,-11.686066791997117,-29.476179347644642,-17.790112555647525,-46552.90909090909,-28096.636363636364,-18456.272727272724,0.85,0.05,0.5
15-1252.00||CA||33||Y||I,1,1,56.161246582509825,-12.136468626275475,68.2977152087853,56.161246582509825,-12.136468626275475,76210.25,-18127.636363636364,94337.88636363637,0.95,0.1,0.5
15-1252.00||CA||33||Y||II,20,20,9.75552784962046,-8.921484081741657,18.677011931362117,8.497828972312437,-15.100725739268759,14935.477676767678,-14464.931111111111,29400.40878787879,0.9274999999999999,0.11749999999999998,10.0
15-1252.00||CA||33||Y||III,15,15,2.5814014264942213,-15.425495365476987,18.006896791971208,-2.231778825319053,-24.472031988166545,2920.4840404040397,-26996.17521885522,29916.65925925926,0.9366666666666663,0.10000000000000002,7.5
15-1252.00||CA||33||Y||IV,15,15,-6.774601541281816,-12.759347600224336,5.98474605894252,-5.4397609394558435,-21.419832048759062,-15977.454545454548,-37639.38181818182,21661.927272727273,0.9399999999999997,0.13333333333333333,7.5
15-1252.00||CA||42||Y||II,1,1,-11.290389297900846,9.640994774716232,-20.931384072617078,-11.290389297900846,9.640994774716232,-14639.90909090909,18100.1,-32740.009090909087,0.95,0.1,0.5
15-1252.00||CA||42||Y||III,2,2,-19.637080013089353,-21.465202436006276,1.8281224229169233,-19.637080013089353,-21.465202436006276,-44406.899999999994,-33776.90454545454,-10629.995454545453,0.8999999999999999,0.1,1.0
15-1252.00||CA||44||Y||II,1,1,45.8545210563843,-17.260674451787875,63.11519550817218,45.8545210563843,-17.260674451787875,59458.181818181816,-27899.636363636364,87357.81818181818,0.95,0.1,0.5
15-1252.00||CA||44||Y||IV,1,1,-20.483161046351498,-1.9041297231750243,-18.579031323176473,-20.483161046351498,-1.9041297231750243,-35562.454545454544,-4065.5454545454545,-31496.90909090909,0.95,0.1,0.5
15-1252.00||CA||45||Y||I,1,1,45.36757120294094,-29.724165634519466,75.0917368374604,45.36757120294094,-29.724165634519466,67763.27272727272,-44397.5,112160.77272727272,0.95,0.1,0.5
15-1252.00||CA||45||Y||II,1,1,24.66267005697953,-32.483338990708184,57.14600904768771,24.66267005697953,-32.483338990708184,39864.0,-60984.545454545456,100848.54545454546,0.95,0.1,0.5
15-1252.00||CA||45||Y||III,1,1,-4.2659349600686305,-3.1438424160091953,-1.1220925440594351,-4.2659349600686305,-3.1438424160091953,-9646.9,-4211.9,-5435.0,0.95,0.1,0.5
15-1252.00||CA||45||Y||IV,3,3,1.8094789051538118,-7.228901769323071,9.038380674476883,-12.824614198114281,-5.8822217349554276,-6781.754545454547,-19938.79696969697,13157.042424242423,0.9666666666666667,0.11666666666666665,1.5
15-1252.00||CA||51||Y||I,3,3,30.709602676502698,26.486002403422805,4.223600273079892,46.48910456230333,37.46404419585504,41265.32575757575,28411.510101010103,12853.81565656565,0.9499999999999998,0.11666666666666665,1.5
15-1252.00||CA||51||Y||II,20,20,7.006175012636551,-18.698970748062905,25.705145760699455,7.372826490653711,-19.654897309178196,11486.606464646464,-31798.203712121216,43284.81017676768,0.945,0.11000000000000001,10.0
15-1252.00||CA||51||Y||III,18,18,-2.3454410333591227,-4.9062942242794385,2.560853190920316,-6.155010737610742,-1.2993113706192716,-7090.5209595959595,-12244.887373737374,5154.366414141415,0.9444444444444444,0.11666666666666667,9.0
15-1252.00||CA||51||Y||IV,22,22,-5.56486409982109,-12.634198346862263,7.069334247041173,-4.478061766282283,-3.4795148835577505,-17319.21487603306,-30223.877777777783,12904.662901744723,0.9409090909090907,0.1272727272727273,11.0
15-1252.00||CA||52||Y||II,4,4,3.0510017677095775,-21.45386083188977,24.50486259959935,5.367501365292713,-20.569969634540247,4931.547727272728,-36668.340909090904,41599.888636363634,0.925,0.11249999999999999,2.0
15-1252.00||CA||52||Y||III,1,1,-7.4414335896262855,11.951069977715466,-19.392503567341752,-7.4414335896262855,11.951069977715466,-16827.909090909092,22417.1,-39245.009090909094,0.95,0.05,0.5
15-1252.00||CA||52||Y||IV,1,1,24.575199520401657,-40.93961931882049,65.51481883922214,24.575199520401657,-40.93961931882049,52471.0,-87411.0,139882.0,0.95,0.15,0.5
15-1252.00||CA||53||Y||II,1,1,-18.534970872199587,-24.424819474838966,5.889848602639379,-18.534970872199587,-24.424819474838966,-23093.090909090908,-39479.545454545456,16386.454545454548,0.85,0.1,0.5
15-1252.00||CA||53||Y||III,1,1,18.08198364378859,-24.455710147174795,42.53769379096339,18.08198364378859,-24.455710147174795,33917.1,-38425.545454545456,72342.64545454545,0.95,0.05,0.5
15-1252.00||CA||54||Y||I,4,4,31.557325164593603,-15.413581857306022,46.97090702189963,38.00306144496551,-19.47963471736268,45419.72386363636,-21488.659090909092,66908.38295454545,0.95,0.125,2.0
15-1252.00||CA||54||Y||II,21,21,8.273094647791062,-8.17275461961119,16.445849267402252,7.56651692781787,-5.772025106041499,15261.153391053387,-14603.414790764791,29864.568181818177,0.949047619047619,0.1261904761904762,10.5
15-1252.00||CA||54||Y||III,15,15,1.1478475035095315,0.03371721227694877,1.1141302912325828,-2.6173478945680015,7.953079366494871,1203.1278787878784,-1637.1678787878786,2840.2957575757573,0.9319999999999997,0.1166666666666667,7.5
15-1252.00||CA||54||Y||IV,17,17,1.7765909853586521,-11.433320684859279,13.209911670217931,1.4382414954748102,-10.584997294731199,446.3534759358281,-25031.785115864524,25478.13859180035,0.95,0.10882352941176471,8.5
15-1252.00||CA||56||Y||II,1,1,28.318448690022027,-24.08736298563504,52.40581167565706,28.318448690022027,-24.08736298563504,45773.09090909091,-38934.09090909091,84707.18181818182,0.95,0.15,0.5
15-1252.00||CO||51||Y||III,1,1,-15.038506401337887,-13.93798220835617,-1.1005241929817178,-15.038506401337887,-13.93798220835617,-21401.9,-19835.7,-1566.2000000000007,0.95,0.1,0.5
15-1252.00||CO||54||Y||II,1,1,-2.616862583350519,-24.478088779210438,21.86122619585992,-2.616862583350519,-24.478088779210438,-3045.4,-29504.909090909092,26459.50909090909,0.95,0.15,0.5
15-1252.00||DC||54||Y||II,1,1,-0.22019887544463917,-19.38182683364696,19.161627958202324,-0.22019887544463917,-19.38182683364696,-270.1818181818182,-24438.545454545456,24168.363636363636,1.0,0.15,0.5
15-1252.00||DC||54||Y||III,1,1,-17.9527333993432,-29.579233957156113,11.626500557812914,-17.9527333993432,-29.579233957156113,-27065.18181818182,-43842.63636363636,16777.45454545454,0.95,0.05,0.5
15-1252.00||FL||33||Y||IV,1,1,-22.41606078207516,-17.194445424110498,-5.221615357964662,-22.41606078207516,-17.194445424110498,-33575.0,-23933.636363636364,-9641.363636363636,0.85,0.1,0.5
15-1252.00||FL||44||Y||III,1,1,-9.731403929208035,-12.57752457007442,2.846120640866385,-9.731403929208035,-12.57752457007442,-13454.444444444445,-15497.9,2043.4555555555544,0.95,0.1,0.5
15-1252.00||FL||52||Y||IV,1,1,82.70168094729497,-25.951059215811824,108.6527401631068,82.70168094729497,-25.951059215811824,115115.77777777778,-42961.2,158076.97777777776,0.95,0.1,0.5
15-1252.00||FL||54||Y||II,4,4,6.35302126025821,3.634054132977136,2.718967127281074,7.057303485315668,3.4247867358459327,6537.599999999999,3599.8454545454547,2937.7545454545448,0.95,0.075,2.0
15-1252.00||FL||62||Y||IV,1,1,42.6555964925841,27.163235157294217,15.492361335289885,42.6555964925841,27.163235157294217,33111.833333333336,21763.727272727272,11348.106060606064,0.95,0.1,0.5
15-1252.00||GA||31||Y||IV,1,1,-11.928681348457724,-11.647866154271917,-0.28081519418580747,-11.928681348457724,-11.647866154271917,-18147.222222222223,-15619.555555555555,-2527.666666666668,0.95,0.1,0.5
15-1252.00||GA||52||Y||II,1,1,6.455145120126541,19.79100134513145,-13.335856225004907,6.455145120126541,19.79100134513145,6792.555555555556,21628.2,-14835.644444444446,0.85,0.1,0.5
15-1252.00||GA||52||Y||III,2,2,-6.213121542421376,33.12938393778838,-39.34250548020976,-6.213121542421376,33.12938393778838,-8075.227272727273,41864.95,-49940.17727272727,0.85,0.1,1.0
15-1252.00||GA||54||Y||I,2,2,32.15953876546132,5.507996846181527,26.651541919279794,32.15953876546132,5.507996846181527,26683.09090909091,4429.416666666667,22253.674242424244,0.95,0.125,1.0
15-1252.00||GA||54||Y||II,3,3,2.4454184871747127,-17.477114233634865,19.922532720809578,2.661691563779431,-18.777760493397874,2600.4545454545455,-18959.50909090909,21559.963636363635,0.9499999999999998,0.15,1.5
15-1252.00||GA||54||Y||III,1,1,-1.6231724391195574,-18.593495375152056,16.9703229360325,-1.6231724391195574,-18.593495375152056,-2121.6,-24303.0,22181.4,0.95,0.1,0.5
15-1252.00||GA||54||Y||IV,1,1,0.18784979904015492,-22.349422537155476,22.53727233619563,0.18784979904015492,-22.349422537155476,285.77777777777777,-34000.4,34286.17777777778,0.95,0.1,0.5
15-1252.00||IL||33||Y||IV,1,1,-21.45481558117642,-18.177850991095795,-3.276964590080624,-21.45481558117642,-18.177850991095795,-27373.555555555555,-27075.727272727272,-297.8282828282827,0.85,0.05,0.5
15-1252.00||IL||51||Y||III,1,1,13.391861185705432,-8.664904223673073,22.056765409378507,13.391861185705432,-8.664904223673073,17504.1,-11325.636363636364,28829.736363636363,0.95,0.1,0.5
15-1252.00||IL||51||Y||IV,2,2,10.063683690884199,-27.08867009768572,37.15235378856992,10.063683690884199,-27.08867009768572,14638.205555555556,-40893.72727272727,55531.93282828283,0.95,0.125,1.0
15-1252.00||IL||52||Y||III,1,1,-12.988133764832792,-31.74038811303839,18.752254348205597,-12.988133764832792,-31.74038811303839,-16976.4,-41486.90909090909,24510.509090909087,0.95,0.15,0.5
15-1252.00||IL||52||Y||IV,1,1,-15.78161586777722,-20.974842972403582,5.193227104626363,-15.78161586777722,-20.974842972403582,-24195.9,-32158.0,7962.0999999999985,0.85,0.1,0.5
15-1252.00||IL||54||Y||II,1,1,-5.066505614263231,-16.603977068472936,11.537471454209705,-5.066505614263231,-16.603977068472936,-5475.727272727273,-17551.4,12075.67272727273,0.95,0.1,0.5
15-1252.00||IL||54||Y||III,2,2,-3.773860619553658,-11.863249797796579,8.089389178242921,-3.773860619553658,-11.863249797796579,-4932.7,-14679.797979797979,9747.097979797978,0.95,0.1,1.0
15-1252.00||IN||33||Y||IV,1,1,-3.0823569288129846,-12.812145188759581,9.729788259946597,-3.0823569288129846,-12.812145188759581,-4001.3,-14443.9,10442.599999999999,0.85,0.1,0.5
15-1252.00||MA||33||Y||II,1,1,-8.134047945005971,-12.82136372652233,4.687315781516359,-8.134047945005971,-12.82136372652233,-10662.272727272728,-16806.5,6144.227272727272,0.95,0.1,0.5
15-1252.00||MA||33||Y||III,1,1,-15.668332288644566,-7.059827445967929,-8.608504842676638,-15.668332288644566,-7.059827445967929,-24224.18181818182,-9721.1,-14503.08181818182,0.95,0.05,0.5
15-1252.00||MA||33||Y||IV,1,1,-27.62657819245387,-34.48509039057568,6.858512198121808,-27.62657819245387,-34.48509039057568,-49211.5,-61428.63636363636,12217.13636363636,0.95,0.15,0.5
15-1252.00||MA||51||Y||IV,1,1,13.293076954090479,-21.680617073951193,34.97369402804167,13.293076954090479,-21.680617073951193,23679.090909090908,-38619.9,62298.990909090906,0.95,0.1,0.5
15-1252.00||MA||54||Y||II,3,3,-8.4788240347356,-23.16258936579355,14.68376533105795,-5.047569113573599,-23.183822478920202,-11114.21212121212,-29333.454545454544,18219.242424242424,0.9166666666666666,0.15,1.5
15-1252.00||MA||54||Y||III,3,3,0.8169823131554649,-25.494245587708974,26.311227900864438,-9.928100861707453,-25.209500278126335,1899.1727272727283,-39415.63333333334,41314.80606060607,0.9166666666666666,0.10000000000000002,1.5
15-1252.00||MA||54||Y||IV,4,4,-19.155173625478216,-5.061448028441013,-14.093725597037203,-18.428850371100737,-10.927472464132867,-33807.020454545454,-8909.1,-24897.920454545456,0.925,0.11249999999999999,2.0
15-1252.00||MI||33||Y||II,1,1,-0.1284861532439579,-4.591924688387711,4.463438535143753,-0.1284861532439579,-4.591924688387711,-131.3,-4455.636363636364,4324.336363636364,0.85,0.1,0.5
15-1252.00||MI||33||Y||III,4,4,-7.6646787991228305,-11.197688369833951,3.533009570711121,-8.024169358482435,-12.40779894508714,-9044.150000000001,-13621.012878787878,4576.862878787877,0.85,0.11249999999999999,2.0
15-1252.00||MI||51||Y||IV,2,2,2.849319852482627,-15.872514974419278,18.721834826901905,2.849319852482627,-15.872514974419278,3945.909090909091,-22131.71363636364,26077.62272727273,0.95,0.125,1.0
15-1252.00||MI||52||Y||II,1,1,-4.20598884430962,-14.60798512574616,10.401996281436539,-4.20598884430962,-14.60798512574616,-4298.1,-14927.9,10629.8,0.95,0.15,0.5
15-1252.00||MI||52||Y||III,1,1,-13.778926289375068,-13.332890177733091,-0.4460361116419769,-13.778926289375068,-13.332890177733091,-16582.8,-16046.0,-536.7999999999993,0.95,0.1,0.5
15-1252.00||MI||54||Y||II,2,2,5.695254135334923,-8.582920406728999,14.278174542063923,5.695254135334923,-8.582920406728999,5672.859090909091,-8770.886363636364,14443.745454545455,0.95,0.1,1.0
15-1252.00||MI||54||Y||III,1,1,-7.56383517935338,-9.61802756981778,2.0541923904644,-7.56383517935338,-9.61802756981778,-9103.0,-11575.2,2472.2000000000007,0.95,0.1,0.5
15-1252.00||MI||54||Y||IV,1,1,4.830163337810321,-19.036515670110404,23.866679007920723,4.830163337810321,-19.036515670110404,6689.1,-26362.909090909092,33052.009090909094,0.95,0.1,0.5
15-1252.00||MN||45||Y||III,1,1,-0.02155314479639719,-13.146906512460815,13.125353367664417,-0.02155314479639719,-13.146906512460815,-26.454545454545453,-16538.545454545456,16512.09090909091,0.95,0.1,0.5
15-1252.00||MO||54||Y||II,1,1,18.328579208049167,-7.80553673012548,26.134115938174645,18.328579208049167,-7.80553673012548,14136.1,-7601.5,21737.6,0.95,0.15,0.5
15-1252.00||MO||54||Y||IV,1,1,-10.754037958956342,-14.722146850161932,3.96810889120559,-10.754037958956342,-14.722146850161932,-15060.6,-20617.777777777777,5557.177777777777,0.95,0.1,0.5
15-1252.00||NC||42||Y||III,1,1,-6.813368679606998,-8.948598130841122,2.1352294512341237,-6.813368679606998,-8.948598130841122,-9098.3,-11949.6,2851.300000000001,0.95,0.1,0.5
15-1252.00||NC||52||Y||II,1,1,4.344823449776795,-3.818043167193618,8.162866616970414,4.344823449776795,-3.818043167193618,5070.8,-4456.0,9526.8,0.95,0.15,0.5
15-1252.00||NC||52||Y||IV,1,1,-8.078285654224965,-25.715031336713768,17.6367456824888,-8.078285654224965,-25.715031336713768,-13065.9,-39773.181818181816,26707.281818181815,1.0,0.1,0.5
15-1252.00||NC||54||Y||I,2,2,8.427160542166718,-5.119376927429482,13.546537469596199,8.427160542166718,-5.119376927429482,7551.666666666667,-4682.916666666667,12234.583333333334,0.8999999999999999,0.15,1.0
15-1252.00||NC||54||Y||II,6,6,-3.873405266367657,-13.045204478797265,9.171799212429608,-6.8939725489268655,-12.536450737467948,-4418.930808080808,-14883.747474747475,10464.816666666668,0.9500000000000001,0.10833333333333334,3.0
15-1252.00||NC||54||Y||IV,1,1,-21.495251070204098,-15.52693833943834,-5.968312730765758,-21.495251070204098,-15.52693833943834,-33291.2,-24415.8,-8875.399999999998,0.95,0.15,0.5
15-1252.00||NC||56||Y||II,1,1,-5.7116565210922285,-15.971921233253333,10.260264712161105,-5.7116565210922285,-15.971921233253333,-6421.272727272727,-17956.272727272728,11535.0,0.95,0.05,0.5
15-1252.00||NC||61||Y||IV,1,1,13.286756528980845,6.68396636351396,6.602790165466885,13.286756528980845,6.68396636351396,14802.111111111111,7446.272727272727,7355.838383838384,0.95,0.1,0.5
15-1252.00||NH||33||Y||III,1,1,-0.7945777558971576,-34.77055057271533,33.97597281681817,-0.7945777558971576,-34.77055057271533,-936.1,-51334.545454545456,50398.44545454546,0.85,0.05,0.5
15-1252.00||NJ||32||Y||IV,2,2,34.57425155482722,-16.99420150176438,51.5684530565916,34.57425155482722,-16.99420150176438,57215.58181818182,-30900.800000000003,88116.38181818182,0.8999999999999999,0.1,1.0
15-1252.00||NJ||33||Y||III,2,2,17.272498997483183,-27.055995733586606,44.32849473106979,17.272498997483183,-27.055995733586606,27343.05,-43507.393939393936,70850.44393939394,0.965,0.1,1.0
15-1252.00||NJ||45||Y||III,1,1,48.43318542328547,-13.755915549889618,62.18910097317509,48.43318542328547,-13.755915549889618,73530.77777777778,-22120.2,95650.97777777778,0.85,0.1,0.5
15-1252.00||NJ||51||Y||II,1,1,-7.640249399607566,-21.201693977893438,13.561444578285872,-7.640249399607566,-21.201693977893438,-10084.9,-27985.6,17900.699999999997,0.95,0.15,0.5
15-1252.00||NJ||51||Y||IV,1,1,-23.608497642679534,-30.471169669606315,6.862672026926781,-23.608497642679534,-30.471169669606315,-36122.181818181816,-57770.9,21648.718181818185,0.95,0.1,0.5
15-1252.00||NJ||52||Y||II,2,2,0.12514100998109978,-7.894400895106615,8.019541905087715,0.12514100998109978,-7.894400895106615,-17.086363636363785,-9968.545454545454,9951.459090909091,0.95,0.05,1.0
15-1252.00||NJ||52||Y||IV,1,1,-27.042754968564076,65.64079641887584,-92.6835513874399,-27.042754968564076,65.64079641887584,-51270.9,99860.0,-151130.9,0.95,0.1,0.5
15-1252.00||NJ||54||Y||II,2,2,-6.216639603762038,-17.03996148425202,10.823321880489983,-6.216639603762038,-17.03996148425202,-8205.777777777777,-19900.25,11694.472222222223,0.95,0.125,1.0
15-1252.00||NJ||61||Y||IV,1,1,31.375937020636158,-7.47000086828167,38.84593788891783,31.375937020636158,-7.47000086828167,36135.666666666664,-8603.2,44738.86666666667,0.95,0.1,0.5
15-1252.00||NV||54||Y||II,2,2,-5.2644356600061375,-19.027747694084944,13.763312034078806,-5.2644356600061375,-19.027747694084944,-5833.1,-21083.125,15250.025,0.95,0.125,1.0
15-1252.00||NY||33||Y||IV,2,2,-11.225109229771874,-33.446894575528695,22.22178534575682,-11.225109229771874,-33.446894575528695,-21281.909090909092,-63412.63636363637,42130.72727272728,0.95,0.125,1.0
15-1252.00||NY||45||Y||II,1,1,-6.5605389144077115,-9.94465829936814,3.384119384960428,-6.5605389144077115,-9.94465829936814,-8112.5,-12297.166666666666,4184.666666666666,0.95,0.15,0.5
15-1252.00||NY||51||Y||II,3,3,-8.77740334318893,-12.77029588681522,3.99289254362629,-8.226426633663163,-16.582068784391563,-11585.90909090909,-16507.82222222222,4921.913131313131,0.9666666666666667,0.11666666666666665,1.5
15-1252.00||NY||51||Y||III,8,8,-8.95810952345857,-22.23755552374542,13.279446000286852,-18.214236865732857,-20.784009995166365,-14205.068371212123,-35589.344696969696,21384.27632575757,0.9375,0.1125,4.0
15-1252.00||NY||51||Y||IV,6,6,-5.041646040764551,-29.604117731174778,24.562471690410227,-7.028370011776483,-28.973730431663782,-9965.407828282829,-56127.03888888889,46161.631060606065,0.9500000000000001,0.12500000000000003,3.0
15-1252.00||NY||52||Y||II,1,1,-18.014929632239117,3.635344329451014,-21.650273961690132,-18.014929632239117,3.635344329451014,-23779.166666666668,4798.545454545455,-28577.712121212124,0.95,0.15,0.5
15-1252.00||NY||52||Y||III,2,2,-26.205761636765025,20.6672090765558,-46.872970713320825,-26.205761636765025,20.6672090765558,-42140.175,33233.90555555555,-75374.08055555556,0.95,0.1,1.0
15-1252.00||NY||52||Y||IV,2,2,18.285714092482102,33.966754926368196,-15.681040833886094,18.285714092482102,33.966754926368196,21405.409090909092,64398.25,-42992.84090909091,0.85,0.1,1.0
15-1252.00||NY||54||Y||II,4,4,11.373469197557784,3.7316059707886686,7.6418632267691144,1.3790629544202897,4.61840859276283,14944.27272727273,2893.231818181818,12051.040909090912,0.925,0.1,2.0
15-1252.00||NY||54||Y||III,5,5,9.721656118774389,-21.08168093672649,30.803337055500876,26.946527555961346,-29.026969423723255,15022.292727272725,-35047.75636363636,50070.04909090909,0.93,0.13,2.5
15-1252.00||NY||54||Y||IV,5,5,-9.783266754169482,-17.45285425218146,7.669587498011978,-20.728891070925275,-26.792509465301567,-18149.881818181817,-31368.096363636363,13218.214545454546,0.93,0.11000000000000001,2.5
15-1252.00||NY||62||Y||II,1,1,8.156147792158933,0.2213302265183641,7.934817565640569,8.156147792158933,0.2213302265183641,8960.833333333334,243.16666666666666,8717.666666666668,0.95,0.1,0.5
15-1252.00||OH||54||Y||II,5,5,3.3346132710545495,-11.658528580275652,14.9931418513302,1.7644030764866108,-14.475717823505425,3157.979595959596,-11855.55575757576,15013.535353535355,0.9099999999999999,0.10999999999999999,2.5
15-1252.00||OR||33||Y||III,1,1,32.16215332286761,-30.762451833880405,62.924605156748015,32.16215332286761,-30.762451833880405,49169.5,-47029.63636363636,96199.13636363635,0.85,0.15,0.5
15-1252.00||PA||33||Y||II,1,1,0.7393114461152408,-14.675969030741664,15.415280476856905,0.7393114461152408,-14.675969030741664,777.8,-16120.818181818182,16898.618181818183,0.85,0.15,0.5
15-1252.00||PA||33||Y||III,1,1,-8.232608571591623,-5.256915672734882,-2.9756928988567406,-8.232608571591623,-5.256915672734882,-9835.90909090909,-6280.7,-3555.2090909090903,0.95,0.1,0.5
15-1252.00||PA||33||Y||IV,1,1,-21.832546015162496,-17.984673780706153,-3.847872234456343,-21.832546015162496,-17.984673780706153,-30730.18181818182,-25112.0,-5618.18181818182,0.85,0.1,0.5
15-1252.00||PA||54||Y||IV,1,1,-10.753513221649117,-20.41275582534362,9.659242603694503,-10.753513221649117,-20.41275582534362,-15136.0,-29818.545454545456,14682.545454545456,0.95,0.1,0.5
15-1252.00||SC||52||Y||III,1,1,-9.399379609659983,-5.153550689021172,-4.245828920638811,-9.399379609659983,-5.153550689021172,-12551.555555555555,-5662.0,-6889.555555555555,0.85,0.1,0.5
15-1252.00||TN||54||Y||II,1,1,1.1638634589454264,15.604834807517369,-14.440971348571942,1.1638634589454264,15.604834807517369,1202.6666666666667,16125.1,-14922.433333333334,0.95,0.15,0.5
15-1252.00||TN||54||Y||III,1,1,-12.234751541592951,-16.126992965762344,3.8922414241693932,-12.234751541592951,-16.126992965762344,-14245.9,-19693.8,5447.9,0.95,0.1,0.5
15-1252.00||TN||55||Y||III,1,1,0.9119123463563632,-22.464685506522432,23.376597852878795,0.9119123463563632,-22.464685506522432,1113.6,-27433.2,28546.8,0.95,0.1,0.5
15-1252.00||TX||22||Y||III,1,1,-9.802753079738615,-14.419143127576524,4.616390047837909,-9.802753079738615,-14.419143127576524,-12531.545454545454,-18433.0,5901.454545454546,0.85,0.05,0.5
15-1252.00||TX||33||Y||III,1,1,-13.614282961185658,-20.526483466818796,6.9122005056331375,-13.614282961185658,-20.526483466818796,-17404.090909090908,-27704.8,10300.709090909091,0.95,0.1,0.5
15-1252.00||TX||33||Y||IV,2,2,-25.195464272810646,-29.77660431894611,4.581140046135463,-25.195464272810646,-29.77660431894611,-41207.18181818182,-48699.63636363637,7492.454545454544,0.8999999999999999,0.15,1.0
15-1252.00||TX||44||Y||IV,2,2,12.450929959105354,-29.19743290440325,41.6483628635086,12.450929959105354,-29.19743290440325,20326.038888888892,-47752.40151515151,68078.4404040404,0.8999999999999999,0.125,1.0
15-1252.00||TX||48||Y||II,1,1,-8.006018582251944,-23.735562366310752,15.729543784058809,-8.006018582251944,-23.735562366310752,-9040.636363636364,-26802.909090909092,17762.272727272728,0.95,0.1,0.5
15-1252.00||TX||51||Y||I,1,1,35.22007655925828,-1.7546832512822952,36.974759810540576,35.22007655925828,-1.7546832512822952,28123.583333333332,-1475.5833333333333,29599.166666666664,0.95,0.1,0.5
15-1252.00||TX||51||Y||II,1,1,20.02736377885816,-12.799030970597975,32.826394749456135,20.02736377885816,-12.799030970597975,22615.5,-14687.4,37302.9,0.95,0.15,0.5
15-1252.00||TX||51||Y||III,2,2,22.320831882404367,-11.889020845657043,34.209852728061406,22.320831882404367,-11.889020845657043,30126.65,-15737.25,45863.9,0.95,0.1,1.0
15-1252.00||TX||51||Y||IV,7,7,15.930149245167026,-8.744245705503717,24.674394950670745,-1.0337074357635128,-17.329984378873984,25267.04285714286,-13731.026551226552,38998.06940836941,0.9214285714285715,0.09999999999999999,3.5
15-1252.00||TX||52||Y||I,1,1,27.89632718073644,1.1215944515153187,26.77473272922112,27.89632718073644,1.1215944515153187,23819.0,1013.4166666666666,22805.583333333332,0.95,0.1,0.5
15-1252.00||TX||52||Y||II,1,1,1.6261254800398377,3.3148251463386558,-1.688699666298818,1.6261254800398377,3.3148251463386558,1463.5454545454545,3743.2,-2279.6545454545453,0.95,0.1,0.5
15-1252.00||TX||52||Y||III,4,4,-8.713165067155595,-10.785671171399633,2.072506104244038,-8.609219040466302,-11.182295806876734,-11696.0,-14306.684090909093,2610.6840909090934,0.925,0.1,2.0
15-1252.00||TX||52||Y||IV,5,5,10.811339281919784,-21.118772577673646,31.93011185959343,4.22789385582906,-22.93199188460576,16604.21272727273,-33691.53606060606,50295.74878787879,0.9359999999999999,0.11000000000000001,2.5
15-1252.00||TX||54||Y||I,5,5,19.43421184571667,10.264658827648361,9.16955301806831,17.533124769966875,10.61802899617545,17227.234848484848,8897.10606060606,8330.128787878788,0.96,0.13,2.5
15-1252.00||TX||54||Y||II,16,16,3.9651549617908786,-11.288994036511852,15.25414899830273,1.5697210599399951,-13.382060868448917,4374.894191919191,-12670.514015151515,17045.408207070708,0.9143749999999999,0.10625000000000001,8.0
15-1252.00||TX||54||Y||III,4,4,-10.986112428578346,-17.04229772829976,6.056185299721415,-12.321997115878766,-16.86772530065356,-14811.719696969696,-21889.690909090907,7077.971212121211,0.8999999999999999,0.11249999999999999,2.0
15-1252.00||TX||54||Y||IV,6,6,28.41266990751663,-26.36127714754261,54.77394705505924,37.869535686036535,-26.264005895779555,44711.969696969696,-42067.75277777778,86779.72247474748,0.9333333333333335,0.13333333333333333,3.0
15-1252.00||TX||55||Y||III,1,1,-8.555763830748827,-22.212987166940238,13.65722333619141,-8.555763830748827,-22.212987166940238,-11547.8,-29981.090909090908,18433.29090909091,0.95,0.1,0.5
15-1252.00||TX||55||Y||IV,2,2,51.68560055954843,47.3582937262773,4.32730683327113,51.68560055954843,47.3582937262773,82034.9388888889,72421.31818181818,9613.620707070717,0.95,0.1,1.0
15-1252.00||TX||92||Y||II,1,1,9.634256812863288,-8.084860184963794,17.719116997827083,9.634256812863288,-8.084860184963794,10210.0,-9129.666666666666,19339.666666666664,0.95,0.1,0.5
15-1252.00||UT||54||Y||III,2,2,24.21053833122212,-8.70525305840758,32.9157913896297,24.21053833122212,-8.70525305840758,31159.399999999998,-11148.300000000001,42307.7,0.975,0.1,1.0
15-1252.00||VA||54||Y||I,2,2,15.716785687501812,13.512738747369125,2.2040469401326863,15.716785687501812,13.512738747369125,15940.121212121212,11812.181818181818,4127.939393939394,0.95,0.1,1.0
15-1252.00||VA||54||Y||II,1,1,-2.700502149348171,-19.318812680697047,16.618310531348875,-2.700502149348171,-19.318812680697047,-2900.6363636363635,-24359.090909090908,21458.454545454544,0.95,0.05,0.5
15-1252.00||VA||54||Y||III,1,1,-14.926872567594785,-25.440772628981545,10.51390006138676,-14.926872567594785,-25.440772628981545,-22503.454545454544,-38354.0,15850.545454545456,0.95,0.05,0.5
15-1252.00||VA||81||Y||III,2,2,-13.562331683890738,-16.222679988848242,2.6603483049575036,-13.562331683890738,-16.222679988848242,-20446.3,-22876.954545454544,2430.654545454545,0.95,0.1,1.0
15-1252.00||WA||33||Y||III,2,2,20.80500064560161,-5.906611721966398,26.71161236756801,20.80500064560161,-5.906611721966398,37596.71666666667,-12025.318181818184,49622.03484848485,0.95,0.125,1.0
15-1252.00||WA||33||Y||IV,6,6,-30.58907927993258,-38.554410987909,7.965331707976421,-36.34919900506465,-39.590407424829344,-63768.47348484849,-80633.92929292929,16865.4558080808,0.9583333333333334,0.13333333333333333,3.0
15-1252.00||WA||44||Y||III,1,1,10.869600213300066,-31.70318088750937,42.572781100809436,10.869600213300066,-31.70318088750937,19642.454545454544,-57290.818181818184,76933.27272727274,0.95,0.1,0.5
15-1252.00||WA||45||Y||III,2,2,-5.386475568590558,-4.7156996896081615,-0.6707758789823961,-5.386475568590558,-4.7156996896081615,-9733.900000000001,-8521.740909090908,-1212.1590909090937,0.95,0.15,1.0
15-1252.00||WA||45||Y||IV,3,3,-7.986255520397518,-5.1321006489847925,-2.8541548714127254,3.4349817626601036,1.860255794007596,-16946.993939393942,-12616.799999999997,-4330.193939393945,0.9666666666666667,0.11666666666666665,1.5
15-1252.00||WA||51||Y||II,3,3,-17.980048406877675,-22.00284566516449,4.022797258286815,-14.8954094685802,-24.002156380205157,-26833.42424242424,-32130.181818181823,5296.757575757583,0.9166666666666666,0.15,1.5
15-1252.00||WA||51||Y||III,3,3,-16.483352701381587,-17.12656977611878,0.6432170747371941,-30.470668725884263,-32.40747355129515,-29787.066666666666,-30949.424242424244,1162.3575757575782,0.9166666666666666,0.15,1.5
15-1252.00||WA||51||Y||IV,11,11,-16.905406724402468,-38.983848177510986,22.078441453108518,-8.502629569938078,-38.304582854587096,-35258.9261707989,-82724.50550964188,47465.57933884298,0.9409090909090907,0.1318181818181818,5.5
15-1252.00||WA||52||Y||I,1,1,-8.54090763686599,-6.459078208732135,-2.0818294281338554,-8.54090763686599,-6.459078208732135,-10056.833333333334,-7605.5,-2451.333333333334,0.95,0.15,0.5
15-1252.00||WA||52||Y||II,1,1,-12.887295631198072,-23.56794425087108,10.680648619673008,-12.887295631198072,-23.56794425087108,-19233.0,-35172.8,15939.800000000003,0.95,0.1,0.5
15-1252.00||WA||52||Y||III,2,2,-27.52524763433125,-28.874037257081916,1.3487896227506653,-27.52524763433125,-28.874037257081916,-49740.875,-52178.27272727273,2437.397727272728,0.95,0.1,1.0
15-1252.00||WA||52||Y||IV,1,1,-38.61544660276529,-33.87069867390505,-4.744747928860235,-38.61544660276529,-33.87069867390505,-81942.75,-71874.3,-10068.449999999997,0.95,0.1,0.5
15-1252.00||WA||54||Y||II,4,4,13.66437811929391,-19.794683519852967,33.45906163914688,13.592569599738663,-20.68334104919471,17651.90909090909,-28190.340909090908,45842.25,0.95,0.1375,2.0
15-1252.00||WA||54||Y||III,1,1,9.367142734969642,-29.063868598965204,38.43101133393485,9.367142734969642,-29.063868598965204,16927.363636363636,-47624.63636363636,64552.0,0.95,0.15,0.5
15-1252.00||WA||54||Y||IV,4,4,-0.3184009966109125,-30.887006044963478,30.568605048352566,6.979171218504494,-31.849434201202797,-675.6532828282789,-62694.83863636364,62019.18535353536,0.95,0.1,2.0
15-1252.00||WA||56||Y||III,2,2,-26.53361739804106,-29.17612850322717,2.6425111051861094,-26.53361739804106,-29.17612850322717,-47948.9,-52724.181818181816,4775.281818181815,0.95,0.1,1.0
15-1252.00||WI||33||Y||IV,1,1,-3.729284348589685,-18.143357253090144,14.41407290450046,-3.729284348589685,-18.143357253090144,-4899.272727272727,-23929.81818181818,19030.545454545452,1.0,0.1,0.5
15-1252.00||WI||54||Y||II,1,1,-11.8256978766903,14.996992649832302,-26.822690526522603,-11.8256978766903,14.996992649832302,-11600.181818181818,14711.0,-26311.181818181816,0.85,0.05,0.5
15-1252||CA||54||Y||I,1,1,-9.989331275394143,0.9966709706028117,-10.986002245996955,-9.989331275394143,0.9966709706028117,-14615.09090909091,1018.9166666666666,-15634.007575757576,0.95,0.15,0.5
15-1252||CA||54||Y||II,1,1,-31.71874599000267,-29.249192916159643,-2.469553073843027,-31.71874599000267,-29.249192916159643,-59549.09090909091,-54912.72727272727,-4636.36363636364,0.95,0.1,0.5
15-1252||CA||54||Y||III,1,1,-7.803240016755658,-6.869096022621746,-0.9341439941339118,-7.803240016755658,-6.869096022621746,-17646.090909090908,-15533.636363636364,-2112.454545454544,0.95,0.1,0.5
15-1253.00||CA||33||Y||IV,2,2,-20.17268854986787,-40.30387509761108,20.131186547743212,-20.17268854986787,-40.30387509761108,-32616.122727272726,-81032.15,48416.02727272727,0.85,0.1,1.0
15-1253.00||CA||54||Y||I,1,1,38.443427284891996,5.447892194138322,32.99553509075368,38.443427284891996,5.447892194138322,36199.1,4800.083333333333,31399.016666666666,0.95,0.1,0.5
15-1253.00||IL||54||Y||II,1,1,7.942057942057941,3.7950685677958402,4.146989374262101,7.942057942057941,3.7950685677958402,6996.0,3343.0,3653.0,0.85,0.1,0.5
15-1253.00||MI||33||Y||IV,2,2,-2.716404647415934,-12.854684825684153,10.138280178268218,-2.716404647415934,-12.854684825684153,-3270.85,-15478.454545454546,12207.604545454546,0.85,0.07500000000000001,1.0
15-1253.00||MN||54||Y||IV,1,1,0.08069775532120262,-12.325696852253708,12.40639460757491,0.08069775532120262,-12.325696852253708,100.77777777777777,-15392.7,15493.477777777778,0.95,0.1,0.5
15-1255.00||CA||51||Y||IV,1,1,12.973077692534975,-35.084913159264076,48.05799085179905,12.973077692534975,-35.084913159264076,24228.909090909092,-65525.63636363636,89754.54545454546,0.95,0.05,0.5
15-1295.00||OH||62||Y||I,1,1,28.011933858568757,42.059341589633654,-14.047407731064897,28.011933858568757,42.059341589633654,20515.1,30803.0,-10287.900000000001,0.95,0.1,0.5
15-1299.00||CA||54||Y||IV,1,1,37.614170349581165,43.4163467638741,-5.802176414292937,37.614170349581165,43.4163467638741,69960.1,80751.8,-10791.699999999997,0.95,0.1,0.5
15-1299.00||MA||54||Y||II,1,1,35.32017448548758,40.46198384548237,-5.141809359994795,35.32017448548758,40.46198384548237,31965.11111111111,36618.5,-4653.3888888888905,0.85,0.15,0.5
15-1299.00||NC||33||Y||IV,1,1,-5.319949019654264,-24.863290175171365,19.5433411555171,-5.319949019654264,-24.863290175171365,-7490.222222222223,-39174.6,31684.377777777776,0.95,0.1,0.5
15-1299.00||NJ||54||Y||II,1,1,24.65058476443956,24.593058870746287,0.0575258936932741,24.65058476443956,24.593058870746287,23339.666666666668,23285.2,54.46666666666715,0.85,0.15,0.5
15-1299.00||TX||54||Y||IV,1,1,78.2726480836237,59.937010602175874,18.33563748144782,78.2726480836237,59.937010602175874,116814.1,86495.1,30319.0,0.95,0.1,0.5
15-1299.08||CA||33||Y||IV,1,1,6.615652813006963,0.005132713765108339,6.610520099241855,6.615652813006963,0.005132713765108339,14762.3,10.333333333333334,14751.966666666665,0.85,0.05,0.5
15-1299.08||CA||51||Y||III,1,1,25.63523626885147,14.45114212402525,11.184094144826222,25.63523626885147,14.45114212402525,46474.88888888889,26198.909090909092,20275.9797979798,0.95,0.15,0.5
15-1299.08||CA||54||Y||II,3,3,47.88200863278637,16.44859693449062,31.433411698295753,59.198453848525915,17.122963243652897,60102.163636363635,15797.757575757574,44304.40606060606,0.9166666666666666,0.13333333333333333,1.5
15-1299.08||CA||54||Y||IV,2,2,17.513177549064306,65.211056772011,-47.697879222946696,17.513177549064306,65.211056772011,32398.27272727273,92698.27777777778,-60300.005050505046,0.95,0.15,1.0
15-1299.08||NJ||54||Y||II,1,1,38.715384127922945,23.22817430979489,15.487209818128054,38.715384127922945,23.22817430979489,36656.5,21992.9,14663.599999999999,0.95,0.15,0.5
15-1299.08||NY||52||Y||IV,1,1,47.98275189653654,59.01392680564118,-11.031174909104635,47.98275189653654,59.01392680564118,76280.1,93816.8,-17536.699999999997,0.95,0.05,0.5
15-1299.08||TN||44||Y||IV,1,1,43.28641449120938,25.270324986680873,18.016089504528505,43.28641449120938,25.270324986680873,40624.3,23716.2,16908.100000000002,0.95,0.1,0.5
15-1299.08||TX||54||Y||III,1,1,93.36325114873685,0.5289352633514179,92.83431588538544,93.36325114873685,0.5289352633514179,104438.0,626.5555555555555,103811.44444444444,0.95,0.15,0.5
15-1299.09||CA||51||Y||III,2,2,25.90637194424986,16.65706894364372,9.24930300060614,25.90637194424986,16.65706894364372,46966.43888888889,30198.1,16768.338888888895,0.85,0.1,1.0
15-1299.09||CA||51||Y||IV,1,1,31.617148940288395,25.635552310251104,5.981596630037291,31.617148940288395,25.635552310251104,58806.0,28724.636363636364,30081.363636363636,0.95,0.1,0.5
15-1299.09||CA||52||Y||IV,1,1,1.7249554095598292,-25.104618070116956,26.829573479676785,1.7249554095598292,-25.104618070116956,3849.1,-46693.083333333336,50542.183333333334,0.85,0.1,0.5
15-1299.09||CA||54||Y||III,2,2,55.31102689405273,32.92390436715718,22.387122526895553,55.31102689405273,32.92390436715718,83190.55,52492.100000000006,30698.449999999997,0.8999999999999999,0.1,1.0
15-1299.09||CO||51||Y||III,1,1,67.49838684324112,68.91357006648457,-1.4151832232434458,67.49838684324112,68.91357006648457,86358.11111111111,80227.8,6130.311111111107,0.85,0.05,0.5
15-1299.09||GA||52||Y||II,1,1,56.135628948400075,24.405693595948787,31.72993535245129,56.135628948400075,24.405693595948787,48526.444444444445,19615.1,28911.344444444447,0.95,0.05,0.5
15-1299.09||GA||52||Y||IV,1,1,103.73094774896217,-10.669887242703224,114.40083499166539,103.73094774896217,-10.669887242703224,135433.2,-13930.818181818182,149364.0181818182,0.95,0.05,0.5
15-1299.09||GA||54||Y||III,1,1,17.06305177212157,1.9908030300237756,15.072248742097797,17.06305177212157,1.9908030300237756,18515.8,2160.3,16355.5,0.85,0.05,0.5
15-1299.09||IL||33||Y||III,1,1,15.21692679301375,-5.369441347702217,20.58636814071597,15.21692679301375,-5.369441347702217,16379.5,-5779.666666666667,22159.166666666668,0.85,0.05,0.5
15-1299.09||MA||54||Y||III,1,1,17.58220638585951,-5.097905814001535,22.680112199861046,17.58220638585951,-5.097905814001535,20329.777777777777,-5894.555555555556,26224.333333333332,0.95,0.05,0.5
15-1299.09||NJ||52||Y||IV,1,1,56.726204704333206,-8.688276070300805,65.41448077463401,56.726204704333206,-8.688276070300805,90179.91666666667,-13812.1,103992.01666666668,0.95,0.1,0.5
15-1299.09||NJ||54||Y||III,2,2,101.01600081815306,-3.2102784244222757,104.22627924257533,101.01600081815306,-3.2102784244222757,117432.11111111111,-4400.6611111111115,121832.77222222222,0.85,0.07500000000000001,1.0
15-1299.09||NY||51||Y||IV,1,1,-12.735987702963435,-17.14855888384264,4.412571180879205,-12.735987702963435,-17.14855888384264,-20246.909090909092,-27261.75,7014.840909090908,0.85,0.05,0.5
15-1299.09||NY||52||Y||IV,2,2,48.74421620440839,-12.510001635487564,61.25421783989595,48.74421620440839,-12.510001635487564,75777.72272727272,-19887.65,95665.37272727271,0.95,0.05,1.0
15-1299.09||NY||54||Y||IV,1,1,-6.525721187112358,-7.93263888015231,1.4069176930399516,-6.525721187112358,-7.93263888015231,-10374.2,-12610.833333333334,2236.633333333333,0.85,0.1,0.5
15-1299.09||TX||22||Y||IV,1,1,-0.7361879932859539,-10.630997051728759,9.894809058442805,-0.7361879932859539,-10.630997051728759,-1030.7,-15865.7,14835.0,0.85,0.1,0.5
15-1299.09||TX||54||Y||III,1,1,8.964838701608398,-3.0255960018909973,11.990434703499396,8.964838701608398,-3.0255960018909973,10751.8,-3584.0,14335.8,0.85,0.05,0.5
15-1299.09||TX||54||Y||IV,1,1,1.507033469614025,-3.205183148220897,4.712216617834922,1.507033469614025,-3.205183148220897,2174.8,-4487.416666666667,6662.216666666667,0.85,0.05,0.5
15-1299.09||WA||51||Y||II,1,1,24.72492273685503,9.760889939285278,14.964032797569754,24.72492273685503,9.760889939285278,24160.7,10888.272727272728,13272.427272727273,0.85,0.1,0.5
15-1299.09||WA||51||Y||IV,1,1,-11.108583197624295,-16.972949995210268,5.864366797585973,-11.108583197624295,-16.972949995210268,-18554.0,-28348.9,9794.900000000001,0.85,0.1,0.5
15-2021.00||NY||52||Y||IV,1,1,92.39473382065903,79.18251750928087,13.212216311378157,92.39473382065903,79.18251750928087,120709.1,103448.0,17261.100000000006,0.85,0.15,0.5
15-2031.00||CA||51||Y||IV,5,5,-0.5217358804780219,8.070458681842316,-8.592194562320339,-13.509102280445735,-10.948169242441564,-849.7054545454536,6474.275757575759,-7323.981212121213,0.8699999999999999,0.09000000000000001,2.5
15-2031.00||CA||52||Y||IV,1,1,-10.310416091434693,-18.49239066839723,8.181974576962538,-10.310416091434693,-18.49239066839723,-12322.7,-27498.0,15175.3,0.85,0.15,0.5
15-2031.00||CA||54||Y||II,2,2,19.45670560898712,13.330055875979436,6.126649733007685,19.45670560898712,13.330055875979436,19128.208333333336,13550.318181818182,5577.890151515154,0.85,0.15,1.0
15-2031.00||CA||54||Y||III,7,7,51.961867636584444,1.4150992432538712,50.546768393330574,62.54561944809689,-6.329440763065279,64392.181818181816,726.2738095238094,63665.90800865801,0.8642857142857142,0.14285714285714285,3.5
15-2031.00||CA||54||Y||IV,3,3,-3.5292830294251694,12.203169617772554,-15.732452647197723,-1.9499532969636255,-0.18396670993900405,-5214.233333333334,18050.838888888888,-23265.07222222222,0.8833333333333333,0.13333333333333333,1.5
15-2031.00||GA||44||Y||III,2,2,39.75079503954741,18.0449853488269,21.705809690720514,39.75079503954741,18.0449853488269,33284.7,14923.383333333333,18361.316666666666,0.95,0.15,1.0
15-2031.00||GA||44||Y||IV,1,1,-0.15008927242969736,5.897606382978723,-6.04769565540842,-0.15008927242969736,5.897606382978723,-146.72727272727272,5765.5,-5912.227272727273,0.85,0.15,0.5
15-2031.00||IL||52||Y||IV,1,1,-1.9354228847716428,4.30310295170594,-6.238525836477582,-1.9354228847716428,4.30310295170594,-2405.75,5348.8,-7754.55,0.85,0.15,0.5
15-2031.00||IL||54||Y||II,2,2,37.646432839759115,10.941186285465946,26.70524655429317,37.646432839759115,10.941186285465946,32339.791666666664,9398.916666666666,22940.875,0.85,0.125,1.0
15-2031.00||IL||54||Y||III,1,1,-6.833467594442648,3.560636334227703,-10.39410392867035,-6.833467594442648,3.560636334227703,-7182.111111111111,3742.3,-10924.411111111112,0.85,0.15,0.5
15-2031.00||MA||54||Y||II,2,2,47.07578597125415,8.654470310785252,38.4213156604689,47.07578597125415,8.654470310785252,38440.055555555555,7412.9,31027.155555555553,0.85,0.15,1.0
15-2031.00||MO||54||Y||IV,1,1,32.70736318534215,40.89431960287552,-8.186956417533366,32.70736318534215,40.89431960287552,25777.0,32229.222222222223,-6452.222222222223,0.85,0.1,0.5
15-2031.00||NC||52||Y||IV,2,2,-5.7095775942738,4.643910511257451,-10.353488105531252,-5.7095775942738,4.643910511257451,-6955.75,4969.727272727273,-11925.477272727272,0.85,0.15,1.0
15-2031.00||NC||54||Y||IV,1,1,-4.736420049163619,4.068761094735911,-8.80518114389953,-4.736420049163619,4.068761094735911,-6319.9,4013.181818181818,-10333.081818181818,0.85,0.15,0.5
15-2031.00||NJ||52||Y||II,1,1,51.23381176728388,32.50694741874757,18.72686434853631,51.23381176728388,32.50694741874757,46761.1,29669.090909090908,17092.00909090909,0.85,0.15,0.5
15-2031.00||NJ||54||Y||I,1,1,50.852408855283876,25.96671579464505,24.885693060638825,50.852408855283876,25.96671579464505,35021.545454545456,17618.416666666668,17403.128787878788,0.85,0.1,0.5
15-2031.00||NJ||54||Y||III,1,1,-9.290727153674384,-4.093392740528879,-5.197334413145505,-9.290727153674384,-4.093392740528879,-11067.3,-4951.9,-6115.4,0.85,0.15,0.5
15-2031.00||NJ||54||Y||IV,1,1,-6.240433874045134,-15.24668665506501,9.006252781019876,-6.240433874045134,-15.24668665506501,-8929.0,-21815.416666666668,12886.416666666668,0.85,0.15,0.5
15-2031.00||NY||54||Y||III,1,1,3.2469366442649736,-7.818232028138716,11.06516867240369,3.2469366442649736,-7.818232028138716,3927.9166666666665,-8965.166666666666,12893.083333333332,0.85,0.1,0.5
15-2031.00||NY||54||Y||IV,1,1,3.313153849293265,-23.39669464586139,26.709848495154656,3.313153849293265,-23.39669464586139,4870.8,-34396.416666666664,39267.21666666667,0.85,0.15,0.5
15-2031.00||PA||54||Y||IV,1,1,6.93734391322094,-1.607705034004402,8.545048947225341,6.93734391322094,-1.607705034004402,8204.727272727272,-1901.4166666666667,10106.143939393938,0.85,0.15,0.5
15-2031.00||TN||54||Y||II,1,1,40.7499771208932,37.52094469375565,3.229032427137547,40.7499771208932,37.52094469375565,26716.5,24497.8,2218.7000000000007,0.85,0.1,0.5
15-2031.00||TX||42||Y||IV,1,1,2.253463207448735,2.6904129400953134,-0.4369497326465783,2.253463207448735,2.6904129400953134,2447.6666666666665,2922.2727272727275,-474.60606060606096,0.85,0.1,0.5
15-2031.00||TX||52||Y||IV,1,1,-6.886896489213849,-11.835993935365497,4.949097446151648,-6.886896489213849,-11.835993935365497,-9117.7,-15669.90909090909,6552.209090909089,0.85,0.15,0.5
15-2031.00||TX||54||Y||II,1,1,41.108774960815154,-0.6578652315281982,41.76664019234335,41.108774960815154,-0.6578652315281982,33629.444444444445,-586.75,34216.194444444445,0.95,0.15,0.5
15-2031.00||TX||54||Y||III,2,2,15.902372645449471,2.728214738931186,13.174157906518285,15.902372645449471,2.728214738931186,14737.300000000001,2615.859090909091,12121.44090909091,0.85,0.125,1.0
15-2031.00||TX||54||Y||IV,1,1,-5.163385318530644,-22.365374362099168,17.201989043568524,-5.163385318530644,-22.365374362099168,-6835.909090909091,-29363.5,22527.590909090908,0.85,0.15,0.5
15-2031.00||VA||44||Y||III,1,1,0.07513753922562838,-19.14515533094707,19.2202928701727,0.07513753922562838,-19.14515533094707,94.1,-23976.81818181818,24070.91818181818,0.95,0.05,0.5
15-2031.00||WA||45||Y||I,1,1,54.46413707436386,26.34570810229354,28.118428972070323,54.46413707436386,26.34570810229354,38664.09090909091,18702.81818181818,19961.27272727273,0.85,0.15,0.5
15-2031.00||WA||51||Y||IV,2,2,34.549250854691046,-1.760089943326526,36.30934079801757,34.549250854691046,-1.760089943326526,45172.8,-2301.2999999999997,47474.100000000006,0.8999999999999999,0.125,1.0
15-2031.00||WA||52||Y||III,1,1,20.921155102901537,-10.438962179591295,31.36011728249283,20.921155102901537,-10.438962179591295,22267.222222222223,-11568.666666666666,33835.88888888889,0.85,0.1,0.5
15-2031.00||WA||54||Y||III,1,1,76.91638188019773,-3.453449511993845,80.36983139219157,76.91638188019773,-3.453449511993845,85240.27272727272,-3827.181818181818,89067.45454545454,0.85,0.1,0.5
15-2031||MA||54||Y||II,2,2,34.43333856933923,25.871954183533326,8.561384385805901,34.43333856933923,25.871954183533326,29493.53181818182,22160.363636363636,7333.168181818182,0.85,0.15,1.0
15-2041.00||CA||33||Y||IV,1,1,-34.347110653201135,-35.51515337657418,1.1680427233730484,-34.347110653201135,-35.51515337657418,-67098.45454545454,-69380.27272727272,2281.8181818181765,0.85,0.1,0.5
15-2041.00||CA||52||Y||IV,1,1,56.914981188909685,-27.165530080564814,84.0805112694745,56.914981188909685,-27.165530080564814,76369.09090909091,-48412.77777777778,124781.8686868687,0.85,0.15,0.5
15-2041.00||CA||54||Y||II,3,3,22.30705037447311,4.873425405481672,17.433624968991438,23.38816318360945,1.5101341707108191,22176.28888888889,4950.766666666667,17225.522222222222,0.85,0.15,1.5
15-2041.00||CA||54||Y||III,3,3,13.927349734361878,-17.893476066937357,31.820825801299236,-3.255635532745775,-12.57310526729616,18920.57777777778,-28341.47878787879,47262.056565656574,0.8833333333333333,0.10000000000000002,1.5
15-2041.00||FL||52||Y||II,2,2,10.128352603429292,-8.634533498072365,18.762886101501657,10.128352603429292,-8.634533498072365,10301.75,-8592.813636363637,18894.563636363637,0.85,0.15,1.0
15-2041.00||IL||52||Y||IV,1,1,-15.177598400092748,1.879223717459012,-17.05682211755176,-15.177598400092748,1.879223717459012,-20946.3,2558.3,-23504.6,0.85,0.15,0.5
15-2041.00||NC||54||Y||III,1,1,-5.677904104519361,-19.069805982693516,13.391901878174156,-5.677904104519361,-19.069805982693516,-6597.1,-26849.333333333332,20252.23333333333,0.85,0.15,0.5
15-2041.00||NJ||54||Y||II,1,1,-13.760979869066444,-8.850729598415077,-4.9102502706513675,-13.760979869066444,-8.850729598415077,-15545.09090909091,-9808.555555555555,-5736.535353535355,0.85,0.15,0.5
15-2041.00||NJ||54||Y||III,1,1,-14.179013158046635,-24.31334113719324,10.134327979146606,-14.179013158046635,-24.31334113719324,-20470.666666666668,-35101.9,14631.233333333334,0.85,0.15,0.5
15-2041.00||NJ||54||Y||IV,1,1,37.99058045080084,-27.51144890517178,65.50202935597262,37.99058045080084,-27.51144890517178,66780.22222222222,-48359.9,115140.12222222221,0.95,0.15,0.5
15-2041.00||NY||52||Y||II,1,1,5.4881037167586095,2.30127593824314,3.1868277785154695,5.4881037167586095,2.30127593824314,6199.636363636364,2599.6363636363635,3600.0000000000005,0.85,0.15,0.5
15-2041.00||NY||52||Y||III,4,4,-10.857144148990615,10.151609252191179,-21.008753401181792,-11.75571840533433,-8.122767750725863,-15674.784722222219,14780.642550505052,-30455.42727272727,0.85,0.1,2.0
15-2041.00||NY||52||Y||IV,1,1,-16.391257898650615,-13.525921459088297,-2.865336439562318,-16.391257898650615,-13.525921459088297,-28635.363636363636,-23776.0,-4859.363636363636,0.85,0.15,0.5
15-2041.00||NY||54||Y||II,1,1,-4.039545635615215,9.302639997102885,-13.342185632718099,-4.039545635615215,9.302639997102885,-4563.272727272727,10508.727272727272,-15072.0,0.85,0.15,0.5
15-2041.00||NY||54||Y||III,1,1,-11.478600569358537,-18.32191614775616,6.843315578397622,-11.478600569358537,-18.32191614775616,-16572.0,-26451.9,9879.900000000001,0.85,0.1,0.5
15-2041.00||TX||54||Y||I,1,1,59.77974481186536,9.959125079448572,49.82061973241679,59.77974481186536,9.959125079448572,40386.0,7573.416666666667,32812.583333333336,0.85,0.3,0.5
15-2041.00||TX||54||Y||IV,2,2,-10.663136168873605,-11.77494149164685,1.111805322773245,-10.663136168873605,-11.77494149164685,-14740.45,-16250.622222222222,1510.1722222222215,0.8999999999999999,0.125,1.0
15-2041.00||WA||51||Y||IV,1,1,8.905036331746429,75.4062265096467,-66.50119017790027,8.905036331746429,75.4062265096467,11372.8,96302.8,-84930.0,0.85,0.1,0.5
15-2041.01||CA||54||Y||III,1,1,50.5227397815728,-12.012166588675715,62.53490637024852,50.5227397815728,-12.012166588675715,70681.81818181818,-13861.8,84543.61818181818,0.95,0.15,0.5
15-2051.00||CA||33||Y||I,1,1,95.16369818624412,2.3819931838971593,92.78170500234695,95.16369818624412,2.3819931838971593,98515.36363636363,2942.5,95572.86363636363,0.95,0.0,0.5
15-2051.00||CA||33||Y||II,1,1,-6.062096870520784,-31.786820727005693,25.72472385648491,-6.062096870520784,-31.786820727005693,-8120.3,-55405.7,47285.399999999994,0.85,0.15,0.5
15-2051.00||CA||33||Y||IV,1,1,-20.934650647322552,56.22771592810885,-77.1623665754314,-20.934650647322552,56.22771592810885,-33245.9,89294.11111111111,-122540.01111111112,0.85,0.3,0.5
15-2051.00||CA||45||Y||I,1,1,19.32243693115041,4.306880607491907,15.015556323658503,19.32243693115041,4.306880607491907,14139.0,5051.583333333333,9087.416666666668,0.85,0.1,0.5
15-2051.00||CA||45||Y||II,1,1,-26.800239173449196,-9.68997026805082,-17.110268905398378,-26.800239173449196,-9.68997026805082,-46713.88888888889,-14408.888888888889,-32305.0,0.85,0.1,0.5
15-2051.00||CA||45||Y||III,2,2,-20.468566431318045,11.164232607271966,-31.63279903859001,-20.468566431318045,11.164232607271966,-33090.95,18354.333333333332,-51445.283333333326,0.8999999999999999,0.15,1.0
15-2051.00||CA||51||Y||I,1,1,10.026984167583189,56.027372883978586,-46.0003887163954,10.026984167583189,56.027372883978586,11760.75,36208.25,-24447.5,0.85,0.15,0.5
15-2051.00||CA||51||Y||II,1,1,60.200444935499284,-6.2710896440516,66.47153457955089,60.200444935499284,-6.2710896440516,80639.7,-8400.25,89039.95,0.85,0.15,0.5
15-2051.00||CA||51||Y||IV,1,1,11.582680640955891,-28.215249905047376,39.797930546003265,11.582680640955891,-28.215249905047376,22567.0,-54972.9,77539.9,0.85,0.15,0.5
15-2051.00||CA||52||Y||II,1,1,-2.843502235237309,-11.43767916865743,8.59417693342012,-2.843502235237309,-11.43767916865743,-3651.0,-15321.0,11670.0,0.85,0.15,0.5
15-2051.00||CA||52||Y||III,3,3,-1.2614595051700956,-2.3291087018634573,1.0676491966933617,-5.065377037435072,-13.247663093468825,-1497.5555555555547,-3829.1245791245797,2331.569023569025,0.8833333333333333,0.10000000000000002,1.5
15-2051.00||CA||52||Y||IV,2,2,-10.963904081827543,1.4928367732151564,-12.4567408550427,-10.963904081827543,1.4928367732151564,-21361.41287878788,6646.674999999999,-28008.08787878788,0.85,0.125,1.0
15-2051.00||CA||54||Y||I,1,1,22.20518343926895,22.045530011097423,0.15965342817152717,22.20518343926895,22.045530011097423,22987.25,16819.416666666668,6167.833333333332,0.95,0.15,0.5
15-2051.00||CA||54||Y||II,3,3,-7.580260922652227,29.90640502892261,-37.486665951574835,-7.3197861920688005,6.592589414675303,-10153.911111111112,39720.80892255892,-49874.72003367003,0.8833333333333333,0.13333333333333333,1.5
15-2051.00||CA||54||Y||IV,1,1,-17.616641210818422,-31.191295606816233,13.574654395997811,-17.616641210818422,-31.191295606816233,-28027.9,-49534.27272727273,21506.372727272726,0.85,0.15,0.5
15-2051.00||CA||56||Y||III,1,1,-19.75865293323004,-9.184940678761205,-10.573712254468834,-19.75865293323004,-9.184940678761205,-32483.81818181818,-11965.222222222223,-20518.595959595958,0.85,0.1,0.5
15-2051.00||CA||61||Y||I,1,1,27.780713311922995,23.7769069858078,4.003806326115196,27.780713311922995,23.7769069858078,20241.583333333332,16305.727272727272,3935.85606060606,0.95,0.1,0.5
15-2051.00||CO||33||Y||IV,1,1,-3.4821091302319034,-38.004214477388345,34.52210534715644,-3.4821091302319034,-38.004214477388345,-4701.3,-69254.7,64553.399999999994,0.95,0.15,0.5
15-2051.00||CT||52||Y||IV,1,1,-11.728971891266275,-31.861634647658168,20.132662756391895,-11.728971891266275,-31.861634647658168,-17070.11111111111,-56006.7,38936.58888888889,0.95,0.15,0.5
15-2051.00||DC||54||Y||II,1,1,-1.3167582639460091,-13.955135411245953,12.638377147299945,-1.3167582639460091,-13.955135411245953,-1526.6363636363637,-16179.444444444445,14652.808080808081,0.85,0.0,0.5
15-2051.00||DE||52||Y||I,1,1,23.56434148364528,47.69541815427892,-24.13107667063364,23.56434148364528,47.69541815427892,17424.416666666668,35267.9,-17843.483333333334,0.95,0.15,0.5
15-2051.00||GA||52||Y||II,1,1,14.561119742340079,15.56113810769806,-1.000018365357981,14.561119742340079,15.56113810769806,13683.666666666666,14154.1,-470.4333333333343,0.85,0.15,0.5
15-2051.00||GA||52||Y||IV,1,1,-0.15634568702825097,57.455601218891346,-57.611946905919595,-0.15634568702825097,57.455601218891346,-211.9,77871.3,-78083.2,0.95,0.15,0.5
15-2051.00||GA||54||Y||III,1,1,7.100309260582541,-4.908206804437,12.008516065019542,7.100309260582541,-4.908206804437,8147.888888888889,-5632.363636363636,13780.252525252525,0.85,0.15,0.5
15-2051.00||IL||51||Y||III,1,1,0.6594745190238588,-17.547672297788342,18.2071468168122,0.6594745190238588,-17.547672297788342,788.4545454545455,-20413.909090909092,21202.363636363636,0.95,0.1,0.5
15-2051.00||IL||52||Y||II,1,1,14.385507016447491,19.501691977550347,-5.1161849611028565,14.385507016447491,19.501691977550347,13518.636363636364,18902.6,-5383.963636363635,0.85,0.15,0.5
15-2051.00||IL||52||Y||IV,1,1,-9.590675761198227,0.8964207861613112,-10.487096547359538,-9.590675761198227,0.8964207861613112,-13638.9,1274.8,-14913.699999999999,0.95,0.1,0.5
15-2051.00||IL||54||Y||I,1,1,51.737692171597246,27.339186117812073,24.398506053785173,51.737692171597246,27.339186117812073,37041.083333333336,20306.727272727272,16734.356060606064,0.95,0.15,0.5
15-2051.00||IL||54||Y||II,2,2,12.23601773762718,12.69767354128942,-0.4616558036622411,12.23601773762718,12.69767354128942,11860.127272727272,12307.601010101009,-447.4737373737371,0.8999999999999999,0.15,1.0
15-2051.00||IL||54||Y||IV,2,2,-14.511816178805141,-7.177624639617467,-7.334191539187674,-14.511816178805141,-7.177624639617467,-20637.253787878788,-10207.3,-10429.953787878789,0.95,0.125,1.0
15-2051.00||IL||55||Y||III,1,1,-8.015440204754178,-20.584683888686968,12.56924368393279,-8.015440204754178,-20.584683888686968,-9583.1,-24610.636363636364,15027.536363636364,0.85,0.1,0.5
15-2051.00||IL||61||Y||I,1,1,66.75570264224058,27.71751516831439,39.038187473926186,66.75570264224058,27.71751516831439,43349.818181818184,17999.2,25350.618181818183,0.85,0.1,0.5
15-2051.00||IL||81||Y||III,1,1,3.825005436691815,-6.980256064382598,10.805261501074412,3.825005436691815,-6.980256064382598,4573.1,-8345.454545454546,12918.554545454546,0.95,0.15,0.5
15-2051.00||IN||33||Y||III,1,1,-0.9964559723446542,16.548916408310447,-17.545372380655103,-0.9964559723446542,16.548916408310447,-956.7272727272727,15889.111111111111,-16845.838383838385,0.95,0.15,0.5
15-2051.00||MA||32||Y||IV,2,2,-22.701618635006767,-7.620639121902386,-15.080979513104381,-22.701618635006767,-7.620639121902386,-36731.9,-12524.281818181818,-24207.618181818183,0.85,0.125,1.0
15-2051.00||MA||44||Y||III,1,1,-15.168495884863157,-8.237933684195264,-6.930562200667893,-15.168495884863157,-8.237933684195264,-20924.333333333332,-11363.9,-9560.433333333332,0.85,0.1,0.5
15-2051.00||MA||51||Y||III,1,1,-15.320648820714062,-14.040840457699227,-1.2798083630148351,-15.320648820714062,-14.040840457699227,-21134.222222222223,-19368.777777777777,-1765.4444444444453,0.85,0.15,0.5
15-2051.00||MA||52||Y||II,1,1,7.398037240790203,-4.743148829292859,12.141186070083062,7.398037240790203,-4.743148829292859,8440.272727272728,-5411.363636363636,13851.636363636364,0.95,0.1,0.5
15-2051.00||MA||52||Y||IV,2,2,-6.877673354747327,-18.147661731309746,11.26998837656242,-6.877673354747327,-18.147661731309746,-11128.281818181818,-29363.461111111108,18235.17929292929,0.85,0.15,1.0
15-2051.00||MA||61||Y||I,1,1,12.172466069234014,53.65762362721377,-41.48515755797976,12.172466069234014,53.65762362721377,9046.333333333334,39877.27272727273,-30830.939393939392,0.85,0.1,0.5
15-2051.00||MA||62||Y||I,1,1,41.96230449493454,9.401001592664446,32.5613029022701,41.96230449493454,9.401001592664446,31185.545454545456,6986.636363636364,24198.909090909092,0.85,0.3,0.5
15-2051.00||MA||62||Y||II,1,1,42.3016964984474,31.09124780153661,11.210448696910788,42.3016964984474,31.09124780153661,36558.818181818184,26870.3,9688.518181818185,0.95,0.05,0.5
15-2051.00||MI||54||Y||II,1,1,16.06929517024254,18.79942064770945,-2.7301254774669097,16.06929517024254,18.79942064770945,12704.545454545454,15633.222222222223,-2928.6767676767686,0.85,0.1,0.5
15-2051.00||NC||51||Y||III,1,1,-15.463349436888949,-27.309054784604246,11.845705347715297,-15.463349436888949,-27.309054784604246,-20079.777777777777,-35461.9,15382.122222222224,0.85,0.15,0.5
15-2051.00||NC||52||Y||IV,1,1,-18.36290051369097,-21.601493166554675,3.238592652863705,-18.36290051369097,-21.601493166554675,-28271.88888888889,-33258.09090909091,4986.202020202021,0.85,0.1,0.5
15-2051.00||NC||54||Y||II,7,7,21.533046292568194,4.485290285165495,17.0477560074027,22.820367779892628,8.160673745040933,19193.977344877345,3206.725649350649,15987.251695526696,0.8785714285714284,0.1642857142857143,3.5
15-2051.00||NC||54||Y||III,1,1,-4.277826187469991,-8.293617626660502,4.015791439190512,-4.277826187469991,-8.293617626660502,-4811.1,-9327.5,4516.4,0.85,0.1,0.5
15-2051.00||NC||54||Y||IV,1,1,3.73385111866985,-24.27072914095686,28.00458025962671,3.73385111866985,-24.27072914095686,5141.363636363636,-37367.7,42509.06363636363,0.85,0.15,0.5
15-2051.00||NJ||52||Y||II,1,1,9.12221095797828,2.1123197340420674,7.009891223936213,9.12221095797828,2.1123197340420674,9988.0,2312.8,7675.2,0.85,0.1,0.5
15-2051.00||NJ||52||Y||IV,1,1,-23.840781875770464,-24.617447500407966,0.7766656246375021,-23.840781875770464,-24.617447500407966,-40419.9,-41736.666666666664,1316.7666666666628,0.85,0.1,0.5
15-2051.00||NJ||54||Y||II,6,6,4.441875343683505,-10.88887961733675,15.330754961020254,4.7246372161303585,-10.809157415179829,4855.767676767677,-11922.34318181818,16778.110858585856,0.8666666666666666,0.13333333333333333,3.0
15-2051.00||NJ||54||Y||IV,3,3,-15.965696608785928,-13.402340494892249,-2.563356113893679,-15.902937932417526,-12.614808539258991,-26495.933333333334,-20723.63703703704,-5772.296296296296,0.85,0.10000000000000002,1.5
15-2051.00||NV||52||Y||I,1,1,51.21400901615205,42.81654068721101,8.397468328941038,51.21400901615205,42.81654068721101,30828.272727272728,25773.416666666668,5054.85606060606,0.85,0.1,0.5
15-2051.00||NY||51||Y||II,1,1,6.946305128342533,-8.69789906628551,15.644204194628042,6.946305128342533,-8.69789906628551,7777.5,-9523.416666666666,17300.916666666664,0.95,0.15,0.5
15-2051.00||NY||51||Y||III,2,2,-16.24878956004499,-15.752046818637053,-0.49674274140793706,-16.24878956004499,-15.752046818637053,-22668.03636363636,-22086.90454545455,-581.1318181818133,0.85,0.1,1.0
15-2051.00||NY||52||Y||II,3,3,6.420613511059301,13.333048267700432,-6.912434756641131,6.512042085650876,14.273485325900593,7029.993939393939,14598.487878787879,-7568.493939393939,0.8833333333333333,0.13333333333333333,1.5
15-2051.00||NY||52||Y||III,4,4,41.39400117398375,-10.272443479133514,51.66644465311727,34.7337908206258,-11.486889452783393,57747.115277777775,-14330.675000000001,72077.79027777778,0.9,0.17500000000000002,2.0
15-2051.00||NY||52||Y||IV,4,4,-5.049599754154997,-1.8704349348160814,-3.1791648193389155,-19.23894515191016,-13.179229534218297,-8561.14191919192,-3237.1184343434334,-5324.023484848486,0.9,0.21250000000000002,2.0
15-2051.00||NY||54||Y||II,6,6,10.414974466453126,9.492503146190678,0.9224713202624475,9.786649130978802,-0.9611935725725904,10054.436868686867,6306.310606060605,3748.1262626262624,0.8833333333333333,0.125,3.0
15-2051.00||NY||54||Y||IV,2,2,-21.385539491196806,-18.754886857617173,-2.6306526335796327,-21.385539491196806,-18.754886857617173,-36322.708333333336,-31797.22272727273,-4525.485606060607,0.8999999999999999,0.1,1.0
15-2051.00||NY||62||Y||II,1,1,4.121434638463436,-0.7726662465408113,4.894100885004247,4.121434638463436,-0.7726662465408113,4512.6,-846.0,5358.6,0.85,0.15,0.5
15-2051.00||OH||42||Y||III,2,2,10.59429767763101,-3.3944406381521,13.98873831578311,10.59429767763101,-3.3944406381521,10907.888888888889,-3468.1,14375.988888888889,0.85,0.1,1.0
15-2051.00||OH||52||Y||IV,1,1,7.581010233708828,-5.9756497269987445,13.556659960707574,7.581010233708828,-5.9756497269987445,9002.222222222223,-7475.0,16477.222222222223,0.85,0.1,0.5
15-2051.00||PA||48||Y||III,1,1,-11.345858527689797,-10.75117291373791,-0.5946856139518868,-11.345858527689797,-10.75117291373791,-13397.416666666666,-12695.2,-702.2166666666653,0.95,0.1,0.5
15-2051.00||PA||54||Y||I,1,1,60.589709165658526,18.83944114956773,41.7502680160908,60.589709165658526,18.83944114956773,44802.454545454544,13930.636363636364,30871.81818181818,0.95,0.1,0.5
15-2051.00||PA||54||Y||II,2,2,25.81538370871555,5.339749341603257,20.475634367112292,25.81538370871555,5.339749341603257,21678.095454545455,5126.853535353535,16551.241919191918,0.85,0.1,1.0
15-2051.00||PA||61||Y||I,1,1,85.04069435684897,55.31552922096851,29.725165135880466,85.04069435684897,55.31552922096851,43761.09090909091,28464.81818181818,15296.272727272732,0.85,0.15,0.5
15-2051.00||TX||33||Y||IV,2,2,2.7017239679413345,-7.237906133000224,9.939630100941558,2.7017239679413345,-7.237906133000224,3678.9611111111117,-10346.6,14025.561111111112,0.85,0.125,1.0
15-2051.00||TX||42||Y||III,2,2,-10.47146951717777,-0.6182762697664785,-9.85319324741129,-10.47146951717777,-0.6182762697664785,-12881.555555555555,-732.0318181818182,-12149.523737373736,0.85,0.1,1.0
15-2051.00||TX||42||Y||IV,2,2,-16.498477218789706,-14.228915574944097,-2.269561643845609,-16.498477218789706,-14.228915574944097,-24540.0,-19788.163636363635,-4751.836363636365,0.85,0.125,1.0
15-2051.00||TX||45||Y||II,2,2,32.71211149757876,0.20111248478285138,32.51099901279591,32.71211149757876,0.20111248478285138,32823.00555555556,193.13636363636374,32629.869191919195,0.85,0.15,1.0
15-2051.00||TX||51||Y||II,1,1,17.66179318776016,17.715795838576042,-0.054002650815881736,17.66179318776016,17.715795838576042,17721.666666666668,16460.454545454544,1261.2121212121237,0.95,0.1,0.5
15-2051.00||TX||52||Y||II,3,3,16.04029246670907,20.222730459729856,-4.182437993020788,17.962180061228317,21.16381130167914,15567.172222222222,19420.69696969697,-3853.5247474747503,0.8833333333333333,0.10000000000000002,1.5
15-2051.00||TX||52||Y||III,3,3,-3.9086583836905557,36.23894438579871,-40.14760276948927,-5.819266062762316,2.3627968004844693,-4647.121212121212,43089.955555555556,-47737.07676767677,0.8833333333333333,0.13333333333333333,1.5
15-2051.00||TX||52||Y||IV,5,5,-8.87052306621618,-1.2410071522035984,-7.629515914012581,-8.992936282335533,-16.06635254949814,-12576.006666666668,-1259.2277777777788,-11316.77888888889,0.8899999999999999,0.14,2.5
15-2051.00||TX||54||Y||I,2,2,49.98526160292063,24.593056523562588,25.392205079358042,49.98526160292063,24.593056523562588,35456.59090909091,16901.18181818182,18555.409090909092,0.8999999999999999,0.1,1.0
15-2051.00||TX||54||Y||II,8,8,14.790334756471903,4.763149043259471,10.027185713212432,11.761506814821267,3.0845782074913517,13545.98042929293,4419.992708333333,9125.987720959596,0.8625,0.16249999999999998,4.0
15-2051.00||TX||54||Y||III,1,1,-2.6831987627901954,-15.75815065906598,13.074951896275785,-2.6831987627901954,-15.75815065906598,-2984.2,-17525.9,14541.7,0.85,0.15,0.5
15-2051.00||TX||54||Y||IV,3,3,-15.914810731225197,-18.138527485740692,2.223716754515495,-14.260543262821551,-14.348571307653785,-22660.775757575757,-26423.645454545458,3762.869696969701,0.9166666666666666,0.11666666666666665,1.5
15-2051.00||VA||52||Y||II,1,1,-2.761013040556594,0.8359541559227304,-3.596967196479324,-2.761013040556594,0.8359541559227304,-3201.090909090909,925.7272727272727,-4126.818181818182,0.85,0.1,0.5
15-2051.00||VA||52||Y||IV,1,1,-16.695340119975764,-11.331990874476102,-5.363349245499663,-16.695340119975764,-11.331990874476102,-25075.9,-18908.333333333332,-6167.566666666669,0.85,0.1,0.5
15-2051.00||WA||51||Y||I,1,1,5.611910484097506,19.384939419896813,-13.773028935799307,5.611910484097506,19.384939419896813,5394.0,18632.222222222223,-13238.222222222223,0.85,0.1,0.5
15-2051.00||WA||51||Y||III,1,1,-18.670924476021156,-22.645778655236423,3.974854179215267,-18.670924476021156,-22.645778655236423,-30493.727272727272,-34192.181818181816,3698.454545454544,0.95,0.1,0.5
15-2051.00||WA||51||Y||IV,1,1,-32.89100825741187,-38.23667630488598,5.345668047474113,-32.89100825741187,-38.23667630488598,-64767.0,-70195.27272727272,5428.272727272721,0.95,0.1,0.5
15-2051.00||WA||52||Y||III,1,1,-21.756713731156857,-27.32336164966332,5.566647918506462,-21.756713731156857,-27.32336164966332,-35533.5,-40334.2,4800.699999999997,0.95,0.1,0.5
15-2051.00||WA||54||Y||II,1,1,-2.664212001959228,-8.984438242527505,6.320226240568276,-2.664212001959228,-8.984438242527505,-3154.8,-11653.625,8498.825,0.85,0.0,0.5
15-2051.00||WA||54||Y||III,1,1,-21.672575239914607,-19.80484360139275,-1.8677316385218568,-21.672575239914607,-19.80484360139275,-35396.083333333336,-32345.666666666668,-3050.416666666668,0.95,0.1,0.5
15-2051.00||WI||54||Y||II,1,1,10.047399137863529,0.7264065305049171,9.320992607358612,10.047399137863529,0.7264065305049171,9448.272727272728,683.0909090909091,8765.181818181818,0.95,0.15,0.5
15-2051.01||AR||45||Y||III,1,1,9.58133317722359,-11.694234156796552,21.275567334020142,9.58133317722359,-11.694234156796552,10911.222222222223,-13283.363636363636,24194.58585858586,0.85,0.1,0.5
15-2051.01||AR||45||Y||IV,1,1,61.841913148267345,-10.746755450082977,72.58866859835032,61.841913148267345,-10.746755450082977,82015.36363636363,-14252.454545454546,96267.81818181818,0.85,0.1,0.5
15-2051.01||CA||51||Y||III,1,1,-20.18558652930383,-30.912176453316214,10.726589924012384,-20.18558652930383,-30.912176453316214,-32022.81818181818,-50820.545454545456,18797.727272727276,0.85,0.1,0.5
15-2051.01||CA||51||Y||IV,3,3,-39.57573124882519,-34.418537830617765,-5.157193418207427,-32.031413066165726,-35.168913023394275,-91927.0277777778,-66291.02777777777,-25636.00000000003,0.85,0.10000000000000002,1.5
15-2051.01||CA||52||Y||II,1,1,-4.761593705207836,3.965328150110759,-8.726921855318594,-4.761593705207836,3.965328150110759,-6378.25,5311.636363636364,-11689.886363636364,0.85,0.15,0.5
15-2051.01||CA||54||Y||I,1,1,68.6752352839351,-1.4846280661759492,70.15986335011104,68.6752352839351,-1.4846280661759492,50252.416666666664,-1536.9166666666667,51789.33333333333,0.85,0.15,0.5
15-2051.01||CA||54||Y||IV,3,3,-3.8674615626145843,-1.6215606893621206,-2.245900873252464,7.896559028804938,11.05715168250455,-4245.295454545455,432.18434343434274,-4677.479797979798,0.85,0.15,1.5
15-2051.01||CT||54||Y||IV,1,1,-1.4376622628868139,-13.062600760018423,11.624938497131609,-1.4376622628868139,-13.062600760018423,-1997.5454545454545,-18149.7,16152.154545454547,0.85,0.15,0.5
15-2051.01||MA||61||Y||II,1,1,-9.100957155879673,2.5318198648523556,-11.632777020732028,-9.100957155879673,2.5318198648523556,-10383.1,2188.1,-12571.2,0.85,0.15,0.5
15-2051.01||NC||52||Y||IV,1,1,-5.310201665544951,-28.20766871636567,22.89746705082072,-5.310201665544951,-28.20766871636567,-6548.7,-43429.09090909091,36880.390909090915,0.85,0.15,0.5
15-2051.01||NC||54||Y||II,1,1,-9.550754502384336,-17.4034093953808,7.852654892996462,-9.550754502384336,-17.4034093953808,-10099.636363636364,-18403.583333333332,8303.946969696968,0.85,0.15,0.5
15-2051.01||NJ||54||Y||II,1,1,1.39600515110831,11.291422042990664,-9.895416891882354,1.39600515110831,11.291422042990664,1528.5,12363.09090909091,-10834.59090909091,0.85,0.15,0.5
15-2051.01||NY||52||Y||II,1,1,12.823063082810458,-5.272351152149492,18.09541423495995,12.823063082810458,-5.272351152149492,14040.1,-5772.75,19812.85,0.85,0.1,0.5
15-2051.01||NY||54||Y||II,2,2,10.126157456417477,-3.169028624071005,13.295186080488483,10.126157456417477,-3.169028624071005,11087.23106060606,-3613.4469696969695,14700.67803030303,0.85,0.125,1.0
15-2051.01||TX||22||Y||IV,1,1,-4.2167169846333925,-7.042173980274437,2.8254569956410442,-4.2167169846333925,-7.042173980274437,-5908.0,-10474.6,4566.6,0.85,0.05,0.5
15-2051.01||TX||33||Y||II,1,1,3.451807787772134,13.70028331229858,-10.248475524526446,3.451807787772134,13.70028331229858,3314.909090909091,13746.727272727272,-10431.81818181818,0.85,0.15,0.5
15-2051.01||TX||33||Y||III,1,1,-11.055301266093847,-9.350196739741428,-1.7051045263524198,-11.055301266093847,-9.350196739741428,-13767.166666666666,-11643.8,-2123.366666666667,0.95,0.15,0.5
15-2051.01||TX||51||Y||III,1,1,-11.89278961622975,-6.311956412762865,-5.580833203466885,-11.89278961622975,-6.311956412762865,-14810.09090909091,-7325.909090909091,-7484.181818181819,0.85,0.05,0.5
15-2051.01||TX||51||Y||IV,1,1,-4.895784105577226,-11.84724998371882,6.951465878141594,-4.895784105577226,-11.84724998371882,-6940.9,-15766.083333333334,8825.183333333334,0.85,0.15,0.5
15-2051.01||TX||54||Y||I,1,1,63.9069633922957,18.07233557103694,45.83462782125876,63.9069633922957,18.07233557103694,46750.5,13220.636363636364,33529.86363636363,0.85,0.15,0.5
15-2051.01||TX||55||Y||III,1,1,94.19889218784024,-7.723598682696359,101.9224908705366,94.19889218784024,-7.723598682696359,111995.88888888889,-9182.818181818182,121178.70707070707,0.85,0.15,0.5
15-2051.02||NY||54||Y||II,1,1,58.95939020602547,30.87784611222111,28.081544093804357,58.95939020602547,30.87784611222111,45559.1,21579.909090909092,23979.190909090907,0.85,0.05,0.5
15-2051.02||NY||62||Y||III,1,1,24.355843771783444,-19.622681592059255,43.9785253638427,24.355843771783444,-19.622681592059255,23060.6,-27374.81818181818,50435.41818181818,0.85,0.1,0.5
17-2011.00||TX||54||Y||I,1,1,32.23195816846491,8.3057859777073,23.926172190757605,32.23195816846491,8.3057859777073,29813.916666666668,8040.25,21773.666666666668,0.85,0.0,0.5
17-2031.00||CA||33||Y||III,2,2,1.9180297957842554,-14.626102837276257,16.544132633060514,1.9180297957842554,-14.626102837276257,2303.131818181818,-20686.0,22989.131818181817,0.95,0.025,1.0
17-2031.00||CA||54||Y||III,1,1,48.53094346890194,-10.074203924178361,58.6051473930803,48.53094346890194,-10.074203924178361,67350.27272727272,-12413.333333333334,79763.60606060605,0.95,0.05,0.5
17-2041.00||PA||32||Y||III,1,1,-7.97022826095891,-18.905098522409233,10.934870261450323,-7.97022826095891,-18.905098522409233,-9696.5,-22763.81818181818,13067.31818181818,0.95,0.05,0.5
17-2051.00||AZ||54||Y||II,1,1,18.005239253272297,12.069952077819897,5.9352871754524,18.005239253272297,12.069952077819897,15103.875,10125.0,4978.875,0.95,0.0,0.5
17-2061.00||CA||33||Y||IV,1,1,20.1640750903785,-46.42259521914559,66.5866703095241,20.1640750903785,-46.42259521914559,46294.7,-106581.63636363637,152876.33636363636,0.85,0.0,0.5
17-2061.00||MA||54||Y||II,1,1,-7.938896386264807,-21.8041344620292,13.865238075764392,-7.938896386264807,-21.8041344620292,-11765.444444444445,-32313.727272727272,20548.282828282827,0.95,0.05,0.5
17-2061.00||TX||54||Y||II,1,1,-3.8670674945869745,-8.380563385036035,4.513495890449061,-3.8670674945869745,-8.380563385036035,-4372.454545454545,-9930.8,5558.345454545454,0.85,0.05,0.5
17-2071.00||CA||33||Y||II,1,1,3.243751800633823,-19.568936364902232,22.812688165536056,3.243751800633823,-19.568936364902232,3602.9,-26233.333333333332,29836.233333333334,0.85,0.05,0.5
17-2071.00||CA||33||Y||IV,1,1,-27.759407464204514,-13.381168657684821,-14.378238806519693,-27.759407464204514,-13.381168657684821,-52133.0,-21036.0,-31097.0,0.85,0.05,0.5
17-2071.00||CA||54||Y||II,1,1,-22.52798799174432,-5.417056803995007,-17.110931187749316,-22.52798799174432,-5.417056803995007,-36020.0,-6016.833333333333,-30003.166666666668,0.95,0.05,0.5
17-2071.00||IL||33||Y||IV,2,2,1.4251795388816069,-10.936860563104364,12.362040101985972,1.4251795388816069,-10.936860563104364,1385.1444444444442,-14787.788888888888,16172.933333333332,0.85,0.07500000000000001,1.0
17-2071.00||IL||54||Y||III,1,1,3.7540334397665323,1.6483557031502238,2.1056777366163084,3.7540334397665323,1.6483557031502238,4448.454545454545,1624.4545454545455,2823.9999999999995,0.85,0.05,0.5
17-2071.00||IN||32||Y||III,1,1,9.375072796179657,10.486333232787498,-1.1112604366078411,9.375072796179657,10.486333232787498,10463.8,11704.111111111111,-1240.311111111112,0.85,0.05,0.5
17-2071.00||MI||33||Y||II,1,1,-1.4399388442961882,6.691242667475336,-8.131181511771524,-1.4399388442961882,6.691242667475336,-1381.3333333333333,6418.909090909091,-7800.242424242424,0.85,0.05,0.5
17-2071.00||MI||54||Y||I,1,1,9.494558379850737,25.625445905977045,-16.13088752612631,9.494558379850737,25.625445905977045,7773.1,20552.88888888889,-12779.78888888889,0.85,0.1,0.5
17-2072.00||CA||33||Y||III,6,6,1.5632293971981877,-24.323082885828665,25.886312283026854,7.199959828236462,-27.933785691453238,2741.4545454545455,-39785.07424242424,42526.528787878786,0.85,0.075,3.0
17-2072.00||CA||33||Y||IV,5,5,4.970767964413377,-23.3241635152867,28.294931479700075,19.382247194026856,-29.040837593253006,5991.527272727272,-50401.41818181819,56392.945454545465,0.8699999999999999,0.04,2.5
17-2072.00||CA||54||Y||III,1,1,15.781457805997684,-33.553709257836424,49.335167063834106,15.781457805997684,-33.553709257836424,29428.0,-62568.27272727273,91996.27272727274,0.95,0.05,0.5
17-2072.00||ID||33||Y||III,1,1,8.016623207301175,3.4004716619372646,4.61615154536391,8.016623207301175,3.4004716619372646,8362.3,3547.1,4815.199999999999,0.85,0.05,0.5
17-2072.00||TX||33||Y||IV,1,1,-15.291919937686446,-33.121052877969106,17.829132940282662,-15.291919937686446,-33.121052877969106,-24647.363636363636,-53384.181818181816,28736.81818181818,0.85,0.05,0.5
17-2074.00||TN||54||Y||II,1,1,36.37391868685385,23.350621880249662,13.023296806604186,36.37391868685385,23.350621880249662,24762.636363636364,15896.636363636364,8866.0,0.85,0.05,0.5
17-2112.00||AR||45||Y||III,3,3,-0.08318335528542715,-4.293393521768767,4.21021016648334,-5.491911239807357,-5.369648587305314,-91.9259259259258,-4672.407407407408,4580.481481481482,0.8833333333333333,0.15,1.5
17-2112.00||AR||45||Y||IV,1,1,24.660469051220847,-3.5167184606458486,28.177187511866695,24.660469051220847,-3.5167184606458486,31027.555555555555,-4424.7,35452.25555555555,0.85,0.05,0.5
17-2112.00||CA||33||Y||III,2,2,-11.027321526271287,-11.637699899244824,0.6103783729735373,-11.027321526271287,-11.637699899244824,-16012.222222222223,-16690.136363636364,677.9141414141413,0.85,0.0,1.0
17-2112.00||CA||33||Y||IV,2,2,-13.129839941958645,-18.990542818704263,5.860702876745618,-13.129839941958645,-18.990542818704263,-22194.68181818182,-32029.82727272727,9835.14545454545,0.8999999999999999,0.05,1.0
17-2112.00||CA||54||Y||III,1,1,-4.542480693439683,-10.167881772165371,5.625401078725688,-4.542480693439683,-10.167881772165371,-6595.909090909091,-14764.272727272728,8168.363636363637,0.85,0.05,0.5
17-2112.00||IN||33||Y||III,1,1,24.904851947215963,-4.259202214007706,29.164054161223667,24.904851947215963,-4.259202214007706,24761.4,-3871.4444444444443,28632.844444444447,0.95,0.05,0.5
17-2112.00||OH||32||Y||IV,1,1,1.5081831021018526,2.753636862691278,-1.2454537605894256,1.5081831021018526,2.753636862691278,1815.4,3210.3,-1394.9,0.95,0.05,0.5
17-2112.00||TX||33||Y||IV,1,1,-18.379733073376354,-6.33539266516669,-12.044340408209663,-18.379733073376354,-6.33539266516669,-26898.555555555555,-8419.166666666666,-18479.38888888889,0.85,0.05,0.5
17-2112.02||CA||33||Y||IV,1,1,-26.397093674895306,-7.226814494853919,-19.170279180041387,-26.397093674895306,-7.226814494853919,-43035.181818181816,-10272.7,-32762.481818181815,0.85,0.1,0.5
17-2112.02||IN||33||Y||IV,1,1,37.643040609361854,3.7289092599973426,33.91413134936451,37.643040609361854,3.7289092599973426,37778.555555555555,3742.3333333333335,34036.22222222222,0.85,0.05,0.5
17-2141.00||CA||33||Y||III,1,1,63.109945143079294,23.771587119819547,39.338358023259744,63.109945143079294,23.771587119819547,76149.09090909091,36856.181818181816,39292.909090909096,0.95,0.05,0.5
17-2141.00||CA||54||Y||IV,4,4,-19.88204268856402,-30.46415316910197,10.58211048053795,-22.9694007362957,-30.524913331585005,-36008.49772727273,-53017.88636363637,17009.38863636364,0.85,0.0625,2.0
17-2141.00||NY||33||Y||IV,1,1,-3.238831360946745,18.02214903722599,-21.260980398172734,-3.238831360946745,18.02214903722599,-4378.9,18934.25,-23313.15,0.85,0.0,0.5
17-2141.00||TN||33||Y||IV,1,1,-2.209710858993913,4.655815429784364,-6.865526288778277,-2.209710858993913,4.655815429784364,-2598.222222222222,4693.9,-7292.122222222222,0.85,0.05,0.5
17-2141.02||CA||33||Y||IV,1,1,-22.543775013273805,-33.060418004211286,10.51664299093748,-22.543775013273805,-33.060418004211286,-39487.0,-57907.63636363636,18420.63636363636,0.85,0.05,0.5
17-2141.02||MI||33||Y||II,1,1,12.537002627026334,-2.809636701480105,15.34663932850644,12.537002627026334,-2.809636701480105,11739.9,-2631.0,14370.9,0.85,0.05,0.5
17-2141.02||MI||33||Y||III,1,1,12.403714255566108,-7.951972054536157,20.355686310102264,12.403714255566108,-7.951972054536157,13583.555555555555,-8708.363636363636,22291.91919191919,0.85,0.05,0.5
17-2199.05||CA||33||Y||II,1,1,-4.714746232851038,-9.897535126951391,5.182788894100353,-4.714746232851038,-9.897535126951391,-6289.0,-12813.25,6524.25,0.95,0.15,0.5
17-2199.05||CA||51||Y||IV,1,1,23.289643271801538,-23.515359386302386,46.80500265810392,23.289643271801538,-23.515359386302386,43729.1,-44152.90909090909,87882.0090909091,0.95,0.1,0.5
17-2199.05||CA||54||Y||III,1,1,29.233776795575046,-28.521306869349086,57.75508366492413,29.233776795575046,-28.521306869349086,46370.90909090909,-47506.8,93877.70909090909,0.85,0.05,0.5
17-2199.08||CA||33||Y||IV,1,1,37.98978953007312,17.528159758202364,20.461629771870754,37.98978953007312,17.528159758202364,58861.0,35014.77777777778,23846.22222222222,0.95,0.15,0.5
17-2199.08||CA||54||Y||III,1,1,-29.65583939972471,-25.62322654744213,-4.032612852282579,-29.65583939972471,-25.62322654744213,-49396.545454545456,-40643.818181818184,-8752.727272727272,0.85,0.15,0.5
19-1013.00||NC||32||Y||III,1,1,36.691769127173195,30.13441570340966,6.557353423763537,36.691769127173195,30.13441570340966,28031.777777777777,23022.090909090908,5009.686868686869,0.85,0.0,0.5
19-1029.00||TX||61||Y||II,1,1,70.39088523050073,41.56500401591186,28.82588121458887,70.39088523050073,41.56500401591186,45622.444444444445,21907.666666666668,23714.777777777777,0.95,0.05,0.5
19-1029.01||CA||62||Y||II,1,1,28.01983466554152,8.635430709371837,19.384403956169685,28.01983466554152,8.635430709371837,23907.083333333332,9719.09090909091,14187.992424242422,0.85,0.15,0.5
19-1029.01||MA||32||Y||III,1,1,17.08510579958793,1.348709722907706,15.736396076680222,17.08510579958793,1.348709722907706,19385.444444444445,1530.3,17855.144444444446,0.95,0.1,0.5
19-1029.01||MA||62||Y||III,1,1,9.579072880459847,17.17710292272436,-7.5980300422645115,9.579072880459847,17.17710292272436,8515.7,15270.272727272728,-6754.572727272727,0.85,0.15,0.5
19-1029.01||NC||54||Y||III,2,2,-0.35491491840223005,-3.0696677851761383,2.714752866773908,-0.35491491840223005,-3.0696677851761383,-326.0,-2948.6515151515155,2622.6515151515155,0.85,0.15,1.0
19-1029.01||NJ||32||Y||IV,1,1,4.943095536086775,-12.55430534892641,17.497400885013185,4.943095536086775,-12.55430534892641,5924.3,-17383.444444444445,23307.744444444445,0.85,0.15,0.5
19-1029.01||TX||61||Y||I,1,1,72.60372749993688,66.02817158028076,6.575555919656125,72.60372749993688,66.02817158028076,41831.36363636364,27673.727272727272,14157.636363636368,0.85,0.15,0.5
19-1042.00||MA||62||Y||I,1,1,58.13187759142623,52.50154048679383,5.630337104632403,58.13187759142623,52.50154048679383,40518.5,37489.25,3029.25,0.85,0.1,0.5
19-1042.00||NY||54||Y||I,1,1,26.859585835387747,43.82259299254235,-16.9630071571546,26.859585835387747,43.82259299254235,17659.909090909092,28812.916666666668,-11153.007575757576,0.95,0.05,0.5
19-3011.00||CA||51||Y||III,1,1,-20.612107491277246,-19.78226531928497,-0.8298421719922757,-20.612107491277246,-19.78226531928497,-30864.363636363636,-25708.636363636364,-5155.727272727272,0.85,0.05,0.5
25-1021.00||NV||61||Y||II,1,1,-11.69793468308068,-14.444177249142149,2.7462425660614684,-11.69793468308068,-14.444177249142149,-11497.9,-14197.181818181818,2699.2818181818184,0.85,0.1,0.5
25-1021.00||NY||61||Y||I,2,2,66.02117729014282,36.34306281202833,29.678114478114487,66.02117729014282,36.34306281202833,43078.818181818184,23713.848484848484,19364.9696969697,0.85,0.15,1.0
25-1021.00||VA||61||Y||I,1,1,53.24436484361349,53.29794603059872,-0.05358118698523384,53.24436484361349,53.29794603059872,30471.75,29495.083333333332,976.6666666666679,0.85,0.1,0.5
25-1022.00||FL||61||Y||II,1,1,16.46697745635501,7.342996730121288,9.123980726233722,16.46697745635501,7.342996730121288,12045.1,5371.181818181818,6673.918181818182,0.85,0.1,0.5
25-1071.00||NY||61||Y||II,1,1,-3.836950700325881,-14.803931034425846,10.966980334099965,-3.836950700325881,-14.803931034425846,-4226.9,-16308.454545454546,12081.554545454546,0.95,0.0,0.5
25-9031.00||DC||61||Y||I,1,1,41.520283516814956,24.761245390109817,16.75903812670514,41.520283516814956,24.761245390109817,27532.1,16419.18181818182,11112.918181818179,0.85,0.05,0.5
27-1024.00||CA||51||Y||IV,1,1,8.422124025619384,-10.871782504769943,19.29390653038933,8.422124025619384,-10.871782504769943,10794.636363636364,-13934.363636363636,24729.0,0.85,0.05,0.5
41-9031.00||CA||54||Y||I,1,1,72.60140102839503,-8.05431496652693,80.65571599492196,72.60140102839503,-8.05431496652693,79492.0,-8818.75,88310.75,0.95,0.0,0.5
41-9031.00||TX||51||Y||IV,1,1,-24.221562414721152,-26.29124091924947,2.0696785045283193,-24.221562414721152,-26.29124091924947,-40425.545454545456,-43879.818181818184,3454.272727272728,0.85,0.1,0.5
41-9031.00||TX||54||Y||IV,1,1,-6.927008483175099,-24.007335484558656,17.08032700138356,-6.927008483175099,-24.007335484558656,-10202.444444444445,-41291.416666666664,31088.97222222222,0.95,0.05,0.5
