ROW_ID,JOB_TITLE,SOC_CODE,SOC_TITLE,WORKSITE_CITY,WORKSITE_STATE,NAICS_CODE,FULL_TIME_POSITION,TOTAL_WORKER_POSITIONS,PW_WAGE_LEVEL,PREVAILING_WAGE,IS_AI,is_ai_binary,ai_confidence,JOB_CONTEXT_KEY,BLOCK_ID,n_models,mean_predicted_salary_usd,median_predicted_salary_usd,mean_overestimation_usd,median_overestimation_usd,mean_overestimation_pct_points,median_overestimation_pct_points,mean_prediction_to_actual_ratio,mean_log_prediction_minus_log_actual
1303,GEN AI Developer,15-1252.00,Software Developers,Charlotte,NC,541511,Y,1,II,112424,True,1,0.95,GEN AI Developer || 15-1252.00 || Software Developers,15-1252.00||NC||54||Y||II,10,109611.4,114459.5,-2812.6,2035.5,-2.501778979577314,1.810556464811784,0.9749822102042269,-0.04210972676836331
6655,Software Engineer,15-1252.00,Software Developers,Santa Clara,CA,334111,Y,1,IV,264514,False,0,0.15,Software Engineer || 15-1252.00 || Software Developers,15-1252.00||CA||33||Y||IV,11,200764.63636363635,150000.0,-63749.36363636364,-114514.0,-24.10056315974339,-43.292226498408404,0.7589943684025662,-0.5427084239382015
63501,UI Developer,15-1251.00,Computer Programmers,Pleasanton,CA,541511,Y,1,II,107203,False,0,0.05,UI Developer || 15-1251.00 || Computer Programmers,15-1251.00||CA||54||Y||II,12,100965.91666666667,106000.0,-6237.083333333333,-1203.0,-5.818011933745635,-1.1221700885236423,0.9418198806625436,-0.09257790109547903
76872,Senior Data Scientist,15-2041.00,Statisticians,New York,NY,541910,Y,1,III,144373,True,1,0.85,Senior Data Scientist || 15-2041.00 || Statisticians,15-2041.00||NY||54||Y||III,11,127801.0,135000.0,-16572.0,-9373.0,-11.478600569358537,-6.492211147513732,0.8852139943064146,-0.14534811973408746
106156,Web Analyst,15-2051.00,Data Scientists,San Mateo,CA,541511,Y,1,II,128398,False,0,0.15,Web Analyst || 15-2051.00 || Data Scientists,15-2051.00||CA||54||Y||II,12,102801.75,115000.0,-25596.25,-13398.0,-19.935084658639543,-10.434741974174052,0.8006491534136045,-0.25588097291616485
19413,Software Engineering Technical Leader,15-1252.00,Software Developers,San Jose,CA,334111,Y,10,III,226138,False,0,0.15,Software Engineering Technical Leader || 15-1252.00 || Software Developers,15-1252.00||CA||33||Y||III,10,220591.1,158000.0,-5546.9,-68138.0,-2.4528827530092245,-30.13115884990581,0.9754711724699078,-0.24774500218767895
89427,"Computer Software Engineer, Applications",15-1252.00,Software Developers,Longview,TX,541512,Y,1,III,108555,False,0,0.15,"Computer Software Engineer, Applications || 15-1252.00 || Software Developers",15-1252.00||TX||54||Y||III,10,90268.5,87850.0,-18286.5,-20705.0,-16.84537791902722,-19.073280825388053,0.8315462208097278,-0.19045822696371334
73226,Software Engineering LMTS,15-1252.00,Software Developers,San Francisco,CA,541511,Y,1,III,187574,False,0,0.1,Software Engineering LMTS || 15-1252.00 || Software Developers,15-1252.00||CA||54||Y||III,11,202491.9090909091,135000.0,14917.90909090909,-52574.0,7.953079366494871,-28.02840478957638,1.0795307936649488,-0.16668064191017234
103749,"Lead Associate Principal, Business Analysis",15-2051.00,Data Scientists,Dallas,TX,523999,Y,1,III,118893,False,0,0.15,"Lead Associate Principal, Business Analysis || 15-2051.00 || Data Scientists",15-2051.00||TX||52||Y||III,10,121702.2,134555.5,2809.2,15662.5,2.3627968004844693,13.173609884518012,1.0236279680048448,0.0031791308201036374
56255,"Director, Customer Success - Supply Chain AI",11-3021.00,Computer and Information Systems Managers,Anaheim,CA,541511,Y,1,II,164798,True,1,0.85,"Director, Customer Success - Supply Chain AI || 11-3021.00 || Computer and Information Systems Managers",11-3021.00||CA||54||Y||II,12,204825.91666666666,160000.0,40027.916666666664,-4798.0,24.28907915549137,-2.911443100037622,1.2428907915549137,-0.0033446061872021518
41237,Senior Software Engineer,15-1252.00,Software Developers,San Francisco,CA,511210,Y,1,IV,213512,False,0,0.1,Senior Software Engineer || 15-1252.00 || Software Developers,15-1252.00||CA||51||Y||IV,11,214310.0909090909,164911.0,798.0909090909091,-48601.0,0.37379206278377936,-22.762655026415377,1.0037379206278378,-0.21454065301826555
109784,"Vice President, Sr Lead Software Engineer",15-1252.00,Software Developers,Plano,TX,551112,Y,1,IV,149781,False,0,0.1,"Vice President, Sr Lead Software Engineer || 15-1252.00 || Software Developers",15-1252.00||TX||55||Y||IV,11,229901.72727272726,180000.0,80120.72727272728,30219.0,53.4919163797326,20.175456166002363,1.534919163797326,0.2149755903136714
11784,Senior Machine Learning Engineer,15-1252.00,Software Developers,Marina Del Rey,CA,51121,Y,1,IV,184558,True,1,0.95,Senior Machine Learning Engineer || 15-1252.00 || Software Developers,15-1252.00||CA||51||Y||IV,11,214128.27272727274,160000.0,29570.272727272728,-24558.0,16.022211297951177,-13.306386068336241,1.1602221129795116,-0.06871043903674945
17550,Machine Learning Research,15-1252.00,Software Developers,San Francisco,CA,334111,Y,1,IV,213512,True,1,0.95,Machine Learning Research || 15-1252.00 || Software Developers,15-1252.00||CA||33||Y||IV,11,214310.0909090909,160000.0,798.0909090909091,-53512.0,0.37379206278377936,-25.062759938551462,1.0037379206278378,-0.21492703613541975
2056,DATA SCIENTIST,15-2041.00,Statisticians,PISCATAWAY,NJ,5419,Y,1,II,112965,True,1,0.85,DATA SCIENTIST || 15-2041.00 || Statisticians,15-2041.00||NJ||54||Y||II,11,97419.90909090909,95000.0,-15545.09090909091,-17965.0,-13.760979869066444,-15.90315584473067,0.8623902013093356,-0.1807311500436219
73281,Professional Services Consultant,15-2051.01,Business Intelligence Analysts,Los Angeles,CA,541512,Y,1,IV,158808,False,0,0.15,Professional Services Consultant || 15-2051.01 || Business Intelligence Analysts,15-2051.01||CA||54||Y||IV,12,111311.91666666667,115000.0,-47496.083333333336,-43808.0,-29.90786568266922,-27.585512064883382,0.7009213431733078,-0.37523614262049776
43926,"Ld Dir, Data Science",15-1252.00,Software Developers,New York,NY,524114,Y,1,IV,189592,True,1,0.85,"Ld Dir, Data Science || 15-1252.00 || Software Developers",15-1252.00||NY||52||Y||IV,11,151849.81818181818,160000.0,-37742.181818181816,-29592.0,-19.907053999209786,-15.608253512806447,0.8009294600079021,-0.26202884964264395
16974,Grid Systems Hardware Research Assistant,17-2074.00,"Electrical Engineers, R&D",Oak Ridge,TN,54171,Y,1,II,68078,False,0,0.05,"Grid Systems Hardware Research Assistant || 17-2074.00 || Electrical Engineers, R&D",17-2074.00||TN||54||Y||II,11,83974.63636363637,85000.0,15896.636363636364,16922.0,23.350621880249662,24.85678192661359,1.2335062188024966,0.19364316425629724
79379,"Vice President, Sr Lead Security Engineer",15-1252.00,Software Developers,Plano,TX,551112,Y,1,IV,156998,False,0,0.1,"Vice President, Sr Lead Security Engineer || 15-1252.00 || Software Developers",15-1252.00||TX||55||Y||IV,11,221719.9090909091,165000.0,64721.90909090909,8002.0,41.224671072822005,5.096880215034586,1.41224671072822,0.11544241356202954
29848,PRINCIPAL SOFTWARE DEVELOPMENT ENGINEER,15-1252.00,Software Developers,EAST PALO ALTO,CA,454110,Y,1,IV,213512,False,0,0.15,PRINCIPAL SOFTWARE DEVELOPMENT ENGINEER || 15-1252.00 || Software Developers,15-1252.00||CA||45||Y||IV,11,223777.0,162000.0,10265.0,-51512.0,4.807692307692306,-24.126044437783356,1.0480769230769231,-0.1618870968246927
10734,Senior Consultant,15-2051.01,Business Intelligence Analysts,New York,NY,541611,Y,1,II,109491,False,0,0.15,Senior Consultant || 15-2051.01 || Business Intelligence Analysts,15-2051.01||NY||54||Y||II,12,115260.83333333333,121500.0,5769.833333333333,12009.0,5.269687310676981,10.96802476915911,1.0526968731067698,0.029810962887804937
5018,Senior Software Engineer,15-1252.00,Software Developers,Foster City,CA,519290,Y,1,III,187574,False,0,0.1,Senior Software Engineer || 15-1252.00 || Software Developers,15-1252.00||CA||51||Y||III,11,131237.36363636365,135000.0,-56336.63636363636,-52574.0,-30.034352502818283,-28.02840478957638,0.6996564749718172,-0.3968408518929744
86691,DATA SCIENCTIST,15-2051.00,Data Scientists,RALEIGH,NC,541511,Y,1,III,112466,True,1,0.85,DATA SCIENCTIST || 15-2051.00 || Data Scientists,15-2051.00||NC||54||Y||III,10,107654.9,115000.0,-4811.1,2534.0,-4.277826187469991,2.2531253890064553,0.9572217381253001,-0.05602396610224005
110563,Software Engineer,15-1252.00,Software Developers,Kirkland,WA,541512,Y,1,III,163862,False,0,0.15,Software Engineer || 15-1252.00 || Software Developers,15-1252.00||WA||54||Y||III,11,116237.36363636363,129000.0,-47624.63636363636,-34862.0,-29.063868598965204,-21.275219391927354,0.709361314010348,-0.394053924868371
40261,Senior Associate JC60 - Information Security Analysts,15-1212.00,Information Security Analysts,Foster City,CA,541512,Y,1,II,137342,False,0,0.05,Senior Associate JC60 - Information Security Analysts || 15-1212.00 || Information Security Analysts,15-1212.00||CA||54||Y||II,10,115442.2,127486.0,-21899.8,-9856.0,-15.945450044414674,-7.176246159222963,0.8405454995558532,-0.1979364606468625
98789,Senior Software Engineer,15-1252.00,Software Developers,Woodstock,GA,541519,Y,1,IV,152131,False,0,0.1,Senior Software Engineer || 15-1252.00 || Software Developers,15-1252.00||GA||54||Y||IV,10,118130.6,124555.5,-34000.4,-27575.5,-22.349422537155476,-18.12615443269288,0.7765057746284453,-0.2724616138624233
55495,Machine Learning Engineer,15-1252.00,Software Developers,Nashville,TN,54151,Y,1,II,103334,True,1,0.95,Machine Learning Engineer || 15-1252.00 || Software Developers,15-1252.00||TN||54||Y||II,12,104536.66666666667,112000.0,1202.6666666666667,8666.0,1.1638634589454264,8.386397507112857,1.0116386345894541,-0.0006961830196325162
98373,Software Engineer,15-1252.00,Software Developers,Manteca,CA,334111,Y,1,II,112216,False,0,0.15,Software Engineer || 15-1252.00 || Software Developers,15-1252.00||CA||33||Y||II,11,100470.18181818182,107000.0,-11745.818181818182,-5216.0,-10.46715101395361,-4.64817851286804,0.8953284898604639,-0.14746535514723905
5880,AZURE AI SERVICE DEVELOPER,15-1252.00,Software Developers,DENTON,TX,541511,Y,1,I,90896,True,1,0.95,AZURE AI SERVICE DEVELOPER || 15-1252.00 || Software Developers,15-1252.00||TX||54||Y||I,12,105186.91666666667,112500.0,14290.916666666666,21604.0,15.722272340550374,23.767822566449567,1.1572227234055037,0.11447722261804143
46090,Senior Controls Engineer,17-2071.00,Electrical Engineers,Shelby Township,MI,3363,Y,1,II,95930,False,0,0.05,Senior Controls Engineer || 17-2071.00 || Electrical Engineers,17-2071.00||MI||33||Y||II,11,102348.90909090909,108000.0,6418.909090909091,12070.0,6.691242667475336,12.582091108099656,1.0669124266747534,0.05308590569574631
1597,Senior Security Engineer,15-1252.00,Software Developers,San Jose,CA,5192,Y,1,IV,264514,False,0,0.1,Senior Security Engineer || 15-1252.00 || Software Developers,15-1252.00||CA||51||Y||IV,11,139795.54545454544,155000.0,-124718.45454545454,-109514.0,-47.150039145547886,-41.401967381688685,0.528499608544521,-0.6697624336782934
28211,Sr Cryptography Researcher,15-1221.00,Computer and Information Research Scientists,Chicago,IL,513210,Y,1,II,90064,False,0,0.15,Sr Cryptography Researcher || 15-1221.00 || Computer and Information Research Scientists,15-1221.00||IL||51||Y||II,10,122661.7,135000.0,32597.7,44936.0,36.19392876176941,49.89340913128442,1.3619392876176941,0.28694307935548746
101861,Electrical Engineer/ Algorithm Engineer,17-2072.00,"Electronics Engineers, Except Computer",San Diego,CA,334111,Y,1,III,152506,False,0,0.15,"Electrical Engineer/ Algorithm Engineer || 17-2072.00 || Electronics Engineers, Except Computer",17-2072.00||CA||33||Y||III,11,107522.63636363637,115000.0,-44983.36363636364,-37506.0,-29.49612712704001,-24.593130762068377,0.7050387287295998,-0.370696643348352
70302,Sr. Product Manager,15-2051.00,Data Scientists,Foster City,CA,522320,Y,1,III,164403,False,0,0.1,Sr. Product Manager || 15-2051.00 || Data Scientists,15-2051.00||CA||52||Y||III,9,142623.44444444444,150000.0,-21779.555555555555,-14403.0,-13.247663093468825,-8.76078903669641,0.8675233690653117,-0.1629756868665222
113723,"Sr. Manager, Advanced Motor Technology",11-9041.00,Architectural and Engineering Managers,Newark,CA,336110,Y,1,III,220106,False,0,0.05,"Sr. Manager, Advanced Motor Technology || 11-9041.00 || Architectural and Engineering Managers",11-9041.00||CA||33||Y||III,11,138713.45454545456,150000.0,-81392.54545454546,-70106.0,-36.97879451470903,-31.851017237149374,0.6302120548529098,-0.49829147082392633
104274,Engineer (Autonomy “ Perception),15-1252.00,Software Developers,Las Vegas,NV,5415,Y,1,II,110802,True,1,0.95,Engineer (Autonomy “ Perception) || 15-1252.00 || Software Developers,15-1252.00||NV||54||Y||II,11,100171.0,95000.0,-10631.0,-15802.0,-9.594592155376258,-14.261475424631325,0.9040540784462373,-0.11820927230060169
54638,Senior Engineering Manager,11-3021.00,Computer and Information Systems Managers,Chicago,IL,524292,Y,1,IV,202779,False,0,0.1,Senior Engineering Manager || 11-3021.00 || Computer and Information Systems Managers,11-3021.00||IL||52||Y||IV,11,147564.63636363635,160000.0,-55214.36363636364,-42779.0,-27.228837126311717,-21.096365994506336,0.7277116287368828,-0.3568819579338218
61866,Senior Machine Learning Engineer,15-1252.00,Software Developers,Santa Clara,CA,334220,Y,1,II,187741,True,1,0.95,Senior Machine Learning Engineer || 15-1252.00 || Software Developers,15-1252.00||CA||33||Y||II,11,206046.45454545456,145000.0,18305.454545454544,-42741.0,9.75037660684376,-22.765938180791622,1.0975037660684377,-0.14301438200085023
31199,GenAI Full Stack Engineer,15-1252.00,Software Developers,Irving,TX,518210,Y,1,III,134971,True,1,0.95,GenAI Full Stack Engineer || 15-1252.00 || Software Developers,15-1252.00||TX||51||Y||III,10,118734.3,127300.0,-16236.7,-7671.0,-12.029769357862058,-5.683443110001408,0.8797023064213795,-0.1420286465052177
88328,Digital Learning and AI Specialist,25-9031.00,Instructional Coordinators,Washington,DC,611310,Y,1,I,66310,True,1,0.85,Digital Learning and AI Specialist || 25-9031.00 || Instructional Coordinators,25-9031.00||DC||61||Y||I,10,93842.1,103110.5,27532.1,36800.5,41.520283516814956,55.497662494344745,1.4152028351681496,0.31169962712869914
106921,Group Digitalization Manager - IoT & AI Smart Manufacturing,11-3021.00,Computer and Information Systems Managers,Novi,MI,3363,Y,1,II,137883,True,1,0.85,Group Digitalization Manager - IoT & AI Smart Manufacturing || 11-3021.00 || Computer and Information Systems Managers,11-3021.00||MI||33||Y||II,9,122428.22222222222,128111.0,-15454.777777777777,-9772.0,-11.208617289860083,-7.087168106293016,0.8879138271013992,-0.13237760055579764
17352,Software Engineer,15-1252.00,Software Developers,Sunnyvale,CA,541512,Y,1,IV,264514,False,0,0.15,Software Engineer || 15-1252.00 || Software Developers,15-1252.00||CA||54||Y||IV,11,132101.0,140000.0,-132413.0,-124514.0,-50.05897608444165,-47.07274473184784,0.49941023915558347,-0.7406932773947079
96621,Software Engineer,15-1252.00,Software Developers,Menlo Park,CA,511210,Y,1,III,187574,False,0,0.15,Software Engineer || 15-1252.00 || Software Developers,15-1252.00||CA||51||Y||III,11,198128.27272727274,135000.0,10554.272727272728,-52574.0,5.626724773834715,-28.02840478957638,1.0562672477383472,-0.20130027580412796
16301,Founding Chief of Staff-AI Systems,11-3021.00,Computer and Information Systems Managers,San Carlos,CA,541715,Y,1,I,164133,True,1,0.85,Founding Chief of Staff-AI Systems || 11-3021.00 || Computer and Information Systems Managers,11-3021.00||CA||54||Y||I,11,244167.9090909091,180000.0,80034.90909090909,15867.0,48.76222885763929,9.667160168887426,1.4876222885763928,0.18730027704376198
66357,SYSTEMS ENGINEER,15-1299.08,Computer Systems Engineers/Architects,LONG BEACH,CA,541511,Y,1,II,86403,False,0,0.15,SYSTEMS ENGINEER || 15-1299.08 || Computer Systems Engineers/Architects,15-1299.08||CA||54||Y||II,11,107583.81818181818,115000.0,21180.81818181818,28597.0,24.513984678562295,33.09723042024004,1.245139846785623,0.20429793112387384
100421,Machine Learning Engineer,15-1252.00,Software Developers,Westlake,TX,541511,Y,1,II,112923,True,1,0.95,Machine Learning Engineer || 15-1252.00 || Software Developers,15-1252.00||TX||54||Y||II,11,110283.09090909091,115000.0,-2639.909090909091,2077.0,-2.337795746578723,1.8393064300452522,0.9766220425342129,-0.038188710759145164
103904,Senior Data & AI Engineer,15-1252.00,Software Developers,South Elgin,IL,51321,Y,1,IV,153317,True,1,0.95,Senior Data & AI Engineer || 15-1252.00 || Software Developers,15-1252.00||IL||51||Y||IV,9,128638.11111111111,135000.0,-24678.88888888889,-18317.0,-16.096642178550905,-11.947142195581703,0.839033578214491,-0.18733814846821004
25421,"Software Engineer, Applied AI",15-1252.00,Software Developers,Palo Alto,CA,541613,Y,1,II,187741,True,1,0.95,"Software Engineer, Applied AI || 15-1252.00 || Software Developers",15-1252.00||CA||54||Y||II,11,201946.45454545456,145000.0,14205.454545454546,-42741.0,7.56651692781787,-22.765938180791622,1.0756651692781787,-0.17197100174073815
84810,"Product Analyst, Hardware",15-2051.00,Data Scientists,Mint Hill,NC,513210,Y,1,III,129854,False,0,0.15,"Product Analyst, Hardware || 15-2051.00 || Data Scientists",15-2051.00||NC||51||Y||III,10,94392.1,92500.0,-35461.9,-37354.0,-27.309054784604246,-28.766152756172318,0.7269094521539575,-0.3288840926954249
24507,Senior Software Engineer,15-1251.00,Computer Programmers,Charlotte,NC,541511,Y,1,III,92830,False,0,0.1,Senior Software Engineer || 15-1251.00 || Computer Programmers,15-1251.00||NC||54||Y||III,11,115886.27272727272,120000.0,23056.272727272728,27170.0,24.837092240948753,29.268555423893137,1.2483709224094874,0.21314197363645349
38138,Platform Engineer,15-1252.00,Software Developers,Glen Allen,VA,541511,Y,1,I,83637,False,0,0.15,Platform Engineer || 15-1252.00 || Software Developers,15-1252.00||VA||54||Y||I,11,99923.81818181818,110000.0,16286.818181818182,26363.0,19.473221399402398,31.520738429164126,1.194732213994024,0.1498411625463704
44601,Principal Engineer,15-1252.00,Software Developers,San Mateo,CA,541511,Y,1,IV,213512,False,0,0.1,Principal Engineer || 15-1252.00 || Software Developers,15-1252.00||CA||54||Y||IV,11,226549.72727272726,173000.0,13037.727272727272,-40512.0,6.106320615575362,-18.97410918355877,1.0610632061557537,-0.15811510939848183
72768,Industry & Function AI Decision Science Consultant,13-1111.00,Management Analysts,New York,NY,5416,Y,1,II,101816,True,1,0.85,Industry & Function AI Decision Science Consultant || 13-1111.00 || Management Analysts,13-1111.00||NY||54||Y||II,11,111010.63636363637,118000.0,9194.636363636364,16184.0,9.030639942284479,15.895340614441738,1.0903063994228448,0.06284627439536518
95562,Senior Software Engineer II - GenAi (Backend),15-1252.00,Software Developers,Everett,WA,513210,Y,1,IV,212202,True,1,0.95,Senior Software Engineer II - GenAi (Backend) || 15-1252.00 || Software Developers,15-1252.00||WA||51||Y||IV,11,134964.63636363635,145000.0,-77237.36363636363,-67202.0,-36.398037547414084,-31.668881537403042,0.6360196245258591,-0.4991420270049449
62788,"Software Engineer, Machine Learning - Localization & Mapping",15-1252.00,Software Developers,Mountain View,CA,541512,Y,1,I,149365,True,1,0.95,"Software Engineer, Machine Learning - Localization & Mapping || 15-1252.00 || Software Developers",15-1252.00||CA||54||Y||I,11,208401.0,150000.0,59036.0,635.0,39.52465437016704,0.4251330633013089,1.3952465437016703,0.09638423322363093
41372,Staff GPU Engineer,17-2072.00,"Electronics Engineers, Except Computer",Santa Clara,CA,334220,Y,1,III,186472,True,1,0.85,"Staff GPU Engineer || 17-2072.00 || Electronics Engineers, Except Computer",17-2072.00||CA||33||Y||III,11,199897.9090909091,145000.0,13425.90909090909,-41472.0,7.199959828236462,-22.240336350765798,1.0719995982823647,-0.18944675577406658
61253,Research Engineer- Multi-modal AI Systems,15-1252.00,Software Developers,Pittsburgh,PA,3363,Y,1,III,119475,True,1,0.95,Research Engineer- Multi-modal AI Systems || 15-1252.00 || Software Developers,15-1252.00||PA||33||Y||III,11,109639.09090909091,115000.0,-9835.90909090909,-4475.0,-8.232608571591623,-3.7455534630675875,0.9176739142840837,-0.10169016269344637
56512,Technical Project Manager,15-2051.00,Data Scientists,Cambridge,MA,611310,Y,1,I,74318,False,0,0.1,Technical Project Manager || 15-2051.00 || Data Scientists,15-2051.00||MA||61||Y||I,11,114195.27272727272,123000.0,39877.27272727273,48682.0,53.65762362721377,65.50499206114266,1.5365762362721376,0.39249759983529037
3834,"Director, Software Engineering",11-3021.00,Computer and Information Systems Managers,Duluth,GA,423430,Y,1,IV,213075,False,0,0.1,"Director, Software Engineering || 11-3021.00 || Computer and Information Systems Managers",11-3021.00||GA||42||Y||IV,9,149860.33333333334,150000.0,-63214.666666666664,-63075.0,-29.667800852594937,-29.602252727912706,0.7033219914740506,-0.36986914043290575
50315,Software Development Engineering,15-1252.00,Software Developers,Seattle,WA,334111,Y,1,IV,212202,False,0,0.15,Software Development Engineering || 15-1252.00 || Software Developers,15-1252.00||WA||33||Y||IV,11,128419.18181818182,131411.0,-83782.81818181818,-80791.0,-39.48257706422097,-38.07268546008049,0.6051742293577903,-0.5227382416080222
87899,DATA SCIENTIST,15-2051.00,Data Scientists,PHILADELPHIA,PA,5419,Y,1,II,96013,True,1,0.85,DATA SCIENTIST || 15-2051.00 || Data Scientists,15-2051.00||PA||54||Y||II,11,99967.09090909091,95000.0,3954.090909090909,-1013.0,4.118287012270118,-1.0550654598856404,1.041182870122701,0.020175965933833338
57269,Data Analyst,15-1252.00,Software Developers,Mckinney,TX,54161,Y,1,II,112923,False,0,0.15,Data Analyst || 15-1252.00 || Software Developers,15-1252.00||TX||54||Y||II,12,85793.41666666667,85350.0,-27129.583333333332,-27573.0,-24.024851742632887,-24.41752344517946,0.7597514825736712,-0.29772188170149566
15581,Chief Technology Officer,15-1221.00,Computer and Information Research Scientists,Brooklyn,NY,5419,Y,1,II,147867,False,0,0.3,Chief Technology Officer || 15-1221.00 || Computer and Information Research Scientists,15-1221.00||NY||54||Y||II,12,241500.0,182500.0,93633.0,34633.0,63.32244517032198,23.421723575916197,1.63322445170322,0.31307397746504667
37859,C .NET Lead Architect,15-1252.00,Software Developers,Milford,MA,33392,Y,1,III,137696,False,0,0.05,C .NET Lead Architect || 15-1252.00 || Software Developers,15-1252.00||MA||33||Y||III,10,127974.9,133024.5,-9721.1,-4671.5,-7.059827445967929,-3.392618521961422,0.9294017255403206,-0.08951737737414334
24922,AI Engineering Director,11-3021.00,Computer and Information Systems Managers,Austin,TX,541511,Y,1,III,186950,True,1,0.95,AI Engineering Director || 11-3021.00 || Computer and Information Systems Managers,11-3021.00||TX||54||Y||III,10,255991.1,191500.0,69041.1,4550.0,36.93024872960685,2.433805830435946,1.3693024872960684,0.1401503192726974
93541,Senior Data Scientist I,15-2051.00,Data Scientists,Charlotte,NC,54161,Y,1,II,105747,True,1,0.85,Senior Data Scientist I || 15-2051.00 || Data Scientists,15-2051.00||NC||54||Y||II,10,115491.9,116609.5,9744.9,10862.5,9.215296887854974,10.2721590210597,1.0921529688785498,0.07814454119306262
10334,Senior Machine Learning Engineer,17-2031.00,Bioengineers and Biomedical Engineers,San Francisco,CA,54171,Y,1,III,138778,True,1,0.95,Senior Machine Learning Engineer || 17-2031.00 || Bioengineers and Biomedical Engineers,17-2031.00||CA||54||Y||III,11,206128.27272727274,150000.0,67350.27272727272,11222.0,48.53094346890194,8.086296098805287,1.4853094346890194,0.1593189147340701
68136,"Software Engineer, SRE - Platform Services USDS",15-1252.00,Software Developers,San Jose,CA,519130,Y,1,II,187741,False,0,0.05,"Software Engineer, SRE - Platform Services USDS || 15-1252.00 || Software Developers",15-1252.00||CA||51||Y||II,11,123828.27272727272,129000.0,-63912.72727272727,-58741.0,-34.04303123597258,-31.288317416014618,0.6595696876402742,-0.45494571939142503
84004,Senior Lead Machine Learning Engineer,15-1252.00,Software Developers,Plano,TX,522210,Y,1,IV,156998,True,1,0.98,Senior Lead Machine Learning Engineer || 15-1252.00 || Software Developers,15-1252.00||TX||52||Y||IV,10,219800.0,155000.0,62802.0,-1998.0,40.00178346220971,-1.2726276767856917,1.4000178346220973,0.09579404102276748
46976,ARTIFICIAL INTELLIGENCE ENGINEER,15-1252.00,Software Developers,ATLANTA,GA,54151,Y,1,II,109283,True,1,0.95,ARTIFICIAL INTELLIGENCE ENGINEER || 15-1252.00 || Software Developers,15-1252.00||GA||54||Y||II,11,111482.72727272728,115000.0,2199.7272727272725,5717.0,2.012872333965276,5.231371759560042,1.0201287233396528,0.001792750396746938
103630,Senior Machine Learning Engineer,15-1252.00,Software Developers,San Francisco,CA,531390,Y,1,III,187574,True,1,0.95,Senior Machine Learning Engineer || 15-1252.00 || Software Developers,15-1252.00||CA||53||Y||III,10,221491.1,157500.0,33917.1,-30074.0,18.08198364378859,-16.033138921172444,1.180819836437886,-0.054270196650120714
93684,Sr. Machine Learning Engineer,15-2051.00,Data Scientists,Seattle,WA,519290,Y,1,III,163322,True,1,0.95,Sr. Machine Learning Engineer || 15-2051.00 || Data Scientists,15-2051.00||WA||51||Y||III,11,132828.27272727274,145000.0,-30493.727272727272,-18322.0,-18.670924476021156,-11.21832943510366,0.8132907552397884,-0.23251182724027347
65734,SENIOR PRODUCT SERVICES & MANAGEMENT ANALYST,15-2051.00,Data Scientists,NEW HYDE PARK,NY,62211,Y,1,II,109491,False,0,0.15,SENIOR PRODUCT SERVICES & MANAGEMENT ANALYST || 15-2051.00 || Data Scientists,15-2051.00||NY||62||Y||II,12,108645.0,115000.0,-846.0,5509.0,-0.7726662465408113,5.031463773278169,0.9922733375345919,-0.04536905315085941
76429,Research Engineer,15-2031.00,Operations Research Analysts,Bellevue,WA,519290,Y,1,IV,130749,False,0,0.15,Research Engineer || 15-2031.00 || Operations Research Analysts,15-2031.00||WA||51||Y||IV,10,126274.3,127500.0,-4474.7,-3249.0,-3.422358870813543,-2.484913842553289,0.9657764112918645,-0.046528980419431855
62015,Member of Technical Staff (Research & AI Systems),15-1252.00,Software Developers,San Francisco,CA,5417,Y,1,IV,213512,True,1,0.95,Member of Technical Staff (Research & AI Systems) || 15-1252.00 || Software Developers,15-1252.00||CA||54||Y||IV,11,215673.72727272726,160000.0,2161.7272727272725,-53512.0,1.0124617223983976,-25.062759938551462,1.010124617223984,-0.2104915666654712
93385,Technical Architect,15-1299.00,"Computer Occupations, All Other",Boston,MA,541511,Y,1,II,90501,False,0,0.15,"Technical Architect || 15-1299.00 || Computer Occupations, All Other",15-1299.00||MA||54||Y||II,10,127119.5,133247.5,36618.5,42746.5,40.46198384548237,47.23317974387024,1.4046198384548236,0.3235515799171738
27722,Sr. Software Engineer (AI/ML) (Programmer Analyst),15-1251.00,Computer Programmers,Cary,NC,5415,Y,1,III,86570,True,1,0.95,Sr. Software Engineer (AI/ML) (Programmer Analyst) || 15-1251.00 || Computer Programmers,15-1251.00||NC||54||Y||III,10,118619.5,122500.0,32049.5,35930.0,37.02148550306111,41.50398521427746,1.370214855030611,0.30363230259699137
86673,Machine Learning Researcher,15-1252.00,Software Developers,San Francisco,CA,334111,Y,1,IV,213512,True,1,1.0,Machine Learning Researcher || 15-1252.00 || Software Developers,15-1252.00||CA||33||Y||IV,11,212946.45454545456,160000.0,-565.5454545454545,-53512.0,-0.2648775968308376,-25.062759938551462,0.9973512240316915,-0.22342184935057396
14845,Reporting BI Developer,15-2051.00,Data Scientists,Greenwich,CT,523940,Y,1,IV,175781,False,0,0.15,Reporting BI Developer || 15-2051.00 || Data Scientists,15-2051.00||CT||52||Y||IV,10,119774.3,121500.0,-56006.7,-54281.0,-31.861634647658168,-30.87990169586019,0.6813836535234183,-0.39156846724705474
99952,Applications Development Manager,15-1252.00,Software Developers,Irving,TX,522110,Y,1,II,112923,False,0,0.1,Applications Development Manager || 15-1252.00 || Software Developers,15-1252.00||TX||52||Y||II,10,116666.2,119000.0,3743.2,6077.0,3.3148251463386558,5.38154317543813,1.0331482514633865,0.021381318472904275
59633,Principal Engineer - Robotics,17-2071.00,Electrical Engineers,Indianapolis,IN,3254,Y,1,III,111613,True,1,0.85,Principal Engineer - Robotics || 17-2071.00 || Electrical Engineers,17-2071.00||IN||32||Y||III,10,122076.8,132984.0,10463.8,21371.0,9.375072796179657,19.147411143863167,1.0937507279617966,0.0732346892738045
62511,Scientist 3,15-1221.00,Computer and Information Research Scientists,Los Alamos,NM,5417,Y,1,II,160077,True,1,0.85,Scientist 3 || 15-1221.00 || Computer and Information Research Scientists,15-1221.00||NM||54||Y||II,11,104828.81818181818,110000.0,-55248.181818181816,-50077.0,-34.51350401255759,-31.283070022551648,0.6548649598744241,-0.44986991562466194
16557,"Team Leader - Product Development, A.I.",15-1252.00,Software Developers,Pontiac,MI,522292,Y,1,III,120349,True,1,0.95,"Team Leader - Product Development, A.I. || 15-1252.00 || Software Developers",15-1252.00||MI||52||Y||III,10,103766.2,108500.0,-16582.8,-11849.0,-13.778926289375068,-9.845532576091202,0.8622107371062494,-0.16253521626603734
104830,Senior Embedded / Firmware Engineer,15-1252.00,Software Developers,Foster City,CA,336111,Y,1,III,187574,False,0,0.1,Senior Embedded / Firmware Engineer || 15-1252.00 || Software Developers,15-1252.00||CA||33||Y||III,11,196261.54545454544,145000.0,8687.545454545454,-42574.0,4.6315296653829705,-22.697175514730187,1.0463152966538298,-0.22918483718459112
42958,Engagement Manager,15-2031.00,Operations Research Analysts,Georgetown,TX,541519,Y,1,III,92997,False,0,0.1,Engagement Manager || 15-2031.00 || Operations Research Analysts,15-2031.00||TX||54||Y||III,10,96991.9,95000.0,3994.9,2003.0,4.295729969783972,2.1538329193414842,1.0429572996978398,0.03396035200818126
112285,Machine Learning Engineer,15-1252.00,Software Developers,Los Gatos,CA,515210,Y,1,IV,226158,True,1,0.95,Machine Learning Engineer || 15-1252.00 || Software Developers,15-1252.00||CA||51||Y||IV,11,207946.45454545456,150000.0,-18211.545454545456,-76158.0,-8.05257627611911,-33.67468760777863,0.9194742372388088,-0.3136360517449868
53742,Data Analyst,15-2041.00,Statisticians,Houston,TX,54151,Y,1,I,76045,False,0,0.3,Data Analyst || 15-2041.00 || Statisticians,15-2041.00||TX||54||Y||I,12,83618.41666666667,80350.0,7573.416666666667,4305.0,9.959125079448572,5.661121704254061,1.0995912507944856,0.06503201956245697
49603,"Software Engineer, Machine Learning",15-1252.00,Software Developers,Menlo Park,CA,519290,Y,1,IV,213512,True,1,0.95,"Software Engineer, Machine Learning || 15-1252.00 || Software Developers",15-1252.00||CA||51||Y||IV,11,216764.63636363635,162000.0,3252.6363636363635,-51512.0,1.5233974500900922,-24.126044437783356,1.015233974500901,-0.20219505836744178
42793,Lead Data Scientist,15-1252.00,Software Developers,Frisco,TX,446110,Y,1,IV,156998,True,1,0.85,Lead Data Scientist || 15-1252.00 || Software Developers,15-1252.00||TX||44||Y||IV,9,229956.77777777778,150000.0,72958.77777777778,-6998.0,46.47115108331175,-4.457381622695831,1.4647115108331175,0.15649721173579817
12839,Senior ML Systems Engineer II,15-1252.00,Software Developers,Pleasanton,CA,54171,Y,1,III,187574,True,1,0.95,Senior ML Systems Engineer II || 15-1252.00 || Software Developers,15-1252.00||CA||54||Y||III,10,220091.1,158000.0,32517.1,-29574.0,17.335611545310122,-15.766577457430135,1.1733561154531011,-0.06273310416865456
37366,"Manager II, Machine Learning",11-3021.00,Computer and Information Systems Managers,Seattle,WA,519290,Y,1,III,242320,True,1,0.95,"Manager II, Machine Learning || 11-3021.00 || Computer and Information Systems Managers",11-3021.00||WA||51||Y||III,10,141961.1,150000.0,-100358.9,-92320.0,-41.415855067679104,-38.09838230439089,0.5858414493232089,-0.5554371729968764
5063,Software Engineering Manager,11-3021.00,Computer and Information Systems Managers,Menlo Park,CA,519290,Y,25,IV,274456,False,0,0.1,Software Engineering Manager || 11-3021.00 || Computer and Information Systems Managers,11-3021.00||CA||51||Y||IV,10,272045.8,208229.0,-2410.2,-66227.0,-0.8781735505873425,-24.13027953478882,0.9912182644941264,-0.19198453583393887
110477,Senior ML Compiler Engineer,15-1252.00,Software Developers,Santa Clara,CA,33441,Y,1,II,172931,True,1,0.95,Senior ML Compiler Engineer || 15-1252.00 || Software Developers,15-1252.00||CA||33||Y||II,10,221387.7,159438.5,48456.7,-13492.5,28.02082911681537,-7.8022448259710515,1.2802082911681538,0.0261941172449065
89332,"Senior Software Engineer, Android",15-1252.00,Software Developers,New York,NY,519130,Y,1,IV,189592,False,0,0.1,"Senior Software Engineer, Android || 15-1252.00 || Software Developers",15-1252.00||NY||51||Y||IV,11,133341.0,150000.0,-56251.0,-39592.0,-29.66950082281953,-20.882737668256045,0.7033049917718047,-0.3943526502937811
59367,Software Engineering,15-1252.00,Software Developers,Redmond,WA,513210,Y,1,IV,212202,False,0,0.15,Software Engineering || 15-1252.00 || Software Developers,15-1252.00||WA||51||Y||IV,11,131828.0,140000.0,-80374.0,-72202.0,-37.87617458836392,-34.02512700163052,0.6212382541163608,-0.520277765741827
111228,Director - Business Development,41-9031.00,Sales Engineers,Austin,TX,541330,Y,1,IV,171995,False,0,0.05,Director - Business Development || 41-9031.00 || Sales Engineers,41-9031.00||TX||54||Y||IV,12,130703.58333333333,133021.5,-41291.416666666664,-38973.5,-24.007335484558656,-22.65967033925405,0.7599266451544134,-0.2987414277790566
105322,Product Engineer,17-2071.00,Electrical Engineers,Lisle,IL,33612,Y,1,IV,138362,False,0,0.05,Product Engineer || 17-2071.00 || Electrical Engineers,17-2071.00||IL||33||Y||IV,10,116966.2,121500.0,-21395.8,-16862.0,-15.46363886038074,-12.1868721180671,0.8453636113961925,-0.17736465768811288
101852,"Global Product and Solutions Analyst (MGR, Data Science)",13-1161.00,Market Research Analysts and Marketing Specialists,Chicago,IL,541910,Y,1,II,66290,True,1,0.85,"Global Product and Solutions Analyst (MGR, Data Science) || 13-1161.00 || Market Research Analysts and Marketing Specialists",13-1161.00||IL||54||Y||II,11,97447.36363636363,103000.0,31157.363636363636,36710.0,47.00160452008393,55.377885050535525,1.4700160452008395,0.3718421905540455
33682,"AVP, SOX Data Controls",15-2051.00,Data Scientists,Dallas,TX,522110,Y,1,II,96034,False,0,0.1,"AVP, SOX Data Controls || 15-2051.00 || Data Scientists",15-2051.00||TX||52||Y||II,11,113647.18181818182,119219.0,17613.18181818182,23185.0,18.340568775831287,24.142491201032968,1.183405687758313,0.15116694046585588
42333,Principal Search Engineer,15-1252.00,Software Developers,San Mateo,CA,513210,Y,1,IV,213512,True,1,0.85,Principal Search Engineer || 15-1252.00 || Software Developers,15-1252.00||CA||51||Y||IV,10,236231.1,172500.0,22719.1,-41012.0,10.640666566750342,-19.208288058750796,1.1064066656675036,-0.11924064422311939
44414,"Sr. Scientist, Bioanalytical Sciences",19-1029.01,Bioinformatics Scientists,South San Francisco,CA,621511,Y,1,II,112549,False,0,0.15,"Sr. Scientist, Bioanalytical Sciences || 19-1029.01 || Bioinformatics Scientists",19-1029.01||CA||62||Y||II,11,122268.09090909091,131049.0,9719.09090909091,18500.0,8.635430709371837,16.437285093603673,1.0863543070937185,0.057006917521580096
76807,Senior Staff Engineer -.Net,15-1252.00,Software Developers,Livermore,CA,524298,Y,1,III,187574,False,0,0.05,Senior Staff Engineer -.Net || 15-1252.00 || Software Developers,15-1252.00||CA||52||Y||III,10,209991.1,140000.0,22417.1,-47574.0,11.951069977715466,-25.362790152153284,1.1195106997771547,-0.14832739005209294
80939,Senior Robotics Software Engineer,15-1252.00,Software Developers,Celina,TX,541511,Y,1,IV,156998,True,1,0.85,Senior Robotics Software Engineer || 15-1252.00 || Software Developers,15-1252.00||TX||54||Y||IV,10,122274.9,130500.0,-34723.1,-26498.0,-22.11690594784647,-16.877922011745373,0.7788309405215352,-0.26301409146630694
559,Oracle Cloud Technical Consultant,15-1252.00,Software Developers,Houston,TX,541511,Y,1,II,105976,False,0,0.1,Oracle Cloud Technical Consultant || 15-1252.00 || Software Developers,15-1252.00||TX||54||Y||II,12,106028.5,112110.5,52.5,6134.5,0.04953951838152074,5.78857477164641,1.0004953951838151,-0.01912202732774822
7119,"Manager, Data Science",11-3021.00,Computer and Information Systems Managers,New York,NY,522320,Y,1,II,186056,True,1,0.85,"Manager, Data Science || 11-3021.00 || Computer and Information Systems Managers",11-3021.00||NY||52||Y||II,10,136684.8,140000.0,-49371.2,-46056.0,-26.53566668099927,-24.753837554284733,0.7346433331900073,-0.3260151728760562
19866,Senior Data Scientist,15-2051.01,Business Intelligence Analysts,San Francisco,CA,541511,Y,1,IV,194834,True,1,0.85,Senior Data Scientist || 15-2051.01 || Business Intelligence Analysts,15-2051.01||CA||54||Y||IV,11,210219.18181818182,155000.0,15385.181818181818,-39834.0,7.896559028804938,-20.445096851678866,1.0789655902880495,-0.14758478033264796
89273,SAP Enterprise Architect,15-1243.00,Database Architects,Houston,TX,541511,Y,1,III,127379,False,0,0.05,SAP Enterprise Architect || 15-1243.00 || Database Architects,15-1243.00||TX||54||Y||III,11,124794.81818181818,131043.0,-2584.181818181818,3664.0,-2.028734578055894,2.8764553026794055,0.979712654219441,-0.033481861551881244
63376,Genesys Cloud Product Owner - Customer Services,15-1299.00,"Computer Occupations, All Other",CARY,NC,33911,Y,1,IV,157560,False,0,0.1,"Genesys Cloud Product Owner - Customer Services || 15-1299.00 || Computer Occupations, All Other",15-1299.00||NC||33||Y||IV,10,118385.4,119000.0,-39174.6,-38560.0,-24.863290175171365,-24.473216552424475,0.7513670982482863,-0.2933091449164097
58028,Lead .NET Software Engineer,15-1252.00,Software Developers,Pomona,CA,531390,Y,1,III,157123,False,0,0.05,Lead .NET Software Engineer || 15-1252.00 || Software Developers,15-1252.00||CA||53||Y||III,11,118697.45454545454,129972.0,-38425.545454545456,-27151.0,-24.455710147174795,-17.2800926662551,0.755442898528252,-0.3109571635687558
32785,"Senior Associate, Data Science",15-2051.00,Data Scientists,McLean,VA,522210,Y,1,II,115939,True,1,0.85,"Senior Associate, Data Science || 15-2051.00 || Data Scientists",15-2051.00||VA||52||Y||II,11,112737.90909090909,115000.0,-3201.090909090909,-939.0,-2.761013040556594,-0.8099086588637128,0.972389869594434,-0.05602415357774892
96636,ADAS Interior Sensing Systems Engineer,15-1252.00,Software Developers,Dearborn,MI,33611,Y,1,III,120349,True,1,0.85,ADAS Interior Sensing Systems Engineer || 15-1252.00 || Software Developers,15-1252.00||MI||33||Y||III,10,110066.8,115000.0,-10282.2,-5349.0,-8.54365221148493,-4.444573698161181,0.9145634778851507,-0.10843823594640085
83540,"Manager, Product Management",15-2051.00,Data Scientists,New York,NY,522110,Y,1,III,139506,False,0,0.1,"Manager, Product Management || 15-2051.00 || Data Scientists",15-2051.00||NY||52||Y||III,10,135661.1,140000.0,-3844.9,494.0,-2.7560821756770317,0.35410663340644843,0.9724391782432298,-0.045636855702539766
69739,Manager,13-1111.00,Management Analysts,Jersey City,NJ,54121,Y,1,IV,156645,False,0,0.05,Manager || 13-1111.00 || Management Analysts,13-1111.00||NJ||54||Y||IV,10,119721.1,127500.0,-36923.9,-29145.0,-23.571706725398194,-18.605764627022886,0.7642829327460181,-0.28983720846274486
102331,"Associate, Software Engineer III",15-1252.00,Software Developers,Plano,TX,551112,Y,1,III,134971,False,0,0.1,"Associate, Software Engineer III || 15-1252.00 || Software Developers",15-1252.00||TX||55||Y||III,11,104989.90909090909,102000.0,-29981.090909090908,-32971.0,-22.212987166940238,-24.42821050447874,0.7778701283305977,-0.2752290461991749
23478,"Director, AI Transformation",15-1299.09,Information Technology Project Managers,White Plains,NY,522180,Y,1,IV,158974,True,1,0.95,"Director, AI Transformation || 15-1299.09 || Information Technology Project Managers",15-1299.09||NY||52||Y||IV,11,222083.54545454544,173000.0,63109.545454545456,14026.0,39.69802952340977,8.822826374124071,1.3969802952340977,0.11496948013930529
24816,Senior Hardware Quality Engineer,17-2061.00,Computer Hardware Engineers,Boston,MA,5419,Y,1,II,148200,False,0,0.05,Senior Hardware Quality Engineer || 17-2061.00 || Computer Hardware Engineers,17-2061.00||MA||54||Y||II,11,115886.27272727272,120000.0,-32313.727272727272,-28200.0,-21.8041344620292,-19.02834008097166,0.781958655379708,-0.2684625810649862
5022,Manager - Data Science,13-1111.00,Management Analysts,Houston,TX,541511,Y,5,IV,129917,True,1,0.85,Manager - Data Science || 13-1111.00 || Management Analysts,13-1111.00||TX||54||Y||IV,9,129245.66666666667,135000.0,-671.3333333333334,5083.0,-0.51674017513746,3.912497979479206,0.9948325982486254,-0.0170177512993427
75169,Advanced Data Science Associate Consultant,15-2031.00,Operations Research Analysts,Princeton,NJ,54161,Y,1,III,119122,True,1,0.85,Advanced Data Science Associate Consultant || 15-2031.00 || Operations Research Analysts,15-2031.00||NJ||54||Y||III,10,108054.7,112500.0,-11067.3,-6622.0,-9.290727153674384,-5.559006732593476,0.9070927284632561,-0.1051748001266862
58444,"Manager, Engineering - Personalization",11-3021.00,Computer and Information Systems Managers,Sunnyvale,CA,451110,Y,1,II,248643,True,1,0.85,"Manager, Engineering - Personalization || 11-3021.00 || Computer and Information Systems Managers",11-3021.00||CA||45||Y||II,11,135328.27272727274,145000.0,-113314.72727272728,-103643.0,-45.57326257836628,-41.683457808987185,0.5442673742163372,-0.6415975287537794
11853,Data Analysis Manager,15-2051.00,Data Scientists,Plano,TX,522110,Y,1,IV,141773,True,1,0.85,Data Analysis Manager || 15-2051.00 || Data Scientists,15-2051.00||TX||52||Y||IV,10,125574.3,131021.5,-16198.7,-10751.5,-11.425800399229754,-7.583601955238303,0.8857419960077024,-0.13030302774457958
37514,"Tech Lead, ML Stack",11-3021.00,Computer and Information Systems Managers,San Jose,CA,455219,Y,1,II,248643,True,1,0.95,"Tech Lead, ML Stack || 11-3021.00 || Computer and Information Systems Managers",11-3021.00||CA||45||Y||II,10,152861.1,162455.5,-95781.9,-86187.5,-38.52185663783014,-34.66315158681322,0.6147814336216986,-0.5103006527975447
116152,Team Leader - Financial Quantitative Analytics,13-2099.01,Financial Quantitative Analysts,Sunnyvale,CA,52222,Y,1,II,85280,False,0,0.15,Team Leader - Financial Quantitative Analytics || 13-2099.01 || Financial Quantitative Analysts,13-2099.01||CA||52||Y||II,11,131410.0909090909,135000.0,46130.09090909091,49720.0,54.092508101654445,58.30206378986867,1.5409250810165445,0.41676193134209605
87423,Sr Robotics Software Engineer,15-1252.00,Software Developers,Palo Alto,CA,336110,Y,1,II,187741,True,1,0.85,Sr Robotics Software Engineer || 15-1252.00 || Software Developers,15-1252.00||CA||33||Y||II,11,203307.0,145000.0,15566.0,-42741.0,8.29120969846757,-22.765938180791622,1.0829120969846757,-0.16050138926790034
18134,Senior Software Engineer,15-1252.00,Software Developers,Seattle,WA,561599,Y,1,III,180710,False,0,0.1,Senior Software Engineer || 15-1252.00 || Software Developers,15-1252.00||WA||56||Y||III,11,130461.54545454546,135000.0,-50248.454545454544,-45710.0,-27.80612835230731,-25.294671019866083,0.7219387164769269,-0.350062882690588
77438,Quantum Computational Scientist,15-1221.00,Computer and Information Research Scientists,Yorktown Heights,NY,54151,Y,1,III,185723,False,0,0.15,Quantum Computational Scientist || 15-1221.00 || Computer and Information Research Scientists,15-1221.00||NY||54||Y||III,10,212237.7,157438.5,26514.7,-28284.5,14.276476257652524,-15.229400774271362,1.1427647625765254,-0.11891082664472882
98615,Sr. Machine Learning/AI Engineer,17-2141.00,Mechanical Engineers,Irvine,CA,336110,Y,1,III,120661,True,1,0.95,Sr. Machine Learning/AI Engineer || 17-2141.00 || Mechanical Engineers,17-2141.00||CA||33||Y||III,11,196810.0909090909,135000.0,76149.09090909091,14339.0,63.109945143079294,11.88370724592039,1.6310994514307928,0.22333043883677253
89020,Software Lead Engineer,15-1252.00,Software Developers,Livonia,MI,3363,Y,1,III,120349,False,0,0.1,Software Lead Engineer || 15-1252.00 || Software Developers,15-1252.00||MI||33||Y||III,10,113266.2,121959.5,-7082.8,1610.5,-5.885217160092729,1.338191426600969,0.9411478283990726,-0.07935762186143122
17614,"Associate, Data Scientist Senior Associate",15-2051.00,Data Scientists,Chicago,IL,551112,Y,1,III,119558,True,1,0.85,"Associate, Data Scientist Senior Associate || 15-2051.00 || Data Scientists",15-2051.00||IL||55||Y||III,10,109974.9,116500.0,-9583.1,-3058.0,-8.015440204754178,-2.5577543953562287,0.9198455979524583,-0.09821998061851751
49240,Senior Programmer/Analyst,15-1252.00,Software Developers,San Diego,CA,336611,Y,1,III,157581,False,0,0.1,Senior Programmer/Analyst || 15-1252.00 || Software Developers,15-1252.00||CA||33||Y||III,11,110260.36363636363,115000.0,-47320.63636363636,-42581.0,-30.029404790955994,-27.02165870250855,0.6997059520904401,-0.3809923897604706
37714,Assistant Vice President & Machine Learning Engineer,15-2051.00,Data Scientists,New York,NY,524130,Y,1,IV,169541,True,1,0.95,Assistant Vice President & Machine Learning Engineer || 15-2051.00 || Data Scientists,15-2051.00||NY||52||Y||IV,9,247726.77777777778,180000.0,78185.77777777778,10459.0,46.1161475854087,6.169009266195197,1.461161475854087,0.18418239291795502
59244,Senior Machine Learning Engineer,15-1252.00,Software Developers,San Diego,CA,334220,Y,1,II,130187,True,1,0.95,Senior Machine Learning Engineer || 15-1252.00 || Software Developers,15-1252.00||CA||33||Y||II,11,200591.9090909091,139100.0,70404.90909090909,8913.0,54.07983062126718,6.846305698725679,1.5407983062126718,0.18702115336477074
58228,Sr. Machine Learning Engineer,15-1252.00,Software Developers,Palo Alto,CA,519290,Y,1,III,226138,True,1,0.95,Sr. Machine Learning Engineer || 15-1252.00 || Software Developers,15-1252.00||CA||51||Y||III,11,212491.9090909091,160000.0,-13646.09090909091,-66138.0,-6.034408595234285,-29.246743139145124,0.9396559140476571,-0.28504293659098195
11677,Head of AI,15-1252.00,Software Developers,San Francisco,CA,513210,Y,1,II,161637,True,1,0.95,Head of AI || 15-1252.00 || Software Developers,15-1252.00||CA||51||Y||II,9,277094.1111111111,220000.0,115457.11111111111,58363.0,71.42987751016854,36.10745064558238,1.7142987751016854,0.3649172347892574
39745,Sales Strategy Enablement,15-2051.01,Business Intelligence Analysts,San Francisco,CA,513210,Y,1,III,164403,False,0,0.1,Sales Strategy Enablement || 15-2051.01 || Business Intelligence Analysts,15-2051.01||CA||51||Y||III,11,113582.45454545454,120000.0,-50820.545454545456,-44403.0,-30.912176453316214,-27.00863122935713,0.6908782354668378,-0.39777759370944693
96296,Senior Machine Learning Engineer,15-1252.00,Software Developers,New York,NY,541511,Y,1,IV,189592,True,1,0.95,Senior Machine Learning Engineer || 15-1252.00 || Software Developers,15-1252.00||NY||54||Y||IV,11,214219.18181818182,160000.0,24627.18181818182,-29592.0,12.989568029337642,-15.608253512806447,1.1298956802933764,-0.09593864520990988
29027,"Postdoctoral Fellow, Automated Differentiations",19-1042.00,"Medical Scientists, Except Epidemiologists",New York,NY,541715,Y,1,I,65749,True,1,0.95,"Postdoctoral Fellow, Automated Differentiations || 19-1042.00 || Medical Scientists, Except Epidemiologists",19-1042.00||NY||54||Y||I,11,83408.90909090909,85000.0,17659.909090909092,19251.0,26.859585835387747,29.279532768559218,1.2685958583538774,0.19631615547454698
85507,"Senior Backend Software Engineer, Loki Platform",15-1252.00,Software Developers,San Jose,CA,51321,Y,1,III,226138,False,0,0.1,"Senior Backend Software Engineer, Loki Platform || 15-1252.00 || Software Developers",15-1252.00||CA||51||Y||III,11,203946.45454545456,156000.0,-22191.545454545456,-70138.0,-9.813275723029944,-31.015574560666497,0.9018672427697005,-0.34861172320617745
30341,Sr. Data Scientist,15-2051.00,Data Scientists,Highlands Ranch,CO,334511,Y,1,IV,135013,True,1,0.95,Sr. Data Scientist || 15-2051.00 || Data Scientists,15-2051.00||CO||33||Y||IV,10,130311.7,135000.0,-4701.3,-13.0,-3.4821091302319034,-0.009628702421248324,0.9651789086976809,-0.0455042644613922
69108,"Senior Software Engineer, Ranking Engineering",15-1252.00,Software Developers,San Jose,CA,511210,Y,1,IV,264514,True,1,0.85,"Senior Software Engineer, Ranking Engineering || 15-1252.00 || Software Developers",15-1252.00||CA||51||Y||IV,11,214946.45454545456,162000.0,-49567.545454545456,-102514.0,-18.739100937774733,-38.755604618281076,0.8126089906222528,-0.42413782008361894
89921,"Sr Mgr, Software Dev Engineering",15-1299.09,Information Technology Project Managers,Tracy,CA,519290,Y,1,IV,112050,False,0,0.1,"Sr Mgr, Software Dev Engineering || 15-1299.09 || Information Technology Project Managers",15-1299.09||CA||51||Y||IV,11,140774.63636363635,150000.0,28724.636363636364,37950.0,25.635552310251104,33.86880856760375,1.256355523102511,0.19601666143588437
9512,Data Scientist II,15-2051.00,Data Scientists,Boston,MA,44912,Y,1,III,137946,True,1,0.85,Data Scientist II || 15-2051.00 || Data Scientists,15-2051.00||MA||44||Y||III,9,117021.66666666667,120000.0,-20924.333333333332,-17946.0,-15.168495884863157,-13.009438475925363,0.8483150411513685,-0.17907633616231422
16809,Director; Senior Technology Manager,15-1252.00,Software Developers,New York,NY,522110,Y,1,IV,189592,False,0,0.1,Director; Senior Technology Manager || 15-1252.00 || Software Developers,15-1252.00||NY||52||Y||IV,10,234495.8,176500.0,44903.8,-13092.0,23.68443816194776,-6.905354656314612,1.2368443816194776,-0.007062603096014719
57856,Machine Learning Engineer,15-1252.00,Software Developers,Seattle,WA,5192,Y,1,III,180710,True,1,0.95,Machine Learning Engineer || 15-1252.00 || Software Developers,15-1252.00||WA||51||Y||III,11,125646.45454545454,125000.0,-55063.545454545456,-55710.0,-30.470668725884263,-30.828399092468597,0.6952933127411574,-0.39102792765486266
1958,Head of Diverse Products Algorithmic Trading,13-2099.01,Financial Quantitative Analysts,Chicago,IL,523130,Y,1,IV,124446,True,1,0.85,Head of Diverse Products Algorithmic Trading || 13-2099.01 || Financial Quantitative Analysts,13-2099.01||IL||52||Y||IV,11,252073.72727272726,187811.0,127627.72727272728,63365.0,102.55671317095549,50.91766710058982,2.025567131709555,0.5317250121371552
5397,"Manager, Data Science 3",15-1299.09,Information Technology Project Managers,San Jose,CA,522320,Y,1,IV,223142,True,1,0.85,"Manager, Data Science 3 || 15-1299.09 || Information Technology Project Managers",15-1299.09||CA||52||Y||IV,10,226991.1,162455.5,3849.1,-60686.5,1.7249554095598292,-27.196359268985667,1.0172495540955984,-0.18765227769765414
99477,Staff Machine Learning Engineer,15-1252.00,Software Developers,Santa Clara,CA,54199,Y,1,IV,264514,True,1,0.95,Staff Machine Learning Engineer || 15-1252.00 || Software Developers,15-1252.00||CA||54||Y||IV,11,215446.45454545456,160000.0,-49067.545454545456,-104514.0,-18.550075026102764,-39.51170826496896,0.8144992497389724,-0.43813581147737773
46825,Principal ML OPS Engineer,15-1241.00,Computer Network Architects,Sunnyvale,CA,517810,Y,1,III,186056,True,1,0.95,Principal ML OPS Engineer || 15-1241.00 || Computer Network Architects,15-1241.00||CA||51||Y||III,9,244434.55555555556,165000.0,58378.555555555555,-21056.0,31.376873390568196,-11.317022831835576,1.3137687339056818,0.06549251599091734
1477,Lead Systems Analyst,15-2051.00,Data Scientists,Needham,MA,523940,Y,1,IV,161803,False,0,0.15,Lead Systems Analyst || 15-2051.00 || Data Scientists,15-2051.00||MA||52||Y||IV,10,126774.3,130521.5,-35028.7,-31281.5,-21.64898055042243,-19.333077878654905,0.7835101944957757,-0.2542408636746222
15605,Product Analyst,15-2051.00,Data Scientists,Roundrock,TX,541512,Y,1,IV,148741,False,0,0.15,Product Analyst || 15-2051.00 || Data Scientists,15-2051.00||TX||54||Y||IV,11,103394.36363636363,110000.0,-45346.63636363636,-38741.0,-30.486978280122063,-26.045945637046948,0.6951302171987793,-0.3879048972378364
110570,Senior Gen AI Software Engineer,15-1252.00,Software Developers,New York,NY,513210,Y,1,IV,179982,True,1,0.95,Senior Gen AI Software Engineer || 15-1252.00 || Software Developers,15-1252.00||NY||51||Y||IV,11,225700.45454545456,170000.0,45718.454545454544,-9982.0,25.40168158229965,-5.546110166572213,1.2540168158229965,0.019374495420104863
14288,Senior Data Steward,15-2051.01,Business Intelligence Analysts,Charlotte,NC,522110,Y,1,IV,153962,False,0,0.15,Senior Data Steward || 15-2051.01 || Business Intelligence Analysts,15-2051.01||NC||52||Y||IV,11,110532.90909090909,115000.0,-43429.09090909091,-38962.0,-28.20766871636567,-25.30624439796833,0.7179233128363433,-0.34408159326505133
87836,ML Engineer (Machine Learning Engineer),15-1252.00,Software Developers,Irving,TX,541511,Y,1,II,112923,True,1,0.95,ML Engineer (Machine Learning Engineer) || 15-1252.00 || Software Developers,15-1252.00||TX||54||Y||II,11,104381.81818181818,115000.0,-8541.181818181818,2077.0,-7.563722021361298,1.8393064300452522,0.924362779786387,-0.11130436728970122
102553,Senior Project Manager,15-1299.09,Information Technology Project Managers,New York,NY,515120,Y,1,IV,158974,False,0,0.05,Senior Project Manager || 15-1299.09 || Information Technology Project Managers,15-1299.09||NY||51||Y||IV,12,131712.25,140000.0,-27261.75,-18974.0,-17.14855888384264,-11.935285015159712,0.8285144111615735,-0.21514232795138533
105572,"Director, AI Engineering",11-3021.00,Computer and Information Systems Managers,East Hanover,NJ,541713,Y,1,III,223642,True,1,0.95,"Director, AI Engineering || 11-3021.00 || Computer and Information Systems Managers",11-3021.00||NJ||54||Y||III,10,233500.0,169000.0,9858.0,-54642.0,4.407937686123361,-24.43279884815911,1.0440793768612335,-0.15841619102293283
111117,Staff Data Scientist,15-2041.00,Statisticians,Burlingame,CA,541330,Y,1,II,99341,True,1,0.85,Staff Data Scientist || 15-2041.00 || Statisticians,15-2041.00||CA||54||Y||II,9,125346.33333333333,140000.0,26005.333333333332,40659.0,26.17784533408495,40.92872026655661,1.2617784533408496,0.2133111139336571
113920,"Software Engineer, Computer Vision",15-1252.00,Software Developers,Sunnyvale,CA,519290,Y,1,IV,226158,True,1,0.95,"Software Engineer, Computer Vision || 15-1252.00 || Software Developers",15-1252.00||CA||51||Y||IV,11,206810.0909090909,150000.0,-19347.909090909092,-76158.0,-8.555040763938969,-33.67468760777863,0.9144495923606104,-0.32396109972513415
81306,Sr Data Scientist,15-2051.01,Business Intelligence Analysts,High Point,NC,524114,Y,1,IV,123323,True,1,0.85,Sr Data Scientist || 15-2051.01 || Business Intelligence Analysts,15-2051.01||NC||52||Y||IV,10,116774.3,120500.0,-6548.7,-2823.0,-5.310201665544951,-2.289110709275642,0.9468979833445506,-0.06331785763357037
98943,AI Engineer IV,15-1252.00,Software Developers,Mountlake Terrace,WA,524114,Y,1,III,180710,True,1,0.95,AI Engineer IV || 15-1252.00 || Software Developers,15-1252.00||WA||52||Y||III,9,136512.33333333334,145000.0,-44197.666666666664,-35710.0,-24.457786877686164,-19.760942947263572,0.7554221312231384,-0.3024494083830296
97503,Staff Software Engineer - Operations,15-1252.00,Software Developers,San Francisco,CA,541511,Y,1,IV,213512,False,0,0.1,Staff Software Engineer - Operations || 15-1252.00 || Software Developers,15-1252.00||CA||54||Y||IV,11,146282.81818181818,160000.0,-67229.18181818182,-53512.0,-31.48730835652414,-25.062759938551462,0.6851269164347586,-0.4226263867015423
13148,Staff Product Manager,15-2051.01,Business Intelligence Analysts,Bentonville,AR,455110,Y,1,III,113589,False,0,0.1,Staff Product Manager || 15-2051.01 || Business Intelligence Analysts,15-2051.01||AR||45||Y||III,11,100305.63636363637,96400.0,-13283.363636363636,-17189.0,-11.694234156796552,-15.132627279049908,0.8830576584320344,-0.14337608184704997
41071,Product Owner - Manager,15-2051.00,Data Scientists,East Windsor,NJ,54121,Y,1,IV,154627,False,0,0.1,Product Owner - Manager || 15-2051.00 || Data Scientists,15-2051.00||NJ||54||Y||IV,9,131467.88888888888,140000.0,-23159.11111111111,-14627.0,-14.977404406158762,-9.459538114300866,0.8502259559384124,-0.17412093371200932
78673,Senior Consultant,15-1243.00,Database Architects,Los Angeles,CA,54161,Y,3,II,118331,False,0,0.15,Senior Consultant || 15-1243.00 || Database Architects,15-1243.00||CA||54||Y||II,10,121567.2,127486.0,3236.2,9155.0,2.7348708284388707,7.736772274382875,1.0273487082843888,0.014313651247480585
72582,Software Engineer,15-1252.00,Software Developers,San Francisco,CA,561599,Y,1,II,161637,False,0,0.15,Software Engineer || 15-1252.00 || Software Developers,15-1252.00||CA||56||Y||II,11,122702.90909090909,129000.0,-38934.09090909091,-32637.0,-24.08736298563504,-20.19154030327215,0.7591263701436496,-0.2979232124360623
74404,Staff Systems Engineer - Instrument,17-2031.00,Bioengineers and Biomedical Engineers,San Diego,CA,541715,Y,1,III,123219,False,0,0.05,Staff Systems Engineer - Instrument || 17-2031.00 || Bioengineers and Biomedical Engineers,17-2031.00||CA||54||Y||III,12,110805.66666666667,115000.0,-12413.333333333334,-8219.0,-10.074203924178361,-6.670237544534528,0.8992579607582164,-0.12787739528146558
117357,"Sr. Manager, Data Science & Advanced Analytics",15-2051.01,Business Intelligence Analysts,Irving,TX,22111,Y,1,IV,140109,True,1,0.85,"Sr. Manager, Data Science & Advanced Analytics || 15-2051.01 || Business Intelligence Analysts",15-2051.01||TX||22||Y||IV,11,134201.0,144511.0,-5908.0,4402.0,-4.2167169846333925,3.141839567765097,0.9578328301536662,-0.057466544269913294
9307,Technology Project Lead 2,15-1299.09,Information Technology Project Managers,Sunnyvale,CA,541511,Y,5,III,181293,False,0,0.1,Technology Project Lead 2 || 15-1299.09 || Information Technology Project Managers,15-1299.09||CA||54||Y||III,10,216191.1,140000.0,34898.1,-41293.0,19.24955734639506,-22.77694119464072,1.1924955734639506,-0.13494781418307297
101838,"Vice President, Regulatory Reporting- Trade Level",15-2051.00,Data Scientists,Dallas,TX,523150,Y,1,III,118893,False,0,0.1,"Vice President, Regulatory Reporting- Trade Level || 15-2051.00 || Data Scientists",15-2051.00||TX||52||Y||III,9,245893.66666666666,150000.0,127000.66666666667,31107.0,106.81929690281737,26.16386162347657,2.0681929690281735,0.4501166122859696
93532,Data Scientist,15-2051.00,Data Scientists,Raleigh,NC,541511,Y,1,II,87214,True,1,0.85,Data Scientist || 15-2051.00 || Data Scientists,15-2051.00||NC||54||Y||II,10,102591.9,103500.0,15377.9,16286.0,17.63237553603779,18.67360744834545,1.176323755360378,0.14301584105713747
35108,Senior Consultant,13-1111.00,Management Analysts,New York,NY,541611,Y,1,II,101816,False,0,0.05,Senior Consultant || 13-1111.00 || Management Analysts,13-1111.00||NY||54||Y||II,12,112204.83333333333,119123.5,10388.833333333334,17307.5,10.203537099604516,16.998801760037715,1.102035370996045,0.07557320612438441
66372,Data Science Engineer,15-1252.00,Software Developers,IRVING,TX,541511,Y,1,II,112923,True,1,0.85,Data Science Engineer || 15-1252.00 || Software Developers,15-1252.00||TX||54||Y||II,11,102644.36363636363,108750.0,-10278.636363636364,-4173.0,-9.10234085495104,-3.6954384846311203,0.9089765914504896,-0.12645875781393248
87323,Senior Software Engineer,15-1252.00,Software Developers,Durham,NC,611310,Y,1,IV,111405,False,0,0.1,Senior Software Engineer || 15-1252.00 || Software Developers,15-1252.00||NC||61||Y||IV,11,118851.27272727272,125000.0,7446.272727272727,13595.0,6.68396636351396,12.203222476549527,1.0668396636351396,0.030469139460401126
86245,Principal Machine Learning Data Engineer,15-1243.00,Database Architects,Harrisburg,NC,52413,Y,1,IV,156166,True,1,0.85,Principal Machine Learning Data Engineer || 15-1243.00 || Database Architects,15-1243.00||NC||52||Y||IV,9,123872.66666666667,131043.0,-32293.333333333332,-25123.0,-20.67885028324561,-16.08736856934288,0.7932114971675439,-0.2507923176947935
35386,Principal Software Engineer - AI Platform,15-1252.00,Software Developers,Mountain View,CA,3361,Y,1,IV,264514,True,1,0.95,Principal Software Engineer - AI Platform || 15-1252.00 || Software Developers,15-1252.00||CA||33||Y||IV,11,254677.0,209947.0,-9837.0,-54567.0,-3.7188957862343774,-20.629153844408993,0.9628110421376562,-0.2135413092695021
74116,Gen AI Developer,15-1252.00,Software Developers,Plano,TX,541511,Y,1,II,112923,True,1,0.95,Gen AI Developer || 15-1252.00 || Software Developers,15-1252.00||TX||54||Y||II,10,114560.6,116705.5,1637.6,3782.5,1.4501917235638442,3.349627622362141,1.0145019172356384,0.004733154116018312
91827,Senior Firmware Engineer,17-2072.00,"Electronics Engineers, Except Computer",Boise,ID,334413,Y,1,III,104312,False,0,0.05,"Senior Firmware Engineer || 17-2072.00 || Electronics Engineers, Except Computer",17-2072.00||ID||33||Y||III,10,107859.1,115000.0,3547.1,10688.0,3.4004716619372646,10.246184523353017,1.0340047166193727,0.018516067672131164
84171,Senior Data Scientist,15-2031.00,Operations Research Analysts,Cary,NC,541714,Y,1,IV,133432,True,1,0.85,Senior Data Scientist || 15-2031.00 || Operations Research Analysts,15-2031.00||NC||54||Y||IV,10,127112.1,132500.0,-6319.9,-932.0,-4.736420049163619,-0.698483122489358,0.9526357995083637,-0.0588784858228415
4965,GEN AI ENGINEER,15-1252.00,Software Developers,TAMPA,FL,541511,Y,1,II,100797,True,1,0.95,GEN AI ENGINEER || 15-1252.00 || Software Developers,15-1252.00||FL||54||Y||II,11,109901.63636363637,115000.0,9104.636363636364,14203.0,9.032646173632513,14.0906971437642,1.090326461736325,0.06819388955798512
74619,Data Analyst I,15-2051.00,Data Scientists,Somerville,MA,622110,Y,1,I,74318,False,0,0.3,Data Analyst I || 15-2051.00 || Data Scientists,15-2051.00||MA||62||Y||I,11,81304.63636363637,83000.0,6986.636363636364,8682.0,9.401001592664446,11.682230415242605,1.0940100159266444,0.06333219699030822
19647,Senior Machine Learning Engineer,15-1252.00,Software Developers,Mountain View,CA,455219,Y,1,I,149365,True,1,0.95,Senior Machine Learning Engineer || 15-1252.00 || Software Developers,15-1252.00||CA||45||Y||I,11,217128.27272727274,160000.0,67763.27272727272,10635.0,45.36757120294094,7.120141934188063,1.4536757120294093,0.15387872832357485
87563,Assistant Vice President; Software Engineer II,15-1252.00,Software Developers,Jersey City,NJ,522110,Y,1,II,131997,False,0,0.1,Assistant Vice President; Software Engineer II || 15-1252.00 || Software Developers,15-1252.00||NJ||52||Y||II,11,116173.27272727272,125000.0,-15823.727272727272,-6997.0,-11.987944629595576,-5.300878050258718,0.8801205537040442,-0.15485509804889086
74968,Software Developer,15-1252.00,Software Developers,Austin,TX,541511,Y,1,I,90355,False,0,0.15,Software Developer || 15-1252.00 || Software Developers,15-1252.00||TX||54||Y||I,12,95035.08333333333,102500.0,4680.083333333333,12145.0,5.179661704757161,13.441425488351502,1.0517966170475717,0.01749703748146662
74758,Technical Program Management,17-2112.00,Industrial Engineers,Cupertino,CA,334111,Y,1,IV,170248,False,0,0.05,Technical Program Management || 17-2112.00 || Industrial Engineers,17-2112.00||CA||33||Y||IV,11,136795.54545454544,145000.0,-33452.454545454544,-25248.0,-19.649249650776834,-14.830130163056248,0.8035075034922318,-0.2477880321534525
31559,Senior Machine Learning Engineer,15-1252.00,Software Developers,San Jose,CA,51121,Y,1,III,226138,True,1,0.95,Senior Machine Learning Engineer || 15-1252.00 || Software Developers,15-1252.00||CA||51||Y||III,11,206128.27272727274,145000.0,-20009.727272727272,-81138.0,-8.848458584018287,-35.87986096985027,0.9115154141598172,-0.32851015882717954
106683,SMTS Silicon Design Engineer,15-1299.08,Computer Systems Engineers/Architects,Santa Clara,CA,334413,Y,1,IV,201323,False,0,0.05,SMTS Silicon Design Engineer || 15-1299.08 || Computer Systems Engineers/Architects,15-1299.08||CA||33||Y||IV,12,201333.33333333334,161500.0,10.333333333333334,-39823.0,0.005132713765108339,-19.78065099367683,1.0000513271376512,-0.23743804751861694
99134,Splunk Engineer,15-1252.00,Software Developers,Saint Augustine,FL,541511,Y,1,II,102752,False,0,0.1,Splunk Engineer || 15-1252.00 || Software Developers,15-1252.00||FL||54||Y||II,10,92187.6,89700.0,-10564.4,-13052.0,-10.28145437558393,-12.70242914979757,0.8971854562441607,-0.11974551156652194
85818,Software Engineer,15-1252.00,Software Developers,Mountain View,CA,541512,Y,1,II,187741,False,0,0.15,Software Engineer || 15-1252.00 || Software Developers,15-1252.00||CA||54||Y||II,11,194401.0,135000.0,6660.0,-52741.0,3.5474403566615718,-28.092425202805995,1.0354744035666157,-0.2518918810725982
115294,"Senior Manager, Data Science",15-2051.01,Business Intelligence Analysts,Bentonville,AR,455110,Y,1,III,113880,True,1,0.85,"Senior Manager, Data Science || 15-2051.01 || Business Intelligence Analysts",15-2051.01||AR||45||Y||III,9,124791.22222222222,135000.0,10911.222222222223,21120.0,9.58133317722359,18.545837723919917,1.0958133317722358,0.0762005689273357
42427,"Machine Learning Engineer, Risk Control - USDS",15-1252.00,Software Developers,San Jose,CA,519130,Y,1,III,226138,True,1,0.95,"Machine Learning Engineer, Risk Control - USDS || 15-1252.00 || Software Developers",15-1252.00||CA||51||Y||III,11,196501.0,139100.0,-29637.0,-87038.0,-13.105714209907227,-38.488887316594294,0.8689428579009277,-0.409267955295606
67833,"Senior Principal, People Technology",15-2051.01,Business Intelligence Analysts,San Francisco,CA,522291,Y,1,II,133952,False,0,0.15,"Senior Principal, People Technology || 15-2051.01 || Business Intelligence Analysts",15-2051.01||CA||52||Y||II,11,139263.63636363635,150000.0,5311.636363636364,16048.0,3.965328150110759,11.980410893454371,1.0396532815011075,-0.001616748733738566
91223,Software Developer,15-1252.00,Software Developers,Las Vegas,NV,541511,Y,1,II,110802,False,0,0.15,Software Developer || 15-1252.00 || Software Developers,15-1252.00||NV||54||Y||II,11,90011.0,90000.0,-20791.0,-20802.0,-18.764101731015685,-18.77402934965073,0.8123589826898432,-0.2332782498912584
67359,Senior Data Scientist,15-2031.00,Operations Research Analysts,Roxbury,MA,541611,Y,1,II,85654,True,1,0.85,Senior Data Scientist || 15-2031.00 || Operations Research Analysts,15-2031.00||MA||54||Y||II,9,120568.55555555556,125000.0,34914.555555555555,39346.0,40.76231764489172,45.935974969061576,1.4076231764489173,0.3266248267728289
50676,"Sr. Software Engineer, Machine Learning",15-1252.00,Software Developers,New York,NY,518210,Y,1,III,160805,True,1,0.95,"Sr. Software Engineer, Machine Learning || 15-1252.00 || Software Developers",15-1252.00||NY||51||Y||III,11,132828.27272727274,145000.0,-27976.727272727272,-15805.0,-17.39792125414463,-9.828674481514879,0.8260207874585537,-0.21698056575505847
6988,Machine Learning Researcher,15-1252.00,Software Developers,Seattle,WA,334111,Y,1,IV,212202,True,1,1.0,Machine Learning Researcher || 15-1252.00 || Software Developers,15-1252.00||WA||33||Y||IV,11,136659.18181818182,150000.0,-75542.81818181818,-62202.0,-35.599484539174085,-29.312636073175558,0.6440051546082592,-0.4669245346281757
75007,Data Scientist,15-2051.01,Business Intelligence Analysts,Norwood,MA,611710,Y,1,II,114088,True,1,0.85,Data Scientist || 15-2051.01 || Business Intelligence Analysts,15-2051.01||MA||61||Y||II,10,103704.9,107500.0,-10383.1,-6588.0,-9.100957155879673,-5.774489867470725,0.9089904284412033,-0.10785483659623676
17000,Senior Engineer,15-1252.00,Software Developers,Chicago,IL,522320,Y,1,IV,153317,False,0,0.1,Senior Engineer || 15-1252.00 || Software Developers,15-1252.00||IL||52||Y||IV,11,121159.0,130000.0,-32158.0,-23317.0,-20.974842972403582,-15.208359151300899,0.7902515702759643,-0.2542820049581913
236,Investigator,19-1029.01,Bioinformatics Scientists,Somerville,MA,622110,Y,1,III,88899,False,0,0.15,Investigator || 19-1029.01 || Bioinformatics Scientists,19-1029.01||MA||62||Y||III,11,104169.27272727272,115000.0,15270.272727272728,26101.0,17.17710292272436,29.360285267550815,1.1717710292272436,0.13899169949943643
116933,"Staff Engineer, Algorithm Development",15-1252.00,Software Developers,Livonia,MI,334413,Y,1,III,114691,True,1,0.85,"Staff Engineer, Algorithm Development || 15-1252.00 || Software Developers",15-1252.00||MI||33||Y||III,10,108686.0,112500.0,-6005.0,-2191.0,-5.235807517590744,-1.9103504198237002,0.9476419248240926,-0.07179537273314499
12097,Software Engineer II,15-1252.00,Software Developers,Redwood City,CA,332994,Y,1,II,161637,False,0,0.1,Software Engineer II || 15-1252.00 || Software Developers,15-1252.00||CA||33||Y||II,11,120419.18181818182,129000.0,-41217.818181818184,-32637.0,-25.50023706318367,-20.19154030327215,0.7449976293681634,-0.3328322752228654
76822,Senior Software Engineer II,15-1252,Software Developers,Sunnyvale,CA,54171,Y,1,II,187741,False,0,0.1,Senior Software Engineer II || 15-1252 || Software Developers,15-1252||CA||54||Y||II,11,132828.27272727274,135000.0,-54912.72727272727,-52741.0,-29.249192916159643,-28.092425202805995,0.7075080708384035,-0.37356401502500813
89423,Director of Engineering,11-3021.00,Computer and Information Systems Managers,San Jose,CA,541519,Y,1,II,248643,False,0,0.1,Director of Engineering || 11-3021.00 || Computer and Information Systems Managers,11-3021.00||CA||54||Y||II,11,239000.0,173000.0,-9643.0,-75643.0,-3.8782511472271497,-30.42233242037781,0.9612174885277285,-0.22955236352212485
37294,"Vice President, Model Risk Validator",15-2021.00,Mathematicians,New York,NY,523110,Y,1,IV,130645,True,1,0.85,"Vice President, Model Risk Validator || 15-2021.00 || Mathematicians",15-2021.00||NY||52||Y||IV,10,251354.1,182500.0,120709.1,51855.0,92.39473382065903,39.69153048337097,1.9239473382065904,0.47394603230947646
95500,Agent Engineer,15-1252.00,Software Developers,New York,NY,513210,Y,1,III,160805,True,1,0.85,Agent Engineer || 15-1252.00 || Software Developers,15-1252.00||NY||51||Y||III,10,112826.2,115000.0,-47978.8,-45805.0,-29.836634433008925,-28.484810795684215,0.7016336556699108,-0.3735155050670567
17823,Senior Principal AI Hardware Engineer,17-2061.00,Computer Hardware Engineers,San Jose,CA,33599,Y,1,IV,229590,True,1,0.85,Senior Principal AI Hardware Engineer || 17-2061.00 || Computer Hardware Engineers,17-2061.00||CA||33||Y||IV,10,275884.7,229423.5,46294.7,-166.5,20.1640750903785,-0.07252058016464069,1.201640750903785,0.002073918172721534
93317,Sr. Software Engineer,15-1252.00,Software Developers,Wesley Chapel,FL,444110,Y,1,III,123219,False,0,0.1,Sr. Software Engineer || 15-1252.00 || Software Developers,15-1252.00||FL||44||Y||III,10,107721.1,115000.0,-15497.9,-8219.0,-12.57752457007442,-6.670237544534528,0.8742247542992558,-0.1500308972368604
105218,"Manager, Enterprise Strategy and Development",15-2051.00,Data Scientists,Wellesley,MA,446110,Y,1,III,137946,False,0,0.1,"Manager, Enterprise Strategy and Development || 15-2051.00 || Data Scientists",15-2051.00||MA||44||Y||III,10,126582.1,135000.0,-11363.9,-2946.0,-8.237933684195264,-2.135618285416032,0.9176206631580474,-0.11236294299436392
75479,Chassis Controls Software Systems Engineer,15-1253.00,Software Quality Assurance Analysts and Testers,Dearborn,MI,33611,Y,1,IV,120411,False,0,0.05,Chassis Controls Software Systems Engineer || 15-1253.00 || Software Quality Assurance Analysts and Testers,15-1253.00||MI||33||Y||IV,11,106242.0,110000.0,-14169.0,-10411.0,-11.767197349079403,-8.646220029731502,0.8823280265092059,-0.13758796781991445
74380,Software Engineer Lead,15-1299.08,Computer Systems Engineers/Architects,San Jose,CA,513210,Y,1,III,181293,False,0,0.15,Software Engineer Lead || 15-1299.08 || Computer Systems Engineers/Architects,15-1299.08||CA||51||Y||III,11,207491.9090909091,150000.0,26198.909090909092,-31293.0,14.45114212402525,-17.26100842282934,1.1445114212402525,-0.098125194945556
116955,Senior Data Science Engineer,15-1252.00,Software Developers,New York,NY,541511,Y,1,II,123656,True,1,0.85,Senior Data Science Engineer || 15-1252.00 || Software Developers,15-1252.00||NY||54||Y||II,11,127710.09090909091,135000.0,4054.090909090909,11344.0,3.2785234109876664,9.17383709646115,1.0327852341098767,0.01036912007372334
77562,Forward Deployed Engineer,15-1252.00,Software Developers,Chicago,IL,513210,Y,1,IV,153317,False,0,0.1,Forward Deployed Engineer || 15-1252.00 || Software Developers,15-1252.00||IL||51||Y||IV,11,115028.18181818182,124000.0,-38288.818181818184,-29317.0,-24.973628613798983,-19.121819498163934,0.7502637138620102,-0.31343667018555155
28106,"Software Engineer, Machine Learning",15-1252.00,Software Developers,Palo Alto,CA,541512,Y,1,II,187741,True,1,0.95,"Software Engineer, Machine Learning || 15-1252.00 || Software Developers",15-1252.00||CA||54||Y||II,11,201128.27272727274,145000.0,13387.272727272728,-42741.0,7.130713444198514,-22.765938180791622,1.071307134441985,-0.17668185152229315
116015,Data Scientist,15-2051.00,Data Scientists,San Jose,CA,511210,Y,1,I,117291,True,1,0.85,Data Scientist || 15-2051.00 || Data Scientists,15-2051.00||CA||51||Y||I,12,129051.75,129000.0,11760.75,11709.0,10.026984167583189,9.982863135278922,1.1002698416758319,0.0730329049948651
107904,"Sr. Software Engineer, Machine Learning",15-1252.00,Software Developers,San Francisco,CA,541511,Y,1,III,180960,True,1,0.95,"Sr. Software Engineer, Machine Learning || 15-1252.00 || Software Developers",15-1252.00||CA||54||Y||III,11,214764.63636363635,160000.0,33804.63636363636,-20960.0,18.68072301261956,-11.582670203359859,1.1868072301261956,-0.04537901674537375
72583,Senior Staff/Manager Camera Software Engineer,15-1252.00,Software Developers,San Diego,CA,334220,Y,1,IV,184974,False,0,0.15,Senior Staff/Manager Camera Software Engineer || 15-1252.00 || Software Developers,15-1252.00||CA||33||Y||IV,11,205272.72727272726,150000.0,20298.727272727272,-34974.0,10.973827279902732,-18.907522138246456,1.1097382727990273,-0.13896775100251268
83606,Sr. Machine Learning Engineer,15-1252.00,Software Developers,Palo Alto,CA,519290,Y,1,II,187741,True,1,0.95,Sr. Machine Learning Engineer || 15-1252.00 || Software Developers,15-1252.00||CA||51||Y||II,11,207037.36363636365,155000.0,19296.363636363636,-32741.0,10.278183048116095,-17.439451158777253,1.102781830481161,-0.13658941784781511
109130,Senior Perception Software Engineer,15-1252.00,Software Developers,Chelsea,MA,541330,Y,1,III,147846,True,1,0.85,Senior Perception Software Engineer || 15-1252.00 || Software Developers,15-1252.00||MA||54||Y||III,10,133167.7,137050.0,-14678.3,-10796.0,-9.928100861707453,-7.302192822261001,0.9007189913829254,-0.12450510424684999
18594,"Senior Software Engineer, Full Stack - Core Services",15-1252.00,Software Developers,Morrisville,NC,541714,Y,1,II,116709,False,0,0.1,"Senior Software Engineer, Full Stack - Core Services || 15-1252.00 || Software Developers",15-1252.00||NC||54||Y||II,10,113629.2,120000.0,-3079.8,3291.0,-2.638871038223273,2.819833945968177,0.9736112896177673,-0.04553377435364059
94962,Machine Learning Engineer,15-1252.00,Software Developers,San Francisco,CA,51321,Y,1,IV,213512,True,1,0.95,Machine Learning Engineer || 15-1252.00 || Software Developers,15-1252.00||CA||51||Y||IV,11,211582.81818181818,160000.0,-1929.1818181818182,-53512.0,-0.9035472564454572,-25.062759938551462,0.9909645274355454,-0.23278344351482472
105541,Staff Software Engineer,15-1252.00,Software Developers,Coral Gables,FL,522310,Y,1,IV,165547,False,0,0.1,Staff Software Engineer || 15-1252.00 || Software Developers,15-1252.00||FL||52||Y||IV,10,122585.8,132579.0,-42961.2,-32968.0,-25.951059215811824,-19.914586190024586,0.7404894078418818,-0.32183685416462743
77964,Data Scientist,15-2031.00,Operations Research Analysts,San Jose,CA,519290,Y,1,IV,147742,True,1,0.85,Data Scientist || 15-2031.00 || Operations Research Analysts,15-2031.00||CA||51||Y||IV,11,128528.27272727272,135000.0,-19213.727272727272,-12742.0,-13.004918894239466,-8.62449405043928,0.8699508110576054,-0.16194152537884013
54751,Data Scientist,15-1252.00,Software Developers,Raleigh,NC,541512,Y,1,I,91707,True,1,0.85,Data Scientist || 15-1252.00 || Software Developers,15-1252.00||NC||54||Y||I,12,104103.58333333333,113521.5,12396.583333333334,21814.5,13.517597711552371,23.787170008832476,1.1351759771155236,0.0937521529482009
12694,Senior Data Scientist,15-2031.00,Operations Research Analysts,Redmond,WA,541512,Y,1,III,110822,True,1,0.85,Senior Data Scientist || 15-2031.00 || Operations Research Analysts,15-2031.00||WA||54||Y||III,11,196062.27272727274,135000.0,85240.27272727272,24178.0,76.91638188019773,21.816967750085723,1.7691638188019774,0.308831376210738
38915,Data Scientist II,15-2051.00,Data Scientists,New York,NY,519290,Y,1,III,139506,True,1,0.85,Data Scientist II || 15-2051.00 || Data Scientists,15-2051.00||NY||51||Y||III,10,117892.2,125000.0,-21613.8,-14506.0,-15.493097071093718,-10.398119077315672,0.8450690292890629,-0.1869625130432338
34766,Generative Artificial Intelligence Engineer,15-1252.00,Software Developers,Richardson,TX,541511,Y,1,II,112923,True,1,0.98,Generative Artificial Intelligence Engineer || 15-1252.00 || Software Developers,15-1252.00||TX||54||Y||II,10,113330.6,120000.0,407.6,7077.0,0.36095392435553464,6.26710236178635,1.0036095392435553,-0.01556131542373702
65924,Staff Machine Learning Engineer,15-1252.00,Software Developers,Seattle,WA,455219,Y,1,III,180710,True,1,0.95,Staff Machine Learning Engineer || 15-1252.00 || Software Developers,15-1252.00||WA||45||Y||III,10,132761.1,137000.0,-47948.9,-43710.0,-26.53361739804106,-24.18792540534558,0.7346638260195893,-0.33139001524467027
8551,Engagement Manager & Team Lead,15-2031.00,Operations Research Analysts,San Jose,CA,541511,Y,1,III,125694,False,0,0.1,Engagement Manager & Team Lead || 15-2031.00 || Operations Research Analysts,15-2031.00||CA||54||Y||III,11,117738.27272727272,125000.0,-7955.727272727273,-694.0,-6.329440763065279,-0.5521345489840406,0.9367055923693471,-0.1001687990444137
116675,Program Manager,17-2112.00,Industrial Engineers,Santa Clara,CA,334111,Y,25,IV,166962,False,0,0.05,Program Manager || 17-2112.00 || Industrial Engineers,17-2112.00||CA||33||Y||IV,10,136354.8,135000.0,-30607.2,-31962.0,-18.33183598663169,-19.143278111186977,0.8166816401336832,-0.21440811518207106
107967,"Senior Machine Learning Engineer, Trust & Safety",15-1252.00,Software Developers,New York,NY,541613,Y,1,III,151819,True,1,0.95,"Senior Machine Learning Engineer, Trust & Safety || 15-1252.00 || Software Developers",15-1252.00||NY||54||Y||III,11,203401.0,150000.0,51582.0,-1819.0,33.975984560562246,-1.1981372555477245,1.3397598456056226,0.05293074000243743
85019,Senior Strategy Consultant,15-2051.00,Data Scientists,New York,NY,54151,Y,1,IV,169541,False,0,0.1,Senior Strategy Consultant || 15-2051.00 || Data Scientists,15-2051.00||NY||54||Y||IV,11,138746.45454545456,144511.0,-30794.545454545456,-25030.0,-18.163479898399476,-14.7633905662937,0.8183652010160053,-0.21451101500495506
42202,"Technical Program Manager, AI Infra",15-1299.09,Information Technology Project Managers,Bellevue,WA,519290,Y,1,IV,167024,True,1,0.85,"Technical Program Manager, AI Infra || 15-1299.09 || Information Technology Project Managers",15-1299.09||WA||51||Y||IV,10,148470.0,157500.0,-18554.0,-9524.0,-11.108583197624295,-5.702174537790976,0.8889141680237571,-0.13534372539076678
84206,Data Science Manager,11-3021.00,Computer and Information Systems Managers,New York,NY,519290,Y,1,III,223642,True,1,0.85,Data Science Manager || 11-3021.00 || Computer and Information Systems Managers,11-3021.00||NY||51||Y||III,9,147077.77777777778,155000.0,-76564.22222222222,-68642.0,-34.235171489354514,-30.692803677305694,0.6576482851064549,-0.44174320650862264
32412,TECHNICAL PRODUCT ANALYST,15-2051.00,Data Scientists,Raritan,NJ,541511,Y,1,II,109491,False,0,0.15,TECHNICAL PRODUCT ANALYST || 15-2051.00 || Data Scientists,15-2051.00||NJ||54||Y||II,11,89412.54545454546,90000.0,-20078.454545454544,-19491.0,-18.337995401863665,-17.801463133956215,0.8166200459813634,-0.22569257593919934
72183,Postdoctoral Research Associate,19-1029.01,Bioinformatics Scientists,Denton,TX,611310,Y,1,I,41912,False,0,0.15,Postdoctoral Research Associate || 19-1029.01 || Bioinformatics Scientists,19-1029.01||TX||61||Y||I,11,69585.72727272728,62351.0,27673.727272727272,20439.0,66.02817158028076,48.76646306547051,1.6602817158028076,0.46572537227746175
58419,Model Validation 2nd LOD Lead Analyst,15-2041.00,Statisticians,Tampa,FL,522110,Y,1,II,101712,False,0,0.15,Model Validation 2nd LOD Lead Analyst || 15-2041.00 || Statisticians,15-2041.00||FL||52||Y||II,11,97676.27272727272,98000.0,-4035.7272727272725,-3712.0,-3.967798561356844,-3.6495202139373917,0.9603220143864316,-0.05761377470723097
20019,Software Engineer,15-1252.00,Software Developers,Folsom,CA,3344,Y,1,II,124592,False,0,0.15,Software Engineer || 15-1252.00 || Software Developers,15-1252.00||CA||33||Y||II,11,104935.18181818182,115000.0,-19656.81818181818,-9592.0,-15.77695051192547,-7.698728650314627,0.8422304948807452,-0.2127725113197582
35757,"Cloud Security Engineer, Specialist",15-1243.00,Database Architects,Huntersville,NC,525910,Y,1,IV,156166,False,0,0.05,"Cloud Security Engineer, Specialist || 15-1243.00 || Database Architects",15-1243.00||NC||52||Y||IV,11,118168.54545454546,125000.0,-37997.454545454544,-31166.0,-24.331451497415916,-19.95696886646261,0.7566854850258409,-0.29487254805474966
44409,Software Development Engineering,15-1252.00,Software Developers,Seattle,WA,334111,Y,1,IV,212202,False,0,0.15,Software Development Engineering || 15-1252.00 || Software Developers,15-1252.00||WA||33||Y||IV,11,128419.18181818182,131411.0,-83782.81818181818,-80791.0,-39.48257706422097,-38.07268546008049,0.6051742293577903,-0.5227382416080222
53382,"Sr. AI Architect, IT",15-1299.08,Computer Systems Engineers/Architects,Brentwood,TN,44422,Y,1,IV,93850,True,1,0.95,"Sr. AI Architect, IT || 15-1299.08 || Computer Systems Engineers/Architects",15-1299.08||TN||44||Y||IV,10,134474.3,141500.0,40624.3,47650.0,43.28641449120938,50.77250932338839,1.4328641449120938,0.3481392356017494
75573,Applications Consultant 3,15-1252.00,Software Developers,Alpharetta,GA,541512,Y,1,III,130707,False,0,0.1,Applications Consultant 3 || 15-1252.00 || Software Developers,15-1252.00||GA||54||Y||III,10,106404.0,115000.0,-24303.0,-15707.0,-18.593495375152056,-12.016953950438767,0.8140650462484794,-0.22012958421844891
30381,Gen AI  Developer,15-1252.00,Software Developers,Irving,TX,541511,Y,1,I,90896,True,1,0.95,Gen AI Developer || 15-1252.00 || Software Developers,15-1252.00||TX||54||Y||I,11,106832.90909090909,118919.0,15936.90909090909,28023.0,17.533124769966875,30.82973948248548,1.175331247699669,0.1256387270338599
37491,Staff Machine Learning Engineer - Platform,15-1252.00,Software Developers,Lynnwood,WA,541214,Y,1,IV,212202,True,1,0.95,Staff Machine Learning Engineer - Platform || 15-1252.00 || Software Developers,15-1252.00||WA||54||Y||IV,11,129873.72727272728,140000.0,-82328.27272727272,-72202.0,-38.797123838263886,-34.02512700163052,0.6120287616173612,-0.5249562706350236
81815,AI Leader,41-9031.00,Sales Engineers,Plano,TX,541511,Y,1,IV,147285,True,1,0.95,AI Leader || 41-9031.00 || Sales Engineers,41-9031.00||TX||54||Y||IV,9,137082.55555555556,135000.0,-10202.444444444445,-12285.0,-6.927008483175099,-8.340971585701192,0.930729915168249,-0.09355877027524803
53745,Sr. Manager Innovation DBSL and AI,17-2112.00,Industrial Engineers,Irvine,CA,334513,Y,1,IV,140774,True,1,0.85,Sr. Manager Innovation DBSL and AI || 17-2112.00 || Industrial Engineers,17-2112.00||CA||33||Y||IV,11,139258.9090909091,150000.0,-1515.090909090909,9226.0,-1.0762576250521472,6.553767030843764,0.9892374237494785,-0.04464217891191344
42672,Sr. Embedded Software Engineer ADAS/AD,15-1253.00,Software Quality Assurance Analysts and Testers,Southfield,MI,336110,Y,1,IV,120411,True,1,0.85,Sr. Embedded Software Engineer ADAS/AD || 15-1253.00 || Software Quality Assurance Analysts and Testers,15-1253.00||MI||33||Y||IV,9,121206.0,125000.0,795.0,4589.0,0.6602386825123953,3.8111136025778376,1.006602386825124,-0.0035376170453965804
117930,Senior Cloud Software Engineer - KBGFJG131856-4,15-1252.00,Software Developers,San Diego,CA,541513,Y,1,II,126880,False,0,0.1,Senior Cloud Software Engineer - KBGFJG131856-4 || 15-1252.00 || Software Developers,15-1252.00||CA||54||Y||II,11,119556.45454545454,125000.0,-7323.545454545455,-1880.0,-5.772025106041499,-1.4817150063051703,0.942279748939585,-0.09376447618621113
97685,"SENIOR CONSULTANT II, DATA & AI",15-1252.00,Software Developers,NEW YORK,NY,541511,Y,1,III,160805,True,1,0.85,"SENIOR CONSULTANT II, DATA & AI || 15-1252.00 || Software Developers",15-1252.00||NY||54||Y||III,10,133012.1,135000.0,-27792.9,-25805.0,-17.283604365535897,-16.04738658623799,0.827163956344641,-0.20624946866058788
118329,ADAS Software Engineer,15-1252.00,Software Developers,Dearborn,MI,33611,Y,1,III,114691,True,1,0.85,ADAS Software Engineer || 15-1252.00 || Software Developers,15-1252.00||MI||33||Y||III,10,106083.8,112500.0,-8607.2,-2191.0,-7.504686505479941,-1.9103504198237002,0.9249531349452006,-0.0949518006479531
5972,Data Scientist,15-2051.01,Business Intelligence Analysts,Menlo Park,CA,519290,Y,1,IV,194834,True,1,0.85,Data Scientist || 15-2051.01 || Business Intelligence Analysts,15-2051.01||CA||51||Y||IV,12,132842.58333333334,135000.0,-61991.416666666664,-59834.0,-31.817555799637983,-30.710245645010623,0.6818244420036201,-0.4050013123331134
99208,Machine Learning Engineering Technical Leader,15-1252.00,Software Developers,Milpitas,CA,334111,Y,10,III,226138,True,1,0.95,Machine Learning Engineering Technical Leader || 15-1252.00 || Software Developers,15-1252.00||CA||33||Y||III,10,221091.1,158000.0,-5046.9,-68138.0,-2.231778825319053,-30.13115884990581,0.9776822117468095,-0.24398926095703272
40804,"Lecturer, Computer and Information Sciences",25-1021.00,"Computer Science Teachers, Postsecondary",Bronx,NY,611310,Y,1,I,65250,False,0,0.15,"Lecturer, Computer and Information Sciences || 25-1021.00 || Computer Science Teachers, Postsecondary",25-1021.00||NY||61||Y||I,11,84369.36363636363,85000.0,19119.363636363636,19750.0,29.30170672239638,30.268199233716476,1.2930170672239638,0.22270024829195023
75181,Engagement Manager,15-2041.00,Statisticians,Foster City,CA,54161,Y,1,III,139901,False,0,0.1,Engagement Manager || 15-2041.00 || Statisticians,15-2041.00||CA||54||Y||III,10,123121.1,123000.0,-16779.9,-16901.0,-11.994124416551703,-12.08068562769387,0.880058755834483,-0.14358900979270323
98058,Chief Technology Officer,15-2051.00,Data Scientists,San Francisco,CA,541519,Y,1,II,133952,False,0,0.1,Chief Technology Officer || 15-2051.00 || Data Scientists,15-2051.00||CA||54||Y||II,9,272005.22222222225,198047.0,138053.22222222222,64095.0,103.06171033073207,47.849229574773055,2.030617103307321,0.5253172193984762
72167,Project Delivery Specialist,15-2031.00,Operations Research Analysts,Nashville,TN,541611,Y,3,II,65291,False,0,0.1,Project Delivery Specialist || 15-2031.00 || Operations Research Analysts,15-2031.00||TN||54||Y||II,10,89788.8,85000.0,24497.8,19709.0,37.52094469375565,30.1863962873903,1.3752094469375564,0.3041296667894283
67968,GIS Engineer,15-2051.00,Data Scientists,Redlands,CA,513210,Y,1,I,64626,False,0,0.15,GIS Engineer || 15-2051.00 || Data Scientists,15-2051.00||CA||51||Y||I,12,100834.25,102500.0,36208.25,37874.0,56.027372883978586,58.604895862346424,1.5602737288397857,0.41060527307068284
72519,"Director, Robotics",11-9041.00,Architectural and Engineering Managers,San Francisco,CA,518210,Y,1,IV,249205,True,1,0.85,"Director, Robotics || 11-9041.00 || Architectural and Engineering Managers",11-9041.00||CA||51||Y||IV,11,249740.72727272726,180000.0,535.7272727272727,-69205.0,0.21497452809023798,-27.770309584478643,1.0021497452809023,-0.1832627447844713
6232,Observability Engineer,15-2051.00,Data Scientists,Conroe,TX,54151,Y,1,II,89378,False,0,0.15,Observability Engineer || 15-2051.00 || Data Scientists,15-2051.00||TX||54||Y||II,11,102482.36363636363,98000.0,13104.363636363636,8622.0,14.66173290559605,9.646669202712078,1.1466173290559605,0.11800550583061309
10269,Product Management,15-1299.09,Information Technology Project Managers,Mountain View,CA,513210,Y,1,III,181293,False,0,0.1,Product Management || 15-1299.09 || Information Technology Project Managers,15-1299.09||CA||51||Y||III,10,214491.1,142500.0,33198.1,-38793.0,18.311848775187133,-21.397958001687876,1.1831184877518715,-0.06852994628352001
42519,"Senior Software Engineer, SAFE",15-1252.00,Software Developers,San Francisco,CA,52231,Y,1,II,161637,False,0,0.1,"Senior Software Engineer, SAFE || 15-1252.00 || Software Developers",15-1252.00||CA||52||Y||II,11,138737.36363636365,145000.0,-22899.636363636364,-16637.0,-14.16732330075191,-10.292816619957064,0.8583267669924809,-0.18295952159519258
57353,Machine Learning Engineer,15-1252.00,Software Developers,Mountain View,CA,513210,Y,1,II,187741,True,1,0.95,Machine Learning Engineer || 15-1252.00 || Software Developers,15-1252.00||CA||51||Y||II,11,200219.18181818182,135000.0,12478.181818181818,-52741.0,6.646487351288115,-28.092425202805995,1.0664648735128812,-0.1831781209752153
85098,"Product Manager, IT",15-1221.00,Computer and Information Research Scientists,Antioch,CA,458110,Y,1,I,96678,False,0,0.1,"Product Manager, IT || 15-1221.00 || Computer and Information Research Scientists",15-1221.00||CA||45||Y||I,11,117026.09090909091,123000.0,20348.090909090908,26322.0,21.047281603974955,27.2264631043257,1.2104728160397495,0.13891189955689257
37736,"Software Engineering Manager, Machine Learning",11-3021.00,Computer and Information Systems Managers,Menlo Park,CA,519290,Y,1,III,237682,True,1,0.95,"Software Engineering Manager, Machine Learning || 11-3021.00 || Computer and Information Systems Managers",11-3021.00||CA||51||Y||III,10,259384.7,208423.5,21702.7,-29258.5,9.130981731893877,-12.309935123400173,1.0913098173189388,-0.0710272671436277
108640,AI & Software Engineer III,15-1252.00,Software Developers,Dallas,TX,541613,Y,1,II,105997,True,1,0.85,AI & Software Engineer III || 15-1252.00 || Software Developers,15-1252.00||TX||54||Y||II,11,111525.72727272728,115000.0,5528.727272727273,9003.0,5.215928066574783,8.493636612356953,1.0521592806657478,0.03601462039344951
61474,Software Engineer,15-1252.00,Software Developers,Sunnyvale,CA,3342,Y,1,II,187741,False,0,0.15,Software Engineer || 15-1252.00 || Software Developers,15-1252.00||CA||33||Y||II,11,118464.63636363637,115000.0,-69276.36363636363,-72741.0,-36.899965184143916,-38.74539924683474,0.6310003481585608,-0.505500310703388
69525,Artificial Intelligence & Machine Learning [00079299],15-1252.00,Software Developers,Bryan,TX,522110,Y,1,II,90002,True,1,0.95,Artificial Intelligence & Machine Learning [00079299] || 15-1252.00 || Software Developers,15-1252.00||TX||52||Y||II,11,91465.54545454546,95000.0,1463.5454545454545,4998.0,1.6261254800398377,5.5532099286682515,1.0162612548003984,0.005326059091336271
30551,Staff Backend Engineer II,15-1252.00,Software Developers,Mountain View,CA,455219,Y,5,IV,264514,False,0,0.1,Staff Backend Engineer II || 15-1252.00 || Software Developers,15-1252.00||CA||45||Y||IV,11,209991.9090909091,160000.0,-54522.09090909091,-104514.0,-20.612175880706094,-39.51170826496896,0.7938782411929391,-0.46711291919705594
79978,Senior Software Engineer,15-1252.00,Software Developers,San Francisco,CA,513210,Y,1,III,187574,False,0,0.1,Senior Software Engineer || 15-1252.00 || Software Developers,15-1252.00||CA||51||Y||III,11,205673.72727272726,145000.0,18099.727272727272,-42574.0,9.649379590309573,-22.697175514730187,1.0964937959030958,-0.144844310124886
20303,Structural and Dynamic Systems Tech Advisor - Experimental,17-2112.00,Industrial Engineers,Seymour,IN,3336,Y,1,III,90896,False,0,0.05,Structural and Dynamic Systems Tech Advisor - Experimental || 17-2112.00 || Industrial Engineers,17-2112.00||IN||33||Y||III,9,87024.55555555556,85900.0,-3871.4444444444443,-4996.0,-4.259202214007706,-5.496391480373174,0.9574079778599229,-0.05328616709502043
34073,Solutions Architect,15-1299.00,"Computer Occupations, All Other",Princeton,NJ,541511,Y,1,II,94682,False,0,0.15,"Solutions Architect || 15-1299.00 || Computer Occupations, All Other",15-1299.00||NJ||54||Y||II,10,117967.2,129486.0,23285.2,34804.0,24.593058870746287,36.75883483661097,1.245930588707463,0.19393653919049852
20183,"Sr Mgr, Digital Merchandising",15-2051.00,Data Scientists,Franklin,MA,524114,Y,1,IV,161803,False,0,0.15,"Sr Mgr, Digital Merchandising || 15-2051.00 || Data Scientists",15-2051.00||MA||52||Y||IV,9,138104.77777777778,145000.0,-23698.222222222223,-16803.0,-14.646342912197067,-10.384850713521999,0.8535365708780293,-0.17359730500291862
88783,Senior Machine Learning Engineer,15-1252.00,Software Developers,Kirkland,WA,51121,Y,1,IV,212202,True,1,0.95,Senior Machine Learning Engineer || 15-1252.00 || Software Developers,15-1252.00||WA||51||Y||IV,11,211818.18181818182,160000.0,-383.8181818181818,-52202.0,-0.18087396999942873,-24.600145144720596,0.9981912603000057,-0.23251388934374118
70991,Senior Product Data Scientist,15-2051.00,Data Scientists,Menlo Park,CA,511210,Y,1,IV,194834,True,1,0.85,Senior Product Data Scientist || 15-2051.00 || Data Scientists,15-2051.00||CA||51||Y||IV,11,217401.0,164911.0,22567.0,-29923.0,11.582680640955891,-15.358202367143312,1.115826806409559,-0.1132768049002541
54780,Software Engineer,15-2051.00,Data Scientists,Philadelphia,PA,488190,Y,1,III,118082,True,1,0.95,Software Engineer || 15-2051.00 || Data Scientists,15-2051.00||PA||48||Y||III,12,104684.58333333333,112500.0,-13397.416666666666,-5582.0,-11.345858527689797,-4.727223454887282,0.886541414723102,-0.15150452297563932
73194,QA AI ENGINEER,15-1253.00,Software Quality Assurance Analysts and Testers,Aurora,IL,541511,Y,1,II,88088,True,1,0.85,QA AI ENGINEER || 15-1253.00 || Software Quality Assurance Analysts and Testers,15-1253.00||IL||54||Y||II,10,95084.0,95000.0,6996.0,6912.0,7.942057942057941,7.846698755789665,1.0794205794205793,0.06488229733319476
49836,Staff AI/ML Engineer,15-1252.00,Software Developers,Salt Lake City,UT,541613,Y,1,III,128440,True,1,1.0,Staff AI/ML Engineer || 15-1252.00 || Software Developers,15-1252.00||UT||54||Y||III,10,119530.6,130247.5,-8909.4,1807.5,-6.936624104640299,1.4072718779196511,0.9306337589535971,-0.08695230462553916
109754,Engineering Manager,11-3021.00,Computer and Information Systems Managers,San Diego,CA,334111,Y,1,II,166691,False,0,0.1,Engineering Manager || 11-3021.00 || Computer and Information Systems Managers,11-3021.00||CA||33||Y||II,11,130328.27272727272,135000.0,-36362.72727272727,-31691.0,-21.81445145372412,-19.011824273656046,0.7818554854627588,-0.274587014769612
87419,Data Scientist,15-2051.00,Data Scientists,Menlo Park,CA,519290,Y,25,II,133952,True,1,0.85,Data Scientist || 15-2051.00 || Data Scientists,15-2051.00||CA||51||Y||II,10,214591.7,139708.5,80639.7,5756.5,60.200444935499284,4.2974349020544675,1.6020044493549928,0.1581168454621748
3550,Senior Machine Learning Engineer,15-1252.00,Software Developers,SAN FRANCISCO,CA,518210,Y,1,II,161637,True,1,0.95,Senior Machine Learning Engineer || 15-1252.00 || Software Developers,15-1252.00||CA||51||Y||II,10,219991.1,157500.0,58354.1,-4137.0,36.10194448053354,-2.559438742367156,1.3610194448053352,0.08414173816118123
89205,Principal Risk Process Improvement,15-2031.00,Operations Research Analysts,Riverwoods,IL,522210,Y,1,IV,124301,False,0,0.15,Principal Risk Process Improvement || 15-2031.00 || Operations Research Analysts,15-2031.00||IL||52||Y||IV,10,129649.8,135000.0,5348.8,10699.0,4.30310295170594,8.607332201671749,1.0430310295170595,0.03073309887348401
38256,"Senior Manager, IS Assurance",11-3021.00,Computer and Information Systems Managers,New York,NY,54121,Y,1,II,186056,False,0,0.05,"Senior Manager, IS Assurance || 11-3021.00 || Computer and Information Systems Managers",11-3021.00||NY||54||Y||II,12,133058.33333333334,140000.0,-52997.666666666664,-46056.0,-28.484793108884777,-24.753837554284733,0.7151520689111521,-0.36182054392560553
67817,Senior Staff Software Engineer,15-1252.00,Software Developers,Georgetown,TX,513210,Y,1,III,139152,False,0,0.1,Senior Staff Software Engineer || 15-1252.00 || Software Developers,15-1252.00||TX||51||Y||III,10,125974.7,135000.0,-13177.3,-4152.0,-9.469716568931815,-2.983787512935495,0.9053028343106819,-0.12528629236818567
97317,Senior Engineer,15-1252.00,Software Developers,San Diego,CA,423690,Y,20,III,157581,False,0,0.1,Senior Engineer || 15-1252.00 || Software Developers,15-1252.00||CA||42||Y||III,10,123082.1,132500.0,-34498.9,-25081.0,-21.892804335548067,-15.91625893984681,0.7810719566445193,-0.2840973435648692
69949,Software Engineer - Sr. Consultant level,15-1252.00,Software Developers,Austin,TX,522320,Y,1,IV,163550,False,0,0.1,Software Engineer - Sr. Consultant level || 15-1252.00 || Software Developers,15-1252.00||TX||52||Y||IV,11,126044.72727272728,135000.0,-37505.27272727273,-28550.0,-22.93199188460576,-17.45643534087435,0.7706800811539424,-0.2807474550573486
86601,Senior Machine Learning Engineer,15-1252.00,Software Developers,Milpitas,CA,334220,Y,1,II,187741,True,1,0.95,Senior Machine Learning Engineer || 15-1252.00 || Software Developers,15-1252.00||CA||33||Y||II,11,201128.27272727274,135000.0,13387.272727272728,-52741.0,7.130713444198514,-28.092425202805995,1.071307134441985,-0.175518089737239
45463,"Senior Manager, ERP Platforms",11-3021.00,Computer and Information Systems Managers,San Diego,CA,334220,Y,1,II,166026,False,0,0.05,"Senior Manager, ERP Platforms || 11-3021.00 || Computer and Information Systems Managers",11-3021.00||CA||33||Y||II,11,135431.18181818182,145000.0,-30594.81818181818,-21026.0,-18.427727092032683,-12.664281498078614,0.8157227290796732,-0.23394249357497865
67428,Data Scientist,15-2031.00,Operations Research Analysts,Jersey City,NJ,541611,Y,1,I,68869,True,1,0.85,Data Scientist || 15-2031.00 || Operations Research Analysts,15-2031.00||NJ||54||Y||I,11,103890.54545454546,115000.0,35021.545454545456,46131.0,50.852408855283876,66.98369367930418,1.508524088552839,0.3751719264317448
38181,Sr Data Scientist,15-2051.00,Data Scientists,Chicago,IL,541890,Y,1,IV,142210,True,1,0.95,Sr Data Scientist || 15-2051.00 || Data Scientists,15-2051.00||IL||54||Y||IV,11,125791.90909090909,135000.0,-16418.090909090908,-7210.0,-11.544962315653548,-5.06996695028479,0.8845503768434646,-0.1392523205692828
21347,Model Governance Manager- Trade Surveillance,15-2031.00,Operations Research Analysts,Chicago,IL,523150,Y,1,IV,124301,True,1,0.85,Model Governance Manager- Trade Surveillance || 15-2031.00 || Operations Research Analysts,15-2031.00||IL||52||Y||IV,12,121895.25,133021.5,-2405.75,8720.5,-1.9354228847716428,7.015631410849471,0.9806457711522837,-0.04218156885751142
74336,Technical Information Systems Advisor,15-1252.00,Software Developers,COLUMBUS,IN,3336,Y,1,IV,112736,False,0,0.1,Technical Information Systems Advisor || 15-1252.00 || Software Developers,15-1252.00||IN||33||Y||IV,10,98292.1,102000.0,-14443.9,-10736.0,-12.812145188759581,-9.52313369287539,0.8718785481124043,-0.1439522184126197
45232,Data Science Manager,11-3021.00,Computer and Information Systems Managers,Bellevue,WA,519290,Y,1,III,242320,True,1,0.85,Data Science Manager || 11-3021.00 || Computer and Information Systems Managers,11-3021.00||WA||51||Y||III,9,229434.55555555556,160000.0,-12885.444444444445,-82320.0,-5.317532372253401,-33.97160779135028,0.946824676277466,-0.28713144995738227
93070,Machine Learning Engineer,15-1252.00,Software Developers,Mesa,AZ,51821,Y,1,III,134514,True,1,0.95,Machine Learning Engineer || 15-1252.00 || Software Developers,15-1252.00||AZ||51||Y||III,11,109249.90909090909,115000.0,-25264.090909090908,-19514.0,-18.781755734786646,-14.507040159388614,0.8121824426521336,-0.22360971851963415
64511,Program Manager,15-1299.09,Information Technology Project Managers,Raritan,NJ,541511,Y,1,III,126818,False,0,0.1,Program Manager || 15-1299.09 || Information Technology Project Managers,15-1299.09||NJ||54||Y||III,10,110767.9,115000.0,-16050.1,-11818.0,-12.656010976359823,-9.318866406976927,0.8734398902364017,-0.1555456449158598
5252,Software Engineer,15-1252.00,Software Developers,Menlo Park,CA,519290,Y,1,IV,213512,False,0,0.15,Software Engineer || 15-1252.00 || Software Developers,15-1252.00||CA||51||Y||IV,11,206310.0909090909,155000.0,-7201.909090909091,-58512.0,-3.3730699402886475,-27.40454869047173,0.9662693005971136,-0.2887668442290263
30763,Staff Machine Learning Engineer,15-1252.00,Software Developers,Mountain View,CA,455219,Y,10,III,226138,True,1,0.95,Staff Machine Learning Engineer || 15-1252.00 || Software Developers,15-1252.00||CA||45||Y||III,10,216491.1,157500.0,-9646.9,-68638.0,-4.2659349600686305,-30.352262777595982,0.9573406503993137,-0.28228562790464107
116050,Staff GPU Engineer,17-2072.00,"Electronics Engineers, Except Computer",Santa Clara,CA,334220,Y,1,III,178006,True,1,0.85,"Staff GPU Engineer || 17-2072.00 || Electronics Engineers, Except Computer",17-2072.00||CA||33||Y||III,11,199897.9090909091,145000.0,21891.909090909092,-33006.0,12.29841077879908,-18.542071615563522,1.1229841077879907,-0.14298291959885293
14790,Senior Machine Learning Engineer,15-1252.00,Software Developers,Seattle,WA,519290,Y,1,IV,212202,True,1,0.95,Senior Machine Learning Engineer || 15-1252.00 || Software Developers,15-1252.00||WA||51||Y||IV,11,212128.27272727274,150000.0,-73.72727272727273,-62202.0,-0.034743910390699545,-29.312636073175558,0.999652560896093,-0.22213970264662306
96150,Programmer Analyst II (Bioinformatics),19-1029.01,Bioinformatics Scientists,Pineville,NC,5417,Y,1,III,91853,True,1,0.85,Programmer Analyst II (Bioinformatics) || 19-1029.01 || Bioinformatics Scientists,19-1029.01||NC||54||Y||III,9,91527.0,95000.0,-326.0,3147.0,-0.35491491840223005,3.4261265282571065,0.9964508508159776,-0.008913260708722288
51352,Principal AI Engineer,15-2041.00,Statisticians,Jersey City,NJ,541511,Y,1,IV,175781,True,1,0.95,Principal AI Engineer || 15-2041.00 || Statisticians,15-2041.00||NJ||54||Y||IV,9,242561.22222222222,163000.0,66780.22222222222,-12781.0,37.99058045080084,-7.270979229837127,1.3799058045080084,0.11586358439337038
15081,Staff Software Engineer,15-1252.00,Software Developers,Austin,TX,444110,Y,1,IV,163550,False,0,0.1,Staff Software Engineer || 15-1252.00 || Software Developers,15-1252.00||TX||44||Y||IV,11,121482.36363636363,134111.0,-42067.63636363636,-29439.0,-25.721575275840028,-18.0,0.7427842472415996,-0.3279562402889613
66248,Senior Associate Data Scientist,15-2051.00,Data Scientists,Jersey City,NJ,524126,Y,1,II,109491,True,1,0.85,Senior Associate Data Scientist || 15-2051.00 || Data Scientists,15-2051.00||NJ||52||Y||II,9,119479.0,120000.0,9988.0,10509.0,9.12221095797828,9.598049154725047,1.0912221095797827,0.07337900655581385
24216,"Vice President, Senior Principal Software Engineer",15-1252.00,Software Developers,NEW YORK,NY,523110,Y,1,IV,189592,False,0,0.1,"Vice President, Senior Principal Software Engineer || 15-1252.00 || Software Developers",15-1252.00||NY||52||Y||IV,10,273484.7,208923.5,83892.7,19331.5,44.24907169078864,10.196369045107389,1.4424907169078864,0.1959999993649415
67698,Senior Manager,11-3021.00,Computer and Information Systems Managers,Dallas,TX,541611,Y,1,II,151507,False,0,0.15,Senior Manager || 11-3021.00 || Computer and Information Systems Managers,11-3021.00||TX||54||Y||II,11,128158.45454545454,135000.0,-23348.545454545456,-16507.0,-15.410869104757836,-10.89520616209152,0.8458913089524217,-0.19397402312225476
116071,Software Developers,15-1252.00,Software Developers,LA PALMA,CA,541511,Y,1,I,102357,False,0,0.15,Software Developers || 15-1252.00 || Software Developers,15-1252.00||CA||54||Y||I,11,104744.36363636363,115000.0,2387.3636363636365,12643.0,2.33238922239186,12.351866506443136,1.0233238922239185,-0.017495414922745797
109069,Sr. Data Scientist,15-2031.00,Operations Research Analysts,Atlanta,GA,444110,Y,1,III,84864,True,1,0.95,Sr. Data Scientist || 15-2031.00 || Operations Research Analysts,15-2031.00||GA||44||Y||III,10,117067.2,117500.0,32203.2,32636.0,37.94683257918552,38.45682503770739,1.3794683257918552,0.31143286427292194
102821,Software Development Engineer I,15-1252.00,Software Developers,Sunnyvale,CA,455219,Y,1,I,149365,False,0,0.1,Software Development Engineer I || 15-1252.00 || Software Developers,15-1252.00||CA||45||Y||I,12,104967.5,112500.0,-44397.5,-36865.0,-29.724165634519466,-24.68115020252402,0.7027583436548053,-0.3940406988226666
47046,Technical Business Analyst,15-2051.01,Business Intelligence Analysts,Charlotte,NC,541511,Y,1,II,105747,False,0,0.15,Technical Business Analyst || 15-2051.01 || Business Intelligence Analysts,15-2051.01||NC||54||Y||II,12,87343.41666666667,85450.0,-18403.583333333332,-20297.0,-17.4034093953808,-19.193925123171343,0.825965906046192,-0.21020960645776787
30590,"Senior Engineer, AI",15-1252.00,Software Developers,Canton,MI,541511,Y,1,III,120349,True,1,0.95,"Senior Engineer, AI || 15-1252.00 || Software Developers",15-1252.00||MI||54||Y||III,10,111246.0,119555.5,-9103.0,-793.5,-7.56383517935338,-0.659332441482688,0.9243616482064663,-0.09838634454358956
96653,Machine Learning Engineer,15-1252.00,Software Developers,San Jose,CA,511210,Y,1,II,187741,True,1,0.95,Machine Learning Engineer || 15-1252.00 || Software Developers,15-1252.00||CA||51||Y||II,11,200128.27272727274,135000.0,12387.272727272728,-52741.0,6.598064741997074,-28.092425202805995,1.0659806474199707,-0.18388012516557078
86209,Product Manager,15-2031.00,Operations Research Analysts,Bellevue,WA,519290,Y,1,IV,130749,False,0,0.1,Product Manager || 15-2031.00 || Operations Research Analysts,15-2031.00||WA||51||Y||IV,10,130621.1,135000.0,-127.9,4251.0,-0.09782101583950906,3.251267696120047,0.9990217898416048,-0.014080231797327336
10914,Scientific Programmer,15-2041.00,Statisticians,Fremont,CA,541511,Y,1,II,101587,False,0,0.15,Scientific Programmer || 15-2041.00 || Statisticians,15-2041.00||CA||54||Y||II,10,103121.1,112500.0,1534.1,10913.0,1.5101341707108191,10.742516266845168,1.0151013417071082,-0.02085703369016656
72037,"Director, Data Science",11-3021.00,Computer and Information Systems Managers,New York,NY,541511,Y,1,II,186056,True,1,0.85,"Director, Data Science || 11-3021.00 || Computer and Information Systems Managers",11-3021.00||NY||54||Y||II,10,150370.0,155000.0,-35686.0,-31056.0,-19.18024680741282,-16.691748720815237,0.8081975319258717,-0.242590624906898
13771,Cloud Security Consultant,15-1211.00,Computer Systems Analysts,Salt Lake City,UT,54151,Y,1,III,94515,False,0,0.1,Cloud Security Consultant || 15-1211.00 || Computer Systems Analysts,15-1211.00||UT||54||Y||III,9,107802.44444444444,110000.0,13287.444444444445,15485.0,14.058556255033004,16.38364280801989,1.14058556255033,0.12773743790132464
1926,"Director, Data Science",13-1081.02,Logistics Analysts,Bentonville,AR,455110,Y,1,IV,96824,True,1,0.85,"Director, Data Science || 13-1081.02 || Logistics Analysts",13-1081.02||AR||45||Y||IV,9,125804.55555555556,135000.0,28980.555555555555,38176.0,29.931169498838674,39.42824093200033,1.2993116949883867,0.23740731709351198
14609,Senior Manager,11-3021.00,Computer and Information Systems Managers,Albany,NY,511210,Y,1,III,161782,False,0,0.15,Senior Manager || 11-3021.00 || Computer and Information Systems Managers,11-3021.00||NY||51||Y||III,11,132530.0,135000.0,-29252.0,-26782.0,-18.08112150919138,-16.554375641295078,0.8191887849080861,-0.21457104989365225
20272,Integration Project Manager,15-1299.09,Information Technology Project Managers,Ayer,MA,541511,Y,1,III,115627,False,0,0.05,Integration Project Manager || 15-1299.09 || Information Technology Project Managers,15-1299.09||MA||54||Y||III,9,109732.44444444444,115000.0,-5894.555555555556,-627.0,-5.097905814001535,-0.5422608906224324,0.9490209418599846,-0.06463677555703799
171,"Investigator, Instructor",19-1029.01,Bioinformatics Scientists,Somerville,MA,622110,Y,1,III,88899,True,1,0.85,"Investigator, Instructor || 19-1029.01 || Bioinformatics Scientists",19-1029.01||MA||62||Y||III,10,97414.7,103123.5,8515.7,14224.5,9.579072880459847,16.00074241555023,1.0957907288045985,0.07755902786120679
94776,AI Software Development Engineer  II,15-1252.00,Software Developers,Palo Alto,CA,5132,Y,1,I,135699,True,1,0.95,AI Software Development Engineer II || 15-1252.00 || Software Developers,15-1252.00||CA||51||Y||I,11,209764.63636363635,150000.0,74065.63636363637,14301.0,54.58082695055702,10.538765945216987,1.5458082695055702,0.2020954702200556
74963,Senior AI/ML Engineer,15-1252.00,Software Developers,Durham,NC,52399,Y,1,II,116709,True,1,0.95,Senior AI/ML Engineer || 15-1252.00 || Software Developers,15-1252.00||NC||52||Y||II,10,121779.8,132055.5,5070.8,15346.5,4.344823449776795,13.149371513765004,1.043448234497768,0.026362387651714236
48862,Software Developer (PHP Developer),15-1252.00,Software Developers,Columbus,OH,541511,Y,1,II,101899,False,0,0.05,Software Developer (PHP Developer) || 15-1252.00 || Software Developers,15-1252.00||OH||54||Y||II,11,81918.45454545454,85000.0,-19980.545454545456,-16899.0,-19.608186002360625,-16.584068538454744,0.8039181399763937,-0.23031491550205854
82798,"Senior Advisor, E-Business",15-2031.00,Operations Research Analysts,Round Rock,TX,423430,Y,1,IV,108618,False,0,0.1,"Senior Advisor, E-Business || 15-2031.00 || Operations Research Analysts",15-2031.00||TX||42||Y||IV,11,111540.27272727272,115000.0,2922.2727272727275,6382.0,2.6904129400953134,5.875637555469628,1.026904129400953,0.011571084178983136
71547,"Manager, AI & Automation",15-1299.09,Information Technology Project Managers,Austin,TX,541714,Y,1,III,119933,True,1,0.85,"Manager, AI & Automation || 15-1299.09 || Information Technology Project Managers",15-1299.09||TX||54||Y||III,10,130684.8,132500.0,10751.8,12567.0,8.964838701608398,10.478350412313542,1.089648387016084,0.06646975727753172
15886,Software Engineer 3,15-1252.00,Software Developers,Nashville,TN,541512,Y,1,III,122117,False,0,0.1,Software Engineer 3 || 15-1252.00 || Software Developers,15-1252.00||TN||54||Y||III,10,102423.2,102500.0,-19693.8,-19617.0,-16.126992965762344,-16.064102459117077,0.8387300703423766,-0.18746260002197168
40855,Data Scientist Manager,11-3021.00,Computer and Information Systems Managers,Cupertino,CA,334111,Y,1,II,248643,True,1,0.85,Data Scientist Manager || 11-3021.00 || Computer and Information Systems Managers,11-3021.00||CA||33||Y||II,10,220241.1,162455.5,-28401.9,-86187.5,-11.422762756240877,-34.66315158681322,0.8857723724375912,-0.3580579992530975
82591,"Manager, ADAS/AD Simulation",11-9041.00,Architectural and Engineering Managers,Newark,CA,336110,Y,1,III,215966,True,1,0.85,"Manager, ADAS/AD Simulation || 11-9041.00 || Architectural and Engineering Managers",11-9041.00||CA||33||Y||III,11,134713.45454545456,145000.0,-81252.54545454546,-70966.0,-37.622841305828445,-32.859802005871295,0.6237715869417155,-0.5068661540176085
6042,Process Improvement Associate II,15-2051.00,Data Scientists,Chicago,IL,551112,Y,1,III,119558,False,0,0.1,Process Improvement Associate II || 15-2051.00 || Data Scientists,15-2051.00||IL||55||Y||III,11,94947.36363636363,95000.0,-24610.636363636364,-24558.0,-20.584683888686968,-20.540658090633833,0.7941531611131303,-0.24223201842464367
25450,SOFTWARE DEVELOPER,15-1252.00,Software Developers,KATY,TX,541519,Y,1,II,105976,False,0,0.15,SOFTWARE DEVELOPER || 15-1252.00 || Software Developers,15-1252.00||TX||54||Y||II,12,90785.08333333333,92500.0,-15190.916666666666,-13476.0,-14.334298960770994,-12.716086661130824,0.85665701039229,-0.17652090605792484
12275,"Sr. Manager, Enterprise Analytics and AI",15-2051.01,Business Intelligence Analysts,Newington,CT,541519,Y,1,IV,138944,True,1,0.85,"Sr. Manager, Enterprise Analytics and AI || 15-2051.01 || Business Intelligence Analysts",15-2051.01||CT||54||Y||IV,11,136946.45454545456,144511.0,-1997.5454545454545,5567.0,-1.4376622628868139,4.0066501612160295,0.9856233773711319,-0.029288992552178105
91249,Senior Software Engineer,15-1252.00,Software Developers,New York,NY,51929,Y,1,III,160805,False,0,0.1,Senior Software Engineer || 15-1252.00 || Software Developers,15-1252.00||NY||51||Y||III,11,128874.63636363637,135000.0,-31930.363636363636,-25805.0,-19.856573885366522,-16.04738658623799,0.8014342611463348,-0.24394262076537776
115566,"Development Technical Lead, .NET",15-1252.00,Software Developers,Chicago,IL,337211,Y,1,IV,148949,False,0,0.05,"Development Technical Lead, .NET || 15-1252.00 || Software Developers",15-1252.00||IL||33||Y||IV,11,121873.27272727272,131795.0,-27075.727272727272,-17154.0,-18.177850991095795,-11.516693633391295,0.8182214900890421,-0.21902314879443677
86710,Algorithm Engineer,15-1221.00,Computer and Information Research Scientists,Milpitas,CA,33331,Y,1,II,164403,True,1,0.85,Algorithm Engineer || 15-1221.00 || Computer and Information Research Scientists,15-1221.00||CA||33||Y||II,10,196054.9,133024.5,31651.9,-31378.5,19.25262920992926,-19.086330541413478,1.1925262920992927,-0.11512419842768687
24157,"Software Engineer III, Messaging Infra",15-1252.00,Software Developers,Redwood City,CA,518210,Y,1,II,161637,False,0,0.05,"Software Engineer III, Messaging Infra || 15-1252.00 || Software Developers",15-1252.00||CA||51||Y||II,11,130328.27272727272,135000.0,-31308.727272727272,-26637.0,-19.369777509312392,-16.47951892202899,0.806302224906876,-0.24379829594809654
115598,PRODUCT MANAGER III,15-2051.00,Data Scientists,SUNNYVALE,CA,454110,Y,1,II,148699,False,0,0.1,PRODUCT MANAGER III || 15-2051.00 || Data Scientists,15-2051.00||CA||45||Y||II,9,134290.11111111112,135000.0,-14408.888888888889,-13699.0,-9.68997026805082,-9.21257036025797,0.9031002973194917,-0.12033179126704911
91487,"Technical Program Manager, Privacy",15-1299.09,Information Technology Project Managers,Bellevue,WA,519290,Y,1,IV,167024,False,0,0.1,"Technical Program Manager, Privacy || 15-1299.09 || Information Technology Project Managers",15-1299.09||WA||51||Y||IV,10,138675.1,147500.0,-28348.9,-19524.0,-16.972949995210268,-11.689338059201074,0.8302705000478973,-0.2179721252344402
32721,"SENIOR MANAGER, SOFTWARE DEVELOPMENT",11-3021.00,Computer and Information Systems Managers,BELLEVUE,WA,454110,Y,1,III,242320,False,0,0.1,"SENIOR MANAGER, SOFTWARE DEVELOPMENT || 11-3021.00 || Computer and Information Systems Managers",11-3021.00||WA||45||Y||III,10,148361.1,155000.0,-93958.9,-87320.0,-38.77471937933311,-36.03499504787058,0.6122528062066689,-0.5080577177219061
114760,Senior Associate,15-2051.00,Data Scientists,New York,NY,54199,Y,1,II,111966,True,1,0.85,Senior Associate || 15-2051.00 || Data Scientists,15-2051.00||NY||54||Y||II,12,118077.16666666667,121500.0,6111.166666666667,9534.0,5.458055719295738,8.51508493649858,1.0545805571929574,0.03726438149165053
42227,AI Applications Engineer,15-1252.00,Software Developers,South san Francisco,CA,541511,Y,1,I,135699,True,1,0.95,AI Applications Engineer || 15-1252.00 || Software Developers,15-1252.00||CA||54||Y||I,10,202541.1,152500.0,66842.1,16801.0,49.257621647911925,12.381078710970604,1.4925762164791192,0.08737805620791139
12087,Data Scientist II,15-2051.00,Data Scientists,Raleigh,NC,541512,Y,1,II,87214,True,1,0.85,Data Scientist II || 15-2051.00 || Data Scientists,15-2051.00||NC||54||Y||II,9,107116.55555555556,115000.0,19902.555555555555,27786.0,22.820367779892628,31.859563831494942,1.2282036777989263,0.18912150338401762
28559,AI Engineer,15-1251.00,Computer Programmers,Fremont,CA,541511,Y,1,III,130270,True,1,0.95,AI Engineer || 15-1251.00 || Computer Programmers,15-1251.00||CA||54||Y||III,11,120701.0,125000.0,-9569.0,-5270.0,-7.345513164965072,-4.045444077684809,0.9265448683503492,-0.11191649921124446
11883,Engineering Project Leader,15-1252.00,Software Developers,Coopersburg,PA,33513,Y,1,IV,139630,False,0,0.1,Engineering Project Leader || 15-1252.00 || Software Developers,15-1252.00||PA||33||Y||IV,9,114518.0,118919.0,-25112.0,-20711.0,-17.984673780706153,-14.832772326863854,0.8201532621929384,-0.20687923073604667
23214,Machine Learning Lead,15-1252.00,Software Developers,San Mateo,CA,33331,Y,1,I,135699,True,1,0.95,Machine Learning Lead || 15-1252.00 || Software Developers,15-1252.00||CA||33||Y||I,12,211909.25,162455.5,76210.25,26756.5,56.161246582509825,19.717536606754656,1.561612465825098,0.23377700389807066
37745,"Director, Business Development Utility-scale Development, SR",15-2051.01,Business Intelligence Analysts,Austin,TX,22112,Y,1,IV,148741,False,0,0.05,"Director, Business Development Utility-scale Development, SR || 15-2051.01 || Business Intelligence Analysts",15-2051.01||TX||22||Y||IV,10,138266.4,142500.0,-10474.6,-6241.0,-7.042173980274437,-4.195884120719909,0.9295782601972556,-0.08442536686742841
53874,Senior Systems Engineer,15-1252.00,Software Developers,Ann Arbor,MI,334413,Y,1,III,125008,False,0,0.1,Senior Systems Engineer || 15-1252.00 || Software Developers,15-1252.00||MI||33||Y||III,11,109477.18181818182,115000.0,-15530.818181818182,-10008.0,-12.423859418451764,-8.005887623192116,0.8757614058154825,-0.16186327873107959
29879,Staff Data Scientist,15-2051.00,Data Scientists,San Francisco,CA,561599,Y,1,III,164403,True,1,0.85,Staff Data Scientist || 15-2051.00 || Data Scientists,15-2051.00||CA||56||Y||III,11,131919.18181818182,135000.0,-32483.81818181818,-29403.0,-19.75865293323004,-17.88471013302677,0.8024134706676996,-0.2549128382813313
69301,Senior Consultant,15-1243.00,Database Architects,King Of Prussia,PA,541611,Y,1,II,117811,False,0,0.15,Senior Consultant || 15-1243.00 || Database Architects,15-1243.00||PA||54||Y||II,11,111053.72727272728,115000.0,-6757.272727272727,-2811.0,-5.735689135371677,-2.3860250740592983,0.9426431086462833,-0.07610210728066362
73250,Manager Data Science,15-2051.00,Data Scientists,Cary,NC,541512,Y,1,II,87214,True,1,0.85,Manager Data Science || 15-2051.00 || Data Scientists,15-2051.00||NC||54||Y||II,9,116546.55555555556,118219.0,29332.555555555555,31005.0,33.63285201407521,35.55048501387392,1.3363285201407522,0.2784666541446972
92470,Electrical Engineer,17-2071.00,Electrical Engineers,Newport Beach,CA,541330,Y,1,II,111072,False,0,0.05,Electrical Engineer || 17-2071.00 || Electrical Engineers,17-2071.00||CA||54||Y||II,12,105055.16666666667,115000.0,-6016.833333333333,3928.0,-5.417056803995007,3.53644482857966,0.9458294319600499,-0.080265028924367
77482,"Manager, Data Governance and Management",15-2041.00,Statisticians,New York,NY,522210,Y,1,II,112965,False,0,0.15,"Manager, Data Governance and Management || 15-2041.00 || Statisticians",15-2041.00||NY||52||Y||II,11,115564.63636363637,120000.0,2599.6363636363635,7035.0,2.30127593824314,6.227592617182313,1.0230127593824314,0.0022879082535903258
68256,"Senior Engineering Manager, AI/ML",11-3021.00,Computer and Information Systems Managers,San Francisco,CA,541511,Y,1,IV,274456,True,1,0.95,"Senior Engineering Manager, AI/ML || 11-3021.00 || Computer and Information Systems Managers",11-3021.00||CA||54||Y||IV,10,199584.7,194000.0,-74871.3,-80456.0,-27.279891858804326,-29.314717113125603,0.7272010814119567,-0.347507352909347
66332,Lead Software Engineer,15-1252.00,Software Developers,Irving,TX,52399,Y,1,III,134971,False,0,0.1,Lead Software Engineer || 15-1252.00 || Software Developers,15-1252.00||TX||52||Y||III,10,123878.3,129486.0,-11092.7,-5485.0,-8.218580287617339,-4.063835935126805,0.9178141971238267,-0.09533621916924488
102195,Data Scientist I,15-2051.00,Data Scientists,Seattle,WA,518210,Y,1,I,96117,True,1,0.85,Data Scientist I || 15-2051.00 || Data Scientists,15-2051.00||WA||51||Y||I,11,101511.0,110000.0,5394.0,13883.0,5.611910484097506,14.443854885192005,1.056119104840975,0.01949640807648204
116240,"Director, Engineering Machine Learning",11-3021.00,Computer and Information Systems Managers,Kirkland,WA,5182,Y,1,III,218317,True,1,0.95,"Director, Engineering Machine Learning || 11-3021.00 || Computer and Information Systems Managers",11-3021.00||WA||51||Y||III,9,256101.22222222222,208000.0,37784.22222222222,-10317.0,17.307045361663185,-4.725697036877568,1.1730704536166319,-0.030576203102411863
78783,Senior Product Manager,15-2051.01,Business Intelligence Analysts,San Francisco,CA,519290,Y,1,IV,194834,False,0,0.1,Senior Product Manager || 15-2051.01 || Business Intelligence Analysts,15-2051.01||CA||51||Y||IV,12,137634.25,145000.0,-57199.75,-49834.0,-29.358197234568916,-25.577671248344743,0.7064180276543109,-0.3772592114181686
32064,Research Scientist,15-1252.00,Software Developers,New York,NY,519290,Y,1,III,160805,False,0,0.15,Research Scientist || 15-1252.00 || Software Developers,15-1252.00||NY||51||Y||III,11,120311.09090909091,125000.0,-40493.90909090909,-35805.0,-25.18199626311936,-22.2660986909611,0.7481800373688063,-0.30951146315546507
30904,Data Scientist,15-2051.00,Data Scientists,Grand Rapids,MI,541511,Y,1,II,79061,True,1,0.85,Data Scientist || 15-2051.00 || Data Scientists,15-2051.00||MI||54||Y||II,11,91765.54545454546,95000.0,12704.545454545454,15939.0,16.06929517024254,20.160382489470155,1.1606929517024254,0.12665797000034973
3221,Machine Learning,17-2072.00,"Electronics Engineers, Except Computer",Cupertino,CA,334111,Y,1,IV,216091,True,1,0.95,"Machine Learning || 17-2072.00 || Electronics Engineers, Except Computer",17-2072.00||CA||33||Y||IV,11,135101.0,140000.0,-80990.0,-76091.0,-37.47958036197713,-35.212479927437975,0.6252041963802287,-0.4939782170890376
80747,Architect,15-1252.00,Software Developers,Santa Clara,CA,334111,Y,50,IV,264514,False,0,0.1,Architect || 15-1252.00 || Software Developers,15-1252.00||CA||33||Y||IV,11,140491.9090909091,150000.0,-124022.09090909091,-114514.0,-46.886777603110204,-43.292226498408404,0.531132223968898,-0.6534147807889422
113291,Senior Software Engineer,15-1252.00,Software Developers,San Francisco,CA,541512,Y,1,II,155605,False,0,0.1,Senior Software Engineer || 15-1252.00 || Software Developers,15-1252.00||CA||54||Y||II,11,203855.54545454544,145000.0,48250.545454545456,-10605.0,31.00835156617426,-6.815333697503293,1.3100835156617425,0.030099255762900835
67109,Systems Engineer III,17-2071.00,Electrical Engineers,East Peoria,IL,54133,Y,1,III,98550,False,0,0.05,Systems Engineer III || 17-2071.00 || Electrical Engineers,17-2071.00||IL||54||Y||III,11,100174.45454545454,105000.0,1624.4545454545455,6450.0,1.6483557031502238,6.544901065449011,1.0164835570315023,0.005025283809303651
9198,Machine Learning - Manager,11-3021.00,Computer and Information Systems Managers,Sunnyvale,CA,334111,Y,1,II,248643,True,1,0.95,Machine Learning - Manager || 11-3021.00 || Computer and Information Systems Managers,11-3021.00||CA||33||Y||II,11,215673.72727272726,164911.0,-32969.27272727273,-83732.0,-13.259682648324196,-33.67559110853714,0.8674031735167581,-0.3602256158552052
3453,Senior Associate,15-2051.00,Data Scientists,Washington,DC,541611,Y,1,II,115939,True,1,0.85,Senior Associate || 15-2051.00 || Data Scientists,15-2051.00||DC||54||Y||II,11,114412.36363636363,125000.0,-1526.6363636363637,9061.0,-1.3167582639460091,7.815316675148138,0.9868324173605398,-0.03849302462961339
74031,SENIOR PRINCIPAL SOFTWARE ENGINEER,15-1252.00,Software Developers,GETZVILLE,NY,541612,Y,1,III,124800,False,0,0.15,SENIOR PRINCIPAL SOFTWARE ENGINEER || 15-1252.00 || Software Developers,15-1252.00||NY||54||Y||III,10,144684.8,152500.0,19884.8,27700.0,15.933333333333334,22.19551282051282,1.1593333333333333,0.1276816195154698
114334,Research Scientist in Large-Scale Data Science and Learning,15-1221.00,Computer and Information Research Scientists,Oak Ridge,TN,54171,Y,1,II,77667,True,1,0.95,Research Scientist in Large-Scale Data Science and Learning || 15-1221.00 || Computer and Information Research Scientists,15-1221.00||TN||54||Y||II,10,105604.9,112500.0,27937.9,34833.0,35.97139068072669,44.84916373749469,1.359713906807267,0.28760328515312195
1744,Software Engineer USDS,15-1252.00,Software Developers,San Jose,CA,519130,Y,3,II,187741,False,0,0.1,Software Engineer USDS || 15-1252.00 || Software Developers,15-1252.00||CA||51||Y||II,11,188652.45454545456,129000.0,911.4545454545455,-58741.0,0.4854850807519646,-31.288317416014618,1.0048548508075195,-0.28314161957017525
82824,Software Engineering Manager,11-3021.00,Computer and Information Systems Managers,Seattle,WA,51321,Y,1,II,198390,False,0,0.1,Software Engineering Manager || 11-3021.00 || Computer and Information Systems Managers,11-3021.00||WA||51||Y||II,11,141370.63636363635,145000.0,-57019.36363636364,-53390.0,-28.741047248532503,-26.911638691466305,0.712589527514675,-0.37026354238977643
3047,Senior Software Engineer II - AI,15-1252.00,Software Developers,JACKSON HEIGHTS,NY,51919,Y,1,III,160805,True,1,0.95,Senior Software Engineer II - AI || 15-1252.00 || Software Developers,15-1252.00||NY||51||Y||III,10,130861.1,137500.0,-29943.9,-23305.0,-18.62124933926184,-14.492708560057213,0.8137875066073816,-0.22735101607674899
21164,Lead Software Integration Engineer,15-1252.00,Software Developers,Columbia,SC,522110,Y,1,III,109866,False,0,0.1,Lead Software Integration Engineer || 15-1252.00 || Software Developers,15-1252.00||SC||52||Y||III,10,104204.0,111500.0,-5662.0,1634.0,-5.153550689021172,1.4872663062275864,0.9484644931097883,-0.06449124233373507
80736,Manager Model Risk Validation,13-2099.01,Financial Quantitative Analysts,Los Angeles,CA,522110,Y,25,II,78291,True,1,0.85,Manager Model Risk Validation || 13-2099.01 || Financial Quantitative Analysts,13-2099.01||CA||52||Y||II,10,211341.7,139000.0,133050.7,60709.0,169.943799415003,77.54275714960852,2.69943799415003,0.6707044068749962
1961,Principal Member of Technical Staff - Data Science,15-1252.00,Software Developers,Boston,MA,541511,Y,1,IV,178131,True,1,0.85,Principal Member of Technical Staff - Data Science || 15-1252.00 || Software Developers,15-1252.00||MA||54||Y||IV,10,148870.0,161000.0,-29261.0,-17131.0,-16.426674750604892,-9.617079565039212,0.835733252493951,-0.2224877155333454
99194,Product Software Engineer III,15-1252.00,Software Developers,Riverside,CA,513210,Y,1,II,115981,False,0,0.1,Product Software Engineer III || 15-1252.00 || Software Developers,15-1252.00||CA||51||Y||II,11,112835.90909090909,115000.0,-3145.090909090909,-981.0,-2.7117294290365743,-0.8458281959976203,0.9728827057096342,-0.04822980295074589
32211,Staff Software Engineer,15-1252.00,Software Developers,New York,NY,512110,Y,1,IV,189592,False,0,0.1,Staff Software Engineer || 15-1252.00 || Software Developers,15-1252.00||NY||51||Y||IV,12,137342.58333333334,152000.0,-52249.416666666664,-37592.0,-27.558872033981743,-19.827840837166125,0.7244112796601826,-0.36680364640291013
28216,"Director of Software, Robotics and AI",15-1252.00,Software Developers,Gardena,CA,541511,Y,1,IV,184558,True,1,0.95,"Director of Software, Robotics and AI || 15-1252.00 || Software Developers",15-1252.00||CA||54||Y||IV,10,236034.7,176500.0,51476.7,-8058.0,27.89188222672548,-4.366107131633417,1.2789188222672547,0.034863187930272765
12353,Senior Manager JC45 - Data Scientists,15-2051.00,Data Scientists,Monmouth Junction,NJ,541512,Y,1,IV,169541,True,1,0.85,Senior Manager JC45 - Data Scientists || 15-2051.00 || Data Scientists,15-2051.00||NJ||54||Y||IV,9,142579.0,150000.0,-26962.0,-19541.0,-15.902937932417526,-11.525825611504002,0.8409706206758247,-0.1873541388236115
80455,AI Researcher,15-1252.00,Software Developers,San Francisco,CA,541511,Y,1,IV,213512,True,1,0.95,AI Researcher || 15-1252.00 || Software Developers,15-1252.00||CA||54||Y||IV,11,216582.81818181818,160000.0,3070.818181818182,-53512.0,1.4382414954748102,-25.062759938551462,1.014382414954748,-0.2051790588540148
82313,Staff Data Scientist,15-2041.00,Statisticians,Burlingame,CA,541330,Y,1,III,139901,True,1,0.85,Staff Data Scientist || 15-2041.00 || Statisticians,15-2041.00||CA||54||Y||III,9,135346.33333333334,144417.0,-4554.666666666667,4516.0,-3.255635532745775,3.2279969406937763,0.9674436446725423,-0.05484838522892548
114985,Software Developer (Software Engineer),15-1252.00,Software Developers,Alpharetta,GA,541511,Y,1,II,105227,False,0,0.15,Software Developer (Software Engineer) || 15-1252.00 || Software Developers,15-1252.00||GA||54||Y||II,11,94330.27272727272,95000.0,-10896.727272727272,-10227.0,-10.355448005480792,-9.718988472540318,0.8964455199451922,-0.13923821549475868
65589,Software Engineering,15-1252.00,Software Developers,Redmond,WA,513210,Y,1,IV,212202,False,0,0.15,Software Engineering || 15-1252.00 || Software Developers,15-1252.00||WA||51||Y||IV,11,130918.90909090909,140000.0,-81283.09090909091,-72202.0,-38.304582854587096,-34.02512700163052,0.616954171454129,-0.5281878909227026
55827,Senior AI Software Engineer,15-1252.00,Software Developers,New York,NY,541511,Y,1,III,160805,True,1,0.95,Senior AI Software Engineer || 15-1252.00 || Software Developers,15-1252.00||NY||54||Y||III,11,204136.36363636365,150000.0,43331.36363636364,-10805.0,26.946527555961346,-6.719318429153322,1.2694652755596134,0.0004305511121434271
45290,Principal AI Engineer,15-1252.00,Software Developers,Glassboro,NJ,611310,Y,1,IV,115170,True,1,0.95,Principal AI Engineer || 15-1252.00 || Software Developers,15-1252.00||NJ||61||Y||IV,9,151305.66666666666,160000.0,36135.666666666664,44830.0,31.375937020636158,38.92506729182947,1.3137593702063617,0.25420272184042125
76747,"Team Lead, Study Development",15-1221.00,Computer and Information Research Scientists,San Diego,CA,541511,Y,1,II,102149,False,0,0.1,"Team Lead, Study Development || 15-1221.00 || Computer and Information Research Scientists",15-1221.00||CA||54||Y||II,10,116724.9,125000.0,14575.9,22851.0,14.269253737187833,22.370263047117447,1.1426925373718784,0.11436049298228265
21090,"Manager, Solution Architect Engineering - Supply Chain AI",15-1243.00,Database Architects,Bargersville,IN,334515,Y,1,IV,154149,True,1,0.85,"Manager, Solution Architect Engineering - Supply Chain AI || 15-1243.00 || Database Architects",15-1243.00||IN||33||Y||IV,9,122761.55555555556,130000.0,-31387.444444444445,-24149.0,-20.361756770685798,-15.666011456447983,0.7963824322931421,-0.24719890554349572
82934,Sr. Data Scientist,15-2051.00,Data Scientists,Seattle,WA,522310,Y,1,III,163322,True,1,0.95,Sr. Data Scientist || 15-2051.00 || Data Scientists,15-2051.00||WA||52||Y||III,10,127788.5,137500.0,-35533.5,-25822.0,-21.756713731156857,-15.810484809150022,0.7824328626884315,-0.27002219929903326
14899,"Senior Software Engineer, AI/LLM",15-1252.00,Software Developers,New York,NY,513210,Y,1,IV,189592,True,1,0.95,"Senior Software Engineer, AI/LLM || 15-1252.00 || Software Developers",15-1252.00||NY||51||Y||IV,11,153741.63636363635,154000.0,-35850.36363636364,-35592.0,-18.90921749671064,-18.772944006076205,0.8109078250328937,-0.2534727965320339
108535,"Program Director, Technical Product Manager, Data and AI",11-3021.00,Computer and Information Systems Managers,Austin,TX,54151,Y,1,IV,212514,True,1,0.85,"Program Director, Technical Product Manager, Data and AI || 11-3021.00 || Computer and Information Systems Managers",11-3021.00||TX||54||Y||IV,12,136311.91666666666,147500.0,-76202.08333333333,-65014.0,-35.857441548948934,-30.592808003237433,0.6414255845105107,-0.47090823583794217
19943,Integration Eng - Lead,15-1252.00,Software Developers,Irvine,CA,424820,Y,1,III,157123,False,0,0.1,Integration Eng - Lead || 15-1252.00 || Software Developers,15-1252.00||CA||42||Y||III,11,124068.09090909091,135000.0,-33054.90909090909,-22123.0,-21.037600536464485,-14.080051933835275,0.789623994635355,-0.2587698895135984
97231,Data Scientist,15-2051.00,Data Scientists,Houston,TX,541511,Y,1,II,89378,True,1,0.85,Data Scientist || 15-2051.00 || Data Scientists,15-2051.00||TX||54||Y||II,11,104576.18181818182,105000.0,15198.181818181818,15622.0,17.00438790102913,17.478574145762938,1.1700438790102914,0.1396675852562239
47210,Software Developer,15-1252.00,Software Developers,West Boylston,MA,541511,Y,1,II,116397,False,0,0.15,Software Developer || 15-1252.00 || Software Developers,15-1252.00||MA||54||Y||II,11,91939.81818181818,95000.0,-24457.18181818182,-21397.0,-21.01186612900832,-18.382776188389734,0.7898813387099167,-0.2602691149820919
115213,Software Engineering,15-1252.00,Software Developers,Santa Clara,CA,513210,Y,1,IV,226158,False,0,0.15,Software Engineering || 15-1252.00 || Software Developers,15-1252.00||CA||51||Y||IV,11,133010.0909090909,145000.0,-93147.90909090909,-81158.0,-41.18709446091188,-35.885531354186014,0.5881290553908812,-0.5783255754952397
70969,Staff ML Engineer,15-1252.00,Software Developers,Austin,TX,522320,Y,1,III,139152,True,1,0.95,Staff ML Engineer || 15-1252.00 || Software Developers,15-1252.00||TX||52||Y||III,10,121974.7,127500.0,-17177.3,-11652.0,-12.344271012992985,-8.37357709555019,0.8765572898700702,-0.14951478349517888
110496,Senior QA Engineer,15-1252.00,Software Developers,Chicago,IL,541511,Y,1,III,127754,False,0,0.1,Senior QA Engineer || 15-1252.00 || Software Developers,15-1252.00||IL||54||Y||III,11,106664.18181818182,115000.0,-21089.81818181818,-12754.0,-16.50814704965651,-9.983249056781,0.8349185295034349,-0.20025978396598568
114612,"Senior Manager, Product Management",15-2051.00,Data Scientists,San Francisco,CA,522210,Y,1,IV,188885,False,0,0.1,"Senior Manager, Product Management || 15-2051.00 || Data Scientists",15-2051.00||CA||52||Y||IV,10,242591.1,172500.0,53706.1,-16385.0,28.433226566429305,-8.674590359213278,1.284332265664293,0.07349049693035212
40424,"Software Engineer, Machine Learning Infrastructure",15-1252.00,Software Developers,Palo Alto,CA,541613,Y,1,II,187741,True,1,0.95,"Software Engineer, Machine Learning Infrastructure || 15-1252.00 || Software Developers",15-1252.00||CA||54||Y||II,11,203855.54545454544,150000.0,16114.545454545454,-37741.0,8.583391722929704,-20.102694669784437,1.085833917229297,-0.15754611408525435
105210,Data Science Manager,11-3021.00,Computer and Information Systems Managers,Bellevue,WA,519290,Y,1,II,198390,True,1,0.85,Data Science Manager || 11-3021.00 || Computer and Information Systems Managers,11-3021.00||WA||51||Y||II,9,139845.66666666666,145000.0,-58544.333333333336,-53390.0,-29.50971991195793,-26.911638691466305,0.7049028008804208,-0.36856360154929035
72969,"Senior Manager, Product Management",15-2051.00,Data Scientists,Plano,TX,522110,Y,1,IV,141773,False,0,0.1,"Senior Manager, Product Management || 15-2051.00 || Data Scientists",15-2051.00||TX||52||Y||IV,9,231683.11111111112,150000.0,89910.11111111111,8227.0,63.41835970961404,5.802938500278614,1.6341835970961405,0.26851993188790185
27028,SOFTWARE DEVELOPER,15-1252.00,Software Developers,WASHINGTON,DC,541511,Y,1,II,126090,False,0,0.15,SOFTWARE DEVELOPER || 15-1252.00 || Software Developers,15-1252.00||DC||54||Y||II,11,101651.45454545454,110000.0,-24438.545454545456,-16090.0,-19.38182683364696,-12.760726465223254,0.8061817316635304,-0.24746513372875498
37400,Software developer,15-1252.00,Software Developers,Lakewood,CO,541511,Y,1,II,120536,False,0,0.15,Software developer || 15-1252.00 || Software Developers,15-1252.00||CO||54||Y||II,11,91031.09090909091,90000.0,-29504.909090909092,-30536.0,-24.478088779210438,-25.33351032056813,0.7552191122078956,-0.30808132688001066
99063,"AVP II, Technical Engineering Manager, GenAI",15-1299.09,Information Technology Project Managers,Atlanta,GA,5241,Y,1,II,86445,True,1,0.95,"AVP II, Technical Engineering Manager, GenAI || 15-1299.09 || Information Technology Project Managers",15-1299.09||GA||52||Y||II,9,134971.44444444444,140000.0,48526.444444444445,53555.0,56.135628948400075,61.95268667939152,1.5613562894840007,0.42807562676150407
112050,Senior Data & AI Engineer,15-1252.00,Software Developers,Woodside,IL,51321,Y,1,IV,148949,True,1,0.95,Senior Data & AI Engineer || 15-1252.00 || Software Developers,15-1252.00||IL||51||Y||IV,10,202904.3,135000.0,53955.3,-13949.0,36.2240095603193,-9.364950419271025,1.362240095603193,0.03240906688149749
26337,Product Owner - Manager,15-2051.00,Data Scientists,Princeton,NJ,54121,Y,3,IV,154627,False,0,0.1,Product Owner - Manager || 15-2051.00 || Data Scientists,15-2051.00||NJ||54||Y||IV,10,135121.1,137500.0,-19505.9,-17127.0,-12.614808539258991,-11.076332076545494,0.8738519146074101,-0.14782383354934742
66647,Finance Analytics Manager,15-2051.00,Data Scientists,Oakland,CA,459510,Y,1,III,164403,False,0,0.15,Finance Analytics Manager || 15-2051.00 || Data Scientists,15-2051.00||CA||45||Y||III,9,128134.55555555556,135000.0,-36268.444444444445,-29403.0,-22.060695026516818,-17.88471013302677,0.7793930497348318,-0.2654239542339298
30559,Staff Machine Learning Engineer,15-1252.00,Software Developers,Seattle,WA,455219,Y,10,III,180710,True,1,0.95,Staff Machine Learning Engineer || 15-1252.00 || Software Developers,15-1252.00||WA||45||Y||III,10,209191.1,142500.0,28481.1,-38210.0,15.760666260859944,-21.1443749654142,1.1576066626085995,-0.10558665705148744
58806,Senior Machine Learning Engineer,15-1252.00,Software Developers,Edmonds,WA,51121,Y,1,IV,212202,True,1,0.95,Senior Machine Learning Engineer || 15-1252.00 || Software Developers,15-1252.00||WA||51||Y||IV,10,138461.1,152500.0,-73740.9,-59702.0,-34.750332230610454,-28.13451334106182,0.6524966776938954,-0.4615783554807885
4811,"Sr. Software Engineer, Perception, Autonomy",15-1252.00,Software Developers,Palo Alto,CA,336110,Y,1,II,187741,True,1,0.95,"Sr. Software Engineer, Perception, Autonomy || 15-1252.00 || Software Developers",15-1252.00||CA||33||Y||II,11,205673.72727272726,150000.0,17932.727272727272,-37741.0,9.551843908750499,-20.102694669784437,1.095518439087505,-0.14466173591900902
12195,Open Science and Research Collaboration Specialist,15-2051.00,Data Scientists,New York,NY,54171,Y,1,II,77272,False,0,0.1,Open Science and Research Collaboration Specialist || 15-2051.00 || Data Scientists,15-2051.00||NY||54||Y||II,11,106678.90909090909,115000.0,29406.909090909092,37728.0,38.056358177488725,48.824930116989336,1.3805635817748874,0.3086701204941084
14835,Senior Staff Machine Learning Engineer,15-1252.00,Software Developers,Santa Clara,CA,541511,Y,1,IV,264514,True,1,1.0,Senior Staff Machine Learning Engineer || 15-1252.00 || Software Developers,15-1252.00||CA||54||Y||IV,11,226223.45454545456,165000.0,-38290.545454545456,-99514.0,-14.475810525925077,-37.62144914824924,0.8552418947407493,-0.371081521485282
96619,Senior Data Scientist,15-2031,Operations Research Analysts,Quincy,MA,541618,Y,1,II,85654,True,1,0.85,Senior Data Scientist || 15-2031 || Operations Research Analysts,15-2031||MA||54||Y||II,11,115283.36363636363,120000.0,29629.363636363636,34346.0,34.5919205598847,40.09853597029911,1.345919205598847,0.28173482957095736
33777,Full Stack Data Scientist,15-1252.00,Software Developers,Plano,TX,541511,Y,1,III,134971,True,1,0.85,Full Stack Data Scientist || 15-1252.00 || Software Developers,15-1252.00||TX||54||Y||III,10,113874.3,121500.0,-21096.7,-13471.0,-15.630542857354545,-9.98066251268791,0.8436945714264545,-0.18843880561329537
7546,Machine Learning,15-1252.00,Software Developers,Austin,TX,334111,Y,1,IV,163550,True,1,0.95,Machine Learning || 15-1252.00 || Software Developers,15-1252.00||TX||33||Y||IV,11,121839.63636363637,130000.0,-41710.36363636364,-33550.0,-25.50312665017648,-20.51360440232345,0.7449687334982351,-0.3159795395877611
93839,Machine Learning Software Engineer,15-1252.00,Software Developers,Los Gatos,CA,515210,Y,1,IV,264514,True,1,0.95,Machine Learning Software Engineer || 15-1252.00 || Software Developers,15-1252.00||CA||51||Y||IV,11,208855.54545454544,160000.0,-55658.454545454544,-104514.0,-21.04178022541512,-39.51170826496896,0.7895821977458488,-0.4696768765207872
8115,Software Engineering,15-1252.00,Software Developers,Leander,TX,513210,Y,1,II,114754,False,0,0.15,Software Engineering || 15-1252.00 || Software Developers,15-1252.00||TX||51||Y||II,10,100066.6,95000.0,-14687.4,-19754.0,-12.799030970597975,-17.21421475504122,0.8720096902940202,-0.15575532278211418
94198,Senior Software Engineer I,15-1252.00,Software Developers,Binghamton,NY,513210,Y,1,II,105290,False,0,0.1,Senior Software Engineer I || 15-1252.00 || Software Developers,15-1252.00||NY||51||Y||II,10,101167.2,100000.0,-4122.8,-5290.0,-3.9156615063158897,-5.024218824199829,0.960843384936841,-0.052730807690619844
16009,Staff Autopilot Machine Learning Engineer,15-1252.00,Software Developers,Palo Alto,CA,336110,Y,1,IV,264514,True,1,0.95,Staff Autopilot Machine Learning Engineer || 15-1252.00 || Software Developers,15-1252.00||CA||33||Y||IV,11,221122.45454545456,160000.0,-43391.545454545456,-104514.0,-16.404252876802534,-39.51170826496896,0.8359574712319747,-0.4043341021891456
76204,Senior Financial Analyst,15-2051.00,Data Scientists,Cincinnati,OH,423930,Y,1,III,102170,False,0,0.1,Senior Financial Analyst || 15-2051.00 || Data Scientists,15-2051.00||OH||42||Y||III,10,98701.9,102500.0,-3468.1,330.0,-3.3944406381521,0.3229910932759127,0.966055593618479,-0.045455829131879
64498,Data Scientist Lead L2,15-1299.00,"Computer Occupations, All Other",North Quincy,MA,541511,Y,1,II,90501,True,1,0.85,"Data Scientist Lead L2 || 15-1299.00 || Computer Occupations, All Other",15-1299.00||MA||54||Y||II,9,122466.11111111111,131495.0,31965.11111111111,40994.0,35.32017448548758,45.296737052629254,1.3532017448548759,0.2879605114253704
36380,Software Engineering Applications,15-1252.00,Software Developers,Austin,TX,334111,Y,1,IV,163550,False,0,0.15,Software Engineering Applications || 15-1252.00 || Software Developers,15-1252.00||TX||33||Y||IV,11,115077.63636363637,120000.0,-48472.36363636364,-43550.0,-29.63764208888024,-26.627942525221645,0.7036235791111976,-0.3668609061850312
16238,"Senior Software Engineer, Code Generation",15-1252.00,Software Developers,Seattle,WA,518210,Y,1,IV,212202,True,1,0.95,"Senior Software Engineer, Code Generation || 15-1252.00 || Software Developers",15-1252.00||WA||51||Y||IV,11,137328.27272727274,150000.0,-74873.72727272728,-62202.0,-35.28417605523382,-29.312636073175558,0.6471582394476618,-0.4649262348703152
107822,AI/ML Engineer,15-1252.00,Software Developers,Alpharetta,GA,541511,Y,1,I,82971,True,1,0.95,AI/ML Engineer || 15-1252.00 || Software Developers,15-1252.00||GA||54||Y||I,11,109063.18181818182,120000.0,26092.18181818182,37029.0,31.44735126511892,44.628846223379256,1.3144735126511893,0.2346342382991079
89842,"Staff, Development Engineer",15-1252.00,Software Developers,San Diego,CA,518210,Y,1,II,130187,False,0,0.1,"Staff, Development Engineer || 15-1252.00 || Software Developers",15-1252.00||CA||51||Y||II,12,108139.91666666667,106044.0,-22047.083333333332,-24143.0,-16.93493461968809,-18.544862390254018,0.8306506538031191,-0.20954357582903427
116864,Vice President; Senior Technology Manager,15-1252.00,Software Developers,Pennington,NJ,523110,Y,1,IV,152131,False,0,0.1,Vice President; Senior Technology Manager || 15-1252.00 || Software Developers,15-1252.00||NJ||52||Y||IV,9,251991.0,180000.0,99860.0,27869.0,65.64079641887584,18.319080266349395,1.6564079641887581,0.31471287797097564
37849,Software Developer,15-1252.00,Software Developers,Aurora,IL,523991,Y,1,III,130707,False,0,0.15,Software Developer || 15-1252.00 || Software Developers,15-1252.00||IL||52||Y||III,11,89220.09090909091,95000.0,-41486.90909090909,-35707.0,-31.74038811303839,-27.31835326340594,0.6825961188696161,-0.400950083267182
54993,Senior Staff/Manager GPU Engineer,17-2072.00,"Electronics Engineers, Except Computer",San Diego,CA,334220,Y,1,IV,176134,True,1,0.85,"Senior Staff/Manager GPU Engineer || 17-2072.00 || Electronics Engineers, Except Computer",17-2072.00||CA||33||Y||IV,11,212545.45454545456,150000.0,36411.454545454544,-26134.0,20.67258709020095,-14.83756685251002,1.2067258709020097,-0.041152339418480045
29827,Sr Mgr JC45-Software Quality Assurance Analysts and Testers,15-1253.00,Software Quality Assurance Analysts and Testers,Oak Park Heights,MN,541512,Y,1,IV,124883,False,0,0.1,Sr Mgr JC45-Software Quality Assurance Analysts and Testers || 15-1253.00 || Software Quality Assurance Analysts and Testers,15-1253.00||MN||54||Y||IV,10,109490.3,124055.5,-15392.7,-827.5,-12.325696852253708,-0.6626202125189177,0.8767430314774629,-0.1896341136242569
105287,Applied Machine Learning Engineer,15-1252.00,Software Developers,San Jose,CA,519130,Y,1,IV,264514,True,1,0.95,Applied Machine Learning Engineer || 15-1252.00 || Software Developers,15-1252.00||CA||51||Y||IV,11,204401.0,150000.0,-60113.0,-114514.0,-22.725829256674505,-43.292226498408404,0.772741707433255,-0.49910620463264005
106206,"Senior Manager, Software Development Engineering",11-3021.00,Computer and Information Systems Managers,Seattle,WA,5192,Y,1,III,218317,False,0,0.1,"Senior Manager, Software Development Engineering || 11-3021.00 || Computer and Information Systems Managers",11-3021.00||WA||51||Y||III,10,149361.1,157500.0,-68955.9,-60817.0,-31.585217825455647,-27.85719847744335,0.6841478217454435,-0.3970775485615494
35290,AI Software Engineer,15-1252.00,Software Developers,Palo Alto,CA,541511,Y,1,II,187741,True,1,0.95,AI Software Engineer || 15-1252.00 || Software Developers,15-1252.00||CA||54||Y||II,11,202037.36363636365,145000.0,14296.363636363636,-42741.0,7.61493953710891,-22.765938180791622,1.0761493953710892,-0.1712689975503827
75529,Software Engineer,15-1252.00,Software Developers,Redmond,WA,541511,Y,1,II,149240,False,0,0.15,Software Engineer || 15-1252.00 || Software Developers,15-1252.00||WA||54||Y||II,11,112782.81818181818,115000.0,-36457.181818181816,-34240.0,-24.428559245632414,-22.942910747788797,0.7557144075436759,-0.3193944830734216
60318,Software Engineer - E-commerce Recommendation Infrastructure,15-1252.00,Software Developers,Bellevue,WA,51321,Y,1,II,149240,True,1,0.85,Software Engineer - E-commerce Recommendation Infrastructure || 15-1252.00 || Software Developers,15-1252.00||WA||51||Y||II,11,113199.54545454546,125000.0,-36040.454545454544,-24240.0,-24.149326283472625,-16.242294291074778,0.7585067371652737,-0.3093747224732583
41070,Senior Data Scientist,15-2051.00,Data Scientists,Dresher,PA,541611,Y,1,I,73944,True,1,0.95,Senior Data Scientist || 15-2051.00 || Data Scientists,15-2051.00||PA||54||Y||I,11,118746.45454545454,123000.0,44802.454545454544,49056.0,60.589709165658526,66.34209672184356,1.6058970916565853,0.45323872572767276
94396,Advanced Data Science Manager,15-2031.00,Operations Research Analysts,New York,NY,54161,Y,1,IV,147014,True,1,0.85,Advanced Data Science Manager || 15-2031.00 || Operations Research Analysts,15-2031.00||NY||54||Y||IV,10,151884.8,155000.0,4870.8,7986.0,3.313153849293265,5.432135714965922,1.0331315384929325,0.005574406287583144
106803,Software Developer,15-1252.00,Software Developers,Leander,TX,541511,Y,1,II,108826,False,0,0.15,Software Developer || 15-1252.00 || Software Developers,15-1252.00||TX||54||Y||II,10,93946.7,92391.0,-14879.3,-16435.0,-13.672559866208442,-15.102089574182639,0.8632744013379157,-0.16203279455813552
100350,Staff Machine Learning Engineer,15-1252.00,Software Developers,Seattle,WA,455219,Y,1,IV,212202,True,1,0.95,Staff Machine Learning Engineer || 15-1252.00 || Software Developers,15-1252.00||WA||45||Y||IV,11,136782.81818181818,145000.0,-75419.18181818182,-67202.0,-35.541221014967725,-31.668881537403042,0.6445877898503227,-0.47744239388479087
60655,Software Engineering,15-1252.00,Software Developers,Redmond,WA,513210,Y,1,III,180710,False,0,0.15,Software Engineering || 15-1252.00 || Software Developers,15-1252.00||WA||51||Y||III,11,122146.45454545454,125000.0,-58563.545454545456,-55710.0,-32.40747355129515,-30.828399092468597,0.6759252644870486,-0.41587024588284277
52498,"Software Engineer, Chat",15-1252.00,Software Developers,San Francisco,CA,52231,Y,1,II,161637,True,1,0.85,"Software Engineer, Chat || 15-1252.00 || Software Developers",15-1252.00||CA||52||Y||II,11,124838.36363636363,129000.0,-36798.63636363636,-32637.0,-22.76622083040168,-20.19154030327215,0.7723377916959833,-0.28395369633158735
24282,Senior Machine Learning Engineer,15-1252.00,Software Developers,Sunnyvale,CA,518210,Y,1,II,187741,True,1,0.95,Senior Machine Learning Engineer || 15-1252.00 || Software Developers,15-1252.00||CA||51||Y||II,11,205591.9090909091,145000.0,17850.909090909092,-42741.0,9.508263560388563,-22.765938180791622,1.0950826356038856,-0.146204501983693
8839,Senior Backend Software Engineer,15-1252.00,Software Developers,New York,NY,54181,Y,1,IV,189592,False,0,0.1,Senior Backend Software Engineer || 15-1252.00 || Software Developers,15-1252.00||NY||54||Y||IV,11,138795.54545454544,150000.0,-50796.454545454544,-39592.0,-26.792509465301567,-20.882737668256045,0.7320749053469843,-0.3437149224542024
75909,Software Engineer,15-1252.00,Software Developers,Santa Clara,CA,334111,Y,50,IV,264514,False,0,0.15,Software Engineer || 15-1252.00 || Software Developers,15-1252.00||CA||33||Y||IV,11,207855.54545454544,145000.0,-56658.454545454544,-119514.0,-21.419832048759062,-45.18248561512812,0.7858016795124094,-0.5630502213885041
115698,Artificial Intelligence (AI) Architect,15-1252.00,Software Developers,Irving,TX,541611,Y,1,IV,149781,True,1,0.95,Artificial Intelligence (AI) Architect || 15-1252.00 || Software Developers,15-1252.00||TX||54||Y||IV,11,136750.0909090909,145000.0,-13030.90909090909,-4781.0,-8.699974690320596,-3.191993644053652,0.913000253096794,-0.11612059399683697
33819,Software Developers - KBGFJG71874-10,15-1252.00,Software Developers,Roslindale,MA,541211,Y,1,III,154606,False,0,0.1,Software Developers - KBGFJG71874-10 || 15-1252.00 || Software Developers,15-1252.00||MA||54||Y||III,10,104066.2,110000.0,-50539.8,-44606.0,-32.689416969587214,-28.851402920973314,0.673105830304128,-0.40991372740827287
103430,Data Scientist Lead L2,15-1299.00,"Computer Occupations, All Other",New Brunswick,NJ,541511,Y,1,II,94682,True,1,0.85,"Data Scientist Lead L2 || 15-1299.00 || Computer Occupations, All Other",15-1299.00||NJ||54||Y||II,9,118021.66666666667,120000.0,23339.666666666668,25318.0,24.65058476443956,26.740035064743033,1.2465058476443955,0.20813316903748497
91365,Senior Data Scientist,15-2031.00,Operations Research Analysts,Mountain View,CA,541512,Y,1,III,125694,True,1,0.85,Senior Data Scientist || 15-2031.00 || Operations Research Analysts,15-2031.00||CA||54||Y||III,11,205219.18181818182,150000.0,79525.18181818182,24306.0,63.26887665137701,19.33743854121915,1.63268876651377,0.2531478476031123
53942,GenAI Engineer,15-1252.00,Software Developers,Plano,TX,541511,Y,1,II,112923,True,1,0.95,GenAI Engineer || 15-1252.00 || Software Developers,15-1252.00||TX||54||Y||II,10,118286.0,122500.0,5363.0,9577.0,4.749253916385502,8.481000327656899,1.047492539163855,0.03554447085629438
76640,Software Engineer,15-1252.00,Software Developers,Santa Clara,CA,334111,Y,50,IV,264514,False,0,0.15,Software Engineer || 15-1252.00 || Software Developers,15-1252.00||CA||33||Y||IV,11,207855.54545454544,145000.0,-56658.454545454544,-119514.0,-21.419832048759062,-45.18248561512812,0.7858016795124094,-0.5630502213885041
17032,Postdoctoral Researcher in Computational Biomechanics,15-2051.00,Data Scientists,Moon Township,PA,611310,Y,1,I,51459,False,0,0.15,Postdoctoral Researcher in Computational Biomechanics || 15-2051.00 || Data Scientists,15-2051.00||PA||61||Y||I,11,79923.81818181818,75000.0,28464.81818181818,23541.0,55.31552922096851,45.74709963271731,1.553155292209685,0.40383846854258076
19419,Senior Software Engineer I,15-1252.00,Software Developers,Boston,MA,335311,Y,1,II,131082,False,0,0.1,Senior Software Engineer I || 15-1252.00 || Software Developers,15-1252.00||MA||33||Y||II,12,114275.5,124000.0,-16806.5,-7082.0,-12.82136372652233,-5.402725011824659,0.8717863627347767,-0.16297899681405723
10649,Staff Data Scientist,15-2031.00,Operations Research Analysts,Mountain View,CA,541512,Y,1,IV,147742,True,1,0.85,Staff Data Scientist || 15-2031.00 || Operations Research Analysts,15-2031.00||CA||54||Y||IV,10,145361.1,150000.0,-2380.9,2258.0,-1.6115254971504378,1.528339943956356,0.9838847450284955,-0.06109681546796608
16513,Machine Learning Manager,11-3021.00,Computer and Information Systems Managers,Santa Clara,CA,334111,Y,1,II,248643,True,1,0.95,Machine Learning Manager || 11-3021.00 || Computer and Information Systems Managers,11-3021.00||CA||33||Y||II,11,217037.36363636365,164911.0,-31605.636363636364,-83732.0,-12.71125121706075,-33.67559110853714,0.8728874878293925,-0.3523856636542008
67106,"Manager, Engineering Data/ML",15-1252.00,Software Developers,Mountain House,CA,45411,Y,1,IV,155750,True,1,0.95,"Manager, Engineering Data/ML || 15-1252.00 || Software Developers",15-1252.00||CA||45||Y||IV,11,205446.45454545456,150000.0,49696.454545454544,-5750.0,31.907835984240478,-3.691813804173355,1.319078359842405,0.024572687933100502
100439,Principal Data Scientist,17-2112.00,Industrial Engineers,Akron,OH,326211,Y,1,IV,120370,True,1,0.95,Principal Data Scientist || 17-2112.00 || Industrial Engineers,17-2112.00||OH||32||Y||IV,10,122185.4,129577.0,1815.4,9207.0,1.5081831021018526,7.648915842817978,1.0150818310210186,-0.002928280466953659
9205,AI ENGINEER,15-1252.00,Software Developers,HOLLYSPRINGS,NC,541511,Y,1,II,113547,True,1,0.95,AI ENGINEER || 15-1252.00 || Software Developers,15-1252.00||NC||54||Y||II,11,104501.27272727272,110000.0,-9045.727272727272,-3547.0,-7.966504859421448,-3.123816569350137,0.9203349514057855,-0.10482901180017169
116827,Machine Learning Engineer,15-1252.00,Software Developers,New York,NY,51929,Y,1,III,151819,True,1,0.95,Machine Learning Engineer || 15-1252.00 || Software Developers,15-1252.00||NY||51||Y||III,12,124784.25,124000.0,-27034.75,-27819.0,-17.807224392203874,-18.323793464586117,0.8219277560779612,-0.21935551374396253
89923,Data Scientist II,15-2051.00,Data Scientists,Atlanta,GA,52211,Y,1,II,93974,True,1,0.85,Data Scientist II || 15-2051.00 || Data Scientists,15-2051.00||GA||52||Y||II,9,107657.66666666667,115000.0,13683.666666666666,21026.0,14.561119742340079,22.374273735288483,1.145611197423401,0.11951499758066556
44130,Machine Learning Engineer,15-1252.00,Software Developers,Mountain View,CA,513210,Y,1,II,187741,True,1,0.95,Machine Learning Engineer || 15-1252.00 || Software Developers,15-1252.00||CA||51||Y||II,11,200219.18181818182,135000.0,12478.181818181818,-52741.0,6.646487351288115,-28.092425202805995,1.0664648735128812,-0.1831781209752153
99545,Senior ADAS Algorithm Engineer,17-2141.02,Automotive Engineers,Auburn Hills,MI,33632,Y,1,III,109512,True,1,0.85,Senior ADAS Algorithm Engineer || 17-2141.02 || Automotive Engineers,17-2141.02||MI||33||Y||III,9,123095.55555555556,125000.0,13583.555555555555,15488.0,12.403714255566108,14.142742347870554,1.124037142555661,0.10219913943909671
14733,Senior AI Software Engineer,15-1252.00,Software Developers,New York,NY,541511,Y,1,III,160805,True,1,0.95,Senior AI Software Engineer || 15-1252.00 || Software Developers,15-1252.00||NY||54||Y||III,11,204136.36363636365,150000.0,43331.36363636364,-10805.0,26.946527555961346,-6.719318429153322,1.2694652755596134,0.0004305511121434271
99012,Software Engineer II,15-1252.00,Software Developers,New York,NY,622310,Y,1,II,109866,False,0,0.1,Software Engineer II || 15-1252.00 || Software Developers,15-1252.00||NY||62||Y||II,12,110109.16666666667,115000.0,243.16666666666666,5134.0,0.2213302265183641,4.6729652485755375,1.0022133022651836,-0.019447338348884458
84386,SAP HANA DATA ENGINEER/MODELER,15-2051.00,Data Scientists,EXTON,PA,541511,Y,1,II,96013,False,0,0.15,SAP HANA DATA ENGINEER/MODELER || 15-2051.00 || Data Scientists,15-2051.00||PA||54||Y||II,11,111821.81818181818,117421.0,15808.818181818182,21408.0,16.465289264805996,22.296980617208085,1.16465289264806,0.13847418611636558
66049,"Sr. Software Engineer, Cloud Microservices",15-1252.00,Software Developers,Newark,CA,336110,Y,1,II,161637,False,0,0.1,"Sr. Software Engineer, Cloud Microservices || 15-1252.00 || Software Developers",15-1252.00||CA||33||Y||II,11,123897.90909090909,135000.0,-37739.09090909091,-26637.0,-23.348052060537444,-16.47951892202899,0.7665194793946256,-0.2979385174564243
40100,Senior Backend Developer,15-1252.00,Software Developers,Seattle,WA,522320,Y,1,III,180710,False,0,0.1,Senior Backend Developer || 15-1252.00 || Software Developers,15-1252.00||WA||52||Y||III,11,127283.72727272728,135000.0,-53426.27272727273,-45710.0,-29.564646520542706,-25.294671019866083,0.7043535347945729,-0.3755803474131266
5275,ADAS BlueCruise Feature Engineer,17-2141.02,Automotive Engineers,Dearborn,MI,33611,Y,1,II,93642,True,1,0.85,ADAS BlueCruise Feature Engineer || 17-2141.02 || Automotive Engineers,17-2141.02||MI||33||Y||II,10,105381.9,110000.0,11739.9,16358.0,12.537002627026334,17.468657226458213,1.1253700262702633,0.09581995782434358
62818,Product Analyst,15-2051.00,Data Scientists,New York,NY,51929,Y,1,II,109491,False,0,0.15,Product Analyst || 15-2051.00 || Data Scientists,15-2051.00||NY||51||Y||II,12,99967.58333333333,107500.0,-9523.416666666666,-1991.0,-8.69789906628551,-1.8184142988921466,0.9130210093371449,-0.12276538885505757
1851,SAP DEVELOPER,15-1252.00,Software Developers,RANCHO SANTA MARGARITA,CA,339112,Y,1,II,129667,False,0,0.05,SAP DEVELOPER || 15-1252.00 || Software Developers,15-1252.00||CA||33||Y||II,10,106899.0,111875.0,-22768.0,-17792.0,-17.558823756237132,-13.721301487656845,0.8244117624376287,-0.2089475124848965
50145,"Director, Product & AI Solutions",15-1299.00,"Computer Occupations, All Other",Pleasanton,CA,541511,Y,1,IV,185994,True,1,0.95,"Director, Product & AI Solutions || 15-1299.00 || Computer Occupations, All Other",15-1299.00||CA||54||Y||IV,10,255954.1,186270.5,69960.1,276.5,37.614170349581165,0.14866070948525217,1.3761417034958117,0.14420254698209067
87611,Senior Solutions Engineer and Product Specialist,15-1252.00,Software Developers,New York,NY,541511,Y,1,II,131997,False,0,0.1,Senior Solutions Engineer and Product Specialist || 15-1252.00 || Software Developers,15-1252.00||NY||54||Y||II,11,117573.72727272728,130000.0,-14423.272727272728,-1997.0,-10.926970103315021,-1.5129131722690667,0.8907302989668499,-0.14416814241067366
18705,Sr. AI Engineer,15-1252.00,Software Developers,Nashville,TN,55111,Y,1,III,122117,True,1,0.95,Sr. AI Engineer || 15-1252.00 || Software Developers,15-1252.00||TN||55||Y||III,10,123230.6,130247.5,1113.6,8130.5,0.9119123463563632,6.657959170303889,1.0091191234635635,-0.003534046154510051
85278,"Manager, Machine Learning Engineering (6)",15-1252.00,Software Developers,Santa Monica,CA,513210,Y,1,IV,184558,True,1,0.95,"Manager, Machine Learning Engineering (6) || 15-1252.00 || Software Developers",15-1252.00||CA||51||Y||IV,11,210901.0,160000.0,26343.0,-24558.0,14.27356169876137,-13.306386068336241,1.1427356169876137,-0.1011061511810433
83046,Staff Data Scientist,15-2041.00,Statisticians,Burlingame,CA,541330,Y,1,II,101587,True,1,0.85,Staff Data Scientist || 15-2041.00 || Statisticians,15-2041.00||CA||54||Y||II,9,125346.33333333333,140000.0,23759.333333333332,38413.0,23.38816318360945,37.81290913207398,1.2338816318360946,0.19095391579886545
68954,Product Manager - AI Agent,11-3021.00,Computer and Information Systems Managers,Brooklyn,NY,513210,Y,1,II,186056,True,1,0.95,Product Manager - AI Agent || 11-3021.00 || Computer and Information Systems Managers,11-3021.00||NY||51||Y||II,10,125389.0,132500.0,-60667.0,-53556.0,-32.60684955067292,-28.78488197101948,0.6739315044932709,-0.42646491148098614
4458,RPA Engineer,15-1252.00,Software Developers,Spokane,WA,541611,Y,1,II,105269,False,0,0.15,RPA Engineer || 15-1252.00 || Software Developers,15-1252.00||WA||54||Y||II,11,92329.18181818182,95000.0,-12939.818181818182,-10269.0,-12.292145058676516,-9.755008597022865,0.8770785494132348,-0.14306355155747708
33169,Senior Mechatronics Engineer 1,17-2199.05,Mechatronics Engineers,San Jose,CA,333242,Y,1,II,129459,False,0,0.15,Senior Mechatronics Engineer 1 || 17-2199.05 || Mechatronics Engineers,17-2199.05||CA||33||Y||II,12,116645.75,124000.0,-12813.25,-5459.0,-9.897535126951391,-4.216779057462208,0.9010246487304862,-0.13390132899641158
105439,Assistant Professor,25-1022.00,"Mathematical Science Teachers, Postsecondary",Tampa,FL,611310,Y,1,II,73147,False,0,0.1,"Assistant Professor || 25-1022.00 || Mathematical Science Teachers, Postsecondary",25-1022.00||FL||61||Y||II,11,78518.18181818182,83000.0,5371.181818181818,9853.0,7.342996730121288,13.470135480607544,1.0734299673012129,0.054899452903452
15341,Lead Data Scientist,15-1252.00,Software Developers,Fort Mill,SC,524114,Y,1,III,133536,True,1,0.85,Lead Data Scientist || 15-1252.00 || Software Developers,15-1252.00||SC||52||Y||III,9,120984.44444444444,129000.0,-12551.555555555555,-4536.0,-9.399379609659983,-3.3968368080517615,0.9060062039034,-0.11077174039500015
3684,Deployment Strategist Director,15-1252.00,Software Developers,New York,NY,541511,Y,1,IV,189592,False,0,0.1,Deployment Strategist Director || 15-1252.00 || Software Developers,15-1252.00||NY||54||Y||IV,10,157086.6,169623.5,-32505.4,-19968.5,-17.144921726655134,-10.532353685809529,0.8285507827334486,-0.2119517601120414
57721,Assistant Professor of Data Science,25-1021.00,"Computer Science Teachers, Postsecondary",Williamsburg,VA,611310,Y,1,I,57230,True,1,0.85,"Assistant Professor of Data Science || 25-1021.00 || Computer Science Teachers, Postsecondary",25-1021.00||VA||61||Y||I,12,87701.75,87850.0,30471.75,30620.0,53.24436484361349,53.50340730386161,1.5324436484361348,0.3974700349157052
12823,Network Engineer,15-1252.00,Software Developers,Nashua,NH,334111,Y,1,III,147638,False,0,0.05,Network Engineer || 15-1252.00 || Software Developers,15-1252.00||NH||33||Y||III,11,96303.45454545454,95000.0,-51334.545454545456,-52638.0,-34.77055057271533,-35.65342256058738,0.6522944942728467,-0.4542084493123459
89189,Business Manager,15-2051.00,Data Scientists,New York,NY,522110,Y,1,IV,169541,True,1,0.95,Business Manager || 15-2051.00 || Data Scientists,15-2051.00||NY||52||Y||IV,10,132521.1,137500.0,-37019.9,-32041.0,-21.835367256297886,-18.898673477212,0.7816463274370211,-0.2602008647344164
21857,Software Engineer,15-1252.00,Software Developers,Hillsboro,OR,3344,Y,1,III,152880,False,0,0.15,Software Engineer || 15-1252.00 || Software Developers,15-1252.00||OR||33||Y||III,11,105850.36363636363,110000.0,-47029.63636363636,-42880.0,-30.762451833880405,-28.04814233385662,0.692375481661196,-0.4028358260412231
81344,Lead Machine Learning Engineer,15-1252.00,Software Developers,Duluth,GA,316210,Y,1,IV,152131,True,1,0.95,Lead Machine Learning Engineer || 15-1252.00 || Software Developers,15-1252.00||GA||31||Y||IV,9,133983.77777777778,140000.0,-18147.222222222223,-12131.0,-11.928681348457724,-7.974048681728247,0.8807131865154227,-0.13927422069241657
46236,Product Owner II,15-2051.00,Data Scientists,Columbus,OH,524126,Y,1,IV,125091,False,0,0.1,Product Owner II || 15-2051.00 || Data Scientists,15-2051.00||OH||52||Y||IV,10,117616.0,119174.5,-7475.0,-5916.5,-5.9756497269987445,-4.729756737095395,0.9402435027300126,-0.06847708053121053
44767,Sr. DevOps Engineer Consultant,15-2051.00,Data Scientists,Naperville,IL,541511,Y,1,IV,142210,False,0,0.1,Sr. DevOps Engineer Consultant || 15-2051.00 || Data Scientists,15-2051.00||IL||54||Y||IV,10,128974.3,133021.5,-13235.7,-9188.5,-9.307151395823078,-6.461219323535616,0.9069284860417692,-0.10743646044310325
90837,Software Engineer,15-1252.00,Software Developers,Fremont,CA,522320,Y,1,IV,213512,False,0,0.15,Software Engineer || 15-1252.00 || Software Developers,15-1252.00||CA||52||Y||IV,11,126101.0,140000.0,-87411.0,-73512.0,-40.93961931882049,-34.42991494623253,0.590603806811795,-0.5822289048809594
10485,"Manager, Data Science",15-2051.01,Business Intelligence Analysts,New York,NY,541810,Y,1,II,109491,True,1,0.85,"Manager, Data Science || 15-2051.01 || Business Intelligence Analysts",15-2051.01||NY||54||Y||II,11,120255.54545454546,130000.0,10764.545454545454,20509.0,9.83144318212954,18.731219917618798,1.0983144318212954,0.07456510100167306
32194,Assistant Professor,25-1021.00,"Computer Science Teachers, Postsecondary",Richmond,VA,611310,Y,1,I,55340,False,0,0.1,"Assistant Professor || 25-1021.00 || Computer Science Teachers, Postsecondary",25-1021.00||VA||61||Y||I,12,84835.08333333333,85000.0,29495.083333333332,29660.0,53.29794603059872,53.59595229490423,1.5329794603059872,0.39863306355534495
16742,Chief Technology Officer,15-1221.00,Computer and Information Research Scientists,Brooklyn,NY,5419,Y,1,II,147867,False,0,0.3,Chief Technology Officer || 15-1221.00 || Computer and Information Research Scientists,15-1221.00||NY||54||Y||II,12,241500.0,182500.0,93633.0,34633.0,63.32244517032198,23.421723575916197,1.63322445170322,0.31307397746504667
1953,Senior Security Manager,11-3021.00,Computer and Information Systems Managers,Pleasanton,CA,518210,Y,1,III,237682,False,0,0.1,Senior Security Manager || 11-3021.00 || Computer and Information Systems Managers,11-3021.00||CA||51||Y||III,11,207264.63636363635,150000.0,-30417.363636363636,-87682.0,-12.797504075345897,-36.89046709468954,0.872024959246541,-0.3760126372860442
108255,Assistant Vice President; Quantitative Finance Analyst,15-2031.00,Operations Research Analysts,Jersey City,NJ,522110,Y,1,II,91270,False,0,0.15,Assistant Vice President; Quantitative Finance Analyst || 15-2031.00 || Operations Research Analysts,15-2031.00||NJ||52||Y||II,11,120939.09090909091,125000.0,29669.090909090908,33730.0,32.50694741874757,36.95628355428947,1.3250694741874758,0.2646625579492588
112390,"Engineer 3, Machine Learning",15-1252.00,Software Developers,Leander,TX,516210,Y,1,I,79851,True,1,0.95,"Engineer 3, Machine Learning || 15-1252.00 || Software Developers",15-1252.00||TX||51||Y||I,12,107974.58333333333,117500.0,28123.583333333332,37649.0,35.22007655925828,47.149065133811725,1.352200765592583,0.2654927809411582
1501,AI/ML Engineer,15-1211.00,Computer Systems Analysts,Richmond,VA,541511,Y,1,III,106475,True,1,0.95,AI/ML Engineer || 15-1211.00 || Computer Systems Analysts,15-1211.00||VA||54||Y||III,9,107688.33333333333,115000.0,1213.3333333333333,8525.0,1.1395476246380218,8.006574313219065,1.0113954762463804,-0.00024856630261085557
86204,"Senior Software Engineer, Autonomy",17-2141.00,Mechanical Engineers,Mountain View,CA,541512,Y,1,IV,185869,True,1,0.85,"Senior Software Engineer, Autonomy || 17-2141.00 || Mechanical Engineers",17-2141.00||CA||54||Y||IV,10,142561.1,157500.0,-43307.9,-28369.0,-23.300227579639422,-15.262900214667319,0.7669977242036058,-0.2987462981354538
34353,"Manager, Data Science",15-2051.00,Data Scientists,Chicago,IL,522110,Y,1,IV,142210,True,1,0.95,"Manager, Data Science || 15-2051.00 || Data Scientists",15-2051.00||IL||52||Y||IV,10,128571.1,137500.0,-13638.9,-4710.0,-9.590675761198227,-3.312003375290064,0.9040932423880177,-0.12053222521138451
100696,Computer Software Developer,15-1252.00,Software Developers,Brooklyn,NY,541511,Y,1,III,160805,False,0,0.15,Computer Software Developer || 15-1252.00 || Software Developers,15-1252.00||NY||54||Y||III,12,102779.5,106000.0,-58025.5,-54805.0,-36.08438792326109,-34.081651689935015,0.639156120767389,-0.4793400726077793
50262,Applications Consultant 3,15-1252.00,Software Developers,New York,NY,541512,Y,1,III,160805,False,0,0.1,Applications Consultant 3 || 15-1252.00 || Software Developers,15-1252.00||NY||54||Y||III,11,107976.63636363637,110000.0,-52828.36363636364,-50805.0,-32.85243844181688,-31.59416684804577,0.6714756155818312,-0.42036880492771805
84735,"Staff Machine Learning Engineer, Autonomy",15-1252.00,Software Developers,Palo Alto,CA,336111,Y,1,III,226138,True,1,0.95,"Staff Machine Learning Engineer, Autonomy || 15-1252.00 || Software Developers",15-1252.00||CA||33||Y||III,11,209082.81818181818,160000.0,-17055.18181818182,-66138.0,-7.5419353749399995,-29.246743139145124,0.9245806462506,-0.3234811511784917
99771,"Lead, Product Intelligence",15-1252.00,Software Developers,Glendale,CA,541512,Y,1,III,157123,True,1,0.85,"Lead, Product Intelligence || 15-1252.00 || Software Developers",15-1252.00||CA||54||Y||III,11,122782.81818181818,135000.0,-34340.181818181816,-22123.0,-21.85560472889508,-14.080051933835275,0.7814439527110492,-0.28658568202032375
19212,Assistant Professor Robotics,25-1021.00,"Computer Science Teachers, Postsecondary",Reno,NV,611310,Y,1,II,98290,True,1,0.85,"Assistant Professor Robotics || 25-1021.00 || Computer Science Teachers, Postsecondary",25-1021.00||NV||61||Y||II,10,86792.1,87350.0,-11497.9,-10940.0,-11.69793468308068,-11.130328619391598,0.8830206531691932,-0.13686039652189647
26906,Algorithm Engineering Manager,15-1299.08,Computer Systems Engineers/Architects,Milpitas,CA,33331,Y,1,IV,223142,True,1,0.85,Algorithm Engineering Manager || 15-1299.08 || Computer Systems Engineers/Architects,15-1299.08||CA||33||Y||IV,10,237904.3,169000.0,14762.3,-54142.0,6.615652813006963,-24.263473483252817,1.0661565281300696,-0.12704883157330454
103968,Senior Software Engineer,15-1252.00,Software Developers,Foster City,CA,336111,Y,1,III,187574,False,0,0.1,Senior Software Engineer || 15-1252.00 || Software Developers,15-1252.00||CA||33||Y||III,11,132964.63636363635,139000.0,-54609.36363636364,-48574.0,-29.1135038098903,-25.895913079637904,0.7088649619010969,-0.37836152351272434
16567,Staff ADAS R&D Systems Engineer,17-2072.00,"Electronics Engineers, Except Computer",Santa Clara,CA,334220,Y,1,III,186472,True,1,0.85,"Staff ADAS R&D Systems Engineer || 17-2072.00 || Electronics Engineers, Except Computer",17-2072.00||CA||33||Y||III,11,127325.18181818182,125000.0,-59146.818181818184,-61472.0,-31.718873708555805,-32.965807198936034,0.6828112629144419,-0.4098033181940991
69013,Software Developer/Full Stack Engineer,15-1252.00,Software Developers,Westlake,TX,541511,Y,1,II,112923,False,0,0.1,Software Developer/Full Stack Engineer || 15-1252.00 || Software Developers,15-1252.00||TX||54||Y||II,11,96649.54545454546,95000.0,-16273.454545454546,-17923.0,-14.411107166347461,-15.87187729691914,0.8558889283365254,-0.1686888615908126
58888,Sr. IT Business Analyst,15-1252.00,Software Developers,Franklin Lakes,NJ,339112,Y,1,III,160805,False,0,0.05,Sr. IT Business Analyst || 15-1252.00 || Software Developers,15-1252.00||NJ||33||Y||III,11,106067.54545454546,115000.0,-54737.454545454544,-45805.0,-34.03964711635493,-28.484810795684215,0.6596035288364507,-0.4448334481126338
2894,Software Engineer,15-1252.00,Software Developers,Palo Alto,CA,518210,Y,10,II,187741,False,0,0.15,Software Engineer || 15-1252.00 || Software Developers,15-1252.00||CA||51||Y||II,11,197128.27272727274,135000.0,9387.272727272728,-52741.0,5.000118635392765,-28.092425202805995,1.0500011863539276,-0.20916427841389487
113279,Microsoft Dynamics Developer,15-1252.00,Software Developers,Ashburn,VA,541511,Y,1,I,97157,False,0,0.05,Microsoft Dynamics Developer || 15-1252.00 || Software Developers,15-1252.00||VA||54||Y||I,11,104494.54545454546,115000.0,7337.545454545455,17843.0,7.552256095335853,18.36512037218111,1.0755225609533585,0.046152014097989795
101503,"Associate Manager, Software Engineering",11-3021.00,Computer and Information Systems Managers,San Antonio,TX,541511,Y,1,II,137010,False,0,0.1,"Associate Manager, Software Engineering || 11-3021.00 || Computer and Information Systems Managers",11-3021.00||TX||54||Y||II,11,112068.09090909091,115000.0,-24941.909090909092,-22010.0,-18.20444426750536,-16.064520837895046,0.8179555573249465,-0.2201936194732839
36018,Staff GPU Engineer,17-2072.00,"Electronics Engineers, Except Computer",Santa Clara,CA,334220,Y,1,III,186472,True,1,0.85,"Staff GPU Engineer || 17-2072.00 || Electronics Engineers, Except Computer",17-2072.00||CA||33||Y||III,11,199897.9090909091,145000.0,13425.90909090909,-41472.0,7.199959828236462,-22.240336350765798,1.0719995982823647,-0.18944675577406658
45080,QA Engineering Lead,15-2031.00,Operations Research Analysts,Menlo Park,CA,519290,Y,1,IV,148699,False,0,0.1,QA Engineering Lead || 15-2031.00 || Operations Research Analysts,15-2031.00||CA||51||Y||IV,11,133964.63636363635,135000.0,-14734.363636363636,-13699.0,-9.90885186609435,-9.21257036025797,0.9009114813390565,-0.1356678974723672
106042,GenAI Engineer,15-1252.00,Software Developers,Plano,TX,541511,Y,1,II,105997,True,1,0.95,GenAI Engineer || 15-1252.00 || Software Developers,15-1252.00||TX||54||Y||II,10,118286.0,122500.0,12289.0,16503.0,11.59372435068917,15.569308565336755,1.1159372435068917,0.09883984954530885
48300,Data Scientist,15-2051.01,Business Intelligence Analysts,Culver City,CA,541511,Y,1,IV,158808,True,1,0.85,Data Scientist || 15-2051.01 || Business Intelligence Analysts,15-2051.01||CA||54||Y||IV,12,115301.75,125000.0,-43506.25,-33808.0,-27.39550274545363,-21.288600070525415,0.7260449725454637,-0.3584680167499343
26932,Software Engineer,15-1252.00,Software Developers,Santa Clara,CA,334111,Y,1,IV,264514,False,0,0.15,Software Engineer || 15-1252.00 || Software Developers,15-1252.00||CA||33||Y||IV,11,200764.63636363635,150000.0,-63749.36363636364,-114514.0,-24.10056315974339,-43.292226498408404,0.7589943684025662,-0.5427084239382015
14905,DATABASE ENGINEER,15-1243.00,Database Architects,HOUSTON,TX,541511,Y,1,II,102294,False,0,0.15,DATABASE ENGINEER || 15-1243.00 || Database Architects,15-1243.00||TX||54||Y||II,11,103640.0,105000.0,1346.0,2706.0,1.3158151993274287,2.6453164408469707,1.0131581519932744,0.0011724032257760732
87111,"Scientist 3, Data Science",17-2112.00,Industrial Engineers,Sunnyvale,CA,334112,Y,1,III,145205,True,1,0.85,"Scientist 3, Data Science || 17-2112.00 || Industrial Engineers",17-2112.00||CA||33||Y||III,9,128042.77777777778,130000.0,-17162.222222222223,-15205.0,-11.819305273387434,-10.471402499913914,0.8818069472661256,-0.14520903385137846
40668,Sr. Machine Learning Engineer,15-1252.00,Software Developers,Seattle,WA,541511,Y,1,IV,212202,True,1,0.95,Sr. Machine Learning Engineer || 15-1252.00 || Software Developers,15-1252.00||WA||54||Y||IV,11,210219.18181818182,150000.0,-1982.8181818181818,-62202.0,-0.9344012694593754,-29.312636073175558,0.9906559873054062,-0.2338421503598287
52893,"Staff Machine Learning Engineer, GenAI",15-1252.00,Software Developers,Palo Alto,CA,541512,Y,1,III,226138,True,1,0.98,"Staff Machine Learning Engineer, GenAI || 15-1252.00 || Software Developers",15-1252.00||CA||54||Y||III,11,220219.18181818182,160000.0,-5918.818181818182,-66138.0,-2.6173478945680015,-29.246743139145124,0.9738265210543201,-0.2454661078128435
51282,Associate Data Scientist,15-2031.00,Operations Research Analysts,Atlanta,GA,444110,Y,1,IV,97760,True,1,0.85,Associate Data Scientist || 15-2031.00 || Operations Research Analysts,15-2031.00||GA||44||Y||IV,11,97613.27272727272,105000.0,-146.72727272727272,7240.0,-0.15008927242969736,7.405891980360066,0.998499107275703,-0.023325690649354577
49394,"Manager III, Software Development",11-3021.00,Computer and Information Systems Managers,Seattle,WA,518210,Y,10,II,198390,False,0,0.1,"Manager III, Software Development || 11-3021.00 || Computer and Information Systems Managers",11-3021.00||WA||51||Y||II,10,139131.1,140000.0,-59258.9,-58390.0,-29.869902716870808,-29.431927012450224,0.7013009728312919,-0.36960611502919305
64895,Deep Learning Software Engineer,15-1252.00,Software Developers,San Diego,CA,3344,Y,1,III,157581,True,1,0.95,Deep Learning Software Engineer || 15-1252.00 || Software Developers,15-1252.00||CA||33||Y||III,11,118162.45454545454,130000.0,-39418.545454545456,-27581.0,-25.014783162021725,-17.50274462022706,0.7498521683797829,-0.32118250792467007
112574,Senior Robotics Software Engineer,15-1252.00,Software Developers,Manchester,NH,334111,Y,1,III,117811,True,1,0.85,Senior Robotics Software Engineer || 15-1252.00 || Software Developers,15-1252.00||NH||33||Y||III,10,116874.9,127000.0,-936.1,9189.0,-0.7945777558971576,7.799781005169296,0.9920542224410284,-0.022908794033648937
36830,Senior Statistical Programmer-Clinical,15-2051.00,Data Scientists,Concord,NC,541714,Y,1,IV,153962,False,0,0.15,Senior Statistical Programmer-Clinical || 15-2051.00 || Data Scientists,15-2051.00||NC||54||Y||IV,10,116594.3,121500.0,-37367.7,-32462.0,-24.27072914095686,-21.084423429157845,0.7572927085904314,-0.2912511211917021
49520,Developer / Machine Learning Engineer,15-1252.00,Software Developers,FLOWER MOUND,TX,541511,Y,1,II,112923,True,1,0.95,Developer / Machine Learning Engineer || 15-1252.00 || Software Developers,15-1252.00||TX||54||Y||II,11,103018.18181818182,110000.0,-9904.818181818182,-2923.0,-8.771302730017961,-2.588489501695846,0.9122869726998204,-0.12325556179519817
108641,Specialist - Data Sciences,15-2051.00,Data Scientists,Bellevue,WA,541511,Y,1,II,118414,True,1,0.85,Specialist - Data Sciences || 15-2051.00 || Data Scientists,15-2051.00||WA||54||Y||II,10,115259.2,120000.0,-3154.8,1586.0,-2.664212001959228,1.3393686557332747,0.9733578799804077,-0.04862686022002229
21777,Staff Machine Learning Engineer,15-1252.00,Software Developers,San Mateo,CA,522291,Y,1,II,161637,True,1,0.95,Staff Machine Learning Engineer || 15-1252.00 || Software Developers,15-1252.00||CA||52||Y||II,11,200810.0909090909,155000.0,39173.09090909091,-6637.0,24.235225170654562,-4.106114317885138,1.2423522517065455,-0.042177525249582425
8836,"Senior Manager, Data Science",17-2112.00,Industrial Engineers,Bentonville,AR,455110,Y,1,III,110510,True,1,0.85,"Senior Manager, Data Science || 17-2112.00 || Industrial Engineers",17-2112.00||AR||45||Y||III,9,124261.33333333333,128111.0,13751.333333333334,17601.0,12.443519440171327,15.927065423943535,1.1244351944017135,0.10178158072981604
78199,Senior Software Engineer,15-1252.00,Software Developers,San Francisco,CA,541613,Y,1,II,161637,False,0,0.1,Senior Software Engineer || 15-1252.00 || Software Developers,15-1252.00||CA||54||Y||II,11,202946.45454545456,135000.0,41309.454545454544,-26637.0,25.556929753369925,-16.47951892202899,1.2555692975336994,-0.014429349061516626
75775,"TECH LEAD, FLEET MANAGEMENT TOOLS",17-2199.05,Mechatronics Engineers,SUNNYVALE,CA,513210,Y,1,IV,187762,False,0,0.1,"TECH LEAD, FLEET MANAGEMENT TOOLS || 17-2199.05 || Mechatronics Engineers",17-2199.05||CA||51||Y||IV,11,143609.0909090909,150000.0,-44152.90909090909,-37762.0,-23.515359386302386,-20.11163068139453,0.7648464061369761,-0.28344970390586705
113071,Sr. Supplier Quality Engineer,17-2031.00,Bioengineers and Biomedical Engineers,Santa Clara,CA,33911,Y,1,III,123698,False,0,0.0,Sr. Supplier Quality Engineer || 17-2031.00 || Bioengineers and Biomedical Engineers,17-2031.00||CA||33||Y||III,12,116132.66666666667,124000.0,-7565.333333333333,302.0,-6.11597061660927,0.24414299341945706,0.9388402938339073,-0.09378803449175521
3109,Software Development Engineer,15-1252.00,Software Developers,Pleasanton,CA,5415,Y,1,II,161637,False,0,0.15,Software Development Engineer || 15-1252.00 || Software Developers,15-1252.00||CA||54||Y||II,12,112190.25,121500.0,-49446.75,-40137.0,-30.591232205497505,-24.83156702982609,0.694087677945025,-0.4042174226694571
23156,Product Line Manager,11-9041.00,Architectural and Engineering Managers,Fremont,CA,5415,Y,1,II,182728,False,0,0.05,Product Line Manager || 11-9041.00 || Architectural and Engineering Managers,11-9041.00||CA||54||Y||II,11,127703.90909090909,135000.0,-55024.09090909091,-47728.0,-30.112566716152376,-26.1196970360317,0.6988743328384763,-0.3833279285851782
63476,Power BI Analyst,15-2051.00,Data Scientists,HOUSTON,TX,541511,Y,1,III,111218,False,0,0.15,Power BI Analyst || 15-2051.00 || Data Scientists,15-2051.00||TX||54||Y||III,10,93692.1,95000.0,-17525.9,-16218.0,-15.75815065906598,-14.582171950583538,0.8424184934093402,-0.17628609710663437
51856,ETL Developer,15-2051.00,Data Scientists,Harrison,NJ,541511,Y,1,II,109491,False,0,0.15,ETL Developer || 15-2051.00 || Data Scientists,15-2051.00||NJ||54||Y||II,12,91118.25,92500.0,-18372.75,-16991.0,-16.780146313395623,-15.518170443232776,0.8321985368660437,-0.20627937410784872
32519,Senior Engineer,15-1252.00,Software Developers,New York,NY,512290,Y,1,III,160805,False,0,0.1,Senior Engineer || 15-1252.00 || Software Developers,15-1252.00||NY||51||Y||III,11,125891.90909090909,129000.0,-34913.09090909091,-31805.0,-21.711446104966207,-19.778613849071856,0.7828855389503379,-0.2672564548915428
45818,Data Scientist 2,15-2051.00,Data Scientists,MCKINNEY,TX,541512,Y,1,II,96034,True,1,0.85,Data Scientist 2 || 15-2051.00 || Data Scientists,15-2051.00||TX||54||Y||II,9,104894.33333333333,105000.0,8860.333333333334,8966.0,9.226246260005137,9.336276735322906,1.0922624626000514,0.07155571679822595
79879,Computer Programmer,15-1251.00,Computer Programmers,Jersey City,NJ,541512,Y,1,I,74714,False,0,0.15,Computer Programmer || 15-1251.00 || Computer Programmers,15-1251.00||NJ||54||Y||I,12,89184.91666666667,85350.0,14470.916666666666,10636.0,19.3684137734115,14.235618491848918,1.193684137734115,0.14796130186893666
58465,Sr. Sales Operations and Strategy Manager,15-2051.00,Data Scientists,Austin,TX,334413,Y,1,IV,148741,False,0,0.1,Sr. Sales Operations and Strategy Manager || 15-2051.00 || Data Scientists,15-2051.00||TX||33||Y||IV,9,135170.0,135000.0,-13571.0,-13741.0,-9.123913379633054,-9.238206009103072,0.9087608662036695,-0.10508936339423632
74564,AI Lead,15-1252.00,Software Developers,Needham,MA,541715,Y,1,IV,178131,True,1,0.95,AI Lead || 15-1252.00 || Software Developers,15-1252.00||MA||54||Y||IV,11,142431.9090909091,150000.0,-35699.09090909091,-28131.0,-20.040919833768918,-15.79231015376324,0.7995908016623108,-0.26237942846649775
10696,CHATBOT DEVELOPER,15-1252.00,Software Developers,MADISON,WI,541511,Y,1,II,98093,True,1,0.85,CHATBOT DEVELOPER || 15-1252.00 || Software Developers,15-1252.00||WI||54||Y||II,11,86492.81818181818,90000.0,-11600.181818181818,-8093.0,-11.8256978766903,-8.250333866840652,0.8817430212330969,-0.14214208660011562
9652,Software Engineer,15-1252.00,Software Developers,Richardson,TX,541511,Y,1,IV,156998,False,0,0.15,Software Engineer || 15-1252.00 || Software Developers,15-1252.00||TX||54||Y||IV,12,113853.58333333333,115000.0,-43144.416666666664,-41998.0,-27.480870244631564,-26.750659244066803,0.7251912975536844,-0.35096302469669194
74058,Sr Autopilot Software Engineer,15-1252.00,Software Developers,Palo Alto,CA,336110,Y,1,II,187741,True,1,0.95,Sr Autopilot Software Engineer || 15-1252.00 || Software Developers,15-1252.00||CA||33||Y||II,11,203534.27272727274,155000.0,15793.272727272728,-32741.0,8.41226622169517,-17.439451158777253,1.0841226622169517,-0.16697917727117104
52973,"Senior Software Engineer, Image Processing and Machine Learn",15-1252.00,Software Developers,San Francisco,CA,332999,Y,1,IV,213512,True,1,0.95,"Senior Software Engineer, Image Processing and Machine Learn || 15-1252.00 || Software Developers",15-1252.00||CA||33||Y||IV,11,214082.81818181818,164911.0,570.8181818181819,-48601.0,0.26734711951467655,-22.762655026415377,1.0026734711951468,-0.22001509483581605
26881,ASSOCIATE DATA ARCHITECT II,15-1243.00,Database Architects,LANSDALE,PA,541511,Y,1,II,117811,False,0,0.15,ASSOCIATE DATA ARCHITECT II || 15-1243.00 || Database Architects,15-1243.00||PA||54||Y||II,9,102329.77777777778,105000.0,-15481.222222222223,-12811.0,-13.140727285416661,-10.874196806749794,0.8685927271458334,-0.15256059149414763
100712,Staff GPU Software Engineer,15-1252.00,Software Developers,Beaverton,OR,334220,Y,1,III,152880,True,1,0.85,Staff GPU Software Engineer || 15-1252.00 || Software Developers,15-1252.00||OR||33||Y||III,10,202049.5,133247.5,49169.5,-19632.5,32.16215332286761,-12.84177132391418,1.3216215332286763,0.010238403987025002
13938,"Mgr, Supply Chain Manager",15-2031.00,Operations Research Analysts,San Jose,CA,541511,Y,1,IV,147742,False,0,0.1,"Mgr, Supply Chain Manager || 15-2031.00 || Operations Research Analysts",15-2031.00||CA||54||Y||IV,12,123843.41666666667,135000.0,-23898.583333333332,-12742.0,-16.175889952304242,-8.62449405043928,0.8382411004769575,-0.21233274321636633
74637,Corn Fungicide Product Manager,19-1013.00,Soil and Plant Scientists,Research Triangle Park,NC,325110,Y,1,III,76398,False,0,0.0,Corn Fungicide Product Manager || 19-1013.00 || Soil and Plant Scientists,19-1013.00||NC||32||Y||III,11,99420.09090909091,103000.0,23022.090909090908,26602.0,30.13441570340966,34.82028325348831,1.3013441570340964,0.24830132095557855
75688,Principal Data Scientist,15-2031.00,Operations Research Analysts,Bellevue,WA,517312,Y,1,IV,130749,True,1,0.95,Principal Data Scientist || 15-2031.00 || Operations Research Analysts,15-2031.00||WA||51||Y||IV,10,222805.1,161525.5,92056.1,30776.5,70.4067335123022,23.53861214999732,1.7040673351230222,0.2972493898184821
8737,Senior Autonomy Engineer,15-1252.00,Software Developers,San Diego,CA,541512,Y,1,III,157581,True,1,0.85,Senior Autonomy Engineer || 15-1252.00 || Software Developers,15-1252.00||CA||54||Y||III,11,199736.36363636365,139100.0,42155.36363636364,-18481.0,26.75155230412527,-11.727936743642951,1.2675155230412527,-0.013670753964810635
25605,Principal Application Developer,15-1252.00,Software Developers,Parsippany,NJ,518210,Y,1,IV,189592,False,0,0.1,Principal Application Developer || 15-1252.00 || Software Developers,15-1252.00||NJ||51||Y||IV,10,131821.1,144755.5,-57770.9,-44836.5,-30.471169669606315,-23.648940883581588,0.6952883033039369,-0.39200813831798165
8322,Management Consulting Senior Manager,13-1111.00,Management Analysts,Tampa,FL,5416,Y,1,IV,118622,False,0,0.05,Management Consulting Senior Manager || 13-1111.00 || Management Analysts,13-1111.00||FL||54||Y||IV,12,129770.83333333333,135000.0,11148.833333333334,16378.0,9.398621953207106,13.806882365834332,1.093986219532071,0.0676187491307066
62522,Senior Application Security Engineer,15-1252.00,Software Developers,Chicago,IL,519130,Y,1,III,130707,False,0,0.1,Senior Application Security Engineer || 15-1252.00 || Software Developers,15-1252.00||IL||51||Y||III,11,119381.36363636363,125000.0,-11325.636363636364,-5707.0,-8.664904223673073,-4.3662542939551825,0.9133509577632691,-0.11364818866835626
87503,"Senior Platform Robotics Engineer, Large Behavior Models",15-1252.00,Software Developers,Cambridge,MA,54171,Y,1,IV,178131,True,1,0.95,"Senior Platform Robotics Engineer, Large Behavior Models || 15-1252.00 || Software Developers",15-1252.00||MA||54||Y||IV,10,148175.1,155000.0,-29955.9,-23131.0,-16.81678090843256,-12.985387158888683,0.8318321909156744,-0.22718369314304798
20239,Trainer,15-2051.00,Data Scientists,Santa Barbara,CA,611310,Y,1,I,72862,True,1,0.95,Trainer || 15-2051.00 || Data Scientists,15-2051.00||CA||61||Y||I,12,93103.58333333333,90350.0,20241.583333333332,17488.0,27.780713311922995,24.001537152425133,1.27780713311923,0.20466803034156097
5805,"Director, Technology Program Management",11-3021.00,Computer and Information Systems Managers,New York,NY,522210,Y,1,III,223642,False,0,0.15,"Director, Technology Program Management || 11-3021.00 || Computer and Information Systems Managers",11-3021.00||NY||52||Y||III,10,235000.0,169000.0,11358.0,-54642.0,5.07865248924621,-24.43279884815911,1.050786524892462,-0.14300112304020712
28920,"DIRECTOR, DATA AND MACHINE LEARNING",15-1252.00,Software Developers,JERSEY CITY,NJ,3254,Y,1,IV,189592,True,1,0.95,"DIRECTOR, DATA AND MACHINE LEARNING || 15-1252.00 || Software Developers",15-1252.00||NJ||32||Y||IV,10,234314.8,168074.0,44722.8,-21518.0,23.58896999873412,-11.349635005696443,1.2358896999873412,0.014712785187730226
62019,Machine Learning Engineer,15-1252.00,Software Developers,Seattle,WA,334111,Y,1,IV,212202,True,1,0.95,Machine Learning Engineer || 15-1252.00 || Software Developers,15-1252.00||WA||33||Y||IV,11,130919.18181818182,135000.0,-81282.81818181818,-77202.0,-38.304454332107234,-36.381372465858,0.6169554566789277,-0.5061313050470887
76729,Vice President - AI and Data Practice,15-1299.00,"Computer Occupations, All Other",Austin,TX,541511,Y,1,IV,149240,True,1,0.95,"Vice President - AI and Data Practice || 15-1299.00 || Computer Occupations, All Other",15-1299.00||TX||54||Y||IV,10,266054.1,197770.5,116814.1,48530.5,78.2726480836237,32.51842669525596,1.7827264808362369,0.4073169077240307
18129,iOS Developer,15-1252.00,Software Developers,San Jose,CA,541511,Y,1,I,149365,False,0,0.1,iOS Developer || 15-1252.00 || Software Developers,15-1252.00||CA||54||Y||I,12,117926.75,121500.0,-31438.25,-27865.0,-21.04793626351555,-18.655642218725937,0.7895206373648445,-0.2641213298322202
17433,Manager,15-2031.00,Operations Research Analysts,San Diego,CA,541611,Y,1,III,102066,False,0,0.15,Manager || 15-2031.00 || Operations Research Analysts,15-2031.00||CA||54||Y||III,10,113566.2,117500.0,11500.2,15434.0,11.267415201928163,15.121587992083553,1.1126741520192815,0.09630281139044819
16186,"Solution Architect, Predictive Artificial Intelligence (AI)",15-1252.00,Software Developers,Broadlands,VA,81341,Y,1,III,150758,True,1,0.95,"Solution Architect, Predictive Artificial Intelligence (AI) || 15-1252.00 || Software Developers",15-1252.00||VA||81||Y||III,10,130311.7,137500.0,-20446.3,-13258.0,-13.562331683890738,-8.794226508709322,0.8643766831610927,-0.1585882982884277
42373,Senior Business Analyst,15-2051.00,Data Scientists,Bensalem,PA,488190,Y,1,III,118082,False,0,0.1,Senior Business Analyst || 15-2051.00 || Data Scientists,15-2051.00||PA||48||Y||III,10,105386.8,112500.0,-12695.2,-5582.0,-10.75117291373791,-4.727223454887282,0.8924882708626208,-0.12719613606152153
112400,Principal Solution Architect,15-1252.00,Software Developers,Santa Clarita,CA,512120,Y,1,IV,176134,False,0,0.15,Principal Solution Architect || 15-1252.00 || Software Developers,15-1252.00||CA||51||Y||IV,10,235691.9,169000.0,59557.9,-7134.0,33.81397118103262,-4.050325320494624,1.3381397118103262,0.098655315221019
60966,Machine Learning Engineer 3,15-1252.00,Software Developers,Los Angeles,CA,441120,Y,1,II,129667,True,1,0.95,Machine Learning Engineer 3 || 15-1252.00 || Software Developers,15-1252.00||CA||44||Y||II,11,189125.18181818182,135000.0,59458.181818181816,5333.0,45.8545210563843,4.1128428975760984,1.458545210563843,0.09238577015016651
31407,Senior Data Scientist,15-2041.00,Statisticians,New York,NY,524114,Y,1,III,144373,True,1,0.85,Senior Data Scientist || 15-2041.00 || Statisticians,15-2041.00||NY||52||Y||III,12,127400.91666666667,130000.0,-16972.083333333332,-14373.0,-11.75571840533433,-9.955462586494704,0.8824428159466566,-0.14658709917239987
9276,Assistant Clinical Prof -CS &ProgramDirector of Data Science,25-1021.00,"Computer Science Teachers, Postsecondary",New York,NY,611310,Y,1,I,65250,True,1,0.85,"Assistant Clinical Prof -CS &ProgramDirector of Data Science || 25-1021.00 || Computer Science Teachers, Postsecondary",25-1021.00||NY||61||Y||I,11,106283.36363636363,100000.0,41033.36363636364,34750.0,62.8863810518983,53.25670498084291,1.6288638105189828,0.46710378741453956
73520,Sr. Staff Engineer Cloud,15-1252.00,Software Developers,Pleasanton,CA,445110,Y,1,IV,213512,False,0,0.1,Sr. Staff Engineer Cloud || 15-1252.00 || Software Developers,15-1252.00||CA||44||Y||IV,11,209446.45454545456,160000.0,-4065.5454545454545,-53512.0,-1.9041297231750243,-25.062759938551462,0.9809587027682497,-0.2688559502171767
33763,Software Developer - Robotics Systems,15-1252.00,Software Developers,Litchfield,AZ,541330,Y,1,II,111072,True,1,0.85,Software Developer - Robotics Systems || 15-1252.00 || Software Developers,15-1252.00||AZ||54||Y||II,10,90562.1,94350.0,-20509.9,-16722.0,-18.46540982425814,-15.055099394987035,0.8153459017574185,-0.2109707322083061
81220,Senior Algorithm Expert,15-1252.00,Software Developers,Sunnyvale,CA,4251,Y,1,III,226138,True,1,0.85,Senior Algorithm Expert || 15-1252.00 || Software Developers,15-1252.00||CA||42||Y||III,10,141271.1,145000.0,-84866.9,-81138.0,-37.52880984177803,-35.87986096985027,0.6247119015822198,-0.4914299024724462
70693,"Senior Consultant, EBP Analytics",15-2031,Operations Research Analysts,Cambridge,MA,541618,Y,1,II,85654,False,0,0.15,"Senior Consultant, EBP Analytics || 15-2031 || Operations Research Analysts",15-2031||MA||54||Y||II,11,107359.81818181818,118919.0,21705.81818181818,33265.0,25.34127791091856,38.836481658766665,1.2534127791091856,0.19835616853078505
106514,Principal Machine Learning Engineer,15-1252.00,Software Developers,San Francisco,CA,541511,Y,1,III,180960,True,1,1.0,Principal Machine Learning Engineer || 15-1252.00 || Software Developers,15-1252.00||CA||54||Y||III,10,254404.7,198023.5,73444.7,17063.5,40.5861516357206,9.429431918656057,1.4058615163572061,0.1698642386781346
116293,Software Engineer,15-1252.00,Software Developers,Mountain View,CA,541512,Y,1,IV,226158,False,0,0.15,Software Engineer || 15-1252.00 || Software Developers,15-1252.00||CA||54||Y||IV,11,202219.18181818182,150000.0,-23938.81818181818,-76158.0,-10.584997294731199,-33.67468760777863,0.894150027052688,-0.3756207168407007
83375,AI Operations Engineering Technical Leader,15-1252.00,Software Developers,Milpitas,CA,334111,Y,10,III,226138,True,1,0.95,AI Operations Engineering Technical Leader || 15-1252.00 || Software Developers,15-1252.00||CA||33||Y||III,9,244212.33333333334,160000.0,18074.333333333332,-66138.0,7.992612180762775,-29.246743139145124,1.0799261218076277,-0.18762061599450083
55825,"Senior Manager, Integrated Planning, Supply Chain",17-2112.00,Industrial Engineers,Bentonville,AR,455110,Y,1,IV,125819,False,0,0.05,"Senior Manager, Integrated Planning, Supply Chain || 17-2112.00 || Industrial Engineers",17-2112.00||AR||45||Y||IV,10,121394.3,133021.5,-4424.7,7202.5,-3.5167184606458486,5.724493121070744,0.9648328153935415,-0.05700094685591761
49417,Forward Deployed Engineer,15-1221.00,Computer and Information Research Scientists,San Mateo,CA,518210,Y,1,IV,209082,False,0,0.15,Forward Deployed Engineer || 15-1221.00 || Computer and Information Research Scientists,15-1221.00||CA||51||Y||IV,12,201492.58333333334,147500.0,-7589.416666666667,-61582.0,-3.6298756787608055,-29.453515845457762,0.9637012432123919,-0.25858906377525964
95717,"Senior Director, Data Science",11-3021.00,Computer and Information Systems Managers,Plantation,FL,441310,Y,1,IV,207272,True,1,0.85,"Senior Director, Data Science || 11-3021.00 || Computer and Information Systems Managers",11-3021.00||FL||44||Y||IV,9,168915.66666666666,173000.0,-38356.333333333336,-34272.0,-18.505313468936148,-16.53479485892933,0.8149468653106385,-0.23755658040970237
16951,"Manager, AI Services and Data Center Platform",11-3021.00,Computer and Information Systems Managers,Frisco,TX,54151,Y,1,II,151507,True,1,0.85,"Manager, AI Services and Data Center Platform || 11-3021.00 || Computer and Information Systems Managers",11-3021.00||TX||54||Y||II,12,129728.58333333333,137500.0,-21778.416666666668,-14007.0,-14.37452834962521,-9.245117387315437,0.8562547165037478,-0.1841669182218603
77420,"Senior Manager, Validation",17-2112.02,Validation Engineers,San Diego,CA,33911,Y,1,IV,142147,False,0,0.1,"Senior Manager, Validation || 17-2112.02 || Validation Engineers",17-2112.02||CA||33||Y||IV,10,131874.3,140000.0,-10272.7,-2147.0,-7.226814494853919,-1.5104082393578477,0.9277318550514607,-0.1032266190619163
95157,Machine Learning Engineer,15-1252.00,Software Developers,New York,NY,622110,Y,1,II,109866,True,1,0.95,Machine Learning Engineer || 15-1252.00 || Software Developers,15-1252.00||NY||62||Y||II,12,118826.83333333333,124000.0,8960.833333333334,14134.0,8.156147792158933,12.86476252889884,1.0815614779215894,0.06262403741846996
82497,Software QA Test Developer,15-1253.00,Software Quality Assurance Analysts and Testers,Santa Clara,CA,334111,Y,25,IV,201053,False,0,0.1,Software QA Test Developer || 15-1253.00 || Software Quality Assurance Analysts and Testers,15-1253.00||CA||33||Y||IV,10,117440.7,124500.0,-83612.3,-76553.0,-41.587193426608906,-38.07602970361049,0.584128065733911,-0.5514506421325711
55570,Senior Software Engineer/Developer,15-1252.00,Software Developers,Durham,NC,52399,Y,1,II,116709,False,0,0.15,Senior Software Engineer/Developer || 15-1252.00 || Software Developers,15-1252.00||NC||52||Y||II,11,112253.0,115000.0,-4456.0,-1709.0,-3.818043167193618,-1.4643258017804968,0.9618195683280638,-0.05470731249041627
70590,Software Engineer,15-1252.00,Software Developers,San Francisco,CA,541511,Y,1,IV,213512,False,0,0.15,Software Engineer || 15-1252.00 || Software Developers,15-1252.00||CA||54||Y||IV,11,209110.0909090909,160000.0,-4401.909090909091,-53512.0,-2.061668239213297,-25.062759938551462,0.979383317607867,-0.24677517427214726
46295,Machine Learning Engineer,15-1252.00,Software Developers,New York,NY,519290,Y,1,IV,189592,True,1,0.95,Machine Learning Engineer || 15-1252.00 || Software Developers,15-1252.00||NY||51||Y||IV,12,131950.91666666666,137500.0,-57641.083333333336,-52092.0,-30.402698074461654,-27.47584286256804,0.6959730192553835,-0.3832549746073813
31460,Data Scientist - USDS,19-3011.00,Economists,San Jose,CA,519130,Y,1,III,149739,True,1,0.85,Data Scientist - USDS || 19-3011.00 || Economists,19-3011.00||CA||51||Y||III,11,118874.63636363637,125000.0,-30864.363636363636,-24739.0,-20.612107491277246,-16.521413926899474,0.7938789250872276,-0.26342023159306116
86088,Senior Machine Learning Engineer,15-1252.00,Software Developers,Los Angeles,CA,54151,Y,1,IV,184558,True,1,0.95,Senior Machine Learning Engineer || 15-1252.00 || Software Developers,15-1252.00||CA||54||Y||IV,11,208227.27272727274,150000.0,23669.272727272728,-34558.0,12.824842449134001,-18.724736939065227,1.12824842449134,-0.10573056253877201
118323,Machine Learning,15-1252.00,Software Developers,Cupertino,CA,334111,Y,1,IV,226158,True,1,0.95,Machine Learning || 15-1252.00 || Software Developers,15-1252.00||CA||33||Y||IV,11,209401.0,156000.0,-16757.0,-70158.0,-7.409421731709693,-31.021675112089778,0.9259057826829031,-0.30268344573456313
19371,Systems Engineer,15-1252.00,Software Developers,Sugar Land,TX,541511,Y,1,I,84094,False,0,0.1,Systems Engineer || 15-1252.00 || Software Developers,15-1252.00||TX||54||Y||I,12,100336.66666666667,110000.0,16242.666666666666,25906.0,19.314893650755902,30.806002806383333,1.193148936507559,0.14978933324531285
118083,Software Developer,15-1252.00,Software Developers,Charlotte,NC,541511,Y,1,I,91645,False,0,0.15,Software Developer || 15-1252.00 || Software Developers,15-1252.00||NC||54||Y||I,12,86785.08333333333,87850.0,-4859.916666666667,-3795.0,-5.302980704530161,-4.14097877680179,0.9469701929546983,-0.07861839595940785
42270,Senior Data Scientist,15-2031.00,Operations Research Analysts,San Francisco,CA,541512,Y,1,III,124509,True,1,0.85,Senior Data Scientist || 15-2031.00 || Operations Research Analysts,15-2031.00||CA||54||Y||III,11,202491.9090909091,140000.0,77982.90909090909,15491.0,62.6323471322628,12.441670883229325,1.626323471322628,0.24285541995041046
7403,Studio Senior,15-1252.00,Software Developers,Raleigh,NC,541611,Y,3,II,113547,False,0,0.05,Studio Senior || 15-1252.00 || Software Developers,15-1252.00||NC||54||Y||II,11,103184.54545454546,110000.0,-10362.454545454546,-3547.0,-9.126136793974782,-3.123816569350137,0.9087386320602522,-0.1195224192433312
50662,Full Stack LLM Development Manager,15-1252.00,Software Developers,Irving,TX,5416,Y,1,IV,156998,True,1,0.95,Full Stack LLM Development Manager || 15-1252.00 || Software Developers,15-1252.00||TX||54||Y||IV,10,215991.1,150000.0,58993.1,-6998.0,37.575701601294284,-4.457381622695831,1.3757570160129429,0.07682986856038934
106192,Senior Compliance Data Analyst,15-2051.00,Data Scientists,Frisco,TX,52231,Y,1,III,116064,False,0,0.15,Senior Compliance Data Analyst || 15-2051.00 || Data Scientists,15-2051.00||TX||52||Y||III,10,115524.0,118170.0,-540.0,2106.0,-0.465260545905707,1.814516129032258,0.995347394540943,-0.013804774146615096
3458,Software Engineer III,15-1252.00,Software Developers,Rochester,NY,541214,Y,1,II,96221,False,0,0.1,Software Engineer III || 15-1252.00 || Software Developers,15-1252.00||NY||54||Y||II,11,112209.63636363637,115000.0,15988.636363636364,18779.0,16.61657680094404,19.516529655688466,1.1661657680094404,0.14395222841170333
92751,Sr. AI and Data Engineer,15-2051.00,Data Scientists,Holly Springs,NC,541511,Y,1,II,87214,True,1,0.95,Sr. AI and Data Engineer || 15-2051.00 || Data Scientists,15-2051.00||NC||54||Y||II,10,115924.9,125000.0,28710.9,37786.0,32.92005870617103,43.32561286032059,1.3292005870617103,0.2677869378125566
31351,Senior Data Scientist I,15-2051.00,Data Scientists,New York,NY,54161,Y,1,II,109491,True,1,0.85,Senior Data Scientist I || 15-2051.00 || Data Scientists,15-2051.00||NY||54||Y||II,11,120801.0,130000.0,11310.0,20509.0,10.329616132832834,18.731219917618798,1.1032961613283283,0.07939850892234836
84462,Business Intelligence Architect,15-2051.01,Business Intelligence Analysts,Katy,TX,51121,Y,1,IV,133078,False,0,0.15,Business Intelligence Architect || 15-2051.01 || Business Intelligence Analysts,15-2051.01||TX||51||Y||IV,12,117311.91666666667,124000.0,-15766.083333333334,-9078.0,-11.84724998371882,-6.82156329370745,0.8815275001628118,-0.14273624063866105
111183,Machine Learning Engineer,15-1252.00,Software Developers,San Francisco,CA,51321,Y,1,II,155605,True,1,0.95,Machine Learning Engineer || 15-1252.00 || Software Developers,15-1252.00||CA||51||Y||II,11,201946.45454545456,135000.0,46341.454545454544,-20605.0,29.781468812348283,-13.241862408020308,1.2978146881234827,0.015240950881646918
18751,Senior Product Manager - User Algo Controls,15-1299.09,Information Technology Project Managers,San Jose,CA,51321,Y,1,III,181293,True,1,0.85,Senior Product Manager - User Algo Controls || 15-1299.09 || Information Technology Project Managers,15-1299.09||CA||51||Y||III,10,221741.1,155000.0,40448.1,-26293.0,22.310900034750382,-14.503042036923652,1.2231090003475038,-0.01912044823615062
4560,Business Manager,15-2051.00,Data Scientists,New York,NY,5239,Y,1,II,109491,True,1,0.95,Business Manager || 15-2051.00 || Data Scientists,15-2051.00||NY||52||Y||II,10,116621.1,117500.0,7130.1,8009.0,6.512042085650876,7.314756464001608,1.0651204208565086,0.04921295775409451
76231,Senior Technologist,15-1252.00,Software Developers,Dallas,TX,541511,Y,5,III,134971,False,0,0.1,Senior Technologist || 15-1252.00 || Software Developers,15-1252.00||TX||54||Y||III,10,112174.3,115000.0,-22796.7,-19971.0,-16.8900726822799,-14.796511843284854,0.8310992731772011,-0.202816156675042
802,Senior Associate,15-2051.00,Data Scientists,Florham Park,NJ,541611,Y,1,II,109491,True,1,0.85,Senior Associate || 15-2051.00 || Data Scientists,15-2051.00||NJ||54||Y||II,11,115738.27272727272,120000.0,6247.272727272727,10509.0,5.705740862055079,9.598049154725047,1.0570574086205509,0.03609855329175815
74775,Data Governance Analyst,15-2051.00,Data Scientists,Stafford,TX,54169,Y,1,II,89378,False,0,0.15,Data Governance Analyst || 15-2051.00 || Data Scientists,15-2051.00||TX||54||Y||II,11,88938.27272727272,90000.0,-439.72727272727275,622.0,-0.49198602869528557,0.6959206963682338,0.9950801397130472,-0.026658848418369144
82574,Senior Manager,15-2051.00,Data Scientists,Coraopolis,PA,541511,Y,1,II,82930,True,1,0.85,Senior Manager || 15-2051.00 || Data Scientists,15-2051.00||PA||54||Y||II,10,122332.1,126500.0,39402.1,43570.0,47.512480405160986,52.538285300856145,1.4751248040516098,0.37622080175356076
33985,AI Research Scientist,15-1221.00,Computer and Information Research Scientists,New York,NY,541715,Y,1,II,147867,True,1,0.95,AI Research Scientist || 15-1221.00 || Computer and Information Research Scientists,15-1221.00||NY||54||Y||II,10,208441.1,152500.0,60574.1,4633.0,40.96525932087619,3.133221070286136,1.409652593208762,0.07868714553332232
77324,Senior Data Scientist,15-2031.00,Operations Research Analysts,Mountain View,CA,541512,Y,1,III,125694,True,1,0.85,Senior Data Scientist || 15-2031.00 || Operations Research Analysts,15-2031.00||CA||54||Y||III,11,204310.0909090909,150000.0,78616.09090909091,24306.0,62.54561944809689,19.33743854121915,1.625456194480969,0.2461513893180096
39287,Research Scientist,15-1252.00,Software Developers,San Francisco,CA,519290,Y,1,II,161637,False,0,0.15,Research Scientist || 15-1252.00 || Software Developers,15-1252.00||CA||51||Y||II,11,127555.54545454546,135000.0,-34081.454545454544,-26637.0,-21.085181329432338,-16.47951892202899,0.7891481867056765,-0.2659550467675719
117544,Machine Learning Research Manager,11-3021.00,Computer and Information Systems Managers,Cupertino,CA,334111,Y,1,II,216590,True,1,0.95,Machine Learning Research Manager || 11-3021.00 || Computer and Information Systems Managers,11-3021.00||CA||33||Y||II,10,236991.1,168955.5,20401.1,-47634.5,9.419225264324297,-21.99293596195577,1.094192252643243,-0.1091797695067818
109184,Credit Strategy and Pricing Director,15-2041.00,Statisticians,Vernon Hills,IL,522291,Y,1,IV,136136,False,0,0.15,Credit Strategy and Pricing Director || 15-2041.00 || Statisticians,15-2041.00||IL||52||Y||IV,10,138694.3,135000.0,2558.3,-1136.0,1.879223717459012,-0.8344596579890697,1.01879223717459,0.0009575426918708274
57598,Process Imprv Specialist I,15-2031.00,Operations Research Analysts,Bellevue,WA,455219,Y,10,I,70990,False,0,0.15,Process Imprv Specialist I || 15-2031.00 || Operations Research Analysts,15-2031.00||WA||45||Y||I,11,89692.81818181818,95000.0,18702.81818181818,24010.0,26.34570810229354,33.82166502324271,1.2634570810229353,0.208735120450873
106098,Sr Solution Architect,15-1252.00,Software Developers,SOUTH SAN FRANCISCO,CA,541511,Y,1,II,155605,False,0,0.15,Sr Solution Architect || 15-1252.00 || Software Developers,15-1252.00||CA||54||Y||II,10,215800.0,152500.0,60195.0,-3105.0,38.68448957295717,-1.9954371646155327,1.3868448957295718,0.09539585313262026
49256,"Senior Data Engineer, AI",15-1252.00,Software Developers,Houston,TX,22111,Y,1,III,127837,True,1,0.85,"Senior Data Engineer, AI || 15-1252.00 || Software Developers",15-1252.00||TX||22||Y||III,11,115305.45454545454,130000.0,-12531.545454545454,2163.0,-9.802753079738615,1.6919984042178713,0.9019724692026139,-0.12736552348627067
112794,Data Scientist,15-2051.00,Data Scientists,Chicago,IL,523991,Y,5,II,93974,True,1,0.85,Data Scientist || 15-2051.00 || Data Scientists,15-2051.00||IL||52||Y||II,11,107492.63636363637,110000.0,13518.636363636364,16026.0,14.385507016447491,17.053653138102028,1.143855070164475,0.11803490030550522
32433,"Scientist, Data Science",15-1252.00,Software Developers,Cambridge,MA,54171,Y,1,II,131082,True,1,0.85,"Scientist, Data Science || 15-1252.00 || Software Developers",15-1252.00||MA||54||Y||II,11,110972.27272727272,120000.0,-20109.727272727272,-11082.0,-15.341333877059606,-8.454250011443218,0.846586661229404,-0.19044014719994076
113141,Machine Learning Engineer,15-1252.00,Software Developers,Seattle,WA,515210,Y,1,IV,190486,True,1,0.95,Machine Learning Engineer || 15-1252.00 || Software Developers,15-1252.00||WA||51||Y||IV,12,131175.91666666666,132500.0,-59310.083333333336,-57986.0,-31.136190236202836,-30.44108228426236,0.6886380976379717,-0.39447156004056155
108402,"Software Engineer, Machine Learning Platform",15-1252.00,Software Developers,Palo Alto,CA,513210,Y,1,II,172931,True,1,0.95,"Software Engineer, Machine Learning Platform || 15-1252.00 || Software Developers",15-1252.00||CA||51||Y||II,11,202491.9090909091,145000.0,29560.909090909092,-27931.0,17.09404854589928,-16.15152864437261,1.1709404854589929,-0.08486922281763301
65819,Data Science Engineer,15-1252.00,Software Developers,IRVING,TX,541511,Y,1,II,112923,True,1,0.85,Data Science Engineer || 15-1252.00 || Software Developers,15-1252.00||TX||54||Y||II,11,102644.36363636363,108750.0,-10278.636363636364,-4173.0,-9.10234085495104,-3.6954384846311203,0.9089765914504896,-0.12645875781393248
71622,"Manager, Warehouse Technology Support & Operations",11-3021.00,Computer and Information Systems Managers,Northbrook,IL,54143,Y,1,II,143874,False,0,0.05,"Manager, Warehouse Technology Support & Operations || 11-3021.00 || Computer and Information Systems Managers",11-3021.00||IL||54||Y||II,12,112158.58333333333,117500.0,-31715.416666666668,-26374.0,-22.043883305299545,-18.331317680748434,0.7795611669470045,-0.26598480400901714
50034,"Assistant Professor, Computer Science & Cybersecurity",25-1021.00,"Computer Science Teachers, Postsecondary",Dobbs Ferry,NY,611310,Y,1,I,65250,False,0,0.15,"Assistant Professor, Computer Science & Cybersecurity || 25-1021.00 || Computer Science Teachers, Postsecondary",25-1021.00||NY||61||Y||I,12,93558.33333333333,95000.0,28308.333333333332,29750.0,43.384418901660275,45.593869731800766,1.433844189016603,0.3263005320181147
51703,Software Engineer,15-1252.00,Software Developers,Leander,TX,541511,Y,1,IV,163550,False,0,0.15,Software Engineer || 15-1252.00 || Software Developers,15-1252.00||TX||54||Y||IV,10,115085.4,115000.0,-48464.6,-48550.0,-29.63289513910119,-29.685111586670743,0.7036710486089881,-0.36994096997648407
49780,"Site Reliability Engineer, Software Engineer",15-1252.00,Software Developers,Sunnyvale,CA,541512,Y,1,IV,264514,False,0,0.15,"Site Reliability Engineer, Software Engineer || 15-1252.00 || Software Developers",15-1252.00||CA||54||Y||IV,11,210855.54545454544,160000.0,-53658.454545454544,-104514.0,-20.285676578727234,-39.51170826496896,0.7971432342127277,-0.45049996275998794
19895,"Machine Learning Ops Engineer, Global SRE",15-1299.08,Computer Systems Engineers/Architects,San Jose,CA,519130,Y,1,III,181293,True,1,0.95,"Machine Learning Ops Engineer, Global SRE || 15-1299.08 || Computer Systems Engineers/Architects",15-1299.08||CA||51||Y||III,9,227767.88888888888,160000.0,46474.88888888889,-21293.0,25.63523626885147,-11.745075651017965,1.2563523626885147,-0.010444219354777573
107586,Software Engineer,15-1252.00,Software Developers,San Bruno,CA,541512,Y,1,II,155605,False,0,0.15,Software Engineer || 15-1252.00 || Software Developers,15-1252.00||CA||54||Y||II,11,110998.90909090909,120000.0,-44606.09090909091,-35605.0,-28.66623238912047,-22.881655473795828,0.7133376761087953,-0.37939503822355225
110997,Software Engineering,15-1252.00,Software Developers,Redmond,WA,513210,Y,1,II,137259,False,0,0.15,Software Engineering || 15-1252.00 || Software Developers,15-1252.00||WA||51||Y||II,11,112964.63636363637,115000.0,-24294.363636363636,-22259.0,-17.699650759777963,-16.21678724163807,0.8230034924022203,-0.23354378230402953
93960,Paid Ads Data Engineer,15-2051.00,Data Scientists,Menlo Park,CA,519290,Y,1,IV,194834,False,0,0.15,Paid Ads Data Engineer || 15-2051.00 || Data Scientists,15-2051.00||CA||51||Y||IV,10,139861.1,147500.0,-54972.9,-47334.0,-28.215249905047376,-24.294527649178278,0.7178475009495262,-0.36350052180764986
106558,Applied Scientist II,15-1221.00,Computer and Information Research Scientists,Tustin,CA,518210,Y,1,I,103230,True,1,0.95,Applied Scientist II || 15-1221.00 || Computer and Information Research Scientists,15-1221.00||CA||51||Y||I,11,117563.18181818182,125000.0,14333.181818181818,21770.0,13.88470582018969,21.088830766250123,1.138847058201897,0.10088001655224135
108271,Vice President; Data Scientist II,15-2031.00,Operations Research Analysts,Jersey City,NJ,522110,Y,1,II,91270,True,1,0.85,Vice President; Data Scientist II || 15-2031.00 || Operations Research Analysts,15-2031.00||NJ||52||Y||II,10,138031.1,147305.5,46761.1,56035.5,51.23381176728388,61.3953106168511,1.5123381176728388,0.3879434787302728
16310,Machine Learning Engineer,15-1252.00,Software Developers,Glendale,CA,334111,Y,1,III,157123,True,1,0.95,Machine Learning Engineer || 15-1252.00 || Software Developers,15-1252.00||CA||33||Y||III,11,195319.18181818182,139100.0,38196.181818181816,-18023.0,24.309733023288643,-11.470631288862865,1.2430973302328865,-0.04355831952860614
34397,Product Manager - AI,15-1299.09,Information Technology Project Managers,Chicago,IL,3342,Y,1,III,107640,True,1,0.85,Product Manager - AI || 15-1299.09 || Information Technology Project Managers,15-1299.09||IL||33||Y||III,10,124019.5,128247.5,16379.5,20607.5,15.21692679301375,19.14483463396507,1.1521692679301376,0.1291298758002064
116535,Machine Learning Engineer,15-2051.00,Data Scientists,New York,NY,519290,Y,1,II,111966,True,1,0.95,Machine Learning Engineer || 15-2051.00 || Data Scientists,15-2051.00||NY||51||Y||II,12,119743.5,125000.0,7777.5,13034.0,6.946305128342533,11.641033885286605,1.0694630512834253,0.05088058907646298
66333,Product Management,13-1111.00,Management Analysts,Redmond,WA,513210,Y,1,IV,156208,False,0,0.05,Product Management || 13-1111.00 || Management Analysts,13-1111.00||WA||51||Y||IV,11,127564.63636363637,135000.0,-28643.363636363636,-21208.0,-18.336681627294144,-13.576769435624296,0.8166331837270586,-0.23821292833828717
48825,Machine Vision Engineer,17-2061.00,Computer Hardware Engineers,Irving,TX,541511,Y,1,II,113069,True,1,0.85,Machine Vision Engineer || 17-2061.00 || Computer Hardware Engineers,17-2061.00||TX||54||Y||II,11,108696.54545454546,115000.0,-4372.454545454545,1931.0,-3.8670674945869745,1.7078067374788846,0.9613293250541303,-0.05474568211869575
32069,AI/ML ENGINEER,15-1252.00,Software Developers,LIBERTY HILL,TX,541511,Y,1,I,90355,True,1,1.0,AI/ML ENGINEER || 15-1252.00 || Software Developers,15-1252.00||TX||54||Y||I,11,102576.63636363637,115000.0,12221.636363636364,24645.0,13.526242447718847,27.275745669857784,1.1352624244771885,0.08565277547004384
52032,Manager - Data Science,13-1111.00,Management Analysts,Atlanta,GA,541511,Y,5,IV,139485,True,1,0.85,Manager - Data Science || 13-1111.00 || Management Analysts,13-1111.00||GA||54||Y||IV,9,129323.44444444444,135000.0,-10161.555555555555,-4485.0,-7.2850525544363585,-3.215399505323153,0.9271494744556364,-0.08324065667729465
102400,"Senior Engineer, Robotics Research",17-2141.00,Mechanical Engineers,Mountain View,CA,54171,Y,1,IV,185869,True,1,0.85,"Senior Engineer, Robotics Research || 17-2141.00 || Mechanical Engineers",17-2141.00||CA||54||Y||IV,11,143790.9090909091,150000.0,-42078.09090909091,-35869.0,-22.638573892951978,-19.298000204445067,0.7736142610704803,-0.2950035494411148
66194,Machine Learning Engineer,15-1252.00,Software Developers,Redmond,WA,515210,Y,1,IV,212202,True,1,0.95,Machine Learning Engineer || 15-1252.00 || Software Developers,15-1252.00||WA||51||Y||IV,11,206901.0,155000.0,-5301.0,-57202.0,-2.498091441173976,-26.956390608948077,0.9750190855882601,-0.25903125623293327
43962,Data Scientist,15-2051.00,Data Scientists,San Francisco,CA,521110,Y,1,III,164403,True,1,0.85,Data Scientist || 15-2051.00 || Data Scientists,15-2051.00||CA||52||Y||III,11,125692.81818181818,130000.0,-38710.181818181816,-34403.0,-23.54590963557953,-20.92601716513689,0.7645409036442047,-0.29454578828202665
92762,"Subject Matter Expert, Level 4",15-1252.00,Software Developers,Frisco,TX,541511,Y,1,III,134971,False,0,0.1,"Subject Matter Expert, Level 4 || 15-1252.00 || Software Developers",15-1252.00||TX||54||Y||III,11,109980.63636363637,115000.0,-24990.363636363636,-19971.0,-18.51535784454708,-14.796511843284854,0.8148464215545292,-0.22751132352996722
72657,Artificial Intelligence Engineer - KBGFJG184771-5,15-1252.00,Software Developers,Houston,TX,333132,Y,1,III,127837,True,1,0.95,Artificial Intelligence Engineer - KBGFJG184771-5 || 15-1252.00 || Software Developers,15-1252.00||TX||33||Y||III,11,110432.90909090909,118919.0,-17404.090909090908,-8918.0,-13.614282961185658,-6.976071090529346,0.8638571703881435,-0.16725622601971582
115158,Sr. Internal Audit Data Analyst,15-2051.00,Data Scientists,Stafford,TX,525910,Y,1,IV,126381,False,0,0.15,Sr. Internal Audit Data Analyst || 15-2051.00 || Data Scientists,15-2051.00||TX||52||Y||IV,11,108048.90909090909,115219.0,-18332.090909090908,-11162.0,-14.505416881565194,-8.832023801046043,0.8549458311843481,-0.1759268355529679
41117,"Vice President, Head of Product-NTN",11-9041.00,Architectural and Engineering Managers,Richardson,TX,541618,Y,1,IV,214198,False,0,0.05,"Vice President, Head of Product-NTN || 11-9041.00 || Architectural and Engineering Managers",11-9041.00||TX||54||Y||IV,12,235781.83333333334,166669.5,21583.833333333332,-47528.5,10.07658023573205,-22.189049384214606,1.1007658023573204,-0.10755829964098422
70509,Senior Applied Machine Learning Engineer,15-1252.00,Software Developers,New York,NY,541511,Y,1,II,131997,True,1,0.95,Senior Applied Machine Learning Engineer || 15-1252.00 || Software Developers,15-1252.00||NY||54||Y||II,11,201064.63636363635,135000.0,69067.63636363637,3003.0,52.32515615024308,2.2750517057205846,1.5232515615024307,0.17637936423674508
72747,Industry & Function AI Decision Science Consultant,13-1111.00,Management Analysts,Fremont,CA,5416,Y,1,II,109554,True,1,0.85,Industry & Function AI Decision Science Consultant || 13-1111.00 || Management Analysts,13-1111.00||CA||54||Y||II,11,109061.09090909091,125000.0,-492.90909090909093,15446.0,-0.44992340846440276,14.098983149862168,0.995500765915356,-0.039529211869032306
98154,Senior Software Engineer,15-1252.00,Software Developers,Bothell,WA,33611,Y,1,IV,212202,False,0,0.1,Senior Software Engineer || 15-1252.00 || Software Developers,15-1252.00||WA||33||Y||IV,11,127961.54545454546,140000.0,-84240.45454545454,-72202.0,-39.69823778543772,-34.02512700163052,0.6030176221456228,-0.5455950964303398
88587,Online Learning and Technology Specialist,25-9031.00,Instructional Coordinators,Washington,DC,611310,Y,1,I,66310,False,0,0.05,Online Learning and Technology Specialist || 25-9031.00 || Instructional Coordinators,25-9031.00||DC||61||Y||I,11,82729.18181818182,83821.0,16419.18181818182,17511.0,24.761245390109817,26.407781631729755,1.2476124539010982,0.19442472253159468
101795,Sr. Machine Learning Engineer,15-1252.00,Software Developers,Santa Monica,CA,519290,Y,1,III,157123,True,1,0.95,Sr. Machine Learning Engineer || 15-1252.00 || Software Developers,15-1252.00||CA||51||Y||III,11,201355.54545454544,150000.0,44232.545454545456,-7123.0,28.151540802139376,-4.53339103759475,1.2815154080213937,-0.002138164077179251
44572,"Manager, Product Management",15-2051.00,Data Scientists,Plano,TX,522110,Y,1,II,96034,False,0,0.1,"Manager, Product Management || 15-2051.00 || Data Scientists",15-2051.00||TX||52||Y||II,11,116358.45454545454,120000.0,20324.454545454544,23966.0,21.16381130167914,24.955744840369036,1.2116381130167915,0.17255659854939284
99256,Staff Software Engineer,15-1252.00,Software Developers,San Diego,CA,334220,Y,1,III,157581,False,0,0.1,Staff Software Engineer || 15-1252.00 || Software Developers,15-1252.00||CA||33||Y||III,11,119017.72727272728,129000.0,-38563.27272727273,-28581.0,-24.472031988166545,-18.13733889237916,0.7552796801183345,-0.3125463867598813
11502,AI/Machine Learning Engineer,15-1252.00,Software Developers,New York,NY,513210,Y,1,II,131997,True,1,1.0,AI/Machine Learning Engineer || 15-1252.00 || Software Developers,15-1252.00||NY||51||Y||II,11,121138.36363636363,129000.0,-10858.636363636364,-2997.0,-8.226426633663163,-2.270506147866997,0.9177357336633684,-0.10691490060707003
98213,Data Scientist,15-2041.00,Statisticians,Pasadena,CA,5413,Y,1,II,96595,True,1,0.85,Data Scientist || 15-2041.00 || Statisticians,15-2041.00||CA||54||Y||II,10,113359.2,119000.0,16764.2,22405.0,17.355142605724932,23.194782338630365,1.1735514260572493,0.14352451438977082
69683,Senior Consultant,15-1243.00,Database Architects,Philadelphia,PA,541611,Y,3,II,117811,False,0,0.15,Senior Consultant || 15-1243.00 || Database Architects,15-1243.00||PA||54||Y||II,11,110712.54545454546,115000.0,-7098.454545454545,-2811.0,-6.0252901218515635,-2.3860250740592983,0.9397470987814844,-0.07620162746334054
92938,Technical Product Manager,15-2051.00,Data Scientists,Chicago,IL,5239,Y,1,II,96928,False,0,0.15,Technical Product Manager || 15-2051.00 || Data Scientists,15-2051.00||IL||52||Y||II,10,115830.6,117500.0,18902.6,20572.0,19.501691977550347,21.224001320567844,1.1950169197755034,0.16618005432103172
75495,Product Management Director,11-3021.00,Computer and Information Systems Managers,Austin,TX,541511,Y,1,III,186950,False,0,0.1,Product Management Director || 11-3021.00 || Computer and Information Systems Managers,11-3021.00||TX||54||Y||III,12,212003.58333333334,153021.5,25053.583333333332,-33928.5,13.401221360435054,-18.148435410537576,1.1340122136043507,-0.08641785028470528
117799,Principal Statistical Programmer,15-2041.00,Statisticians,Aubrey,TX,54171,Y,1,IV,121784,False,0,0.15,Principal Statistical Programmer || 15-2041.00 || Statisticians,15-2041.00||TX||54||Y||IV,10,119866.2,124500.0,-1917.8,2716.0,-1.5747553044734939,2.230178020101163,0.984252446955265,-0.026575042743423795
108559,AI/ML Engineer,15-1252.00,Software Developers,Alpharetta,GA,541511,Y,1,II,105227,True,1,0.95,AI/ML Engineer || 15-1252.00 || Software Developers,15-1252.00||GA||54||Y||II,11,108027.81818181818,115000.0,2800.818181818182,9773.0,2.661691563779431,9.287540270082774,1.0266169156377942,0.004613130153504356
30460,Senior Staff Machine Learning Engineer,15-1252.00,Software Developers,Seattle,WA,455219,Y,10,IV,212202,True,1,1.0,Senior Staff Machine Learning Engineer || 15-1252.00 || Software Developers,15-1252.00||WA||45||Y||IV,10,229491.1,162455.5,17289.1,-49746.5,8.147472691115066,-23.44299299723848,1.0814747269111507,-0.13522161747937922
6902,PL/SQL Developer,15-2051.00,Data Scientists,Collegeville,PA,541511,Y,1,II,96013,False,0,0.05,PL/SQL Developer || 15-2051.00 || Data Scientists,15-2051.00||PA||54||Y||II,9,90457.88888888889,90000.0,-5555.111111111111,-6013.0,-5.785790581599482,-6.26269359357587,0.9421420941840053,-0.06511501858132797
43292,Senior Software Engineer,15-1252.00,Software Developers,Irvine,CA,541910,Y,1,IV,184558,False,0,0.1,Senior Software Engineer || 15-1252.00 || Software Developers,15-1252.00||CA||54||Y||IV,11,135782.81818181818,145000.0,-48775.181818181816,-39558.0,-26.428104887451003,-21.433912374429717,0.7357189511254899,-0.33522055141604556
10821,Equity Research-Sustainable Investing [00087277],15-2051.00,Data Scientists,Boston,MA,522110,Y,1,II,114088,False,0,0.1,Equity Research-Sustainable Investing [00087277] || 15-2051.00 || Data Scientists,15-2051.00||MA||52||Y||II,11,108676.63636363637,115000.0,-5411.363636363636,912.0,-4.743148829292859,0.7993829324731786,0.9525685117070715,-0.07600070668956588
64398,Data Scientist Consultant,15-2051.00,Data Scientists,New York,NY,541512,Y,1,II,109491,True,1,0.85,Data Scientist Consultant || 15-2051.00 || Data Scientists,15-2051.00||NY||54||Y||II,11,116975.63636363637,123000.0,7484.636363636364,13509.0,6.835846200725505,12.338000383593172,1.068358462007255,0.049586773960518145
1352,Applied AI Engineer,15-1252.00,Software Developers,San Francisco,CA,518210,Y,1,II,161637,True,1,0.95,Applied AI Engineer || 15-1252.00 || Software Developers,15-1252.00||CA||51||Y||II,11,128828.27272727272,135000.0,-32808.72727272727,-26637.0,-20.29778285462318,-16.47951892202899,0.7970221714537682,-0.2555113853131699
106201,Business Analyst,15-2051.00,Data Scientists,Chicago,IL,517410,Y,1,III,116334,False,0,0.1,Business Analyst || 15-2051.00 || Data Scientists,15-2051.00||IL||51||Y||III,11,95920.09090909091,95000.0,-20413.909090909092,-21334.0,-17.547672297788342,-18.338576856293088,0.8245232770221165,-0.2042127499336212
34832,Machine Learning Engineer II,15-1252.00,Software Developers,Palo Alto,CA,519290,Y,1,II,187741,True,1,0.95,Machine Learning Engineer II || 15-1252.00 || Software Developers,15-1252.00||CA||51||Y||II,11,202946.45454545456,150000.0,15205.454545454546,-37741.0,8.099165630019307,-20.102694669784437,1.080991656300193,-0.1629589680571648
99543,"Engineering manager, AI INFRA",11-3021.00,Computer and Information Systems Managers,Menlo Park,CA,5231,Y,1,II,200907,True,1,0.95,"Engineering manager, AI INFRA || 11-3021.00 || Computer and Information Systems Managers",11-3021.00||CA||52||Y||II,10,233384.7,169000.0,32477.7,-31907.0,16.16553927936807,-15.881477499539589,1.1616553927936806,-0.05602986312225013
49937,Analytics and BI Manager,15-2051.01,Business Intelligence Analysts,Newington,CT,541519,Y,1,IV,138944,False,0,0.15,Analytics and BI Manager || 15-2051.01 || Business Intelligence Analysts,15-2051.01||CT||54||Y||IV,10,120794.3,125000.0,-18149.7,-13944.0,-13.062600760018423,-10.035697835099032,0.8693739923998157,-0.14729365830061436
27456,SENIOR DATA SCIENTIST,15-1252.00,Software Developers,Carmel,IN,333415,Y,1,IV,129813,True,1,0.85,SENIOR DATA SCIENTIST || 15-1252.00 || Software Developers,15-1252.00||IN||33||Y||IV,10,125811.7,129000.0,-4001.3,-813.0,-3.0823569288129846,-0.6262855029927665,0.9691764307118701,-0.041298157580723326
82197,Software Engineer II,15-1252.00,Software Developers,New York,NY,513210,Y,1,II,131997,False,0,0.1,Software Engineer II || 15-1252.00 || Software Developers,15-1252.00||NY||51||Y||II,12,110109.16666666667,115000.0,-21887.833333333332,-16997.0,-16.582068784391563,-12.87680780623802,0.8341793121560843,-0.20296509201662793
23616,Salesforce Developer,15-1252.00,Software Developers,Canton,MI,541511,Y,1,II,102190,False,0,0.05,Salesforce Developer || 15-1252.00 || Software Developers,15-1252.00||MI||54||Y||II,10,89914.5,92500.0,-12275.5,-9690.0,-12.012427830511792,-9.48233682356395,0.8798757216948822,-0.13454705377375298
10290,Machine Learning Engineer,15-1252.00,Software Developers,San Jose,CA,541511,Y,1,II,187741,True,1,0.95,Machine Learning Engineer || 15-1252.00 || Software Developers,15-1252.00||CA||54||Y||II,11,200128.27272727274,135000.0,12387.272727272728,-52741.0,6.598064741997074,-28.092425202805995,1.0659806474199707,-0.18388012516557078
88847,AI  Software Engineer,15-1252.00,Software Developers,Libertyville,IL,54199,Y,1,II,108077,True,1,0.95,AI Software Engineer || 15-1252.00 || Software Developers,15-1252.00||IL||54||Y||II,11,102601.27272727272,115000.0,-5475.727272727273,6923.0,-5.066505614263231,6.405618216641838,0.9493349438573677,-0.08995287425543905
43192,Sr Data Scientist,15-2051.00,Data Scientists,Plano,TX,524114,Y,1,IV,141773,True,1,0.95,Sr Data Scientist || 15-2051.00 || Data Scientists,15-2051.00||TX||52||Y||IV,9,130701.22222222222,135000.0,-11071.777777777777,-6773.0,-7.809510822073157,-4.777355349749247,0.9219048917792683,-0.0926362271022736
87337,Data Governance Analyst Senior,15-2051.00,Data Scientists,Irvine,CA,523150,Y,1,IV,158808,False,0,0.15,Data Governance Analyst Senior || 15-2051.00 || Data Scientists,15-2051.00||CA||52||Y||IV,12,118395.25,130500.0,-40412.75,-28308.0,-25.447553019998992,-17.825298473628532,0.7455244698000101,-0.3193977308198743
116252,Business Object Data Services Engineer,15-1252.00,Software Developers,Charlotte,NC,541511,Y,1,II,112986,False,0,0.1,Business Object Data Services Engineer || 15-1252.00 || Software Developers,15-1252.00||NC||54||Y||II,10,102583.8,103459.5,-10402.2,-9526.5,-9.206627369762625,-8.431575593436355,0.9079337263023737,-0.11257566184102678
110204,Software Development Engineering,15-1252.00,Software Developers,Cupertino,CA,334111,Y,1,IV,226158,False,0,0.15,Software Development Engineering || 15-1252.00 || Software Developers,15-1252.00||CA||33||Y||IV,11,206582.81818181818,150000.0,-19575.18181818182,-76158.0,-8.655533661502943,-33.67468760777863,0.9134446633849705,-0.3205001648977169
51669,Data Science Lead Analyst,15-2041.00,Statisticians,Tampa,FL,522110,Y,1,II,101712,True,1,0.85,Data Science Lead Analyst || 15-2041.00 || Statisticians,15-2041.00||FL||52||Y||II,10,106908.0,110459.5,5196.0,8747.5,5.1085417649834834,8.60026348906717,1.0510854176498348,0.03362666501795832
74091,Lead Product Manager,15-1299.09,Information Technology Project Managers,New York,NY,541613,Y,1,IV,158974,False,0,0.1,Lead Product Manager || 15-1299.09 || Information Technology Project Managers,15-1299.09||NY||54||Y||IV,12,146363.16666666666,150000.0,-12610.833333333334,-8974.0,-7.93263888015231,-5.644948230528263,0.9206736111984769,-0.12056055476081884
106990,Sales Analyst III,13-1161.00,Market Research Analysts and Marketing Specialists,Chicago,IL,518210,Y,10,III,81474,False,0,0.05,Sales Analyst III || 13-1161.00 || Market Research Analysts and Marketing Specialists,13-1161.00||IL||51||Y||III,11,92490.90909090909,90000.0,11016.90909090909,8526.0,13.521993630985458,10.46468812136387,1.1352199363098547,0.11574014418258068
28452,Validation Specialist,19-1029.01,Bioinformatics Scientists,Research Triangle Park,NC,5416,Y,1,III,99653,False,0,0.15,Validation Specialist || 19-1029.01 || Bioinformatics Scientists,19-1029.01||NC||54||Y||III,11,92013.36363636363,90000.0,-7639.636363636364,-9653.0,-7.666238210225847,-9.686612545533,0.9233376178977415,-0.09039946544847717
95014,Senior Cognitive/Machine Learning Professional,15-1252.00,Software Developers,McKinney,TX,551112,Y,1,III,134971,True,1,0.95,Senior Cognitive/Machine Learning Professional || 15-1252.00 || Software Developers,15-1252.00||TX||55||Y||III,10,123423.2,132055.5,-11547.8,-2915.5,-8.555763830748827,-2.1600936497469827,0.9144423616925117,-0.1022318926676414
70545,"Sr Engineer, AI/Machine Learning",17-2031.00,Bioengineers and Biomedical Engineers,Irvine,CA,334510,Y,1,III,120078,True,1,0.95,"Sr Engineer, AI/Machine Learning || 17-2031.00 || Bioengineers and Biomedical Engineers",17-2031.00||CA||33||Y||III,11,129337.36363636363,135000.0,9259.363636363636,14922.0,7.711124132949947,12.426922500374756,1.0771112413294994,0.04280551145842795
69133,Data Scientist,15-2041.00,Statisticians,Austin,TX,541511,Y,1,IV,139173,True,1,0.85,Data Scientist || 15-2041.00 || Statisticians,15-2041.00||TX||54||Y||IV,11,114647.0,118000.0,-24526.0,-21173.0,-17.622671064071337,-15.213439388387116,0.8237732893592866,-0.20927340125023344
81511,Operations Research Analysts - KBGFJG193926-18,15-2031.00,Operations Research Analysts,Boston,MA,541211,Y,1,II,85654,False,0,0.15,Operations Research Analysts - KBGFJG193926-18 || 15-2031.00 || Operations Research Analysts,15-2031.00||MA||54||Y||II,10,94838.8,99000.0,9184.8,13346.0,10.723141943166693,15.581292175496767,1.107231419431667,0.09479209147603651
11551,"Solution Architect, Predictive Artificial Intelligence (AI)",15-1252.00,Software Developers,Broadlands,VA,81341,Y,1,III,150758,True,1,0.95,"Solution Architect, Predictive Artificial Intelligence (AI) || 15-1252.00 || Software Developers",15-1252.00||VA||81||Y||III,10,130311.7,137500.0,-20446.3,-13258.0,-13.562331683890738,-8.794226508709322,0.8643766831610927,-0.1585882982884277
20581,Staff Machine Learning Engineer,15-1252.00,Software Developers,Buffalo Grove,IL,524114,Y,1,III,130707,True,1,0.95,Staff Machine Learning Engineer || 15-1252.00 || Software Developers,15-1252.00||IL||52||Y||III,10,113730.6,117500.0,-16976.4,-13207.0,-12.988133764832792,-10.10427903631787,0.8701186623516721,-0.1537979607860965
17431,Big Data / Machine Learning Engineer,15-1252.00,Software Developers,McLean,VA,541511,Y,1,I,101421,True,1,0.95,Big Data / Machine Learning Engineer || 15-1252.00 || Software Developers,15-1252.00||VA||54||Y||I,11,119202.90909090909,130000.0,17781.909090909092,28579.0,17.532768451217294,28.178582344879267,1.175327684512173,0.1418482616434649
70839,"Executive Director, Machine Learning",11-3021.00,Computer and Information Systems Managers,Philadelphia,PA,516210,Y,1,IV,213824,True,1,0.95,"Executive Director, Machine Learning || 11-3021.00 || Computer and Information Systems Managers",11-3021.00||PA||51||Y||IV,11,161510.81818181818,173000.0,-52313.181818181816,-40824.0,-24.465533250795897,-19.09233762346603,0.7553446674920411,-0.3275599233106062
55050,Staff Engineer,15-1252.00,Software Developers,San Jose,CA,513210,Y,1,IV,264514,False,0,0.1,Staff Engineer || 15-1252.00 || Software Developers,15-1252.00||CA||51||Y||IV,11,141919.18181818182,150000.0,-122594.81818181818,-114514.0,-46.347194546155656,-43.292226498408404,0.5365280545384434,-0.6735561096623943
20405,Manager,15-2051.00,Data Scientists,Florham Park,NJ,541611,Y,1,IV,169541,True,1,0.85,Manager || 15-2051.00 || Data Scientists,15-2051.00||NJ||54||Y||IV,10,134821.1,137500.0,-34719.9,-32041.0,-20.478763249007617,-18.898673477212,0.7952123675099239,-0.2423721151363319
28153,"Senior Analyst, Performance Marketing",15-2051.00,Data Scientists,Lake Forest,CA,54151,Y,1,II,101712,False,0,0.15,"Senior Analyst, Performance Marketing || 15-2051.00 || Data Scientists",15-2051.00||CA||54||Y||II,11,108417.45454545454,115000.0,6705.454545454545,13288.0,6.592589414675303,13.064338524461224,1.065925894146753,0.031728452085617226
106443,"Senior Manager, Product Management",15-2051.00,Data Scientists,McLean,VA,522110,Y,1,IV,166858,False,0,0.1,"Senior Manager, Product Management || 15-2051.00 || Data Scientists",15-2051.00||VA||52||Y||IV,9,147949.66666666666,154000.0,-18908.333333333332,-12858.0,-11.331990874476102,-7.705953565307028,0.886680091255239,-0.1359216503266527
8641,ServiceNow Gen AI Practice Lead,15-1299.09,Information Technology Project Managers,Frisco,TX,54151,Y,1,IV,144310,True,1,0.85,ServiceNow Gen AI Practice Lead || 15-1299.09 || Information Technology Project Managers,15-1299.09||TX||54||Y||IV,10,146484.8,150000.0,2174.8,5690.0,1.507033469614025,3.9429006998821983,1.0150703346961403,-0.0034881767038841714
61184,Lead Engineer - Data Engg & AI,15-1252.00,Software Developers,Coppell,TX,541511,Y,1,III,134971,True,1,0.85,Lead Engineer - Data Engg & AI || 15-1252.00 || Software Developers,15-1252.00||TX||54||Y||III,11,122805.45454545454,134111.0,-12165.545454545454,-860.0,-9.013451374402985,-0.6371739114328263,0.9098654862559701,-0.12173364409246222
85859,Data Governance Foundation Senior Group Manager,15-2051.00,Data Scientists,New York,NY,52315,Y,1,IV,169541,False,0,0.15,Data Governance Foundation Senior Group Manager || 15-2051.00 || Data Scientists,15-2051.00||NY||52||Y||IV,10,231678.8,166770.5,62137.8,-2770.5,36.65060368878324,-1.634118000955521,1.3665060368878323,0.11649767361502565
31031,Junior Data Scientist,15-2051.00,Data Scientists,Cerritos,CA,458110,Y,1,I,73174,True,1,0.85,Junior Data Scientist || 15-2051.00 || Data Scientists,15-2051.00||CA||45||Y||I,11,87313.0,85700.0,14139.0,12526.0,19.32243693115041,17.11810205810807,1.193224369311504,0.14301924394522042
117723,Database Developer,15-2051.00,Data Scientists,Seattle,WA,513210,Y,1,IV,183581,False,0,0.1,Database Developer || 15-2051.00 || Data Scientists,15-2051.00||WA||51||Y||IV,11,113385.72727272728,120000.0,-70195.27272727272,-63581.0,-38.23667630488598,-34.633758395476654,0.6176332369511403,-0.5146244974984728
58057,Global Product Manager- GenAI Assistant,15-1299.09,Information Technology Project Managers,Boston,MA,541611,Y,1,III,115627,True,1,0.95,Global Product Manager- GenAI Assistant || 15-1299.09 || Information Technology Project Managers,15-1299.09||MA||54||Y||III,9,135956.77777777778,135000.0,20329.777777777777,19373.0,17.58220638585951,16.754737215356275,1.1758220638585952,0.13913265114108242
117276,Senior Business Analyst,15-2051.00,Data Scientists,McLean,VA,522110,Y,1,II,110739,False,0,0.1,Senior Business Analyst || 15-2051.00 || Data Scientists,15-2051.00||VA||52||Y||II,11,111664.72727272728,115000.0,925.7272727272727,4261.0,0.8359541559227304,3.8477862361047146,1.0083595415592272,-0.006481559546120669
53046,Machine Learning Engineering Technical Leader,15-1252.00,Software Developers,Seattle,WA,334111,Y,10,III,180710,True,1,0.95,Machine Learning Engineering Technical Leader || 15-1252.00 || Software Developers,15-1252.00||WA||33||Y||III,9,231212.33333333334,160000.0,50502.333333333336,-20710.0,27.94661796985963,-11.460350838359803,1.2794661796985962,0.01720774777867066
69679,"Staff Software Engineer, Embedded, Autonomy",15-1252.00,Software Developers,Palo Alto,CA,336111,Y,1,II,187741,True,1,0.85,"Staff Software Engineer, Embedded, Autonomy || 15-1252.00 || Software Developers",15-1252.00||CA||33||Y||II,11,203401.0,155000.0,15660.0,-32741.0,8.341278676474504,-17.439451158777253,1.0834127867647452,-0.16920559913286162
15068,Senior Machine Learning Engineer,15-1252.00,Software Developers,Frisco,TX,541511,Y,1,II,112923,True,1,0.95,Senior Machine Learning Engineer || 15-1252.00 || Software Developers,15-1252.00||TX||54||Y||II,11,192453.36363636365,135000.0,79530.36363636363,22077.0,70.42884411179621,19.550490157009644,1.7042884411179622,0.2663242149873321
75474,"Technical Program Manager, AI Platform Enablement",15-1299.09,Information Technology Project Managers,New York,NY,54199,Y,1,IV,158974,True,1,0.85,"Technical Program Manager, AI Platform Enablement || 15-1299.09 || Information Technology Project Managers",15-1299.09||NY||54||Y||IV,10,148599.8,152500.0,-10374.2,-6474.0,-6.525721187112358,-4.0723640343704,0.9347427881288765,-0.08658831471653325
625,Senior AI and Machine Learning Engineer,15-1252.00,Software Developers,Milpitas,CA,54151,Y,1,III,226138,True,1,1.0,Senior AI and Machine Learning Engineer || 15-1252.00 || Software Developers,15-1252.00||CA||54||Y||III,11,207201.0,156800.0,-18937.0,-69338.0,-8.374090157337555,-30.661808276362223,0.9162590984266245,-0.32074767279959865
116900,Software Engineering LMTS,15-1252.00,Software Developers,San Francisco,CA,541511,Y,1,III,180960,False,0,0.1,Software Engineering LMTS || 15-1252.00 || Software Developers,15-1252.00||CA||54||Y||III,11,202491.9090909091,135000.0,21531.909090909092,-45960.0,11.898711920263644,-25.397877984084882,1.1189871192026364,-0.1307832200612536
3709,Digital Software Engineer Lead Analyst,15-1252.00,Software Developers,Irving,TX,522110,Y,1,III,134971,False,0,0.1,Digital Software Engineer Lead Analyst || 15-1252.00 || Software Developers,15-1252.00||TX||52||Y||III,10,112359.1,116959.5,-22611.9,-18011.5,-16.75315438131154,-13.34471849508413,0.8324684561868846,-0.20074388845848662
113740,Machine Learning Engineer III,15-1252.00,Software Developers,Bellevue,WA,541990,Y,1,II,137259,True,1,0.95,Machine Learning Engineer III || 15-1252.00 || Software Developers,15-1252.00||WA||54||Y||II,11,200673.72727272726,135000.0,63414.72727272727,-2259.0,46.20077901829919,-1.6457937184446922,1.4620077901829918,0.13344651933210258
18400,Software Engineer,15-1252.00,Software Developers,Santa Clara,CA,334111,Y,25,IV,264514,False,0,0.15,Software Engineer || 15-1252.00 || Software Developers,15-1252.00||CA||33||Y||IV,11,198128.27272727274,145000.0,-66385.72727272728,-119514.0,-25.097245239468336,-45.18248561512812,0.7490275476053166,-0.5737459828442101
38861,ETL Engineer,15-2051.00,Data Scientists,Apex,NC,541511,Y,1,II,87214,False,0,0.15,ETL Engineer || 15-2051.00 || Data Scientists,15-2051.00||NC||54||Y||II,12,94331.25,98500.0,7117.25,11286.0,8.160673745040933,12.940582933932625,1.0816067374504093,0.052802988798773175
33332,Senior Staff Engineer,15-1252.00,Software Developers,Palo Alto,CA,518210,Y,1,IV,264514,False,0,0.1,Senior Staff Engineer || 15-1252.00 || Software Developers,15-1252.00||CA||51||Y||IV,11,228595.18181818182,165000.0,-35918.818181818184,-99514.0,-13.579174705995973,-37.62144914824924,0.8642082529400402,-0.3506267595550147
570,"Senior Manager, Data Science",13-1081.02,Logistics Analysts,Bentonville,AR,455110,Y,1,III,83990,True,1,0.85,"Senior Manager, Data Science || 13-1081.02 || Logistics Analysts",13-1081.02||AR||45||Y||III,9,112804.55555555556,115000.0,28814.555555555555,31010.0,34.30712650976969,36.92106203119419,1.3430712650976968,0.27695923045199816
93164,Software Engineer,15-1252.00,Software Developers,Philadelphi,PA,334210,Y,1,II,109845,False,0,0.15,Software Engineer || 15-1252.00 || Software Developers,15-1252.00||PA||33||Y||II,11,93724.18181818182,95000.0,-16120.818181818182,-14845.0,-14.675969030741664,-13.514497701306386,0.8532403096925834,-0.18764368221159894
116080,Senior Software Engineer,15-1252.00,Software Developers,Irving,TX,51321,Y,1,IV,149781,False,0,0.1,Senior Software Engineer || 15-1252.00 || Software Developers,15-1252.00||TX||51||Y||IV,11,116480.27272727272,129972.0,-33300.72727272727,-19809.0,-22.23294494810909,-13.22530895106856,0.7776705505189091,-0.293826662244404
47168,Senior Data Scientist,15-2051.01,Business Intelligence Analysts,San Francisco,CA,52231,Y,1,II,133952,True,1,0.85,Senior Data Scientist || 15-2051.01 || Business Intelligence Analysts,15-2051.01||CA||52||Y||II,12,127573.75,130000.0,-6378.25,-3952.0,-4.761593705207836,-2.9503105590062115,0.9523840629479216,-0.06949515425226076
59989,Mainframe Modernization Architect,15-1243.00,Database Architects,Waltham,MA,541512,Y,1,IV,184995,False,0,0.05,Mainframe Modernization Architect || 15-1243.00 || Database Architects,15-1243.00||MA||54||Y||IV,10,136921.1,143755.5,-48073.9,-41239.5,-25.98659423227655,-22.292224114165247,0.7401340576772345,-0.3145324135883568
5350,Artificial Intelligence & Machine Learning [00092249],15-1252.00,Software Developers,Princeton,NJ,522110,Y,1,II,108222,True,1,0.95,Artificial Intelligence & Machine Learning [00092249] || 15-1252.00 || Software Developers,15-1252.00||NJ||52||Y||II,11,110631.72727272728,115000.0,2409.7272727272725,6778.0,2.2266519494439883,6.263051874849846,1.02226651949444,-0.00456338803226718
45014,"Tech Spec., ADAS/AD Sensors & Percep. Validation Simulation",17-2112.02,Validation Engineers,Newark,CA,336110,Y,1,IV,163030,True,1,0.85,"Tech Spec., ADAS/AD Sensors & Percep. Validation Simulation || 17-2112.02 || Validation Engineers",17-2112.02||CA||33||Y||IV,11,119994.81818181818,130000.0,-43035.181818181816,-33030.0,-26.397093674895306,-20.260074832852847,0.736029063251047,-0.3537875305565873
32493,"Sr Software Engineer, Autonomy-Behavior, Planning, Control",17-2199.05,Mechatronics Engineers,Mountain View,CA,541511,Y,1,III,158621,True,1,0.85,"Sr Software Engineer, Autonomy-Behavior, Planning, Control || 17-2199.05 || Mechatronics Engineers",17-2199.05||CA||54||Y||III,11,204991.9090909091,150000.0,46370.90909090909,-8621.0,29.233776795575046,-5.434967627237251,1.2923377679557504,0.01512210802232355
74950,Machine Learning Engineer,15-1252.00,Software Developers,Mesa,AZ,517919,Y,1,III,134514,True,1,0.95,Machine Learning Engineer || 15-1252.00 || Software Developers,15-1252.00||AZ||51||Y||III,11,109805.45454545454,115000.0,-24708.545454545456,-19514.0,-18.368753776220657,-14.507040159388614,0.8163124622377935,-0.21901956379129153
115861,Computer and Information Systems Managers - KBGFJG111070-15,11-3021.00,Computer and Information Systems Managers,Hartford,CT,541211,Y,1,IV,187450,False,0,0.1,Computer and Information Systems Managers - KBGFJG111070-15 || 11-3021.00 || Computer and Information Systems Managers,11-3021.00||CT||54||Y||IV,10,142798.4,150530.5,-44651.6,-36919.5,-23.820538810349426,-19.695652173913043,0.7617946118965058,-0.2882982795129232
90975,Vice President; Investment Banker III,13-2051.00,Financial and Investment Analysts,New York,NY,522110,Y,1,IV,179088,False,0,0.0,Vice President; Investment Banker III || 13-2051.00 || Financial and Investment Analysts,13-2051.00||NY||52||Y||IV,11,293804.2727272727,250000.0,114716.27272727272,70912.0,64.05581207410475,39.596176181542035,1.6405581207410476,0.3130961334929925
79902,Lead Analytics Consultant,15-2031.00,Operations Research Analysts,Jersey City,NJ,541511,Y,1,III,120973,False,0,0.15,Lead Analytics Consultant || 15-2031.00 || Operations Research Analysts,15-2031.00||NJ||54||Y||III,10,116021.1,125000.0,-4951.9,4027.0,-4.093392740528879,3.3288419730022403,0.9590660725947112,-0.06600959238340245
42657,"ASSOCIATE SOFTWARE ENGINEERING MANAGER, QUALITY",11-3021,COMPUTER AND INFORMATION SYSTEMS MANAGERS,IRVINE,CA,511210,Y,1,II,164798,False,0,0.05,"ASSOCIATE SOFTWARE ENGINEERING MANAGER, QUALITY || 11-3021 || COMPUTER AND INFORMATION SYSTEMS MANAGERS",11-3021||CA||51||Y||II,11,125737.36363636363,125000.0,-39060.63636363636,-39798.0,-23.702130100872804,-24.149564921904393,0.762978698991272,-0.29687797750060485
47179,Assistant Research Scientist,19-1029.00,"Biological Scientists, All Other",College Station,TX,611310,Y,1,II,52707,False,0,0.05,"Assistant Research Scientist || 19-1029.00 || Biological Scientists, All Other",19-1029.00||TX||61||Y||II,9,74614.66666666667,74321.0,21907.666666666668,21614.0,41.56500401591186,41.00783577133967,1.4156500401591188,0.33871059428451805
52355,"Product Manager, Evaluation",15-2031.00,Operations Research Analysts,San Francisco,CA,541512,Y,1,III,124509,True,1,0.85,"Product Manager, Evaluation || 15-2031.00 || Operations Research Analysts",15-2031.00||CA||54||Y||III,11,128028.27272727272,130000.0,3519.2727272727275,5491.0,2.8265207553451774,4.410122962998659,1.0282652075534517,-0.0037468603173862066
80765,Senior Systems Test Engineer,15-1252.00,Software Developers,San Diego,CA,334220,Y,1,II,130187,False,0,0.1,Senior Systems Test Engineer || 15-1252.00 || Software Developers,15-1252.00||CA||33||Y||II,11,109846.0,115000.0,-20341.0,-15187.0,-15.6244479095455,-11.665527279989554,0.843755520904545,-0.193284020900468
26979,Lead Front End-Engineer,15-1252.00,Software Developers,Austin,TX,522320,Y,1,IV,163550,False,0,0.05,Lead Front End-Engineer || 15-1252.00 || Software Developers,15-1252.00||TX||52||Y||IV,11,123566.54545454546,135000.0,-39983.454545454544,-28550.0,-24.44723604124399,-17.45643534087435,0.7555276395875601,-0.31389037511112244
110262,Senior Data Scientist,15-2051.00,Data Scientists,Newark,CA,455110,Y,1,III,158642,True,1,0.95,Senior Data Scientist || 15-2051.00 || Data Scientists,15-2051.00||CA||45||Y||III,11,127801.0,135000.0,-30841.0,-23642.0,-19.44062732441598,-14.902736980118759,0.8055937267558402,-0.2373215295737019
103540,Machine Learning Engineering,15-1252.00,Software Developers,Los Gatos,CA,515210,Y,1,IV,264514,True,1,0.95,Machine Learning Engineering || 15-1252.00 || Software Developers,15-1252.00||CA||51||Y||IV,11,208401.0,150000.0,-56113.0,-114514.0,-21.21362196329873,-43.292226498408404,0.7878637803670127,-0.46686542274232196
21014,"AI, Innovation and Strategy Lead",11-3021.00,Computer and Information Systems Managers,Irvine,CA,513210,Y,1,III,200970,True,1,0.85,"AI, Innovation and Strategy Lead || 11-3021.00 || Computer and Information Systems Managers",11-3021.00||CA||51||Y||III,11,207719.18181818182,155000.0,6749.181818181818,-45970.0,3.3583031388674045,-22.874060805095286,1.033583031388674,-0.2048439005163671
84844,Power BI Analyst,15-2051.00,Data Scientists,Durham,NC,541511,Y,1,II,79851,False,0,0.15,Power BI Analyst || 15-2051.00 || Data Scientists,15-2051.00||NC||54||Y||II,12,89218.41666666667,89500.0,9367.416666666666,9649.0,11.731120044416059,12.083755995541697,1.1173112004441605,0.08917306853044933
17047,Cloud System Engineer USDS,15-1252.00,Software Developers,San Jose,CA,51821,Y,1,II,187741,False,0,0.1,Cloud System Engineer USDS || 15-1252.00 || Software Developers,15-1252.00||CA||51||Y||II,11,117601.90909090909,129000.0,-70139.09090909091,-58741.0,-37.359495746315886,-31.288317416014618,0.6264050425368412,-0.49777471102184995
85848,Sr. ML Engineer,15-1252.00,Software Developers,Foster City,CA,522320,Y,1,II,161637,True,1,0.95,Sr. ML Engineer || 15-1252.00 || Software Developers,15-1252.00||CA||52||Y||II,10,139861.1,147500.0,-21775.9,-14137.0,-13.472101065968806,-8.746141044439081,0.8652789893403119,-0.16496739940786398
75919,Research Scientist - Urban AI,15-1221.00,Computer and Information Research Scientists,Oak Ridge,TN,54171,Y,1,II,79934,True,1,0.95,Research Scientist - Urban AI || 15-1221.00 || Computer and Information Research Scientists,15-1221.00||TN||54||Y||II,9,103783.22222222222,110000.0,23849.222222222223,30066.0,29.836142595419,37.61353116320965,1.29836142595419,0.2488012969117484
39592,Machine Learning Engineer II,15-1252.00,Software Developers,Seattle,WA,519290,Y,1,II,149240,True,1,0.95,Machine Learning Engineer II || 15-1252.00 || Software Developers,15-1252.00||WA||51||Y||II,11,127010.09090909091,135000.0,-22229.909090909092,-14240.0,-14.8954094685802,-9.541677834360762,0.851045905314198,-0.18785327090184334
11434,"Sr. Software Engineer, Machine Learning",15-1252.00,Software Developers,Sunnyvale,CA,518210,Y,1,III,226138,True,1,0.95,"Sr. Software Engineer, Machine Learning || 15-1252.00 || Software Developers",15-1252.00||CA||51||Y||III,11,207037.36363636365,155000.0,-19100.636363636364,-71138.0,-8.44645144276343,-31.45778241604684,0.9155354855723657,-0.3224473066000275
5886,Master Data Management Analyst,15-2051.00,Data Scientists,Fountain Valley,CA,541511,Y,1,IV,158808,False,0,0.15,Master Data Management Analyst || 15-2051.00 || Data Scientists,15-2051.00||CA||54||Y||IV,11,109273.72727272728,115000.0,-49534.27272727273,-43808.0,-31.191295606816233,-27.585512064883382,0.6880870439318376,-0.40245641512169394
113511,Senior Staff AI Software Engineer,15-1252.00,Software Developers,San Francisco,CA,541613,Y,1,IV,206315,True,1,0.95,Senior Staff AI Software Engineer || 15-1252.00 || Software Developers,15-1252.00||CA||54||Y||IV,10,252895.8,189000.0,46580.8,-17315.0,22.577514964980733,-8.392506603979353,1.2257751496498073,0.04111209826373603
66938,Senior Data Scientist,15-2031.00,Operations Research Analysts,Chicago,IL,541511,Y,1,II,85904,True,1,0.85,Senior Data Scientist || 15-2031.00 || Operations Research Analysts,15-2031.00||IL||54||Y||II,12,114807.91666666667,117500.0,28903.916666666668,31596.0,33.64676460545105,36.78059228906686,1.3364676460545104,0.27689134199606596
68240,Assistant Professor,25-1021.00,"Computer Science Teachers, Postsecondary",Reno,NV,611310,Y,1,II,98290,False,0,0.1,"Assistant Professor || 25-1021.00 || Computer Science Teachers, Postsecondary",25-1021.00||NV||61||Y||II,11,84092.81818181818,85000.0,-14197.181818181818,-13290.0,-14.444177249142149,-13.521212737816665,0.8555582275085786,-0.182185226344619
43273,"MANAGER, MACHINE LEARNING ENGINEERING",11-3021,COMPUTER AND INFORMATION SYSTEMS MANAGERS,IRVINE,CA,511210,Y,1,II,164798,True,1,0.95,"MANAGER, MACHINE LEARNING ENGINEERING || 11-3021 || COMPUTER AND INFORMATION SYSTEMS MANAGERS",11-3021||CA||51||Y||II,11,133737.36363636365,145000.0,-31060.636363636364,-19798.0,-18.847702255874683,-12.013495309409095,0.8115229774412532,-0.2355747720456554
106966,Software Developers,15-1252.00,Software Developers,Sunnyvale,CA,334111,Y,25,II,172931,False,0,0.15,Software Developers || 15-1252.00 || Software Developers,15-1252.00||CA||33||Y||II,9,220630.77777777778,140000.0,47699.77777777778,-32931.0,27.583127245998565,-19.04285524284252,1.2758312724599856,-0.08751621610000744
87427,Staff Machine Learning Operations Engineer,15-1252.00,Software Developers,Durham,NC,611310,Y,1,IV,111405,True,1,0.95,Staff Machine Learning Operations Engineer || 15-1252.00 || Software Developers,15-1252.00||NC||61||Y||IV,9,126207.11111111111,131049.0,14802.111111111111,19644.0,13.286756528980845,17.63296081863471,1.1328675652898084,0.11406126382648789
97116,Machine Learning Engineer,15-1252.00,Software Developers,New York,NY,51929,Y,1,III,160805,True,1,0.95,Machine Learning Engineer || 15-1252.00 || Software Developers,15-1252.00||NY||51||Y||III,12,124784.25,124000.0,-36020.75,-36805.0,-22.400267404620504,-22.887969901433415,0.775997325953795,-0.2768589427133013
101415,Data Scientist Principal,17-2112.00,Industrial Engineers,INDIANAPOLIS,IN,3336,Y,1,III,99424,True,1,0.95,Data Scientist Principal || 17-2112.00 || Industrial Engineers,17-2112.00||IN||33||Y||III,10,124185.4,126555.5,24761.4,27131.5,24.904851947215963,27.288682813002897,1.2490485194721597,0.20802593363045502
53734,Production Engineer,15-1252.00,Software Developers,Seattle,WA,519290,Y,1,IV,212202,False,0,0.05,Production Engineer || 15-1252.00 || Software Developers,15-1252.00||WA||51||Y||IV,12,120028.58333333333,126300.0,-92173.41666666667,-85902.0,-43.436638988636616,-40.48123957361382,0.5656336101136339,-0.5996549418718612
32481,Autopilot Software Engineer,15-1252.00,Software Developers,Palo Alto,CA,336110,Y,1,II,187741,True,1,0.95,Autopilot Software Engineer || 15-1252.00 || Software Developers,15-1252.00||CA||33||Y||II,11,200488.81818181818,135000.0,12747.818181818182,-52741.0,6.7901088104453375,-28.092425202805995,1.0679010881044535,-0.18185596360207643
81415,Software Engineer,15-1252.00,Software Developers,Mountain View,CA,541512,Y,1,II,187741,False,0,0.15,Software Engineer || 15-1252.00 || Software Developers,15-1252.00||CA||54||Y||II,11,194401.0,135000.0,6660.0,-52741.0,3.5474403566615718,-28.092425202805995,1.0354744035666157,-0.2518918810725982
101449,Software Engineering Applications Manager,11-3021.00,Computer and Information Systems Managers,Sunnyvale,CA,334111,Y,1,II,248643,False,0,0.1,Software Engineering Applications Manager || 11-3021.00 || Computer and Information Systems Managers,11-3021.00||CA||33||Y||II,11,210219.18181818182,160000.0,-38423.818181818184,-88643.0,-15.45340837337797,-35.6507120650893,0.8454659162662204,-0.3963248137311693
87963,"Sr Director, Data Science",11-3021.00,Computer and Information Systems Managers,Jersey City,NJ,541511,Y,1,III,223642,True,1,0.85,"Sr Director, Data Science || 11-3021.00 || Computer and Information Systems Managers",11-3021.00||NJ||54||Y||III,11,164881.81818181818,165000.0,-58760.181818181816,-58642.0,-26.274215853096383,-26.221371656486706,0.7372578414690362,-0.3577992039317788
51357,DIRECTOR OF AI,11-3021.00,Computer and Information Systems Managers,New York,NY,513210,Y,1,IV,261248,True,1,0.95,DIRECTOR OF AI || 11-3021.00 || Computer and Information Systems Managers,11-3021.00||NY||51||Y||IV,10,282200.0,225000.0,20952.0,-36248.0,8.01996570308672,-13.874938755512005,1.0801996570308672,-0.05594489065349713
46133,Principal Programmer Analyst,19-1029.01,Bioinformatics Scientists,Apex,NC,5417,Y,1,III,114109,False,0,0.15,Principal Programmer Analyst || 19-1029.01 || Bioinformatics Scientists,19-1029.01||NC||54||Y||III,9,115851.33333333333,118919.0,1742.3333333333333,4810.0,1.5269026398735712,4.215267857925317,1.0152690263987356,0.004392719706607274
33006,"Lead, Machine Learning Engineer - KBGFJG216957-3",15-1252.00,Software Developers,Newark,NJ,524210,Y,1,IV,189592,True,1,0.95,"Lead, Machine Learning Engineer - KBGFJG216957-3 || 15-1252.00 || Software Developers",15-1252.00||NJ||52||Y||IV,10,138321.1,142255.5,-51270.9,-47336.5,-27.042754968564076,-24.967561922443984,0.7295724503143592,-0.32900382211950135
97798,Claims Data Engineer,15-2051.00,Data Scientists,New York,NY,524114,Y,1,III,139506,False,0,0.3,Claims Data Engineer || 15-2051.00 || Data Scientists,15-2051.00||NY||52||Y||III,10,121431.1,125000.0,-18074.9,-14506.0,-12.956360299915417,-10.398119077315672,0.8704363970008459,-0.15041808603272547
90553,Senior Java Developer,15-1252.00,Software Developers,Plano,TX,541511,Y,1,II,112923,False,0,0.1,Senior Java Developer || 15-1252.00 || Software Developers,15-1252.00||TX||54||Y||II,11,104912.72727272728,115000.0,-8010.272727272727,2077.0,-7.09357059879097,1.8393064300452522,0.9290642940120903,-0.10010499005843133
31718,Senior Manager - Risk Management,15-2051.00,Data Scientists,New York,NY,522210,Y,1,II,109491,False,0,0.15,Senior Manager - Risk Management || 15-2051.00 || Data Scientists,15-2051.00||NY||52||Y||II,11,131518.18181818182,145000.0,22027.18181818182,35509.0,20.117801297076305,32.43097606195943,1.201178012970763,0.15337321168775764
95136,Associate Principal,15-2031.00,Operations Research Analysts,Philadelphia,PA,54161,Y,1,IV,118269,False,0,0.15,Associate Principal || 15-2031.00 || Operations Research Analysts,15-2031.00||PA||54||Y||IV,12,116367.58333333333,124000.0,-1901.4166666666667,5731.0,-1.607705034004402,4.845733032324616,0.9839229496599561,-0.041553749476351896
54516,Autonomy Engineering Specialist,15-1252.00,Software Developers,Chillicothe,IL,333120,Y,1,IV,127587,True,1,0.85,Autonomy Engineering Specialist || 15-1252.00 || Software Developers,15-1252.00||IL||33||Y||IV,9,100213.44444444444,95000.0,-27373.555555555555,-32587.0,-21.45481558117642,-25.541003393762686,0.7854518441882359,-0.24570671176710984
95796,Solution Architect III,15-1252.00,Software Developers,San Francisco,CA,518210,Y,1,III,187574,False,0,0.15,Solution Architect III || 15-1252.00 || Software Developers,15-1252.00||CA||51||Y||III,10,222891.1,157500.0,35317.1,-30074.0,18.828355742267057,-16.033138921172444,1.1882835574226704,-0.04229007666885849
99262,Software Engineer,15-1252.00,Software Developers,New York,NY,519290,Y,1,II,131997,False,0,0.15,Software Engineer || 15-1252.00 || Software Developers,15-1252.00||NY||51||Y||II,12,108484.16666666667,110000.0,-23512.833333333332,-21997.0,-17.813157369738203,-16.66477268422767,0.821868426302618,-0.2159744482528878
71610,Software Engineer,15-1252.00,Software Developers,Fremont,CA,541511,Y,1,I,135699,False,0,0.15,Software Engineer || 15-1252.00 || Software Developers,15-1252.00||CA||54||Y||I,12,111393.5,119000.0,-24305.5,-16699.0,-17.911333171209808,-12.305912350127857,0.8208866682879018,-0.23492377218513147
14402,Operational Risk Group Manager,15-1299.09,Information Technology Project Managers,New York,NY,522110,Y,1,IV,158974,False,0,0.05,Operational Risk Group Manager || 15-1299.09 || Information Technology Project Managers,15-1299.09||NY||52||Y||IV,10,142609.5,147500.0,-16364.5,-11474.0,-10.293821631210134,-7.217532426686125,0.8970617836878987,-0.12490225102160882
54249,"SENIOR CONSULTANT I, DATA & AI",15-1252.00,Software Developers,COPPELL,TX,541511,Y,1,II,112923,True,1,0.85,"SENIOR CONSULTANT I, DATA & AI || 15-1252.00 || Software Developers",15-1252.00||TX||54||Y||II,10,117567.2,117500.0,4644.2,4577.0,4.112713973238401,4.053204395915801,1.041127139732384,0.029413433299570003
92586,"Sr. Analyst, Online Business Analytics",15-2031.00,Operations Research Analysts,Atlanta,GA,444110,Y,1,III,82701,False,0,0.15,"Sr. Analyst, Online Business Analytics || 15-2031.00 || Operations Research Analysts",15-2031.00||GA||44||Y||III,10,96412.1,102500.0,13711.1,19799.0,16.579122380624177,23.940460212089334,1.1657912238062418,0.14412152130885722
39785,Machine Learning Engineer,15-2051.00,Data Scientists,Redwood City,CA,336999,Y,1,I,103522,True,1,0.95,Machine Learning Engineer || 15-2051.00 || Data Scientists,15-2051.00||CA||33||Y||I,11,202037.36363636365,140000.0,98515.36363636363,36478.0,95.16369818624412,35.23695446378547,1.9516369818624413,0.4225492607192418
109788,Software Engineer,15-1252.00,Software Developers,Los Angeles,CA,51913,Y,1,II,126942,False,0,0.15,Software Engineer || 15-1252.00 || Software Developers,15-1252.00||CA||51||Y||II,11,106346.36363636363,110000.0,-20595.636363636364,-16942.0,-16.2244460963561,-13.346252619306455,0.837755539036439,-0.20202058488462252
3418,Machine Learning Engineer,15-1252.00,Software Developers,Los Gatos,CA,515210,Y,1,IV,264514,True,1,0.95,Machine Learning Engineer || 15-1252.00 || Software Developers,15-1252.00||CA||51||Y||IV,11,207946.45454545456,150000.0,-56567.545454545456,-114514.0,-21.385463701182342,-43.292226498408404,0.7861453629881766,-0.4702963616498535
5371,"Senior Software Engineer, iOS",15-1252.00,Software Developers,West Hollywood,CA,541613,Y,1,IV,184558,False,0,0.1,"Senior Software Engineer, iOS || 15-1252.00 || Software Developers",15-1252.00||CA||54||Y||IV,11,202545.45454545456,150000.0,17987.454545454544,-34558.0,9.746233999856171,-18.724736939065227,1.0974623399985617,-0.16361899645079073
56310,Software Engineer,15-1252.00,Software Developers,Menlo Park,CA,519290,Y,1,IV,213512,False,0,0.15,Software Engineer || 15-1252.00 || Software Developers,15-1252.00||CA||51||Y||IV,11,206310.0909090909,155000.0,-7201.909090909091,-58512.0,-3.3730699402886475,-27.40454869047173,0.9662693005971136,-0.2887668442290263
5411,Senior Software Developer,15-1252.00,Software Developers,Pontiac,MI,522292,Y,1,III,120349,False,0,0.1,Senior Software Developer || 15-1252.00 || Software Developers,15-1252.00||MI||52||Y||III,10,104303.0,112500.0,-16046.0,-7849.0,-13.332890177733091,-6.521865574288112,0.8666710982226691,-0.15470513191333096
10702,Manager,15-2031.00,Operations Research Analysts,North Chicago,IL,541611,Y,3,III,105102,False,0,0.15,Manager || 15-2031.00 || Operations Research Analysts,15-2031.00||IL||54||Y||III,10,108844.3,112500.0,3742.3,7398.0,3.560636334227703,7.038876519952047,1.0356063633422772,0.023101690406737242
44541,Programmer Analyst II (Bioinformatics),19-1029.01,Bioinformatics Scientists,Pineville,NC,5417,Y,1,III,91853,True,1,0.85,Programmer Analyst II (Bioinformatics) || 19-1029.01 || Bioinformatics Scientists,19-1029.01||NC||54||Y||III,9,91527.0,95000.0,-326.0,3147.0,-0.35491491840223005,3.4261265282571065,0.9964508508159776,-0.008913260708722288
100658,Data Scientist Senior,15-2051.00,Data Scientists,Plano,TX,524126,Y,1,IV,141773,True,1,0.85,Data Scientist Senior || 15-2051.00 || Data Scientists,15-2051.00||TX||52||Y||IV,9,129023.44444444444,135000.0,-12749.555555555555,-6773.0,-8.992936282335533,-4.777355349749247,0.9100706371766447,-0.10642186829024682
109256,Autonomy Engineer,17-2071.00,Electrical Engineers,Chillicothe,IL,333120,Y,1,IV,115856,True,1,0.85,Autonomy Engineer || 17-2071.00 || Electrical Engineers,17-2071.00||IL||33||Y||IV,9,104415.88888888889,95000.0,-11440.111111111111,-20856.0,-9.8744226549433,-18.00165722966441,0.9012557734505671,-0.1134746229223895
57475,Research Data Scientist,15-2051.00,Data Scientists,Chicago,IL,611310,Y,1,I,64938,True,1,0.85,Research Data Scientist || 15-2051.00 || Data Scientists,15-2051.00||IL||61||Y||I,11,108287.81818181818,118919.0,43349.818181818184,53981.0,66.75570264224058,83.12698266038375,1.6675570264224056,0.4882580104558809
56230,Clinical Data Scientist,19-1029.01,Bioinformatics Scientists,Princeton,NJ,32541,Y,1,IV,119850,True,1,0.85,Clinical Data Scientist || 19-1029.01 || Bioinformatics Scientists,19-1029.01||NJ||32||Y||IV,10,125774.3,128021.5,5924.3,8171.5,4.943095536086775,6.818105965790572,1.0494309553608678,0.03846651801017753
771,Clinical Research Program/Project Manager,15-2051.00,Data Scientists,Charlestown,MA,622110,Y,1,II,86424,False,0,0.05,Clinical Research Program/Project Manager || 15-2051.00 || Data Scientists,15-2051.00||MA||62||Y||II,10,113294.3,115000.0,26870.3,28576.0,31.09124780153661,33.06488938257891,1.3109124780153663,0.25678691266273324
33427,Machine learning Engineer,15-1252.00,Software Developers,Tysons,VA,541511,Y,1,I,101421,True,1,0.95,Machine learning Engineer || 15-1252.00 || Software Developers,15-1252.00||VA||54||Y||I,12,115519.33333333333,124000.0,14098.333333333334,22579.0,13.90080292378633,22.26264777511561,1.1390080292378633,0.10521462236886651
113754,Senior Business Analyst,15-2051.00,Data Scientists,Austin,TX,518210,Y,1,II,92914,False,0,0.1,Senior Business Analyst || 15-2051.00 || Data Scientists,15-2051.00||TX||51||Y||II,11,109374.45454545454,115000.0,16460.454545454544,22086.0,17.715795838576042,23.77036829756549,1.1771579583857603,0.14949682634995007
20377,AI Engineer,15-1251.00,Computer Programmers,Milpitas,CA,541511,Y,1,II,130853,True,1,0.95,AI Engineer || 15-1251.00 || Computer Programmers,15-1251.00||CA||54||Y||II,11,117555.54545454546,120000.0,-13297.454545454546,-10853.0,-10.16213196904507,-8.294039876808327,0.8983786803095494,-0.13842347672646566
35920,"Systems/Data Analyst, Business Development",15-2051.00,Data Scientists,Allen,TX,54151,Y,1,II,96034,False,0,0.15,"Systems/Data Analyst, Business Development || 15-2051.00 || Data Scientists",15-2051.00||TX||54||Y||II,12,90276.75,91850.0,-5757.25,-4184.0,-5.995012183185121,-4.356790303434201,0.9400498781681489,-0.0828411909919744
22330,Senior Machine Learning Engineer,15-1252.00,Software Developers,Round Rock,TX,516210,Y,1,IV,163550,True,1,0.95,Senior Machine Learning Engineer || 15-1252.00 || Software Developers,15-1252.00||TX||51||Y||IV,10,208461.1,142305.5,44911.1,-21244.5,27.46016508712932,-12.989605625191073,1.2746016508712932,-0.018635180934816198
24537,Senior Machine Learning Engineer,15-1252.00,Software Developers,Seattle,WA,5192,Y,1,IV,212202,True,1,0.95,Senior Machine Learning Engineer || 15-1252.00 || Software Developers,15-1252.00||WA||51||Y||IV,11,211673.72727272726,150000.0,-528.2727272727273,-62202.0,-0.24894804350228902,-29.312636073175558,0.997510519564977,-0.2253298226294658
98104,"Manager, Financial Systems",11-3021.00,Computer and Information Systems Managers,Phoenix,AZ,522210,Y,1,II,141149,False,0,0.05,"Manager, Financial Systems || 11-3021.00 || Computer and Information Systems Managers",11-3021.00||AZ||52||Y||II,11,112962.90909090909,115000.0,-28186.090909090908,-26149.0,-19.969033368348985,-18.525813147808343,0.80030966631651,-0.2392353905793427
41673,Product Owner - Manager,15-2051.00,Data Scientists,Princeton,NJ,54121,Y,3,IV,154627,False,0,0.1,Product Owner - Manager || 15-2051.00 || Data Scientists,15-2051.00||NJ||54||Y||IV,10,135121.1,137500.0,-19505.9,-17127.0,-12.614808539258991,-11.076332076545494,0.8738519146074101,-0.14782383354934742
53304,Machine Learning Engineer II,15-1252.00,Software Developers,New York,NY,519290,Y,1,II,131997,True,1,0.95,Machine Learning Engineer II || 15-1252.00 || Software Developers,15-1252.00||NY||51||Y||II,11,122138.36363636363,125000.0,-9858.636363636364,-6997.0,-7.468833658065233,-5.300878050258718,0.9253116634193478,-0.09933023700574252
56555,"Manager III, Software Dev",11-3021.00,Computer and Information Systems Managers,Santa Clara,CA,455219,Y,1,II,248643,False,0,0.1,"Manager III, Software Dev || 11-3021.00 || Computer and Information Systems Managers",11-3021.00||CA||45||Y||II,11,134664.63636363635,150000.0,-113978.36363636363,-98643.0,-45.84016587491449,-39.672542561021224,0.5415983412508552,-0.6478959190712369
110989,Manager,15-1252.00,Software Developers,Philadelphia,PA,541611,Y,3,IV,146078,False,0,0.1,Manager || 15-1252.00 || Software Developers,15-1252.00||PA||54||Y||IV,11,116259.45454545454,125000.0,-29818.545454545456,-21078.0,-20.41275582534362,-14.429277509275867,0.7958724417465638,-0.25435970377447104
71099,Sr. Java Developer,15-1252.00,Software Developers,Tampa,FL,541511,Y,1,II,100797,False,0,0.05,Sr. Java Developer || 15-1252.00 || Software Developers,15-1252.00||FL||54||Y||II,11,100921.81818181818,109000.0,124.81818181818181,8203.0,0.12383124678133454,8.138139031915632,1.0012383124678133,-0.0182762779187421
19504,Sr Software Engieer,15-1252.00,Software Developers,Austin,TX,541511,Y,1,II,114754,False,0,0.1,Sr Software Engieer || 15-1252.00 || Software Developers,15-1252.00||TX||54||Y||II,11,114879.27272727272,124000.0,125.27272727272727,9246.0,0.1091663273373717,8.05723547763041,1.0010916632733737,-0.015488469292904967
80004,Associate - Healthcare,15-2041.01,Biostatisticians,Los Angeles,CA,541690,Y,1,III,115398,False,0,0.15,Associate - Healthcare || 15-2041.01 || Biostatisticians,15-2041.01||CA||54||Y||III,10,101536.2,103500.0,-13861.8,-11898.0,-12.012166588675715,-10.310403993136795,0.8798783341132429,-0.14430863642205888
3461,Software Engineer,15-1252.00,Software Developers,Menlo Park,CA,519290,Y,25,III,187574,False,0,0.15,Software Engineer || 15-1252.00 || Software Developers,15-1252.00||CA||51||Y||III,11,208310.0909090909,145000.0,20736.090909090908,-42574.0,11.05488549004175,-22.697175514730187,1.1105488549004177,-0.1929366463822599
5655,"Vice President, AI Consulting",11-3021.00,Computer and Information Systems Managers,New York,NY,54161,Y,1,III,223642,True,1,0.95,"Vice President, AI Consulting || 11-3021.00 || Computer and Information Systems Managers",11-3021.00||NY||54||Y||III,10,261200.0,190000.0,37558.0,-33642.0,16.793804383791958,-15.042791604439238,1.1679380438379197,-0.00019704466859238323
40940,Software Engineer,15-1252.00,Software Developers,Boston,MA,334111,Y,1,IV,178131,False,0,0.15,Software Engineer || 15-1252.00 || Software Developers,15-1252.00||MA||33||Y||IV,11,116702.36363636363,125000.0,-61428.63636363636,-53131.0,-34.48509039057568,-29.826925128136036,0.6551490960942432,-0.45768807413435814
111361,GenAI Senior Product Analyst,13-1111.00,Management Analysts,New York,NY,5241,Y,1,IV,159682,True,1,0.85,GenAI Senior Product Analyst || 13-1111.00 || Management Analysts,13-1111.00||NY||52||Y||IV,10,132821.1,137500.0,-26860.9,-22182.0,-16.82149522175323,-13.891359076163877,0.8317850477824675,-0.19863515951375862
3178,Technical Lead II,15-1252.00,Software Developers,Pleasanton,CA,541511,Y,1,II,161637,False,0,0.1,Technical Lead II || 15-1252.00 || Software Developers,15-1252.00||CA||54||Y||II,9,134791.22222222222,135000.0,-26845.777777777777,-26637.0,-16.608683517868915,-16.47951892202899,0.8339131648213108,-0.19947202844658463
45030,Data Scientist III,15-2041.00,Statisticians,New York,NY,52429,Y,1,II,112965,True,1,0.85,Data Scientist III || 15-2041.00 || Statisticians,15-2041.00||NY||52||Y||II,11,119164.63636363637,125000.0,6199.636363636364,12035.0,5.4881037167586095,10.65374230956491,1.054881037167586,0.03453667423108959
86768,"Staff Site Reliability Engineer, Engineering Tools",15-1252.00,Software Developers,Fremont,CA,336110,Y,1,III,187574,False,0,0.1,"Staff Site Reliability Engineer, Engineering Tools || 15-1252.00 || Software Developers",15-1252.00||CA||33||Y||III,11,127146.45454545454,135000.0,-60427.545454545456,-52574.0,-32.215309933437176,-28.02840478957638,0.6778469006656281,-0.4261838875532517
46938,Senior Software Engineer,15-1252.00,Software Developers,Sherman Oaks,CA,541519,Y,1,IV,184558,False,0,0.1,Senior Software Engineer || 15-1252.00 || Software Developers,15-1252.00||CA||54||Y||IV,11,136237.36363636365,150000.0,-48320.63636363636,-34558.0,-26.181816211508774,-18.724736939065227,0.7381818378849122,-0.33542977841498
80329,Software Systems ML Engineer,15-1252.00,Software Developers,Menlo Park,CA,519290,Y,1,IV,213512,True,1,0.95,Software Systems ML Engineer || 15-1252.00 || Software Developers,15-1252.00||CA||51||Y||IV,10,228241.1,164955.5,14729.1,-48556.5,6.898488141181758,-22.74181310652329,1.0689848814118175,-0.15385352434619098
115037,Principal - Business Consulting,13-1111.00,Management Analysts,Tampa,FL,541511,Y,1,IV,134472,False,0,0.05,Principal - Business Consulting || 13-1111.00 || Management Analysts,13-1111.00||FL||54||Y||IV,12,123075.91666666667,131500.0,-11396.083333333334,-2972.0,-8.474688658853392,-2.2101255279909573,0.915253113411466,-0.1133147345187111
83680,Labeling Associate Manager,17-2112.02,Validation Engineers,Warsaw,IN,339112,Y,1,IV,100360,True,1,0.85,Labeling Associate Manager || 17-2112.02 || Validation Engineers,17-2112.02||IN||33||Y||IV,9,138138.55555555556,95000.0,37778.555555555555,-5360.0,37.643040609361854,-5.340773216420885,1.3764304060936186,0.06518963349084198
70894,Postdoctoral Research Associate-Computational Nuclear Physic,15-1221.00,Computer and Information Research Scientists,Oak Ridge,TN,54171,Y,1,II,79934,False,0,0.1,Postdoctoral Research Associate-Computational Nuclear Physic || 15-1221.00 || Computer and Information Research Scientists,15-1221.00||TN||54||Y||II,11,84760.45454545454,85000.0,4826.454545454545,5066.0,6.038049572715672,6.337728626116546,1.0603804957271565,0.04174529732240228
106052,Research Computing Data Scientist,19-1042.00,"Medical Scientists, Except Epidemiologists",Boston,MA,622310,Y,1,I,69701,True,1,0.85,"Research Computing Data Scientist || 19-1042.00 || Medical Scientists, Except Epidemiologists",19-1042.00||MA||62||Y||I,10,110219.5,116500.0,40518.5,46799.0,58.13187759142623,67.14250871580035,1.5813187759142624,0.4258843235032529
31799,Machine Learning Research,15-1252.00,Software Developers,San Francisco,CA,334111,Y,1,IV,213512,True,1,0.95,Machine Learning Research || 15-1252.00 || Software Developers,15-1252.00||CA||33||Y||IV,11,214310.0909090909,160000.0,798.0909090909091,-53512.0,0.37379206278377936,-25.062759938551462,1.0037379206278378,-0.21492703613541975
89046,Senior Robotics Engineer: Software,17-2141.00,Mechanical Engineers,Carson,CA,541519,Y,1,IV,142355,True,1,0.85,Senior Robotics Engineer: Software || 17-2141.00 || Mechanical Engineers,17-2141.00||CA||54||Y||IV,12,129975.0,137500.0,-12380.0,-4855.0,-8.69656843805978,-3.4104878648449297,0.9130343156194023,-0.11658065976974259
56831,Advanced Data Science Consultant,15-2031.00,Operations Research Analysts,South San Francisco,CA,54161,Y,1,III,124509,True,1,0.85,Advanced Data Science Consultant || 15-2031.00 || Operations Research Analysts,15-2031.00||CA||54||Y||III,11,193765.54545454544,135000.0,69256.54545454546,10491.0,55.62372636078151,8.425896923113992,1.556237263607815,0.17586887964218822
41449,Research Analyst,15-2051.00,Data Scientists,New York,NY,525920,Y,1,III,139506,True,1,0.95,Research Analyst || 15-2051.00 || Data Scientists,15-2051.00||NY||52||Y||III,12,106634.91666666667,115000.0,-32871.083333333336,-24506.0,-23.56248715706373,-17.566269551130418,0.7643751284293626,-0.28486292099311045
48391,Senior Backend Software Engineer - AI Platform,15-1252.00,Software Developers,San Francisco,CA,54151,Y,1,III,187574,True,1,0.85,Senior Backend Software Engineer - AI Platform || 15-1252.00 || Software Developers,15-1252.00||CA||54||Y||III,10,233491.1,164955.5,45917.1,-22618.5,24.479458773604023,-12.058440935310864,1.2447945877360402,0.024116910160111617
76577,Senior AI Development Manager,11-3021.00,Computer and Information Systems Managers,Newport Beach,CA,45411,Y,1,II,164798,True,1,0.95,Senior AI Development Manager || 11-3021.00 || Computer and Information Systems Managers,11-3021.00||CA||45||Y||II,10,226991.1,162455.5,62193.1,-2342.5,37.73898955084406,-1.4214371533635117,1.3773898955084407,0.11340358068159677
63403,Data Scientist,15-2051.01,Business Intelligence Analysts,Menlo Park,CA,519290,Y,1,IV,194834,True,1,0.85,Data Scientist || 15-2051.01 || Business Intelligence Analysts,15-2051.01||CA||51||Y||IV,12,132425.91666666666,135000.0,-62408.083333333336,-59834.0,-32.031413066165726,-30.710245645010623,0.6796858693383427,-0.40814633966501734
89274,Power BI Analyst,15-2051.00,Data Scientists,Durham,NC,541511,Y,1,II,79851,False,0,0.15,Power BI Analyst || 15-2051.00 || Data Scientists,15-2051.00||NC||54||Y||II,12,89218.41666666667,89500.0,9367.416666666666,9649.0,11.731120044416059,12.083755995541697,1.1173112004441605,0.08917306853044933
64216,Power BI Analyst,15-2051.00,Data Scientists,HOUSTON,TX,541511,Y,1,II,89378,False,0,0.15,Power BI Analyst || 15-2051.00 || Data Scientists,15-2051.00||TX||54||Y||II,11,93283.72727272728,90000.0,3905.7272727272725,622.0,4.369897819068756,0.6959206963682338,1.0436989781906876,0.031676184404149765
659,Product Director,11-3021.00,Computer and Information Systems Managers,Doylestown,PA,5179,Y,1,IV,213824,False,0,0.1,Product Director || 11-3021.00 || Computer and Information Systems Managers,11-3021.00||PA||51||Y||IV,11,139067.54545454544,150000.0,-74756.45454545454,-63824.0,-34.961676212892165,-29.84884765040407,0.6503832378710783,-0.4656566455320517
42664,"Senior Product Designer, AI",27-1024.00,Graphic Designers,San Francisco,CA,511210,Y,1,IV,128170,True,1,0.85,"Senior Product Designer, AI || 27-1024.00 || Graphic Designers",27-1024.00||CA||51||Y||IV,11,138964.63636363635,155000.0,10794.636363636364,26830.0,8.422124025619384,20.933135679176093,1.084221240256194,0.04643434136543851
108077,Business Strategy and Pricing Manager,15-2051.00,Data Scientists,Brooklyn,NY,511210,Y,1,III,141170,False,0,0.1,Business Strategy and Pricing Manager || 15-2051.00 || Data Scientists,15-2051.00||NY||51||Y||III,10,122191.1,123000.0,-18978.9,-18170.0,-13.44400368350216,-12.871006587801942,0.8655599631649784,-0.15464045990112574
103832,Solution Architect,15-1252.00,Software Developers,Livonia,MI,51121,Y,1,IV,138486,False,0,0.15,Solution Architect || 15-1252.00 || Software Developers,15-1252.00||MI||51||Y||IV,10,117824.3,122500.0,-20661.7,-15986.0,-14.91970307467903,-11.543405109541759,0.8508029692532098,-0.1712910274836533
2990,Staff Data Scientist,15-2051.00,Data Scientists,San Diego,CA,541512,Y,1,IV,159099,True,1,0.85,Staff Data Scientist || 15-2051.00 || Data Scientists,15-2051.00||CA||54||Y||IV,10,131071.1,140000.0,-28027.9,-19099.0,-17.616641210818422,-12.004475200975493,0.8238335878918157,-0.21599428281493385
109838,Technical Analyst,15-1211.00,Computer Systems Analysts,Fort Collins,CO,513210,Y,1,IV,127733,False,0,0.15,Technical Analyst || 15-1211.00 || Computer Systems Analysts,15-1211.00||CO||51||Y||IV,10,96912.1,95000.0,-30820.9,-32733.0,-24.12916004478091,-25.626110715320237,0.7587083995521909,-0.28226342983926145
27361,ANGULAR FULL STACK DEVELOPER,15-1252.00,Software Developers,IRVING,TX,541511,Y,1,II,112923,False,0,0.05,ANGULAR FULL STACK DEVELOPER || 15-1252.00 || Software Developers,15-1252.00||TX||54||Y||II,11,98856.27272727272,102000.0,-14066.727272727272,-10923.0,-12.456919558218674,-9.672962992481603,0.8754308044178134,-0.16017867390388574
13792,Sr. Lead Software Developer,15-1252.00,Software Developers,Denver,CO,517312,Y,1,III,142314,False,0,0.1,Sr. Lead Software Developer || 15-1252.00 || Software Developers,15-1252.00||CO||51||Y||III,10,122478.3,132055.5,-19835.7,-10258.5,-13.93798220835617,-7.208356170158944,0.8606201779164383,-0.17335380913242276
111182,Software Engineer,15-1252.00,Software Developers,Somerset,NJ,541511,Y,1,II,123656,False,0,0.15,Software Engineer || 15-1252.00 || Software Developers,15-1252.00||NJ||54||Y||II,10,100273.0,95000.0,-23383.0,-28656.0,-18.909717280196674,-23.173966487675486,0.8109028271980332,-0.2302338686587806
73978,"Lead Analyst, Supply Chain Systems",15-2031.00,Operations Research Analysts,High Point,NC,541614,Y,1,IV,98634,False,0,0.15,"Lead Analyst, Supply Chain Systems || 15-2031.00 || Operations Research Analysts",15-2031.00||NC||54||Y||IV,11,102647.18181818182,102000.0,4013.181818181818,3366.0,4.068761094735911,3.4126163391933817,1.040687610947359,0.03013238508559223
55519,Applications Developer,15-1252.00,Software Developers,Las Vegas,NV,541511,Y,1,II,110802,False,0,0.1,Applications Developer || 15-1252.00 || Software Developers,15-1252.00||NV||54||Y||II,12,89426.75,91850.0,-21375.25,-18952.0,-19.291393657154202,-17.10438439739355,0.807086063428458,-0.23650823244651065
63409,Machine Learning Engineer USDS,15-1252.00,Software Developers,New York,NY,519130,Y,1,IV,189592,True,1,0.95,Machine Learning Engineer USDS || 15-1252.00 || Software Developers,15-1252.00||NY||51||Y||IV,11,198791.9090909091,140000.0,9199.90909090909,-49592.0,4.8524774731576725,-26.15722182370564,1.0485247747315767,-0.21251154258017735
21113,FE Engineering,17-2061.00,Computer Hardware Engineers,Santa Clara,CA,334111,Y,1,IV,229590,False,0,0.0,FE Engineering || 17-2061.00 || Computer Hardware Engineers,17-2061.00||CA||33||Y||IV,11,123008.36363636363,135000.0,-106581.63636363637,-94590.0,-46.42259521914559,-41.19952959623677,0.5357740478085441,-0.6746475654551883
512,"Sr. Business System Analyst, Financial Planning Platforms",15-1252.00,Software Developers,Katy,TX,22112,Y,1,III,127837,False,0,0.05,"Sr. Business System Analyst, Financial Planning Platforms || 15-1252.00 || Software Developers",15-1252.00||TX||22||Y||III,10,109404.0,115000.0,-18433.0,-12837.0,-14.419143127576524,-10.04169371934573,0.8558085687242347,-0.17129214943545357
63902,Senior ML Engineer,15-1252.00,Software Developers,New York,NY,541511,Y,1,IV,189592,True,1,0.95,Senior ML Engineer || 15-1252.00 || Software Developers,15-1252.00||NY||54||Y||IV,12,146092.58333333334,152000.0,-43499.416666666664,-37592.0,-22.943698397963345,-19.827840837166125,0.7705630160203665,-0.29633566521922533
46485,"Senior Engineer, Software Product Quality Department",15-1253.00,Software Quality Assurance Analysts and Testers,Farmington Hills,MI,336320,Y,1,IV,120411,False,0,0.1,"Senior Engineer, Software Product Quality Department || 15-1253.00 || Software Quality Assurance Analysts and Testers",15-1253.00||MI||33||Y||IV,11,103623.09090909091,115000.0,-16787.909090909092,-5411.0,-13.942172302288903,-4.493775485628389,0.860578276977111,-0.18022723322499104
36132,Machine Learning Software Engineer,15-1252.00,Software Developers,Los Angeles,CA,423430,Y,1,II,129667,True,1,0.95,Machine Learning Software Engineer || 15-1252.00 || Software Developers,15-1252.00||CA||42||Y||II,11,115027.09090909091,129000.0,-14639.90909090909,-667.0,-11.290389297900846,-0.5143945645383945,0.8870961070209915,-0.1450526322273099
106919,"Senior Developer, Corporate Systems",15-1252.00,Software Developers,Frisco,TX,523210,Y,1,III,127878,False,0,0.05,"Senior Developer, Corporate Systems || 15-1252.00 || Software Developers",15-1252.00||TX||52||Y||III,11,109788.36363636363,115000.0,-18089.636363636364,-12878.0,-14.146011326136131,-10.07053597960556,0.8585398867386386,-0.17746802982979917
3965,Senior Solution Specialist,15-1252.00,Software Developers,Lake Mary,FL,541611,Y,3,II,99195,False,0,0.1,Senior Solution Specialist || 15-1252.00 || Software Developers,15-1252.00||FL||54||Y||II,10,105866.6,109000.0,6671.6,9805.0,6.7257422249105305,9.884570794898936,1.0672574222491054,0.0506469386178809
32379,mRNA Machine Learning Senior Scientist,19-1029.01,Bioinformatics Scientists,Waltham,MA,32541,Y,1,III,113464,True,1,0.95,mRNA Machine Learning Senior Scientist || 19-1029.01 || Bioinformatics Scientists,19-1029.01||MA||32||Y||III,9,132849.44444444444,143000.0,19385.444444444445,29536.0,17.08510579958793,26.03116406966086,1.1708510579958793,0.1383379985454219
51238,Data Scientist,15-2031.00,Operations Research Analysts,Menlo Park,CA,519290,Y,1,IV,148699,True,1,0.85,Data Scientist || 15-2031.00 || Operations Research Analysts,15-2031.00||CA||51||Y||IV,10,128611.1,137500.0,-20087.9,-11199.0,-13.509102280445735,-7.531321663225711,0.8649089771955426,-0.19468987410227925
26037,Software Engineer,15-1252.00,Software Developers,San Francisco,CA,511210,Y,1,II,161637,False,0,0.15,Software Engineer || 15-1252.00 || Software Developers,15-1252.00||CA||51||Y||II,11,124766.54545454546,129000.0,-36870.454545454544,-32637.0,-22.810652601480196,-20.19154030327215,0.771893473985198,-0.2843902394023066
10624,"Director, Data Science",15-2051.00,Data Scientists,Boston,MA,52399,Y,1,IV,161803,True,1,0.85,"Director, Data Science || 15-2051.00 || Data Scientists",15-2051.00||MA||52||Y||IV,10,157184.8,161574.0,-4618.2,-229.0,-2.8542116029987086,-0.14153013232140316,0.971457883970013,-0.05705087513542413
48607,"Director, Business Analytics",15-2051.01,Business Intelligence Analysts,Foster City,CA,541714,Y,1,IV,194834,False,0,0.15,"Director, Business Analytics || 15-2051.01 || Business Intelligence Analysts",15-2051.01||CA||54||Y||IV,11,216377.0909090909,160000.0,21543.090909090908,-34834.0,11.05715168250455,-17.878809653345925,1.1105715168250454,-0.12187993277753652
90672,"Firmware, Principal Technical Expert",15-1252.00,Software Developers,Lake Forest,CA,334513,Y,1,IV,184558,False,0,0.05,"Firmware, Principal Technical Expert || 15-1252.00 || Software Developers",15-1252.00||CA||33||Y||IV,11,213377.0909090909,160000.0,28819.090909090908,-24558.0,15.615194632089054,-13.306386068336241,1.1561519463208905,-0.07780306298312438
105384,Data Scientist,15-2051.00,Data Scientists,Plano,TX,423910,Y,1,III,118893,True,1,0.85,Data Scientist || 15-2051.00 || Data Scientists,15-2051.00||TX||42||Y||III,9,112204.22222222222,118219.0,-6688.777777777777,-674.0,-5.6258802265716055,-0.5668962848948214,0.9437411977342839,-0.06934840107833888
108163,Sr AI/ML Software Engineer,15-1252.00,Software Developers,Round Rock,TX,541512,Y,1,III,132267,True,1,0.95,Sr AI/ML Software Engineer || 15-1252.00 || Software Developers,15-1252.00||TX||54||Y||III,10,129068.7,135000.0,-3198.3,2733.0,-2.418063462541677,2.0662750345891268,0.9758193653745831,-0.04047839014879866
58063,Sr. Machine Learning Engineer,15-1252.00,Software Developers,Palo Alto,CA,519290,Y,1,III,226138,True,1,0.95,Sr. Machine Learning Engineer || 15-1252.00 || Software Developers,15-1252.00||CA||51||Y||III,11,212491.9090909091,160000.0,-13646.09090909091,-66138.0,-6.034408595234285,-29.246743139145124,0.9396559140476571,-0.28504293659098195
81013,UX Researcher II,15-1221.00,Computer and Information Research Scientists,Santa Clara,CA,511210,Y,1,I,127712,False,0,0.1,UX Researcher II || 15-1221.00 || Computer and Information Research Scientists,15-1221.00||CA||51||Y||I,12,116760.08333333333,124000.0,-10951.916666666666,-3712.0,-8.575479725215068,-2.9065397143573035,0.9142452027478494,-0.11564039743148043
5925,"Associate, AI Engineer",15-1252.00,Software Developers,Greensboro,NC,541519,Y,1,I,81120,True,1,0.95,"Associate, AI Engineer || 15-1252.00 || Software Developers",15-1252.00||NC||54||Y||I,12,83826.75,80000.0,2706.75,-1120.0,3.3367233727810652,-1.3806706114398422,1.0333672337278106,0.009241260412619448
10807,"Manager III, Software Dev",11-3021.00,Computer and Information Systems Managers,Arlington,VA,518210,Y,1,II,174720,False,0,0.1,"Manager III, Software Dev || 11-3021.00 || Computer and Information Systems Managers",11-3021.00||VA||51||Y||II,11,126813.0,135000.0,-47907.0,-39720.0,-27.419299450549453,-22.733516483516482,0.7258070054945055,-0.3479361933693472
25117,Principal Consultant,15-1252.00,Software Developers,Frisco,TX,513210,Y,20,IV,156998,False,0,0.1,Principal Consultant || 15-1252.00 || Software Developers,15-1252.00||TX||51||Y||IV,9,237390.11111111112,145000.0,80392.11111111111,-11998.0,51.20581861623149,-7.642135568605969,1.5120581861623148,0.13930608899981717
63738,Circuit Design Engineer,17-2072.00,"Electronics Engineers, Except Computer",Sunnyvale,CA,541519,Y,1,III,186472,False,0,0.05,"Circuit Design Engineer || 17-2072.00 || Electronics Engineers, Except Computer",17-2072.00||CA||54||Y||III,11,123903.72727272728,123000.0,-62568.27272727273,-63472.0,-33.553709257836424,-34.03835428375306,0.6644629074216358,-0.43416240077359175
21798,Team Leader,11-3021.00,Computer and Information Systems Managers,New York,NY,51929,Y,1,II,186056,False,0,0.1,Team Leader || 11-3021.00 || Computer and Information Systems Managers,11-3021.00||NY||51||Y||II,12,121684.25,126500.0,-64371.75,-59556.0,-34.59805112439266,-32.00971750440728,0.6540194887560734,-0.4480246911623187
98238,Associate Principal - Software Engineering,15-1252.00,Software Developers,Mountlake Terrace,WA,541511,Y,1,II,149240,False,0,0.1,Associate Principal - Software Engineering || 15-1252.00 || Software Developers,15-1252.00||WA||54||Y||II,11,123961.54545454546,129000.0,-25278.454545454544,-20240.0,-16.938122852757,-13.562047708389171,0.8306187714724301,-0.2181942200738739
28975,Software Engineering,15-1252.00,Software Developers,Redmond,WA,513210,Y,1,IV,212202,False,0,0.15,Software Engineering || 15-1252.00 || Software Developers,15-1252.00||WA||51||Y||IV,11,130918.90909090909,140000.0,-81283.09090909091,-72202.0,-38.304582854587096,-34.02512700163052,0.616954171454129,-0.5281878909227026
38836,Senior Machine Learning Engineer,15-1252.00,Software Developers,PITTSBURGH,PA,541511,Y,1,IV,140754,True,1,0.95,Senior Machine Learning Engineer || 15-1252.00 || Software Developers,15-1252.00||PA||54||Y||IV,11,125618.0,135000.0,-15136.0,-5754.0,-10.753513221649117,-4.087983289995311,0.8924648677835088,-0.13401191899972467
9223,Reliability Engineer,15-2051.00,Data Scientists,Raritan,NJ,54199,Y,1,II,109491,False,0,0.1,Reliability Engineer || 15-2051.00 || Data Scientists,15-2051.00||NJ||54||Y||II,10,103883.8,110000.0,-5607.2,509.0,-5.121151510169787,0.4648783918312921,0.9487884848983021,-0.06501206334252103
114787,Project Manager,15-2051.01,Business Intelligence Analysts,Hauppauge,NY,541511,Y,1,II,111966,False,0,0.1,Project Manager || 15-2051.01 || Business Intelligence Analysts,15-2051.01||NY||54||Y||II,11,98969.27272727272,95000.0,-12996.727272727272,-16966.0,-11.607744558818991,-15.15281424718218,0.8839225544118101,-0.14022699936269606
87473,Quality Engineer III,15-1252.00,Software Developers,Scottsdale,AZ,511210,Y,1,III,134514,False,0,0.05,Quality Engineer III || 15-1252.00 || Software Developers,15-1252.00||AZ||51||Y||III,9,111723.44444444444,115000.0,-22790.555555555555,-19514.0,-16.942887398750727,-14.507040159388614,0.8305711260124927,-0.19570610374995823
111956,Information Security Director,11-3021.00,Computer and Information Systems Managers,San Jose,CA,33911,Y,1,II,216590,False,0,0.1,Information Security Director || 11-3021.00 || Computer and Information Systems Managers,11-3021.00||CA||33||Y||II,11,231685.54545454544,165000.0,15095.545454545454,-51590.0,6.969641005838427,-23.81919756221432,1.0696964100583843,-0.13523809176057647
83110,Senior Product Manager,11-3021.00,Computer and Information Systems Managers,Milpitas,CA,541512,Y,1,I,178506,False,0,0.1,Senior Product Manager || 11-3021.00 || Computer and Information Systems Managers,11-3021.00||CA||54||Y||I,11,145328.27272727274,150000.0,-33177.72727272727,-28506.0,-18.58633730671645,-15.969211118953984,0.8141366269328355,-0.23864897371090601
22047,Perception Engineer,15-1252.00,Software Developers,San Francisco,CA,541519,Y,1,II,161637,True,1,0.95,Perception Engineer || 15-1252.00 || Software Developers,15-1252.00||CA||54||Y||II,10,130561.1,127500.0,-31075.9,-34137.0,-19.225734206895698,-21.119545648582935,0.8077426579310429,-0.2370733763164706
28504,AI Engineer,15-1252.00,Software Developers,Dublin,OH,541511,Y,1,II,101899,True,1,0.95,AI Engineer || 15-1252.00 || Software Developers,15-1252.00||OH||54||Y||II,11,103696.90909090909,110000.0,1797.909090909091,8101.0,1.7644030764866108,7.950028950235037,1.017644030764866,-0.0013547794621328148
116719,Senior Software Engineer,15-1252.00,Software Developers,Ann Arbor,MI,513210,Y,1,IV,140275,False,0,0.1,Senior Software Engineer || 15-1252.00 || Software Developers,15-1252.00||MI||51||Y||IV,11,116673.27272727272,125000.0,-23601.727272727272,-15275.0,-16.825326874159526,-10.889324541080022,0.8317467312584047,-0.2156473381183785
10788,Sr Product Complaint Associate,11-3051.01,Quality Control Systems Managers,Palo Alto,CA,33911,Y,1,II,145184,False,0,0.0,Sr Product Complaint Associate || 11-3051.01 || Quality Control Systems Managers,11-3051.01||CA||33||Y||II,9,113021.66666666667,115000.0,-32162.333333333332,-30184.0,-22.152808390272572,-20.790169715671148,0.7784719160972743,-0.264563321905331
60087,"Manager, Product Management",15-2051.00,Data Scientists,New York,NY,522210,Y,1,II,109491,False,0,0.1,"Manager, Product Management || 15-2051.00 || Data Scientists",15-2051.00||NY||52||Y||II,11,125119.18181818182,135000.0,15628.181818181818,25509.0,14.273485325900593,23.297805299065676,1.1427348532590058,0.10893966777447792
59759,Java/J2EE Developer Specialist,15-1252.00,Software Developers,Tysons,VA,5415,Y,1,II,126090,False,0,0.05,Java/J2EE Developer Specialist || 15-1252.00 || Software Developers,15-1252.00||VA||54||Y||II,11,101730.90909090909,110000.0,-24359.090909090908,-16090.0,-19.318812680697047,-12.760726465223254,0.8068118731930295,-0.2389796897682574
7511,Senior Staff/Manager GPU Engineer,17-2072.00,"Electronics Engineers, Except Computer","Austin, TX",TX,334220,Y,1,IV,161179,True,1,0.85,"Senior Staff/Manager GPU Engineer || 17-2072.00 || Electronics Engineers, Except Computer",17-2072.00||TX||33||Y||IV,11,136531.63636363635,150000.0,-24647.363636363636,-11179.0,-15.291919937686446,-6.93576706642925,0.8470808006231355,-0.19680083717199037
64301,Advanced Analytics - Engagement Manager,19-1029.01,Bioinformatics Scientists,Bridgewater,NJ,32541,Y,1,IV,138466,False,0,0.15,Advanced Analytics - Engagement Manager || 19-1029.01 || Bioinformatics Scientists,19-1029.01||NJ||32||Y||IV,9,121082.55555555556,130000.0,-17383.444444444445,-8466.0,-12.55430534892641,-6.11413632227406,0.8744569465107359,-0.1486186607313689
52962,Software Developer,15-1252.00,Software Developers,Frisco,TX,541511,Y,1,II,112923,False,0,0.15,Software Developer || 15-1252.00 || Software Developers,15-1252.00||TX||54||Y||II,11,93497.09090909091,95000.0,-19425.909090909092,-17923.0,-17.202792248619936,-15.87187729691914,0.8279720775138006,-0.21850718027052032
77029,Software Engineer,15-1252.00,Software Developers,Menlo Park,CA,511210,Y,1,IV,213512,False,0,0.15,Software Engineer || 15-1252.00 || Software Developers,15-1252.00||CA||51||Y||IV,11,206310.0909090909,155000.0,-7201.909090909091,-58512.0,-3.3730699402886475,-27.40454869047173,0.9662693005971136,-0.2887668442290263
83431,Senior Technical Product Manager,15-2051.00,Data Scientists,Chicago,IL,54199,Y,1,IV,142210,False,0,0.15,Senior Technical Product Manager || 15-2051.00 || Data Scientists,15-2051.00||IL||54||Y||IV,10,135031.1,137500.0,-7178.9,-4710.0,-5.048097883411856,-3.312003375290064,0.9495190211658814,-0.06465911839026503
73416,"Senior Manager, Platform Engineering",11-3021.00,Computer and Information Systems Managers,New York,NY,518210,Y,1,II,186056,False,0,0.15,"Senior Manager, Platform Engineering || 11-3021.00 || Computer and Information Systems Managers",11-3021.00||NY||51||Y||II,10,149370.0,157500.0,-36686.0,-28556.0,-19.717719396310788,-15.348067248570322,0.802822806036892,-0.2371231632745486
19724,XIL Modelling Engineer,17-2071.00,Electrical Engineers,Auburn Hills,MI,541330,Y,1,I,80205,False,0,0.1,XIL Modelling Engineer || 17-2071.00 || Electrical Engineers,17-2071.00||MI||54||Y||I,9,100757.88888888889,103000.0,20552.88888888889,22795.0,25.625445905977045,28.42092138894084,1.2562544590597704,0.20824603249188792
112613,Sr. Zuora Business Analyst,15-2051.01,Business Intelligence Analysts,Mckinney,TX,511210,Y,1,III,116064,False,0,0.05,Sr. Zuora Business Analyst || 15-2051.01 || Business Intelligence Analysts,15-2051.01||TX||51||Y||III,11,108738.09090909091,115000.0,-7325.909090909091,-1064.0,-6.311956412762865,-0.916735594154949,0.9368804358723714,-0.07870833074933824
45309,Operation Research Analyst - KBGFJG33927-18,15-2031.00,Operations Research Analysts,Houston,TX,541211,Y,1,IV,131290,False,0,0.15,Operation Research Analyst - KBGFJG33927-18 || 15-2031.00 || Operations Research Analysts,15-2031.00||TX||54||Y||IV,10,101926.5,104182.5,-29363.5,-27107.5,-22.365374362099168,-20.647040901820397,0.7763462563790082,-0.2558272980101151
66493,BUSINESS ANALYST,15-2051.00,Data Scientists,Denton,TX,541511,Y,1,I,73154,False,0,0.1,BUSINESS ANALYST || 15-2051.00 || Data Scientists,15-2051.00||TX||54||Y||I,11,86529.18181818182,85000.0,13375.181818181818,11846.0,18.283596000467256,16.193236186674685,1.1828359600046725,0.14387080548184128
42298,AI/ML Engineer,15-1252.00,Software Developers,Henderson,NV,541511,Y,1,II,110802,True,1,0.95,AI/ML Engineer || 15-1252.00 || Software Developers,15-1252.00||NV||54||Y||II,10,109766.8,115000.0,-1035.2,4198.0,-0.9342791646360175,3.7887402754462918,0.9906572083536398,-0.02501936988443596
7616,Senior Software Engineer,15-1295.00,"Software Developers, Non R&D",Cincinnati,OH,622310,Y,1,I,73237,False,0,0.1,"Senior Software Engineer || 15-1295.00 || Software Developers, Non R&D",15-1295.00||OH||62||Y||I,11,104040.0,115000.0,30803.0,41763.0,42.059341589633654,57.024454852055655,1.4205934158963365,0.33089726152568394
42656,Software Engineering Manager,11-3021.00,Computer and Information Systems Managers,Menlo Park,CA,519290,Y,1,III,237682,False,0,0.1,Software Engineering Manager || 11-3021.00 || Computer and Information Systems Managers,11-3021.00||CA||51||Y||III,10,236884.7,170000.0,-797.3,-67682.0,-0.33544820390269087,-28.475862707314818,0.9966455179609731,-0.20244442680602895
94919,FRAUD ANALYST/ DATA SCIENTIST,15-2031.00,Operations Research Analysts,OCEANSIDE,CA,522291,Y,1,IV,119517,True,1,0.85,FRAUD ANALYST/ DATA SCIENTIST || 15-2031.00 || Operations Research Analysts,15-2031.00||CA||52||Y||IV,10,107194.3,115000.0,-12322.7,-4517.0,-10.310416091434693,-3.7793786657964974,0.8968958390856532,-0.12363689206106017
56582,"Business Solution Analyst, Manager",15-2051.00,Data Scientists,Dallas,TX,54121,Y,3,IV,141773,True,1,0.85,"Business Solution Analyst, Manager || 15-2051.00 || Data Scientists",15-2051.00||TX||54||Y||IV,10,121555.4,130521.5,-20217.6,-11251.5,-14.260543262821551,-7.936278416905899,0.8573945673717844,-0.17023733908405134
25262,System Hardware Reliability Engineer,17-2061.00,Computer Hardware Engineers,Austin,TX,541512,Y,1,II,118498,False,0,0.05,System Hardware Reliability Engineer || 17-2061.00 || Computer Hardware Engineers,17-2061.00||TX||54||Y||II,10,108567.2,115000.0,-9930.8,-3498.0,-8.380563385036035,-2.951948556093774,0.9161943661496397,-0.10455339500772354
12192,"Sr. Software Systems Engineer, Autonomy",15-1252.00,Software Developers,Palo Alto,CA,336111,Y,1,II,187741,True,1,0.85,"Sr. Software Systems Engineer, Autonomy || 15-1252.00 || Software Developers",15-1252.00||CA||33||Y||II,11,203855.54545454544,150000.0,16114.545454545454,-37741.0,8.583391722929704,-20.102694669784437,1.085833917229297,-0.15754611408525435
108280,Vice President,15-1252.00,Software Developers,Alpharetta,GA,5231,Y,1,III,127504,False,0,0.1,Vice President || 15-1252.00 || Software Developers,15-1252.00||GA||52||Y||III,9,241949.0,160000.0,114445.0,32496.0,89.75796837746266,25.48625925461162,1.8975796837746266,0.41812741844938156
66633,Senior Staff GPU Engineer,17-2072.00,"Electronics Engineers, Except Computer",San Diego,CA,334220,Y,1,IV,176134,True,1,0.85,"Senior Staff GPU Engineer || 17-2072.00 || Electronics Engineers, Except Computer",17-2072.00||CA||33||Y||IV,11,210272.72727272726,150000.0,34138.72727272727,-26134.0,19.382247194026856,-14.83756685251002,1.1938224719402686,-0.06239005316225323
23765,Senior Staff AI Platform Applications Engineer,17-2072.00,"Electronics Engineers, Except Computer",Santa Clara,CA,541512,Y,1,III,186472,True,1,0.95,"Senior Staff AI Platform Applications Engineer || 17-2072.00 || Electronics Engineers, Except Computer",17-2072.00||CA||54||Y||III,10,215900.0,155000.0,29428.0,-31472.0,15.781457805997684,-16.87760092668068,1.157814578059977,-0.09769556123999816
114418,Software Engineer,15-1252.00,Software Developers,Mountain View,CA,541512,Y,1,II,172931,False,0,0.15,Software Engineer || 15-1252.00 || Software Developers,15-1252.00||CA||54||Y||II,11,194401.0,135000.0,21470.0,-37931.0,12.415356413829794,-21.93418184131243,1.124153564138298,-0.16972119867029323
9516,"Sr Technical Product Owner, Prism Services (AI Solutions)",15-1299.09,Information Technology Project Managers,New York,NY,512120,Y,1,IV,158974,True,1,0.85,"Sr Technical Product Owner, Prism Services (AI Solutions) || 15-1299.09 || Information Technology Project Managers",15-1299.09||NY||51||Y||IV,11,138727.0909090909,145000.0,-20246.909090909092,-13974.0,-12.735987702963435,-8.790116622843987,0.8726401229703658,-0.1674815832669035
31854,ADAS/AD Motion Planning & Controls Engineer,17-2071.00,Electrical Engineers,Gardena,CA,336110,Y,1,II,111072,True,1,0.85,ADAS/AD Motion Planning & Controls Engineer || 17-2071.00 || Electrical Engineers,17-2071.00||CA||33||Y||II,10,114674.9,120000.0,3602.9,8928.0,3.243751800633823,8.038029386343993,1.0324375180063383,0.011489320266063353
80954,Lead Data Scientist,15-2031.00,Operations Research Analysts,Naperville,IL,541511,Y,1,II,85904,True,1,0.85,Lead Data Scientist || 15-2031.00 || Operations Research Analysts,15-2031.00||IL||54||Y||II,9,121679.66666666667,128000.0,35775.666666666664,42096.0,41.646101074067175,49.00353883404731,1.4164610107406717,0.33325435045471963
646,Risk & Control Health Specialist,15-2051.00,Data Scientists,Richland,WA,522320,Y,1,III,147618,False,0,0.1,Risk & Control Health Specialist || 15-2051.00 || Data Scientists,15-2051.00||WA||52||Y||III,10,107283.8,115000.0,-40334.2,-32618.0,-27.32336164966332,-22.096221328022327,0.7267663835033668,-0.3294825245948765
31375,Staff Software Architect,17-2071.00,Electrical Engineers,East Moline,IL,33311,Y,1,IV,127608,False,0,0.1,Staff Software Architect || 17-2071.00 || Electrical Engineers,17-2071.00||IL||33||Y||IV,9,119428.22222222222,125000.0,-8179.777777777777,-2608.0,-6.410082265827988,-2.043759011974171,0.9358991773417201,-0.0828581110622453
111931,Machine Learning,15-1252.00,Software Developers,Cupertino,CA,334111,Y,1,IV,226158,True,1,0.95,Machine Learning || 15-1252.00 || Software Developers,15-1252.00||CA||33||Y||IV,11,209401.0,156000.0,-16757.0,-70158.0,-7.409421731709693,-31.021675112089778,0.9259057826829031,-0.30268344573456313
33433,Data Scientist,15-2051.00,Data Scientists,South San Francisco,CA,522320,Y,1,IV,194834,True,1,0.85,Data Scientist || 15-2051.00 || Data Scientists,15-2051.00||CA||52||Y||IV,12,128635.08333333333,140000.0,-66198.91666666667,-54834.0,-33.97708647703515,-28.143958446677683,0.6602291352296484,-0.4462388381898534
106014,"Data Scientist II, Software Engineering",15-1252.00,Software Developers,Fort Washington,PA,333242,Y,1,II,105206,True,1,0.85,"Data Scientist II, Software Engineering || 15-1252.00 || Software Developers",15-1252.00||PA||33||Y||II,10,105983.8,115000.0,777.8,9794.0,0.7393114461152408,9.309354979754007,1.0073931144611525,-0.01490965729340683
100363,Risk Finance Data Management Manager,15-2051.00,Data Scientists,Atlanta,GA,52211,Y,1,IV,135533,False,0,0.15,Risk Finance Data Management Manager || 15-2051.00 || Data Scientists,15-2051.00||GA||52||Y||IV,10,213404.3,133021.5,77871.3,-2511.5,57.455601218891346,-1.8530542377133243,1.5745560121889133,0.15500867235024476
115974,Data Scientist,15-2041.00,Statisticians,Charlotte,NC,541511,Y,5,III,116189,True,1,0.85,Data Scientist || 15-2041.00 || Statisticians,15-2041.00||NC||54||Y||III,10,109591.9,113000.0,-6597.1,-3189.0,-5.677904104519361,-2.7446660182977736,0.9432209589548064,-0.06894442799910774
56539,Machine Learning Engineer II,15-1252.00,Software Developers,Seattle,WA,519290,Y,1,II,149240,True,1,0.95,Machine Learning Engineer II || 15-1252.00 || Software Developers,15-1252.00||WA||51||Y||II,11,127010.09090909091,135000.0,-22229.909090909092,-14240.0,-14.8954094685802,-9.541677834360762,0.851045905314198,-0.18785327090184334
70897,Senior Dev Ops Engineer,15-1252.00,Software Developers,New York,NY,334111,Y,1,IV,189592,False,0,0.15,Senior Dev Ops Engineer || 15-1252.00 || Software Developers,15-1252.00||NY||33||Y||IV,11,137204.63636363635,140000.0,-52387.36363636364,-49592.0,-27.631631944577638,-26.15722182370564,0.7236836805542236,-0.34923256506077105
98001,"Director, Data Science",11-3021.00,Computer and Information Systems Managers,Brambleton,VA,511210,Y,1,II,174720,True,1,0.85,"Director, Data Science || 11-3021.00 || Computer and Information Systems Managers",11-3021.00||VA||51||Y||II,9,141082.55555555556,150000.0,-33637.444444444445,-24720.0,-19.252200345950346,-14.148351648351648,0.8074779965404965,-0.23372476697003167
9139,BUSINESS ANALYST,15-2051.00,Data Scientists,Harleysville,PA,541511,Y,1,I,73944,False,0,0.1,BUSINESS ANALYST || 15-2051.00 || Data Scientists,15-2051.00||PA||54||Y||I,11,87874.63636363637,85900.0,13930.636363636364,11956.0,18.83944114956773,16.168992751271233,1.1883944114956773,0.14568414566403073
12982,Senior Data Scientist,15-2051.02,Clinical Data Managers,Jericho,NY,541611,Y,1,II,77272,True,1,0.85,Senior Data Scientist || 15-2051.02 || Clinical Data Managers,15-2051.02||NY||54||Y||II,10,122831.1,127500.0,45559.1,50228.0,58.95939020602547,65.00155295579252,1.5895939020602547,0.4499730991267034
12285,Director Data Sciences,15-1299.09,Information Technology Project Managers,Princeton,NJ,541511,Y,1,III,116251,True,1,0.85,Director Data Sciences || 15-1299.09 || Information Technology Project Managers,15-1299.09||NJ||54||Y||III,9,233683.11111111112,163148.0,117432.11111111111,46897.0,101.01600081815306,40.34115835562705,2.010160008181531,0.47350533338965406
52440,Sr. Data Scientist,15-2041.00,Statisticians,Wood Ridge,NJ,541714,Y,1,III,144373,True,1,0.85,Sr. Data Scientist || 15-2041.00 || Statisticians,15-2041.00||NJ||54||Y||III,9,123902.33333333333,128000.0,-20470.666666666668,-16373.0,-14.179013158046635,-11.340763162087093,0.8582098684195336,-0.16766784946827487
70281,Sr. Research Scientist,15-1221.00,Computer and Information Research Scientists,New York,NY,541511,Y,1,III,185723,True,1,0.85,Sr. Research Scientist || 15-1221.00 || Computer and Information Research Scientists,15-1221.00||NY||54||Y||III,11,202681.81818181818,145000.0,16958.81818181818,-40723.0,9.131242862660077,-21.926740360644615,1.091312428626601,-0.15625796327981367
42312,Data Integration Engineer,15-2051.00,Data Scientists,Jersey City,NJ,541512,Y,1,II,109491,False,0,0.15,Data Integration Engineer || 15-2051.00 || Data Scientists,15-2051.00||NJ||54||Y||II,11,105685.45454545454,115000.0,-3805.5454545454545,5509.0,-3.4756696482317766,5.031463773278169,0.9652433035176823,-0.06427711475888209
26993,Software Engineer,15-1252.00,Software Developers,Seattle,WA,525910,Y,1,I,117749,False,0,0.15,Software Engineer || 15-1252.00 || Software Developers,15-1252.00||WA||52||Y||I,12,110143.5,121500.0,-7605.5,3751.0,-6.459078208732135,3.185589686536616,0.9354092179126786,-0.10552085145658523
91010,ASIC Verification Manager,17-2072.00,"Electronics Engineers, Except Computer",San Jose,CA,334413,Y,1,IV,216091,False,0,0.05,"ASIC Verification Manager || 17-2072.00 || Electronics Engineers, Except Computer",17-2072.00||CA||33||Y||IV,11,153336.36363636365,160000.0,-62754.63636363636,-56091.0,-29.040837593253006,-25.957119917071974,0.7095916240674699,-0.3854231537354096
98216,Machine Learning Engineer,15-1252.00,Software Developers,Seattle,WA,522320,Y,1,IV,212202,True,1,0.95,Machine Learning Engineer || 15-1252.00 || Software Developers,15-1252.00||WA||52||Y||IV,12,130259.25,132500.0,-81942.75,-79702.0,-38.61544660276529,-37.55949519797174,0.6138455339723471,-0.5093998876126428
87238,Software Developer- Technical Lead,15-1252.00,Software Developers,Troy,MI,541511,Y,1,IV,138486,False,0,0.1,Software Developer- Technical Lead || 15-1252.00 || Software Developers,15-1252.00||MI||54||Y||IV,11,112123.09090909091,125000.0,-26362.909090909092,-13486.0,-19.036515670110404,-9.738168479124244,0.809634843298896,-0.249445385508525
46002,Software Engineer Principal,15-1252.00,Software Developers,Coppell,TX,513210,Y,1,IV,156998,False,0,0.15,Software Engineer Principal || 15-1252.00 || Software Developers,15-1252.00||TX||51||Y||IV,10,145175.1,161500.0,-11822.9,4502.0,-7.530605485420196,2.867552452897489,0.924693945145798,-0.11779257467805486
26697,AI Practice Head,11-3021.00,Computer and Information Systems Managers,Cedar park,TX,541511,Y,1,II,156333,True,1,0.95,AI Practice Head || 11-3021.00 || Computer and Information Systems Managers,11-3021.00||TX||54||Y||II,11,138158.45454545456,150000.0,-18174.545454545456,-6333.0,-11.62553360745681,-4.050968125731611,0.8837446639254319,-0.16199522296764954
98082,Developer Support Engineer,41-9031.00,Sales Engineers,Sunnyvale,CA,541511,Y,1,I,109491,False,0,0.0,Developer Support Engineer || 41-9031.00 || Sales Engineers,41-9031.00||CA||54||Y||I,12,100672.25,100000.0,-8818.75,-9491.0,-8.05431496652693,-8.668292371062462,0.9194568503347306,-0.12412051602780332
113134,Machine Learning Engineer,15-1252.00,Software Developers,San Jose,CA,511210,Y,1,III,199534,True,1,0.95,Machine Learning Engineer || 15-1252.00 || Software Developers,15-1252.00||CA||51||Y||III,11,202410.0909090909,139100.0,2876.090909090909,-60434.0,1.441403925692316,-30.28757003818898,1.0144140392569232,-0.23000110058073792
117567,BUSINESS DEVELOPMENT ANALYST,15-2031.00,Operations Research Analysts,PISCATAWAY,NJ,541511,Y,1,I,67850,False,0,0.1,BUSINESS DEVELOPMENT ANALYST || 15-2031.00 || Operations Research Analysts,15-2031.00||NJ||54||Y||I,12,85468.41666666667,80450.0,17618.416666666668,12600.0,25.96671579464505,18.570375829034635,1.2596671579464505,0.20611451015415852
10357,Machine Learning Engineer,15-1252.00,Software Developers,Mountain View,CA,541511,Y,1,II,187741,True,1,0.95,Machine Learning Engineer || 15-1252.00 || Software Developers,15-1252.00||CA||54||Y||II,11,200219.18181818182,135000.0,12478.181818181818,-52741.0,6.646487351288115,-28.092425202805995,1.0664648735128812,-0.1831781209752153
69551,Senior Manager,11-3021.00,Computer and Information Systems Managers,Florham Park,NJ,541611,Y,1,III,223642,False,0,0.15,Senior Manager || 11-3021.00 || Computer and Information Systems Managers,11-3021.00||NJ||54||Y||III,11,131340.27272727274,145000.0,-92301.72727272728,-78642.0,-41.2720898904174,-35.164235698124685,0.587279101095826,-0.5637142943703984
92506,"Software Engineer, Machine Learning",15-1252.00,Software Developers,Bellevue,WA,519290,Y,1,IV,212202,True,1,0.95,"Software Engineer, Machine Learning || 15-1252.00 || Software Developers",15-1252.00||WA||51||Y||IV,11,132328.27272727274,145000.0,-79873.72727272728,-67202.0,-37.640421519461306,-31.668881537403042,0.6235957848053869,-0.5137166897561706
27682,Senior Data Scientist,15-2051.00,Data Scientists,Boston,MA,622110,Y,1,II,86424,True,1,0.95,Senior Data Scientist || 15-2051.00 || Data Scientists,15-2051.00||MA||62||Y||II,11,122982.81818181818,130000.0,36558.818181818184,43576.0,42.3016964984474,50.42117930204573,1.423016964984474,0.3308614038632997
30521,Senior Software Engineer,15-2051.00,Data Scientists,Menlo Park,CA,5231,Y,1,III,164403,False,0,0.1,Senior Software Engineer || 15-2051.00 || Data Scientists,15-2051.00||CA||52||Y||III,11,205219.18181818182,150000.0,40816.181818181816,-14403.0,24.82690815750431,-8.76078903669641,1.2482690815750432,-0.039306715106677714
105079,Artificial Intelligence Engineer,15-1252.00,Software Developers,San Francisco,CA,524210,Y,1,II,161637,True,1,0.95,Artificial Intelligence Engineer || 15-1252.00 || Software Developers,15-1252.00||CA||52||Y||II,11,200764.63636363635,135000.0,39127.63636363636,-26637.0,24.207103796554232,-16.47951892202899,1.2420710379655424,-0.03480700022698325
116528,Senior Supplier Engineer,17-2112.00,Industrial Engineers,San Jose,CA,339112,Y,1,III,142293,False,0,0.0,Senior Supplier Engineer || 17-2112.00 || Industrial Engineers,17-2112.00||CA||33||Y||III,11,121927.72727272728,125000.0,-20365.272727272728,-17293.0,-14.31220982569257,-12.153092562529428,0.8568779017430743,-0.18160579510082042
64700,Software Engineering Lead,15-1252.00,Software Developers,Cary,NC,541512,Y,1,IV,157248,False,0,0.15,Software Engineering Lead || 15-1252.00 || Software Developers,15-1252.00||NC||54||Y||IV,10,132832.2,135000.0,-24415.8,-22248.0,-15.52693833943834,-14.148351648351648,0.8447306166056165,-0.18095911016968902
102314,Staff AI Infrastructure Engineer,15-1252.00,Software Developers,Dublin,CA,5419,Y,1,III,187574,True,1,0.85,Staff AI Infrastructure Engineer || 15-1252.00 || Software Developers,15-1252.00||CA||54||Y||III,10,137251.1,141950.0,-50322.9,-45624.0,-26.828291767515754,-24.323200443558278,0.7317170823248424,-0.34117163291499164
84136,Java Developer,15-1252.00,Software Developers,Bloomington,IL,541511,Y,1,II,105706,False,0,0.1,Java Developer || 15-1252.00 || Software Developers,15-1252.00||IL||54||Y||II,10,88154.6,87850.0,-17551.4,-17856.0,-16.603977068472936,-16.89213478894292,0.8339602293152707,-0.18899513461783304
45840,AI Strategy Principal,15-1252.00,Software Developers,San Jose,CA,541512,Y,1,II,187741,True,1,0.95,AI Strategy Principal || 15-1252.00 || Software Developers,15-1252.00||CA||54||Y||II,9,238666.66666666666,163000.0,50925.666666666664,-24741.0,27.125490258742985,-13.178261541165755,1.27125490258743,0.02152531189684205
28896,Software Engineer,15-1252.00,Software Developers,Durham,NC,541511,Y,1,II,116709,False,0,0.15,Software Engineer || 15-1252.00 || Software Developers,15-1252.00||NC||54||Y||II,12,95513.83333333333,95000.0,-21195.166666666668,-21709.0,-18.160695976031555,-18.600964792775194,0.8183930402396844,-0.2301134432640688
61919,Principal Engineer “ Gen AI Engineering,15-1252.00,Software Developers,Frisco,TX,541512,Y,1,IV,156998,True,1,0.95,Principal Engineer “ Gen AI Engineering || 15-1252.00 || Software Developers,15-1252.00||TX||54||Y||IV,10,230491.1,164955.5,73493.1,7957.5,46.81148804443369,5.068535904915986,1.468114880444337,0.1576152911440964
15383,Lead Data Scientist,15-2051.01,Business Intelligence Analysts,Irving,TX,541511,Y,1,I,73154,True,1,0.85,Lead Data Scientist || 15-2051.01 || Business Intelligence Analysts,15-2051.01||TX||54||Y||I,12,119904.5,127021.5,46750.5,53867.5,63.9069633922957,73.63575470924351,1.639069633922957,0.47701129576784523
80963,Staff GPU Engineer,17-2072.00,"Electronics Engineers, Except Computer",Santa Clara,CA,334220,Y,1,III,186472,True,1,0.85,"Staff GPU Engineer || 17-2072.00 || Electronics Engineers, Except Computer",17-2072.00||CA||33||Y||III,11,199897.9090909091,145000.0,13425.90909090909,-41472.0,7.199959828236462,-22.240336350765798,1.0719995982823647,-0.18944675577406658
27627,Gen AI Architect,15-1252.00,Software Developers,Charlotte,NC,541511,Y,1,II,112424,True,1,0.95,Gen AI Architect || 15-1252.00 || Software Developers,15-1252.00||NC||54||Y||II,11,123169.09090909091,130000.0,10745.09090909091,17576.0,9.557648641829955,15.633672525439408,1.0955764864182995,0.08009487578666465
70073,Software Developer,15-1252.00,Software Developers,WESTLAKE,TX,541511,Y,6,II,112923,False,0,0.15,Software Developer || 15-1252.00 || Software Developers,15-1252.00||TX||54||Y||II,11,96440.45454545454,93700.0,-16482.545454545456,-19223.0,-14.596269541674816,-17.023104239171825,0.8540373045832518,-0.17464514702671075
14666,Machine Learning Engineer,15-1252.00,Software Developers,Washington,DC,541511,Y,1,III,150758,True,1,0.95,Machine Learning Engineer || 15-1252.00 || Software Developers,15-1252.00||DC||54||Y||III,11,123692.81818181818,125000.0,-27065.18181818182,-25758.0,-17.9527333993432,-17.08566046246302,0.8204726660065681,-0.2192997645343264
39672,Staff Robotics Software Engineer,15-1252.00,Software Developers,New York,NY,54151,Y,1,IV,189592,True,1,0.85,Staff Robotics Software Engineer || 15-1252.00 || Software Developers,15-1252.00||NY||54||Y||IV,12,130395.91666666667,145000.0,-59196.083333333336,-44592.0,-31.222880360634065,-23.51997974598084,0.6877711963936594,-0.4067337518931728
61007,Lead Data Scientist,15-1252.00,Software Developers,Buffalo Grove,IL,524114,Y,1,IV,153317,True,1,0.85,Lead Data Scientist || 15-1252.00 || Software Developers,15-1252.00||IL||52||Y||IV,10,129121.1,140000.0,-24195.9,-13317.0,-15.78161586777722,-8.685925239862508,0.8421838413222279,-0.19906117596735662
23817,Data Principal Architect,15-1243.00,Database Architects,Warsaw,IN,339112,Y,1,IV,159099,False,0,0.15,Data Principal Architect || 15-1243.00 || Database Architects,15-1243.00||IN||33||Y||IV,9,131638.11111111112,133000.0,-27460.88888888889,-26099.0,-17.26025235161056,-16.404251440926718,0.8273974764838944,-0.2052940704262735
93241,Data Scientist,15-2051.00,Data Scientists,New York,NY,524114,Y,1,II,109491,True,1,0.85,Data Scientist || 15-2051.00 || Data Scientists,15-2051.00||NY||52||Y||II,11,115430.18181818182,123000.0,5939.181818181818,13509.0,5.424356173732835,12.338000383593172,1.0542435617373282,0.03448234691066771
7032,Vice President of Artificial Intelligence,41-9031.00,Sales Engineers,Sunnyvale,CA,541511,Y,1,I,109491,True,1,0.95,Vice President of Artificial Intelligence || 41-9031.00 || Sales Engineers,41-9031.00||CA||54||Y||I,9,188983.0,160000.0,79492.0,50509.0,72.60140102839503,46.13073220630006,1.7260140102839503,0.49784733415232274
88569,Senior ML Systems Engineer II,15-1252.00,Software Developers,Fremont,CA,54171,Y,1,IV,213512,True,1,0.95,Senior ML Systems Engineer II || 15-1252.00 || Software Developers,15-1252.00||CA||54||Y||IV,10,224391.1,162455.5,10879.1,-51056.5,5.095310802203153,-23.91270748248342,1.0509531080220316,-0.1791087295663166
8797,Lead Software Engineer,15-1252.00,Software Developers,Tysons,VA,813910,Y,1,III,150758,False,0,0.1,Lead Software Engineer || 15-1252.00 || Software Developers,15-1252.00||VA||81||Y||III,11,126210.09090909091,135000.0,-24547.909090909092,-15758.0,-16.282989354401817,-10.452513299460062,0.8371701064559819,-0.20423539038472105
94710,Principal Performance Engineer,15-1252.00,Software Developers,Hayward,CA,511210,Y,1,II,161637,False,0,0.1,Principal Performance Engineer || 15-1252.00 || Software Developers,15-1252.00||CA||51||Y||II,10,129861.1,137500.0,-31775.9,-24137.0,-19.658803368040733,-14.93284334651101,0.8034119663195927,-0.25149852180648347
16731,Software Engineer,15-1252.00,Software Developers,San Jose,CA,51321,Y,3,III,226138,False,0,0.15,Software Engineer || 15-1252.00 || Software Developers,15-1252.00||CA||51||Y||III,11,192582.81818181818,129000.0,-33555.181818181816,-97138.0,-14.838364988715659,-42.955186655935755,0.8516163501128434,-0.4424094295215946
17311,Principal Guidewire Software Architect,15-1252.00,Software Developers,San Diego,CA,541512,Y,1,IV,184974,False,0,0.05,Principal Guidewire Software Architect || 15-1252.00 || Software Developers,15-1252.00||CA||54||Y||IV,10,241805.1,166525.5,56831.1,-18448.5,30.723831457394017,-9.973563852217069,1.3072383145739401,0.08594945988262363
69580,Manager - Data Science,13-1111.00,Management Analysts,Tampa,FL,541511,Y,5,IV,118622,True,1,0.85,Manager - Data Science || 13-1111.00 || Management Analysts,13-1111.00||FL||54||Y||IV,10,126121.1,130000.0,7499.1,11378.0,6.32184586333058,9.591812648581207,1.0632184586333058,0.051674465199229934
110404,Senior Principal Consultant,15-1299.09,Information Technology Project Managers,Houston,TX,541611,Y,1,IV,140005,False,0,0.05,Senior Principal Consultant || 15-1299.09 || Information Technology Project Managers,15-1299.09||TX||54||Y||IV,12,135517.58333333334,142255.5,-4487.416666666667,2250.5,-3.205183148220897,1.6074425913360235,0.9679481685177911,-0.06424717614544632
14529,Software Engineer,15-1252.00,Software Developers,Round Rock,TX,449210,Y,1,IV,163550,False,0,0.15,Software Engineer || 15-1252.00 || Software Developers,15-1252.00||TX||44||Y||IV,12,110112.83333333333,115000.0,-53437.166666666664,-48550.0,-32.67329053296647,-29.685111586670743,0.6732670946703353,-0.43059747486654354
109661,Artificial Intelligence & Machine Learning [00080848],15-1252.00,Software Developers,Austin,TX,522110,Y,1,I,85384,True,1,0.95,Artificial Intelligence & Machine Learning [00080848] || 15-1252.00 || Software Developers,15-1252.00||TX||52||Y||I,10,109203.0,116959.5,23819.0,31575.5,27.89632718073644,36.98058184203129,1.2789632718073645,0.217821231711579
107336,"Director, Data Science",11-3021.00,Computer and Information Systems Managers,San Bruno,CA,455110,Y,1,II,200304,True,1,0.85,"Director, Data Science || 11-3021.00 || Computer and Information Systems Managers",11-3021.00||CA||45||Y||II,11,221810.0909090909,164911.0,21506.090909090908,-35393.0,10.736725631585445,-17.66964214394121,1.1073672563158543,-0.11533906710095562
72572,Core Data Scientist,15-2031.00,Operations Research Analysts,Huntersville,NC,524130,Y,1,IV,121826,True,1,0.85,Core Data Scientist || 15-2031.00 || Operations Research Analysts,15-2031.00||NC||52||Y||IV,10,116374.3,121500.0,-5451.7,-326.0,-4.474988918621641,-0.267594766306043,0.9552501108137836,-0.054672406744097304
72506,Principal Software Engineer,15-1252.00,Software Developers,Coppell,TX,522310,Y,1,III,134971,False,0,0.15,Principal Software Engineer || 15-1252.00 || Software Developers,15-1252.00||TX||52||Y||III,10,129538.5,140842.5,-5432.5,5871.5,-4.024938690533522,4.35019374532307,0.9597506130946648,-0.07264199325109821
39185,Sr Machine Learning Engineer,15-1252.00,Software Developers,Dallas,TX,524114,Y,1,III,134971,True,1,0.95,Sr Machine Learning Engineer || 15-1252.00 || Software Developers,15-1252.00||TX||52||Y||III,10,126442.2,134555.5,-8528.8,-415.5,-6.3189870416608,-0.3078439072096969,0.936810129583392,-0.0763431153520557
89496,Software Development Engineer III,15-1252.00,Software Developers,Seattle,WA,518210,Y,10,III,180710,False,0,0.15,Software Development Engineer III || 15-1252.00 || Software Developers,15-1252.00||WA||51||Y||III,11,204988.81818181818,145000.0,24278.81818181818,-35710.0,13.435237774233958,-19.760942947263572,1.1343523777423394,-0.09968577455799506
69764,"Manager, Software Engineering",11-3021.00,Computer and Information Systems Managers,New York,NY,512110,Y,1,IV,261248,False,0,0.1,"Manager, Software Engineering || 11-3021.00 || Computer and Information Systems Managers",11-3021.00||NY||51||Y||IV,11,153922.45454545456,160000.0,-107325.54545454546,-101248.0,-41.08186300164803,-38.75551200391965,0.5891813699835197,-0.5645390483710767
80429,Manager Model Risk Validation,13-2099.01,Financial Quantitative Analysts,Encino,CA,522110,Y,1,II,78291,True,1,0.85,Manager Model Risk Validation || 13-2099.01 || Financial Quantitative Analysts,13-2099.01||CA||52||Y||II,10,124511.7,137500.0,46220.7,59209.0,59.03705406751734,75.62682811561993,1.5903705406751734,0.4360913571896871
111947,Technical Program Manager,15-1252.00,Software Developers,Sunnyvale,CA,541512,Y,1,III,199534,False,0,0.1,Technical Program Manager || 15-1252.00 || Software Developers,15-1252.00||CA||54||Y||III,10,216491.1,150000.0,16957.1,-49534.0,8.498351158198604,-24.824841881584092,1.0849835115819861,-0.1492120340516502
30849,BI Developer,15-2051.00,Data Scientists,Lisle,IL,541511,Y,1,I,74277,False,0,0.15,BI Developer || 15-2051.00 || Data Scientists,15-2051.00||IL||54||Y||I,11,94583.72727272728,95000.0,20306.727272727272,20723.0,27.339186117812073,27.899618993766577,1.2733918611781208,0.21781034610027303
34622,Senior Pricing Analyst,15-2051.01,Business Intelligence Analysts,Frisco,TX,551111,Y,1,III,118893,False,0,0.15,Senior Pricing Analyst || 15-2051.01 || Business Intelligence Analysts,15-2051.01||TX||55||Y||III,11,109710.18181818182,115000.0,-9182.818181818182,-3893.0,-7.723598682696359,-3.2743727553346287,0.9227640131730365,-0.09324446040167218
103778,Vice President of AI & Automation,11-9041.00,Architectural and Engineering Managers,Dallas,TX,541330,Y,1,IV,214198,True,1,0.95,Vice President of AI & Automation || 11-9041.00 || Architectural and Engineering Managers,11-9041.00||TX||54||Y||IV,11,266258.8181818182,208847.0,52060.818181818184,-5351.0,24.304997330422406,-2.498155911819905,1.2430499733042242,0.04939231078275115
19110,R&D Associate Staff Member - Power & Energy Systems,15-1221.00,Computer and Information Research Scientists,Oak Ridge,TN,54171,Y,1,II,79934,False,0,0.1,R&D Associate Staff Member - Power & Energy Systems || 15-1221.00 || Computer and Information Research Scientists,15-1221.00||TN||54||Y||II,10,92964.0,95000.0,13030.0,15066.0,16.300948282332925,18.848049640953786,1.1630094828233293,0.1417162081835265
24853,"Senior Manager, Web Applications Technology",15-1252.00,Software Developers,Princeton,NJ,32541,Y,1,IV,153005,False,0,0.1,"Senior Manager, Web Applications Technology || 15-1252.00 || Software Developers",15-1252.00||NJ||32||Y||IV,10,141974.3,147500.0,-11030.7,-5505.0,-7.209372242737165,-3.5979216365478255,0.9279062775726283,-0.08958339957964992
30616,Balance Sheet Management Senior Analyst,15-2051.01,Business Intelligence Analysts,New York,NY,522110,Y,1,II,109491,False,0,0.1,Balance Sheet Management Senior Analyst || 15-2051.01 || Business Intelligence Analysts,15-2051.01||NY||52||Y||II,12,103718.25,111500.0,-5772.75,2009.0,-5.272351152149492,1.8348540062653553,0.9472764884785051,-0.07707725096021638
67278,BIOSTATISTICIAN,15-2041.00,Statisticians,Redwood  City,CA,54169,Y,1,II,101587,False,0,0.15,BIOSTATISTICIAN || 15-2041.00 || Statisticians,15-2041.00||CA||54||Y||II,10,113371.1,114459.5,11784.1,12872.5,11.60000787502338,12.671404805733019,1.1160000787502338,0.09822032483575374
117513,Senior Deep Learning Scientist- Medical Image Analysis,15-1252.00,Software Developers,PRINCETON,NJ,33911,Y,1,III,129584,True,1,0.98,Senior Deep Learning Scientist- Medical Image Analysis || 15-1252.00 || Software Developers,15-1252.00||NJ||33||Y||III,10,133170.0,137500.0,3586.0,7916.0,2.7673169527102113,6.108778861587851,1.0276731695271022,0.004089836272523151
110440,Software Engineering SMTS,15-1252.00,Software Developers,San Francisco,CA,541511,Y,1,III,180960,False,0,0.1,Software Engineering SMTS || 15-1252.00 || Software Developers,15-1252.00||CA||54||Y||III,11,208401.0,150000.0,27441.0,-30960.0,15.164124668435012,-17.108753315649867,1.15164124668435,-0.09342137562522881
20327,Software Engineer,15-1252.00,Software Developers,Foster City,CA,336110,Y,1,III,187574,False,0,0.15,Software Engineer || 15-1252.00 || Software Developers,15-1252.00||CA||33||Y||III,11,122919.18181818182,129000.0,-64654.818181818184,-58574.0,-34.46896594507671,-31.227142354484098,0.655310340549233,-0.46119782951656385
26271,Research Data Scientist,19-1029.01,Bioinformatics Scientists,West Hollywood,CA,622110,Y,1,II,85322,True,1,0.85,Research Data Scientist || 19-1029.01 || Bioinformatics Scientists,19-1029.01||CA||62||Y||II,12,109229.08333333333,117500.0,23907.083333333332,32178.0,28.01983466554152,37.713602587843695,1.2801983466554152,0.22417733014884877
31113,Staff Machine Learning Engineer,15-1252.00,Software Developers,Mountain View,CA,455219,Y,10,IV,264514,True,1,0.95,Staff Machine Learning Engineer || 15-1252.00 || Software Developers,15-1252.00||CA||45||Y||IV,10,230591.1,162455.5,-33922.9,-102058.5,-12.824614198114281,-38.58340201274791,0.8717538580188572,-0.3481156381345386
82936,Senior Robotics Software Engineer,15-1252.00,Software Developers,San Francisco,CA,541511,Y,1,IV,213512,True,1,0.85,Senior Robotics Software Engineer || 15-1252.00 || Software Developers,15-1252.00||CA||54||Y||IV,11,222491.9090909091,165000.0,8979.90909090909,-48512.0,4.205810020471489,-22.720971186631196,1.042058100204715,-0.16303735931099309
48268,Data Scientist,15-2051.00,Data Scientists,Raritan,NJ,541511,Y,1,II,109491,True,1,0.85,Data Scientist || 15-2051.00 || Data Scientists,15-2051.00||NJ||54||Y||II,10,109191.9,116500.0,-299.1,7009.0,-0.2731731375181525,6.401439387712232,0.9972682686248184,-0.018344087298865296
110804,Staff AI Software Development Engineer,15-1252.00,Software Developers,Denton,TX,446110,Y,1,IV,149781,True,1,0.95,Staff AI Software Development Engineer || 15-1252.00 || Software Developers,15-1252.00||TX||44||Y||IV,10,117474.3,121500.0,-32306.7,-28281.0,-21.569291165101045,-18.881567087948405,0.7843070883489895,-0.2667544711019797
23601,Staff Site Reliability Engineer,15-1252.00,Software Developers,Georgetown,TX,541511,Y,1,IV,163550,False,0,0.1,Staff Site Reliability Engineer || 15-1252.00 || Software Developers,15-1252.00||TX||54||Y||IV,10,122585.4,132577.0,-40964.6,-30973.0,-25.04714154692754,-18.937939468052583,0.7495285845307246,-0.32050440067585484
31812,ASSOCIATE III - BUSINESS ANALYSIS,15-2031.00,Operations Research Analysts,FRISCO,TX,541511,Y,1,II,89190,False,0,0.15,ASSOCIATE III - BUSINESS ANALYSIS || 15-2031.00 || Operations Research Analysts,15-2031.00||TX||54||Y||II,12,88603.25,85450.0,-586.75,-3740.0,-0.6578652315281982,-4.193295212467765,0.993421347684718,-0.02424263666912611
89225,Senior Software Engineer,15-1252.00,Software Developers,San Mateo,CA,511210,Y,1,II,161637,False,0,0.1,Senior Software Engineer || 15-1252.00 || Software Developers,15-1252.00||CA||51||Y||II,11,129873.72727272728,135000.0,-31763.272727272728,-26637.0,-19.65099125031566,-16.47951892202899,0.8034900874968435,-0.25007037517418307
110078,AI & Software Engineer III,15-1252.00,Software Developers,Dallas,TX,541613,Y,1,II,105997,True,1,0.85,AI & Software Engineer III || 15-1252.00 || Software Developers,15-1252.00||TX||54||Y||II,11,111525.72727272728,115000.0,5528.727272727273,9003.0,5.215928066574783,8.493636612356953,1.0521592806657478,0.03601462039344951
63987,Structural Engineer 3,17-2051.00,Civil Engineers,Phoenix,AZ,541330,Y,1,II,83886,False,0,0.0,Structural Engineer 3 || 17-2051.00 || Civil Engineers,17-2051.00||AZ||54||Y||II,11,94011.0,95000.0,10125.0,11114.0,12.069952077819897,13.248933075841022,1.1206995207781991,0.10384656113603667
31879,AI Research Scientist,15-2031.00,Operations Research Analysts,Sunnyvale,CA,519290,Y,1,IV,147742,True,1,0.95,AI Research Scientist || 15-2031.00 || Operations Research Analysts,15-2031.00||CA||51||Y||IV,10,223991.1,162455.5,76249.1,14713.5,51.609630301471476,9.958914865102678,1.516096303014715,0.17809304903390705
3754,"Manager, Data Science Engineering",15-2051.01,Business Intelligence Analysts,San Francisco,CA,541512,Y,1,IV,194834,True,1,0.85,"Manager, Data Science Engineering || 15-2051.01 || Business Intelligence Analysts",15-2051.01||CA||54||Y||IV,11,210219.18181818182,155000.0,15385.181818181818,-39834.0,7.896559028804941,-20.445096851678866,1.0789655902880495,-0.148444005586824
6568,SENIOR DATA / AI ENGINEERING,15-1252.00,Software Developers,MIDDLETOWN,NJ,517112,Y,1,II,131997,True,1,0.95,SENIOR DATA / AI ENGINEERING || 15-1252.00 || Software Developers,15-1252.00||NJ||51||Y||II,10,121912.1,125000.0,-10084.9,-6997.0,-7.640249399607566,-5.300878050258718,0.9235975060039243,-0.0929067099672416
25483,Functional Analyst,15-2051.00,Data Scientists,Cary,NC,54151,Y,50,III,112466,False,0,0.1,Functional Analyst || 15-2051.00 || Data Scientists,15-2051.00||NC||54||Y||III,10,103138.5,103492.5,-9327.5,-8973.5,-8.293617626660502,-7.978855831984777,0.917063823733395,-0.09649486236607085
12572,"AVP, Model Validation",15-2051.00,Data Scientists,Frisco,TX,522110,Y,1,III,118893,True,1,0.85,"AVP, Model Validation || 15-2051.00 || Data Scientists",15-2051.00||TX||52||Y||III,10,124311.7,139000.0,5418.7,20107.0,4.55762744652755,16.911845104421623,1.0455762744652755,0.011928500651569428
80446,Sr. Staff Software Engineer,15-1252.00,Software Developers,San Francisco,CA,54181,Y,1,IV,213512,False,0,0.1,Sr. Staff Software Engineer || 15-1252.00 || Software Developers,15-1252.00||CA||54||Y||IV,11,228855.54545454544,165000.0,15343.545454545454,-48512.0,7.186268432006372,-22.720971186631196,1.0718626843200638,-0.127942474555192
39201,"Director, AI Engineering",15-1252.00,Software Developers,Chicago,IL,51929,Y,1,III,130707,True,1,0.95,"Director, AI Engineering || 15-1252.00 || Software Developers",15-1252.00||IL||51||Y||III,10,148211.1,155000.0,17504.1,24293.0,13.391861185705432,18.585844675495572,1.1339186118570543,0.09950811900260614
113430,STAFF SOFTWARE ENGINEER,15-1252.00,Software Developers,WAUKESHA,WI,33911,Y,1,IV,131893,False,0,0.1,STAFF SOFTWARE ENGINEER || 15-1252.00 || Software Developers,15-1252.00||WI||33||Y||IV,11,107963.18181818182,115000.0,-23929.81818181818,-16893.0,-18.143357253090144,-12.80810960399718,0.8185664274690986,-0.23662885541543896
71659,Metamate Prompting Engineer,15-1252.00,Software Developers,Menlo Park,CA,519290,Y,1,IV,213512,True,1,0.95,Metamate Prompting Engineer || 15-1252.00 || Software Developers,15-1252.00||CA||51||Y||IV,10,228984.7,166500.0,15472.7,-47012.0,7.2467589643673405,-22.018434561055116,1.0724675896436735,-0.15935433594125784
109870,Data Scientist,15-2051.00,Data Scientists,Austin,TX,334111,Y,20,IV,144144,True,1,0.85,Data Scientist || 15-2051.00 || Data Scientists,15-2051.00||TX||33||Y||IV,10,165441.7,124500.0,21297.7,-19644.0,14.775294150294147,-13.628038628038627,1.1477529415029415,-0.0035821186153604857
93666,Senior Principal Software Engineer,15-1252.00,Software Developers,Boston,MA,541512,Y,1,IV,178131,False,0,0.1,Senior Principal Software Engineer || 15-1252.00 || Software Developers,15-1252.00||MA||54||Y||IV,11,153341.0,163051.0,-24790.0,-15080.0,-13.916724208588061,-8.46567975254167,0.8608327579141194,-0.19168192000827602
42744,Senior Data Analysis Manager,15-2051.00,Data Scientists,Richmond,VA,522110,Y,1,IV,150197,True,1,0.85,Senior Data Analysis Manager || 15-2051.00 || Data Scientists,15-2051.00||VA||52||Y||IV,10,125121.1,132500.0,-25075.9,-17697.0,-16.695340119975764,-11.782525616357184,0.8330465988002423,-0.19771636583368862
114074,Sr. Machine Learning Engineer,15-1252.00,Software Developers,Bellevue,WA,541990,Y,1,II,137259,True,1,0.95,Sr. Machine Learning Engineer || 15-1252.00 || Software Developers,15-1252.00||WA||54||Y||II,11,199443.36363636365,135000.0,62184.36363636364,-2259.0,45.30439798946782,-1.6457937184446922,1.4530439798946782,0.12219141854620635
53412,Sr. Data Scientist,15-2041.00,Statisticians,New York,NY,524114,Y,1,III,144373,True,1,0.85,Sr. Data Scientist || 15-2041.00 || Statisticians,15-2041.00||NY||52||Y||III,9,132590.11111111112,135000.0,-11782.888888888889,-9373.0,-8.161421379959473,-6.492211147513732,0.9183857862004052,-0.1060447061135687
84378,"Principal Associate, Data Science",15-2051.00,Data Scientists,New York,NY,522110,Y,1,IV,169541,True,1,0.85,"Principal Associate, Data Science || 15-2051.00 || Data Scientists",15-2051.00||NY||52||Y||IV,10,141325.1,152000.0,-28215.9,-17541.0,-16.642523047522428,-10.346169952990723,0.8335747695247757,-0.20920260828483386
112901,Assistant Professor of Artificial Intelligence in Radiology,25-1071.00,"Health Specialties Teachers, Postsecondary",New York,NY,611310,Y,1,II,110163,True,1,0.95,"Assistant Professor of Artificial Intelligence in Radiology || 25-1071.00 || Health Specialties Teachers, Postsecondary",25-1071.00||NY||61||Y||II,10,105936.1,97500.0,-4226.9,-12663.0,-3.836950700325881,-11.494785000408484,0.9616304929967413,-0.05395269752208076
36841,Senior Platform Architect,15-1252.00,Software Developers,New York,NY,522320,Y,1,II,131997,False,0,0.15,Senior Platform Architect || 15-1252.00 || Software Developers,15-1252.00||NY||52||Y||II,11,136795.54545454544,140000.0,4798.545454545455,8003.0,3.635344329451014,6.063016583710236,1.0363534432945103,0.018582073395440026
35538,Machine Learning Engineer,15-1252.00,Software Developers,Columbus,OH,541511,Y,1,II,101899,True,1,0.95,Machine Learning Engineer || 15-1252.00 || Software Developers,15-1252.00||OH||54||Y||II,11,103378.72727272728,115000.0,1479.7272727272727,13101.0,1.4521509266305586,12.856848447972993,1.0145215092663056,-0.017241342256614122
37640,"Vice President, Principal Business Analyst",15-1299.08,Computer Systems Engineers/Architects,New York,NY,523110,Y,1,IV,158974,False,0,0.05,"Vice President, Principal Business Analyst || 15-1299.08 || Computer Systems Engineers/Architects",15-1299.08||NY||52||Y||IV,10,252790.8,186454.0,93816.8,27480.0,59.01392680564118,17.285845484167222,1.590139268056412,0.28754858671874944
26322,AI LLM Technology Architecture Spec,15-1251.00,Computer Programmers,Santee,CA,5416,Y,1,II,101629,True,1,0.95,AI LLM Technology Architecture Spec || 15-1251.00 || Computer Programmers,15-1251.00||CA||54||Y||II,10,109436.0,117500.0,7807.0,15871.0,7.681862460518159,15.616605496462624,1.0768186246051816,0.031997090809530705
11053,"Senior Product Manager, Handshake AI",11-3021.00,Computer and Information Systems Managers,San Francisco,CA,518210,Y,1,IV,274456,True,1,0.85,"Senior Product Manager, Handshake AI || 11-3021.00 || Computer and Information Systems Managers",11-3021.00||CA||51||Y||IV,11,231716.0909090909,165000.0,-42739.90909090909,-109456.0,-15.572590539434042,-39.88107383332847,0.8442740946056596,-0.36902168929950707
97333,Machine Learning Engineer,15-1252.00,Software Developers,New York,NY,51929,Y,1,III,160805,True,1,0.95,Machine Learning Engineer || 15-1252.00 || Software Developers,15-1252.00||NY||51||Y||III,12,125200.91666666667,126000.0,-35604.083333333336,-34805.0,-22.14115440025704,-21.64422748048879,0.7785884559974297,-0.2735905499505278
81107,System Safety Engineer,17-2199.05,Mechatronics Engineers,San Francisco,CA,541512,Y,1,III,166566,False,0,0.05,System Safety Engineer || 17-2199.05 || Mechatronics Engineers,17-2199.05||CA||54||Y||III,10,119059.2,125946.0,-47506.8,-40620.0,-28.521306869349086,-24.38672958466914,0.7147869313065092,-0.3596894039561446
86615,Full Stack Angular Software Engineer,15-1252.00,Software Developers,Charlotte,NC,561320,Y,1,II,112424,False,0,0.05,Full Stack Angular Software Engineer || 15-1252.00 || Software Developers,15-1252.00||NC||56||Y||II,11,94467.72727272728,95000.0,-17956.272727272728,-17424.0,-15.971921233253333,-15.498470077563509,0.8402807876674667,-0.19676925991726305
17634,SAP Data Consultant,15-2051.00,Data Scientists,Milwaukee,WI,541511,Y,1,II,94037,False,0,0.15,SAP Data Consultant || 15-2051.00 || Data Scientists,15-2051.00||WI||54||Y||II,11,94720.09090909091,95000.0,683.0909090909091,963.0,0.7264065305049171,1.0240649956931847,1.0072640653050493,-0.004274229157048317
77428,Autonomy Engineering Specialist,15-1252.00,Software Developers,PITTSBURGH,PA,333120,Y,1,IV,140754,True,1,0.85,Autonomy Engineering Specialist || 15-1252.00 || Software Developers,15-1252.00||PA||33||Y||IV,11,110023.81818181818,115000.0,-30730.18181818182,-25754.0,-21.832546015162496,-18.297170950736746,0.781674539848375,-0.2672674392929691
25279,"Manager, Information Systems",11-3021.00,Computer and Information Systems Managers,Benton Harbor,MI,33522,Y,1,II,123510,False,0,0.1,"Manager, Information Systems || 11-3021.00 || Computer and Information Systems Managers",11-3021.00||MI||33||Y||II,10,104456.8,104350.0,-19053.2,-19160.0,-15.426443202979517,-15.512913934094405,0.8457355679702049,-0.18272339602010385
93369,Senior Data Scientist,15-2051.01,Business Intelligence Analysts,New York,NY,5416,Y,1,II,109491,True,1,0.85,Senior Data Scientist || 15-2051.01 || Business Intelligence Analysts,15-2051.01||NY||54||Y||II,12,120900.91666666667,126500.0,11409.916666666666,17009.0,10.420871730705414,15.534610150605985,1.1042087173070543,0.08159314389265108
40673,Full-stack Software Engineer,15-1252.00,Software Developers,San Francisco,CA,531210,Y,1,II,161637,False,0,0.1,Full-stack Software Engineer || 15-1252.00 || Software Developers,15-1252.00||CA||53||Y||II,11,122157.45454545454,120000.0,-39479.545454545456,-41637.0,-24.424819474838966,-25.75957237513688,0.7557518052516105,-0.3003923274779508
29003,Senior Data Scientist,15-2041.00,Statisticians,New York,NY,524114,Y,1,III,144373,True,1,0.85,Senior Data Scientist || 15-2041.00 || Statisticians,15-2041.00||NY||52||Y||III,12,127400.91666666667,130000.0,-16972.083333333332,-14373.0,-11.75571840533433,-9.955462586494704,0.8824428159466566,-0.14658709917239987
87390,Sr. ML Engineer,15-2051.00,Data Scientists,Austin,TX,522320,Y,1,II,100339,True,1,0.95,Sr. ML Engineer || 15-2051.00 || Data Scientists,15-2051.00||TX||52||Y||II,12,121348.91666666667,127500.0,21009.916666666668,27161.0,20.93893368148643,27.069235292358904,1.2093893368148643,0.17343091463525662
1362,Software Engineer USDS,15-1252.00,Software Developers,San Jose,CA,519130,Y,3,III,226138,False,0,0.1,Software Engineer USDS || 15-1252.00 || Software Developers,15-1252.00||CA||51||Y||III,11,194037.36363636365,135000.0,-32100.636363636364,-91138.0,-14.195153562707889,-40.3019395236537,0.858048464372921,-0.4309998766352043
56643,Advanced Data Science Manager,15-2031.00,Operations Research Analysts,Philadelphia,PA,54161,Y,1,IV,118269,True,1,0.85,Advanced Data Science Manager || 15-2031.00 || Operations Research Analysts,15-2031.00||PA||54||Y||IV,11,126473.72727272728,135000.0,8204.727272727272,16731.0,6.93734391322094,14.146564188417928,1.0693734391322094,0.040422006353932165
108328,Data Scientist II,15-2051.02,Clinical Data Managers,New York,NY,622110,Y,1,III,94682,True,1,0.85,Data Scientist II || 15-2051.02 || Clinical Data Managers,15-2051.02||NY||62||Y||III,10,117742.6,117500.0,23060.6,22818.0,24.355843771783444,24.099617667560885,1.2435584377178344,0.20371249254762347
34120,Sr. Pipeline Planner,15-2031.00,Operations Research Analysts,Chesterfield,MO,541714,Y,1,IV,78811,False,0,0.1,Sr. Pipeline Planner || 15-2031.00 || Operations Research Analysts,15-2031.00||MO||54||Y||IV,9,111040.22222222222,115000.0,32229.222222222223,36189.0,40.89431960287552,45.91871693037774,1.4089431960287553,0.3363404532661125
10394,Consultant,15-2031.00,Operations Research Analysts,San Francisco,CA,54199,Y,1,III,124509,False,0,0.15,Consultant || 15-2031.00 || Operations Research Analysts,15-2031.00||CA||54||Y||III,11,114889.72727272728,120000.0,-9619.272727272728,-4509.0,-7.725764986685885,-3.621424957232007,0.9227423501331411,-0.10134960757563101
12085,"Staff Data Scientist, Notifications",15-2031.00,Operations Research Analysts,Seattle,WA,519290,Y,1,IV,130749,True,1,0.85,"Staff Data Scientist, Notifications || 15-2031.00 || Operations Research Analysts",15-2031.00||WA||51||Y||IV,10,129038.5,137500.0,-1710.5,6751.0,-1.3082318029200983,5.1633282090111585,0.986917681970799,-0.0410364367433365
92270,Vice President of Research and Development,15-1221.00,Computer and Information Research Scientists,Los Angeles,CA,541430,Y,1,III,151944,True,1,0.85,Vice President of Research and Development || 15-1221.00 || Computer and Information Research Scientists,15-1221.00||CA||54||Y||III,11,169549.72727272726,173000.0,17605.727272727272,21056.0,11.586984199920545,13.857737061022481,1.1158698419992055,0.07003899322077038
107994,Client Project Manager,15-1299.09,Information Technology Project Managers,Woodstock,GA,524114,Y,1,II,80371,False,0,0.05,Client Project Manager || 15-1299.09 || Information Technology Project Managers,15-1299.09||GA||52||Y||II,10,99986.1,94350.0,19615.1,13979.0,24.405693595948787,17.393089547224747,1.2440569359594877,0.2016262467269332
98395,Data Science Manager,11-9041.00,Architectural and Engineering Managers,Menlo Park,CA,519290,Y,1,IV,249205,True,1,0.85,Data Science Manager || 11-9041.00 || Architectural and Engineering Managers,11-9041.00||CA||51||Y||IV,9,252101.22222222222,173000.0,2896.222222222222,-76205.0,1.162184636031471,-30.579241989526693,1.0116218463603146,-0.1773215078913331
32995,Head/Lead Data Science,15-2051.00,Data Scientists,Boston,MA,524113,Y,1,IV,161803,True,1,0.85,Head/Lead Data Science || 15-2051.00 || Data Scientists,15-2051.00||MA||52||Y||IV,11,144164.63636363635,150000.0,-17638.363636363636,-11803.0,-10.901135106495946,-7.2946731519193095,0.8909886489350406,-0.1512474321593454
7752,Quantitative Investments [00089102],13-2099.01,Financial Quantitative Analysts,Irvine,CA,522110,Y,1,IV,121742,False,0,0.15,Quantitative Investments [00089102] || 13-2099.01 || Financial Quantitative Analysts,13-2099.01||CA||52||Y||IV,11,131264.63636363635,143000.0,9522.636363636364,21258.0,7.821981209144226,17.461516978528362,1.0782198120914421,0.043202022536041766
10923,Senior ADAS Feature Owner,17-2141.02,Automotive Engineers,Newark,CA,336110,Y,1,IV,175157,True,1,0.85,Senior ADAS Feature Owner || 17-2141.02 || Automotive Engineers,17-2141.02||CA||33||Y||IV,10,135670.0,147500.0,-39487.0,-27657.0,-22.543775013273805,-15.789834262975502,0.7745622498672619,-0.28862509738949527
71443,Software Engineer,15-1252.00,Software Developers,Fort Worth,TX,541512,Y,1,II,112923,False,0,0.15,Software Engineer || 15-1252.00 || Software Developers,15-1252.00||TX||54||Y||II,12,95122.33333333333,92500.0,-17800.666666666668,-20423.0,-15.763543889789206,-18.08577526278969,0.8423645611021079,-0.20244386943560944
71571,"Product Manager, Machine Learning",13-1111.00,Management Analysts,Seattle,WA,519290,Y,1,IV,156208,True,1,0.95,"Product Manager, Machine Learning || 13-1111.00 || Management Analysts",13-1111.00||WA||51||Y||IV,9,142411.11111111112,150000.0,-13796.888888888889,-6208.0,-8.83238303344828,-3.9741882618047732,0.9116761696655171,-0.10996742261850281
105291,Engineering Program Manager,17-2112.00,Industrial Engineers,San Jose,CA,541512,Y,1,III,145205,False,0,0.05,Engineering Program Manager || 17-2112.00 || Industrial Engineers,17-2112.00||CA||54||Y||III,11,130440.72727272728,135000.0,-14764.272727272728,-10205.0,-10.167881772165371,-7.027994903756758,0.8983211822783462,-0.13532407614465827
11554,Machine Learning Engineer,15-1252.00,Software Developers,Grand Rapids,MI,541110,Y,1,II,90792,True,1,0.95,Machine Learning Engineer || 15-1252.00 || Software Developers,15-1252.00||MI||54||Y||II,11,93135.81818181818,95000.0,2343.818181818182,4208.0,2.581525004205417,4.634769583223192,1.025815250042054,0.0006445811604216735
28233,"Sr. MLE, Autonomous Driving Prediction",15-1252.00,Software Developers,Newark,CA,336110,Y,1,III,187574,True,1,0.95,"Sr. MLE, Autonomous Driving Prediction || 15-1252.00 || Software Developers",15-1252.00||CA||33||Y||III,10,140270.0,152500.0,-47304.0,-35074.0,-25.218846961732435,-18.69875355859554,0.7478115303826757,-0.3094676350267392
33454,SW Engineer I,15-1252.00,Software Developers,Atlanta,GA,5415,Y,1,I,87859,False,0,0.1,SW Engineer I || 15-1252.00 || Software Developers,15-1252.00||GA||54||Y||I,12,82803.75,75000.0,-5055.25,-12859.0,-5.753821463936535,-14.635950784780158,0.9424617853606346,-0.08497321215438595
110175,Senior Staff Software Engineer,15-1252.00,Software Developers,San Diego,CA,334413,Y,1,IV,177154,False,0,0.1,Senior Staff Software Engineer || 15-1252.00 || Software Developers,15-1252.00||CA||33||Y||IV,11,207264.63636363635,155000.0,30110.636363636364,-22154.0,16.996870724700752,-12.505503686058457,1.1699687072470075,-0.08333380744334674
47767,Data Scientist,19-1029.01,Bioinformatics Scientists,Houston,TX,611310,Y,1,I,57616,True,1,0.85,Data Scientist || 19-1029.01 || Bioinformatics Scientists,19-1029.01||TX||61||Y||I,11,99447.36363636363,103000.0,41831.36363636364,45384.0,72.60372749993688,78.7697861705082,1.7260372749993687,0.5235677282381787
106639,Engineer - Software,15-1252.00,Software Developers,Auburn Hills,MI,334419,Y,1,II,97032,False,0,0.1,Engineer - Software || 15-1252.00 || Software Developers,15-1252.00||MI||33||Y||II,11,92576.36363636363,93700.0,-4455.636363636364,-3332.0,-4.591924688387711,-3.4339187072306046,0.9540807531161228,-0.07626190568128682
103840,Software Engineering,15-1252.00,Software Developers,Redmond,WA,513210,Y,1,IV,212202,False,0,0.15,Software Engineering || 15-1252.00 || Software Developers,15-1252.00||WA||51||Y||IV,11,130918.90909090909,140000.0,-81283.09090909091,-72202.0,-38.304582854587096,-34.02512700163052,0.616954171454129,-0.5281878909227026
21477,IT Data Science Engineer,15-2051.01,Business Intelligence Analysts,Irving,TX,332311,Y,1,II,96034,True,1,0.85,IT Data Science Engineer || 15-2051.01 || Business Intelligence Analysts,15-2051.01||TX||33||Y||II,11,99348.90909090909,98000.0,3314.909090909091,1966.0,3.451807787772134,2.0471916196347126,1.0345180778777214,0.01980958144479559
7563,Measurement Lead,15-2051.00,Data Scientists,New York,NY,522320,Y,1,III,139506,False,0,0.15,Measurement Lead || 15-2051.00 || Data Scientists,15-2051.00||NY||52||Y||III,10,125531.1,132500.0,-13974.9,-7006.0,-10.017418605651368,-5.022006221954611,0.8998258139434864,-0.11961527400884205
27585,"Data Engineering, Senior Developer, GenAI",15-1252.00,Software Developers,Atlanta,GA,5241,Y,1,III,130707,True,1,0.85,"Data Engineering, Senior Developer, GenAI || 15-1252.00 || Software Developers",15-1252.00||GA||52||Y||III,11,118199.54545454546,131495.0,-12507.454545454546,788.0,-9.569077819439315,0.6028751329309066,0.9043092218056068,-0.13232431819213097
117886,Machine Learning,15-1252.00,Software Developers,Cupertino,CA,334111,Y,1,IV,226158,True,1,0.95,Machine Learning || 15-1252.00 || Software Developers,15-1252.00||CA||33||Y||IV,11,209401.0,156000.0,-16757.0,-70158.0,-7.409421731709693,-31.021675112089778,0.9259057826829031,-0.30268344573456313
91483,"Manager, Product Management",15-2051.00,Data Scientists,Plano,TX,522110,Y,1,II,96034,False,0,0.1,"Manager, Product Management || 15-2051.00 || Data Scientists",15-2051.00||TX||52||Y||II,11,116358.45454545454,120000.0,20324.454545454544,23966.0,21.16381130167914,24.955744840369036,1.2116381130167915,0.17255659854939284
39093,"Machine Learning Engineer, Growth",15-1252.00,Software Developers,Boston,MA,513210,Y,1,IV,178131,True,1,0.95,"Machine Learning Engineer, Growth || 15-1252.00 || Software Developers",15-1252.00||MA||51||Y||IV,11,201810.0909090909,140000.0,23679.090909090908,-38131.0,13.293076954090479,-21.40615614351236,1.1329307695409048,-0.12042225814276558
29230,Lead Data Scientist “ ML,15-1221.00,Computer and Information Research Scientists,Houston,TX,541330,Y,1,II,91166,True,1,0.95,Lead Data Scientist “ ML || 15-1221.00 || Computer and Information Research Scientists,15-1221.00||TX||54||Y||II,10,121561.7,132500.0,30395.7,41334.0,33.341048197793036,45.3392712195336,1.3334104819779304,0.26742975505806915
20189,Child Safety Enforcement Specialist,15-2051.00,Data Scientists,"Washington, D.C.",DC,541512,Y,1,II,115939,False,0,0.0,Child Safety Enforcement Specialist || 15-2051.00 || Data Scientists,15-2051.00||DC||54||Y||II,9,99759.55555555556,102000.0,-16179.444444444445,-13939.0,-13.955135411245953,-12.02270159307912,0.8604486458875404,-0.1633641534448069
71667,Research Scientist in Quantum Computer Science,15-1221.00,Computer and Information Research Scientists,Oak Ridge,TN,54171,Y,1,II,79934,False,0,0.15,Research Scientist in Quantum Computer Science || 15-1221.00 || Computer and Information Research Scientists,15-1221.00||TN||54||Y||II,11,111298.81818181818,118000.0,31364.81818181818,38066.0,39.23839440265492,47.62178797507944,1.392383944026549,0.31041253404077307
79371,Lead ML Engineer,15-1252.00,Software Developers,Austin,TX,522320,Y,1,IV,163550,True,1,0.95,Lead ML Engineer || 15-1252.00 || Software Developers,15-1252.00||TX||52||Y||IV,10,145861.1,150000.0,-17688.9,-13550.0,-10.81559156221339,-8.284928156527055,0.8918440843778661,-0.13259094168690186
81399,Software Development Engineer,15-1252.00,Software Developers,San Jose,CA,541512,Y,1,III,226138,False,0,0.15,Software Development Engineer || 15-1252.00 || Software Developers,15-1252.00||CA||54||Y||III,11,195219.18181818182,135000.0,-30918.81818181818,-91138.0,-13.672544279076574,-40.3019395236537,0.8632745572092343,-0.4189842608980694
118262,Sr. AI Engineer,15-1252.00,Software Developers,Minneapolis,MN,45231,Y,1,III,122741,True,1,0.95,Sr. AI Engineer || 15-1252.00 || Software Developers,15-1252.00||MN||45||Y||III,11,122714.54545454546,130000.0,-26.454545454545453,7259.0,-0.02155314479639719,5.914079240025745,0.999784468552036,-0.011135069553426712
97407,"Senior Director, AI Architecture",15-1299.08,Computer Systems Engineers/Architects,Fremont,CA,541519,Y,1,IV,185994,True,1,0.95,"Senior Director, AI Architecture || 15-1299.08 || Computer Systems Engineers/Architects",15-1299.08||CA||54||Y||IV,11,252895.18181818182,208000.0,66901.18181818182,22006.0,35.969537629268586,11.831564459068572,1.3596953762926858,0.11497370898201482
101728,"Consultant, Data Science",15-2031.00,Operations Research Analysts,Round Rock,TX,423430,Y,1,IV,108618,True,1,0.85,"Consultant, Data Science || 15-2031.00 || Operations Research Analysts",15-2031.00||TX||42||Y||IV,9,111065.66666666667,115000.0,2447.6666666666665,6382.0,2.253463207448735,5.875637555469628,1.0225346320744875,0.012874883632222259
1137,Integration Solutions Consultant,15-1252.00,Software Developers,Austin,TX,541511,Y,1,II,114754,False,0,0.1,Integration Solutions Consultant || 15-1252.00 || Software Developers,15-1252.00||TX||54||Y||II,11,99730.90909090909,95000.0,-15023.09090909091,-19754.0,-13.091561870689395,-17.21421475504122,0.8690843812931061,-0.1573218028233959
108695,Sr. Data Scientist,15-2051.00,Data Scientists,Hartford,CT,524130,Y,1,IV,145538,True,1,0.95,Sr. Data Scientist || 15-2051.00 || Data Scientists,15-2051.00||CT||52||Y||IV,9,128467.88888888889,135000.0,-17070.11111111111,-10538.0,-11.728971891266275,-7.240720636534788,0.8827102810873373,-0.13639874132209487
16373,Staff Software Engineer,15-1221.00,Computer and Information Research Scientists,San Francisco,CA,541715,Y,1,III,171621,False,0,0.15,Staff Software Engineer || 15-1221.00 || Computer and Information Research Scientists,15-1221.00||CA||54||Y||III,11,208401.0,155000.0,36780.0,-16621.0,21.430943765623084,-9.684712243839623,1.214309437656231,-0.043849412087941436
70529,Principal Machine Learning Engineer (7),15-1252.00,Software Developers,Palo Alto,CA,513210,Y,1,IV,264514,True,1,0.95,Principal Machine Learning Engineer (7) || 15-1252.00 || Software Developers,15-1252.00||CA||51||Y||IV,11,234667.9090909091,180000.0,-29846.090909090908,-84514.0,-11.28336908787093,-31.95067179809008,0.8871663091212908,-0.3272203051156813
46599,Application Programmer,15-2051.00,Data Scientists,Berkeley Heights,NJ,541511,Y,1,II,109491,False,0,0.1,Application Programmer || 15-2051.00 || Data Scientists,15-2051.00||NJ||54||Y||II,11,96015.09090909091,95000.0,-13475.90909090909,-14491.0,-12.307777891250504,-13.23487775250934,0.876922221087495,-0.1586372662650518
34284,"Advisor, Data Science",15-2051.00,Data Scientists,ROUND ROCK,TX,423430,Y,1,III,124530,True,1,0.85,"Advisor, Data Science || 15-2051.00 || Data Scientists",15-2051.00||TX||42||Y||III,12,105455.66666666667,116674.5,-19074.333333333332,-7855.5,-15.317058807783935,-6.308118525656468,0.8468294119221608,-0.19852278124747333
41343,Senior Data Scientist,15-2051.00,Data Scientists,Boston,MA,52399,Y,1,II,114088,True,1,0.95,Senior Data Scientist || 15-2051.00 || Data Scientists,15-2051.00||MA||52||Y||II,11,122528.27272727272,130000.0,8440.272727272728,15912.0,7.398037240790203,13.947128532360985,1.073980372407902,0.04944564803258606
25514,Senior Enterprise Data Analyst,15-2031.00,Operations Research Analysts,RICHARDSON,TX,524210,Y,1,IV,132392,False,0,0.15,Senior Enterprise Data Analyst || 15-2031.00 || Operations Research Analysts,15-2031.00||TX||52||Y||IV,11,116722.09090909091,124000.0,-15669.90909090909,-8392.0,-11.835993935365497,-6.338751586198562,0.881640060646345,-0.14203080678094437
98952,"Vice President, Biotechnology Equity Research",15-2041.00,Statisticians,New York,NY,523150,Y,1,III,144373,False,0,0.05,"Vice President, Biotechnology Equity Research || 15-2041.00 || Statisticians",15-2041.00||NY||52||Y||III,10,262168.3,182500.0,117795.3,38127.0,81.59094844603908,26.40867752280551,1.8159094844603907,0.38053770912885004
57059,Senior Research Support Specialist,15-2051.02,Clinical Data Managers,Albany,NY,5417,Y,1,II,69888,False,0,0.05,Senior Research Support Specialist || 15-2051.02 || Clinical Data Managers,15-2051.02||NY||54||Y||II,11,91467.90909090909,89000.0,21579.909090909092,19112.0,30.87784611222111,27.346611721611723,1.308778461122211,0.25351329531324895
26323,Senior Data Scientist,15-2051.00,Data Scientists,Chicago,IL,541613,Y,1,II,96928,True,1,0.95,Senior Data Scientist || 15-2051.00 || Data Scientists,15-2051.00||IL||54||Y||II,11,118692.45454545454,125000.0,21764.454545454544,28072.0,22.454249077103153,28.96170353251898,1.2245424907710316,0.18522164166657215
53772,"Architect, IT",15-1299.08,Computer Systems Engineers/Architects,Brentwood,TN,44422,Y,1,IV,93850,False,0,0.1,"Architect, IT || 15-1299.08 || Computer Systems Engineers/Architects",15-1299.08||TN||44||Y||IV,10,117566.2,119459.5,23716.2,25609.5,25.270324986680873,27.287693127330847,1.2527032498668087,0.205804781560939
100932,Data Science Manager,11-3021.00,Computer and Information Systems Managers,Seattle,WA,516210,Y,1,II,198390,True,1,0.85,Data Science Manager || 11-3021.00 || Computer and Information Systems Managers,11-3021.00||WA||51||Y||II,9,139845.66666666666,145000.0,-58544.333333333336,-53390.0,-29.50971991195793,-26.911638691466305,0.7049028008804208,-0.36856360154929035
56401,SENIOR SOFTWARE ENGINEER (SOFTWARE DEVELOPER),15-1252.00,Software Developers,WOODS CROSS,UT,541519,Y,1,III,117936,False,0,0.1,SENIOR SOFTWARE ENGINEER (SOFTWARE DEVELOPER) || 15-1252.00 || Software Developers,15-1252.00||UT||54||Y||III,10,117201.1,120000.0,-734.9,2064.0,-0.6231345814679149,1.7501017501017502,0.9937686541853209,-0.016305508477162077
57283,Principal Data/AI Engineering,15-1252.00,Software Developers,Plano,TX,517112,Y,1,IV,156998,True,1,0.95,Principal Data/AI Engineering || 15-1252.00 || Software Developers,15-1252.00||TX||51||Y||IV,10,155375.1,162500.0,-1622.9,5502.0,-1.0337074357635128,3.504503242079517,0.9896629256423649,-0.03612975094495816
85277,Senior Machine Learning Research Scientist,15-1252.00,Software Developers,Milwaukee,WI,334413,Y,1,IV,131373,True,1,1.0,Senior Machine Learning Research Scientist || 15-1252.00 || Software Developers,15-1252.00||WI||33||Y||IV,11,126473.72727272728,135000.0,-4899.272727272727,3627.0,-3.729284348589685,2.7608412687538535,0.9627071565141031,-0.06070710662410616
36378,"Senior Manager, Analytics & Reporting",15-2051.01,Business Intelligence Analysts,Bridgewater,NJ,54171,Y,1,II,109491,False,0,0.15,"Senior Manager, Analytics & Reporting || 15-2051.01 || Business Intelligence Analysts",15-2051.01||NJ||54||Y||II,11,121854.09090909091,125000.0,12363.09090909091,15509.0,11.291422042990664,14.164634536171922,1.1129142204299065,0.09602855931189164
39865,Software Engineer,15-1252.00,Software Developers,Menlo Park,CA,519290,Y,1,IV,213512,False,0,0.15,Software Engineer || 15-1252.00 || Software Developers,15-1252.00||CA||51||Y||IV,11,206310.0909090909,155000.0,-7201.909090909091,-58512.0,-3.3730699402886475,-27.40454869047173,0.9662693005971136,-0.2887668442290263
63784,Assistant Professor of Data Science,25-1022.00,"Mathematical Science Teachers, Postsecondary",Tampa,FL,611310,Y,1,II,73147,True,1,0.85,"Assistant Professor of Data Science || 25-1022.00 || Mathematical Science Teachers, Postsecondary",25-1022.00||FL||61||Y||II,10,85192.1,85350.0,12045.1,12203.0,16.46697745635501,16.682844135781373,1.1646697745635501,0.13790414717167643
20914,Staff Business Systems Analyst,15-2051.00,Data Scientists,San Jose,CA,333242,Y,1,II,174304,False,0,0.15,Staff Business Systems Analyst || 15-2051.00 || Data Scientists,15-2051.00||CA||33||Y||II,10,118898.3,125555.5,-55405.7,-48748.5,-31.786820727005693,-27.96751652285662,0.6821317927299431,-0.3944732387886717
17683,Senior Staff Embedded Software Engineer,15-1252.00,Software Developers,Palo Alto,CA,33611,Y,1,III,226138,False,0,0.1,Senior Staff Embedded Software Engineer || 15-1252.00 || Software Developers,15-1252.00||CA||33||Y||III,11,205500.0,155000.0,-20638.0,-71138.0,-9.126285719339519,-31.45778241604684,0.9087371428066049,-0.3397726032787483
18356,Machine Learning Engineer,15-1252.00,Software Developers,San Jose,CA,519130,Y,1,III,226138,True,1,0.95,Machine Learning Engineer || 15-1252.00 || Software Developers,15-1252.00||CA||51||Y||III,11,202410.0909090909,139100.0,-23727.909090909092,-87038.0,-10.492667791750653,-38.488887316594294,0.8950733220824936,-0.35516188509562935
57044,Machine Learning Engineer - TikTok Search Algorithm,15-1221.00,Computer and Information Research Scientists,San Jose,CA,51321,Y,1,II,164403,True,1,0.98,Machine Learning Engineer - TikTok Search Algorithm || 15-1221.00 || Computer and Information Research Scientists,15-1221.00||CA||51||Y||II,10,224491.1,162455.5,60088.1,-1947.5,36.54927221522722,-1.1845890890068915,1.3654927221522724,0.09131497773516895
5243,MTS - Systems Performance Engineer,15-2051.00,Data Scientists,Longmont,CO,334413,Y,1,IV,182229,False,0,0.15,MTS - Systems Performance Engineer || 15-2051.00 || Data Scientists,15-2051.00||CO||33||Y||IV,10,112974.3,117500.0,-69254.7,-64729.0,-38.004214477388345,-35.520690998688465,0.6199578552261167,-0.49588354407128943
75027,Senior SAP Business Analyst,15-2051.00,Data Scientists,Buena Park,CA,561499,Y,1,III,130270,False,0,0.1,Senior SAP Business Analyst || 15-2051.00 || Data Scientists,15-2051.00||CA||56||Y||III,9,118304.77777777778,125000.0,-11965.222222222223,-5270.0,-9.184940678761205,-4.045444077684809,0.908150593212388,-0.10705596825406241
111959,"Sr. Tech Spec., Integration SW Engr., Autonomous Driving",15-1252.00,Software Developers,Newark,CA,336110,Y,1,IV,206315,True,1,0.85,"Sr. Tech Spec., Integration SW Engr., Autonomous Driving || 15-1252.00 || Software Developers",15-1252.00||CA||33||Y||IV,11,131518.18181818182,145000.0,-74796.81818181818,-61315.0,-36.25369855891146,-29.719118823158762,0.6374630144108854,-0.4904481160805172
81456,Oracle Analytics & Informatica Data Integration Engineer,15-2051.00,Data Scientists,Arlington Heights,IL,541511,Y,1,II,96928,False,0,0.15,Oracle Analytics & Informatica Data Integration Engineer || 15-2051.00 || Data Scientists,15-2051.00||IL||54||Y||II,11,101005.09090909091,110000.0,4077.090909090909,13072.0,4.20630871274648,13.486299108616706,1.0420630871274648,0.009584195641607417
102264,"Software Engineer, Machine Learning",15-1255.00,Web and Digital Interface Designers,Menlo Park,CA,519290,Y,1,IV,186763,True,1,0.95,"Software Engineer, Machine Learning || 15-1255.00 || Web and Digital Interface Designers",15-1255.00||CA||51||Y||IV,11,210991.9090909091,155000.0,24228.909090909092,-31763.0,12.973077692534975,-17.007115970508078,1.1297307769253495,-0.09542965874726034
78227,"Principal, IT Software Engineer 1",15-1252.00,Software Developers,El Segundo,CA,517410,Y,1,II,129667,False,0,0.1,"Principal, IT Software Engineer 1 || 15-1252.00 || Software Developers",15-1252.00||CA||51||Y||II,11,125237.36363636363,135000.0,-4429.636363636364,5333.0,-3.4161632208937998,4.1128428975760984,0.965838367791062,-0.0745044794006469
38944,"Senior Associate, Enterprise AI and Fintech",13-2051.00,Financial and Investment Analysts,New York,NY,523910,Y,1,IV,179088,True,1,0.85,"Senior Associate, Enterprise AI and Fintech || 13-2051.00 || Financial and Investment Analysts",13-2051.00||NY||52||Y||IV,11,135990.0,145000.0,-43098.0,-34088.0,-24.065264004288395,-19.03421781470562,0.7593473599571161,-0.3097370694896213
60001,Staff Robotics Software Engineer,15-1252.00,Software Developers,Austin,TX,3399,Y,1,IV,163550,True,1,0.85,Staff Robotics Software Engineer || 15-1252.00 || Software Developers,15-1252.00||TX||33||Y||IV,11,122846.0,134111.0,-40704.0,-29439.0,-24.887801895444817,-18.0,0.7511219810455518,-0.3097575376162094
18372,Senior Full Stack AI Engineer,15-1252.00,Software Developers,St. Louis,MO,541511,Y,1,IV,140046,True,1,0.95,Senior Full Stack AI Engineer || 15-1252.00 || Software Developers,15-1252.00||MO||54||Y||IV,10,124985.4,133021.5,-15060.6,-7024.5,-10.754037958956342,-5.015851934364423,0.8924596204104367,-0.12816070322672637
87784,Senior R&D Engineer Software DevOps Engineering KBGFJG223974,15-1252.00,Software Developers,Pittsburgh,PA,33911,Y,1,III,119475,False,0,0.1,Senior R&D Engineer Software DevOps Engineering KBGFJG223974 || 15-1252.00 || Software Developers,15-1252.00||PA||33||Y||III,10,113194.3,120000.0,-6280.7,525.0,-5.256915672734882,0.43942247332077833,0.9474308432726511,-0.07231861150573575
18824,MicroStrategy Developer,15-1252.00,Software Developers,Herndon,VA,541512,Y,1,III,150758,False,0,0.05,MicroStrategy Developer || 15-1252.00 || Software Developers,15-1252.00||VA||54||Y||III,10,112404.0,115000.0,-38354.0,-35758.0,-25.440772628981545,-23.718807625465978,0.7455922737101845,-0.30118659910540535
102869,Product Analyst,15-2051.00,Data Scientists,New York,NY,541511,Y,1,II,109491,False,0,0.15,Product Analyst || 15-2051.00 || Data Scientists,15-2051.00||NY||54||Y||II,12,99118.25,102500.0,-10372.75,-6991.0,-9.47360970308062,-6.384999680339024,0.9052639029691938,-0.13124090931689278
14714,AI Systems Programmer Analyst,15-1211.00,Computer Systems Analysts,Salt Lake City,UT,54151,Y,1,III,94515,True,1,0.85,AI Systems Programmer Analyst || 15-1211.00 || Computer Systems Analysts,15-1211.00||UT||54||Y||III,9,100991.22222222222,103221.0,6476.222222222223,8706.0,6.852057580513381,9.211236311696556,1.0685205758051337,0.0615083630134584
62433,Sr Staff Data Scientist,11-3021.00,Computer and Information Systems Managers,New York,NY,522320,Y,1,III,223642,True,1,0.85,Sr Staff Data Scientist || 11-3021.00 || Computer and Information Systems Managers,11-3021.00||NY||52||Y||III,10,217841.1,157500.0,-5800.9,-66142.0,-2.593833000956883,-29.574945672100945,0.9740616699904312,-0.2665289315221363
118038,"Associate Principal, Data Strategy and Analytics",13-1111.00,Management Analysts,Chicago,IL,5416,Y,1,IV,148200,False,0,0.15,"Associate Principal, Data Strategy and Analytics || 13-1111.00 || Management Analysts",13-1111.00||IL||54||Y||IV,11,127110.09090909091,140000.0,-21089.909090909092,-8200.0,-14.230707888602627,-5.53306342780027,0.8576929211139738,-0.18161176078256844
110395,Software Developer,15-1252.00,Software Developers,Seattle,WA,334111,Y,25,III,163862,False,0,0.15,Software Developer || 15-1252.00 || Software Developers,15-1252.00||WA||33||Y||III,11,190150.72727272726,115000.0,26288.727272727272,-48862.0,16.04321152721636,-29.818994031563143,1.1604321152721637,-0.19926854741552494
77948,Senior Computer Vision and Machine Learning Engineer,15-1252.00,Software Developers,Seattle,WA,513210,Y,1,III,180710,True,1,0.95,Senior Computer Vision and Machine Learning Engineer || 15-1252.00 || Software Developers,15-1252.00||WA||51||Y||III,11,201861.54545454544,145000.0,21151.545454545456,-35710.0,11.704690086074628,-19.760942947263572,1.1170469008607464,-0.13152084837539182
59711,Senior Manager JC45 - Computer Systems Engineers/Architects,15-1299.08,Computer Systems Engineers/Architects,Woodland Hills,CA,541512,Y,1,IV,145246,False,0,0.15,Senior Manager JC45 - Computer Systems Engineers/Architects || 15-1299.08 || Computer Systems Engineers/Architects,15-1299.08||CA||54||Y||IV,9,236460.88888888888,160000.0,91214.88888888889,14754.0,62.800276006835915,10.15793894496234,1.6280027600683593,0.2740915206862561
36292,Software Engineer,15-1252.00,Software Developers,Santa Clara,CA,334111,Y,1,IV,264514,False,0,0.15,Software Engineer || 15-1252.00 || Software Developers,15-1252.00||CA||33||Y||IV,11,200764.63636363635,150000.0,-63749.36363636364,-114514.0,-24.10056315974339,-43.292226498408404,0.7589943684025662,-0.5427084239382015
101441,Staff GPU Engineer,17-2072.00,"Electronics Engineers, Except Computer",Santa Clara,CA,334220,Y,1,III,186472,True,1,0.85,"Staff GPU Engineer || 17-2072.00 || Electronics Engineers, Except Computer",17-2072.00||CA||33||Y||III,11,199897.9090909091,145000.0,13425.90909090909,-41472.0,7.199959828236462,-22.240336350765798,1.0719995982823647,-0.18944675577406658
43398,Machine Learning Engineer,15-1252.00,Software Developers,Los Gatos,CA,515210,Y,1,IV,264514,True,1,0.95,Machine Learning Engineer || 15-1252.00 || Software Developers,15-1252.00||CA||51||Y||IV,11,207946.45454545456,150000.0,-56567.545454545456,-114514.0,-21.385463701182342,-43.292226498408404,0.7861453629881766,-0.4702963616498535
2102,Senior Sales Analytics and Insights Analyst,15-2031.00,Operations Research Analysts,San Francisco,CA,541511,Y,1,II,100339,False,0,0.15,Senior Sales Analytics and Insights Analyst || 15-2031.00 || Operations Research Analysts,15-2031.00||CA||54||Y||II,11,116465.54545454546,125000.0,16126.545454545454,24661.0,16.072061167188682,24.577681659175397,1.160720611671887,0.1163116340970539
83004,Research Scientist,19-1042.00,"Medical Scientists, Except Epidemiologists",Boston,MA,622110,Y,1,I,71406,False,0,0.1,"Research Scientist || 19-1042.00 || Medical Scientists, Except Epidemiologists",19-1042.00||MA||62||Y||I,12,108895.25,116500.0,37489.25,45094.0,52.50154048679383,63.15155589166176,1.5250154048679383,0.38778354969880285
16472,System Architect - AI Agent Foundry - Automation Team,15-1252.00,Software Developers,Atlanta,GA,541511,Y,1,III,130707,True,1,0.95,System Architect - AI Agent Foundry - Automation Team || 15-1252.00 || Software Developers,15-1252.00||GA||54||Y||III,10,128585.4,134555.5,-2121.6,3848.5,-1.6231724391195574,2.944371762797708,0.9837682756088044,-0.032516589194015566
43305,MACHINE LEARNING ENGINEER,15-1253.00,Software Quality Assurance Analysts and Testers,SAN JOSE,CA,541511,Y,1,I,94162,True,1,0.95,MACHINE LEARNING ENGINEER || 15-1253.00 || Software Quality Assurance Analysts and Testers,15-1253.00||CA||54||Y||I,10,130361.1,131500.0,36199.1,37338.0,38.443427284891996,39.652938552707035,1.3844342728489198,0.30553186710639935
18688,Tester,15-1253.00,Software Quality Assurance Analysts and Testers,Alameda,CA,541511,Y,1,I,88109,False,0,0.1,Tester || 15-1253.00 || Software Quality Assurance Analysts and Testers,15-1253.00||CA||54||Y||I,12,92909.08333333333,95444.0,4800.083333333333,7335.0,5.447892194138322,8.324915729380654,1.0544789219413833,0.02247077232414633
15549,"Senior Backend Software Engineer, AI Camera",15-1252.00,Software Developers,San Jose,CA,51321,Y,1,III,226138,True,1,0.85,"Senior Backend Software Engineer, AI Camera || 15-1252.00 || Software Developers",15-1252.00||CA||51||Y||III,11,204082.81818181818,150000.0,-22055.18181818182,-76138.0,-9.752974651841715,-33.668821692948555,0.9024702534815829,-0.3494633368428685
74469,Architect,15-1252.00,Software Developers,Santa Clara,CA,334111,Y,50,II,187741,False,0,0.1,Architect || 15-1252.00 || Software Developers,15-1252.00||CA||33||Y||II,10,212204.9,133024.5,24463.9,-54716.5,13.030664585785734,-29.144672714004933,1.1303066458578575,-0.19465736234815498
87413,Senior Business Application Developer,15-1252.00,Software Developers,Glassboro,NJ,611310,Y,1,IV,115170,False,0,0.1,Senior Business Application Developer || 15-1252.00 || Software Developers,15-1252.00||NJ||61||Y||IV,10,106566.8,115000.0,-8603.2,-170.0,-7.47000086828167,-0.1476078839975688,0.9252999913171832,-0.10383860992579841
110507,Senior Data Scientist,15-1242.00,Database Administrators,Belmont,MA,541611,Y,1,IV,141835,True,1,0.85,Senior Data Scientist || 15-1242.00 || Database Administrators,15-1242.00||MA||54||Y||IV,9,133375.22222222222,135000.0,-8459.777777777777,-6835.0,-5.964520589260605,-4.81897980047238,0.940354794107394,-0.07760513725190678
47871,Java Developer,15-1252.00,Software Developers,Pasadena,CA,541511,Y,1,II,129667,False,0,0.1,Java Developer || 15-1252.00 || Software Developers,15-1252.00||CA||54||Y||II,11,99565.0,115000.0,-30102.0,-14667.0,-23.214850347428413,-11.31128197613888,0.7678514965257158,-0.2994489647181679
43288,Senior Technical Lead,15-1251.00,Computer Programmers,Houston,TX,541511,Y,1,II,57096,False,0,0.1,Senior Technical Lead || 15-1251.00 || Computer Programmers,15-1251.00||TX||54||Y||II,10,116566.8,117500.0,59470.8,60404.0,104.15931063472047,105.79375087571809,2.0415931063472046,0.702807734311591
48714,Data Science Manager,15-2051.00,Data Scientists,Menlo Park,CA,5231,Y,1,IV,194834,True,1,0.85,Data Science Manager || 15-2051.00 || Data Scientists,15-2051.00||CA||52||Y||IV,11,218310.0909090909,160000.0,23476.090909090908,-34834.0,12.049278313380062,-17.878809653345925,1.1204927831338005,-0.10070365295687415
45378,Software Engineering,15-1252.00,Software Developers,San Francisco,CA,513210,Y,1,II,161637,False,0,0.15,Software Engineering || 15-1252.00 || Software Developers,15-1252.00||CA||51||Y||II,11,122702.90909090909,129000.0,-38934.09090909091,-32637.0,-24.08736298563504,-20.19154030327215,0.7591263701436496,-0.2979232124360623
70267,Senior Computer Vision Engineer,15-1252.00,Software Developers,Boston,MA,541511,Y,1,II,131082,True,1,0.95,Senior Computer Vision Engineer || 15-1252.00 || Software Developers,15-1252.00||MA||54||Y||II,11,124465.54545454546,135000.0,-6616.454545454545,3918.0,-5.047569113573599,2.988968737126379,0.9495243088642641,-0.07477243441674601
2016,Senior Financial Analyst,15-2051.00,Data Scientists,Cincinnati,OH,423930,Y,1,III,102170,False,0,0.1,Senior Financial Analyst || 15-2051.00 || Data Scientists,15-2051.00||OH||42||Y||III,10,98701.9,102500.0,-3468.1,330.0,-3.3944406381521,0.3229910932759127,0.966055593618479,-0.045455829131879
62230,Software Engineering,15-1252.00,Software Developers,Redmond,WA,513210,Y,1,IV,212202,False,0,0.15,Software Engineering || 15-1252.00 || Software Developers,15-1252.00||WA||51||Y||IV,11,130918.90909090909,140000.0,-81283.09090909091,-72202.0,-38.304582854587096,-34.02512700163052,0.616954171454129,-0.5281878909227026
66237,Compliance System Architect,15-1221.00,Computer and Information Research Scientists,San Jose,CA,51321,Y,1,II,164403,False,0,0.1,Compliance System Architect || 15-1221.00 || Computer and Information Research Scientists,15-1221.00||CA||51||Y||II,10,213254.1,146770.5,48851.1,-17632.5,29.714238791262936,-10.725169248736336,1.2971423879126294,0.021278035450463584
116788,"Lead Data Scientist, MI Analytics",15-2041.00,Statisticians,New York,NY,52392,Y,1,IV,174699,True,1,0.85,"Lead Data Scientist, MI Analytics || 15-2041.00 || Statisticians",15-2041.00||NY||52||Y||IV,11,146063.63636363635,150000.0,-28635.363636363636,-24699.0,-16.391257898650615,-14.138031700238697,0.8360874210134939,-0.20439685411907327
78273,Gen AI Specialist,15-1252.00,Software Developers,Charlotte,NC,561320,Y,1,II,112424,True,1,0.95,Gen AI Specialist || 15-1252.00 || Software Developers,15-1252.00||NC||56||Y||II,11,106002.72727272728,115000.0,-6421.272727272727,2576.0,-5.7116565210922285,2.2913256955810146,0.9428834347890778,-0.08069038705659698
37399,Solution Architect,15-1252.00,Software Developers,Roseville,CA,541519,Y,1,III,149115,False,0,0.15,Solution Architect || 15-1252.00 || Software Developers,15-1252.00||CA||54||Y||III,10,128312.1,132500.0,-20802.9,-16615.0,-13.950910371190023,-11.142406867183047,0.8604908962880998,-0.16193753107344158
34570,Systems Analyst Specialist,15-1211.00,Computer Systems Analysts,McLean,VA,541511,Y,1,III,129480,False,0,0.15,Systems Analyst Specialist || 15-1211.00 || Computer Systems Analysts,15-1211.00||VA||54||Y||III,10,100404.0,105000.0,-29076.0,-24480.0,-22.455977757182573,-18.906394810009267,0.7754402224281742,-0.27249012823927304
117500,LEAD ANALYST II,15-2031.00,Operations Research Analysts,SAN BERNARDINO,CA,5416,Y,5,IV,112466,False,0,0.15,LEAD ANALYST II || 15-2031.00 || Operations Research Analysts,15-2031.00||CA||54||Y||IV,10,112259.1,116959.5,-206.9,4493.5,-0.18396670993900405,3.9954297298739174,0.99816033290061,-0.01042872047293759
48465,ENGINEER,15-2051.00,Data Scientists,FARMERS BRANCH,TX,541511,Y,1,II,96034,True,1,0.95,ENGINEER || 15-2051.00 || Data Scientists,15-2051.00||TX||54||Y||II,12,104694.83333333333,109000.0,8660.833333333334,12966.0,9.018507334208023,13.501468230001873,1.0901850733420801,0.06683774404815541
69290,"Analyst, Search Marketing",15-2051.00,Data Scientists,Sacramento,CA,54151,Y,1,I,76294,False,0,0.15,"Analyst, Search Marketing || 15-2051.00 || Data Scientists",15-2051.00||CA||54||Y||I,12,93113.41666666667,94350.0,16819.416666666668,18056.0,22.045530011097423,23.666343355965083,1.2204553001109744,0.1713250142132856
53906,ADAS Data Analytics Engineer,15-1252.00,Software Developers,Dearborn,MI,33611,Y,1,II,102190,True,1,0.85,ADAS Data Analytics Engineer || 15-1252.00 || Software Developers,15-1252.00||MI||33||Y||II,10,102058.7,103874.5,-131.3,1684.5,-0.1284861532439579,1.648400039142773,0.9987151384675604,-0.02028694883670017
108023,Technical Consultant,15-1299.08,Computer Systems Engineers/Architects,Dublin,CA,541511,Y,1,II,105560,False,0,0.1,Technical Consultant || 15-1299.08 || Computer Systems Engineers/Architects,15-1299.08||CA||54||Y||II,11,113697.45454545454,120000.0,8137.454545454545,14440.0,7.7088428812566745,13.67942402425161,1.0770884288125668,0.05740261910176627
83181,Founding AI Systems Architect,15-1252.00,Software Developers,Richardson,TX,541511,Y,1,IV,156998,True,1,0.95,Founding AI Systems Architect || 15-1252.00 || Software Developers,15-1252.00||TX||54||Y||IV,11,216913.72727272726,160000.0,59915.72727272727,3002.0,38.163369770778786,1.9121262691244474,1.3816336977077879,0.10110203965063423
61225,Software Engineer,15-1252.00,Software Developers,San Mateo,CA,511210,Y,1,IV,213512,False,0,0.15,Software Engineer || 15-1252.00 || Software Developers,15-1252.00||CA||51||Y||IV,12,130759.25,137500.0,-82752.75,-76012.0,-38.75789182809397,-35.60080932219266,0.6124210817190603,-0.5318452396469314
6755,"Leader, Software Engineering",15-1252.00,Software Developers,Seattle,WA,334111,Y,1,III,180710,False,0,0.1,"Leader, Software Engineering || 15-1252.00 || Software Developers",15-1252.00||WA||33||Y||III,11,130370.63636363637,135000.0,-50339.36363636364,-45710.0,-27.856434971149156,-25.294671019866083,0.7214356502885084,-0.3519286486659976
99107,Statistical Programmer II,15-2051.00,Data Scientists,Bridgewater,NJ,54169,Y,1,II,109491,False,0,0.15,Statistical Programmer II || 15-2051.00 || Data Scientists,15-2051.00||NJ||54||Y||II,10,99296.8,95000.0,-10194.2,-14491.0,-9.310536939109152,-13.23487775250934,0.9068946306089085,-0.1108397484046149
14461,Machine Learning,15-1252.00,Software Developers,Cupertino,CA,334111,Y,1,IV,264514,True,1,0.95,Machine Learning || 15-1252.00 || Software Developers,15-1252.00||CA||33||Y||IV,11,210310.0909090909,156000.0,-54203.90909090909,-108514.0,-20.491886664187565,-41.02391555834474,0.7950811333581244,-0.45284748618650766
88395,Senior Data Scientist,15-2031.00,Operations Research Analysts,Roxbury,MA,541611,Y,1,II,78603,True,1,0.85,Senior Data Scientist || 15-2031.00 || Operations Research Analysts,15-2031.00||MA||54||Y||II,9,120568.55555555556,125000.0,41965.555555555555,46397.0,53.389254297616574,59.027009147233564,1.5338925429761658,0.4125308854996883
63011,Senior Business Intelligence Engineer,15-1252.00,Software Developers,Pleasanton,CA,3391,Y,1,II,161637,False,0,0.15,Senior Business Intelligence Engineer || 15-1252.00 || Software Developers,15-1252.00||CA||33||Y||II,11,120192.81818181818,135000.0,-41444.181818181816,-26637.0,-25.640281506203294,-16.47951892202899,0.743597184937967,-0.33139380700866977
59991,Machine Learning Engineer,15-1252.00,Software Developers,Sunnyvale,CA,541511,Y,1,III,226138,True,1,0.95,Machine Learning Engineer || 15-1252.00 || Software Developers,15-1252.00||CA||54||Y||III,11,202491.9090909091,135000.0,-23646.090909090908,-91138.0,-10.456487149037715,-40.3019395236537,0.8954351285096229,-0.3536526400825453
6445,Engineer “ BI (Microstrategy),15-2051.00,Data Scientists,Little ELM,TX,456191,Y,1,II,96034,False,0,0.15,Engineer “ BI (Microstrategy) || 15-2051.00 || Data Scientists,15-2051.00||TX||45||Y||II,11,92601.90909090909,95000.0,-3432.090909090909,-1034.0,-3.5738289658776154,-1.0767020013745132,0.9642617103412239,-0.047944017338836596
86828,Principal Software Engineer,15-1252.00,Software Developers,San Francisco,CA,541511,Y,1,IV,213512,False,0,0.15,Principal Software Engineer || 15-1252.00 || Software Developers,15-1252.00||CA||54||Y||IV,11,238254.0,179247.0,24742.0,-34265.0,11.588107460002245,-16.048278316909588,1.1158810746000225,-0.07874680884035033
24104,Data Scientist,15-2051.00,Data Scientists,Houston,TX,541511,Y,1,III,111218,True,1,0.85,Data Scientist || 15-2051.00 || Data Scientists,15-2051.00||TX||54||Y||III,10,108233.8,116609.5,-2984.2,5391.5,-2.6831987627901954,4.847686525562409,0.973168012372098,-0.03994339866100009
50321,Data Scientist,15-2031.00,Operations Research Analysts,Menlo Park,CA,519290,Y,1,IV,148699,True,1,0.85,Data Scientist || 15-2031.00 || Operations Research Analysts,15-2031.00||CA||51||Y||IV,11,128101.0,135000.0,-20598.0,-13699.0,-13.852144264588192,-9.21257036025797,0.861478557354118,-0.19398049501471817
79231,Gen AI Engineer,15-1252.00,Software Developers,Coppell,TX,541511,Y,1,II,112923,True,1,0.95,Gen AI Engineer || 15-1252.00 || Software Developers,15-1252.00||TX||54||Y||II,9,117749.88888888889,125000.0,4826.888888888889,12077.0,4.274495797037706,10.694898293527448,1.0427449579703771,0.03013207158169726
54067,"Staff Software Engineer, Machine Learning",15-1252.00,Software Developers,Sunnyvale,CA,518210,Y,1,IV,264514,True,1,0.95,"Staff Software Engineer, Machine Learning || 15-1252.00 || Software Developers",15-1252.00||CA||51||Y||IV,11,216673.72727272726,162000.0,-47840.27272727273,-102514.0,-18.086102333817013,-38.755604618281076,0.8191389766618298,-0.4260403107694531
66898,Software Engineering Manager,11-3021.00,Computer and Information Systems Managers,Bellevue,WA,519290,Y,1,III,242320,False,0,0.1,Software Engineering Manager || 11-3021.00 || Computer and Information Systems Managers,11-3021.00||WA||51||Y||III,10,227387.7,159438.5,-14932.3,-82881.5,-6.162223506107624,-34.203326180257505,0.9383777649389238,-0.267422780289694
117200,Data Scientist,15-2031.00,Operations Research Analysts,San Francisco,CA,541511,Y,1,II,97219,True,1,0.85,Data Scientist || 15-2031.00 || Operations Research Analysts,15-2031.00||CA||54||Y||II,12,121801.41666666667,124000.0,24582.416666666668,26781.0,25.285609465913726,27.547084417654986,1.2528560946591372,0.2043287121369127
96827,Senior Software Engineer,15-1252.00,Software Developers,Seattle,WA,522320,Y,1,III,180710,False,0,0.1,Senior Software Engineer || 15-1252.00 || Software Developers,15-1252.00||WA||52||Y||III,11,129779.72727272728,135000.0,-50930.27272727273,-45710.0,-28.183427993621123,-25.294671019866083,0.7181657200637889,-0.35872744449098126
38470,Senior Machine Learning Engineer,15-1252.00,Software Developers,San Francisco,CA,513210,Y,1,III,187574,True,1,0.95,Senior Machine Learning Engineer || 15-1252.00 || Software Developers,15-1252.00||CA||51||Y||III,10,223391.1,157500.0,35817.1,-30074.0,19.094917206009363,-16.033138921172444,1.1909491720600935,-0.03889992150129036
54814,Gen AI Intelligent Automation BA,15-2051.01,Business Intelligence Analysts,Charlotte,NC,541511,Y,1,II,105747,True,1,0.85,Gen AI Intelligent Automation BA || 15-2051.01 || Business Intelligence Analysts,15-2051.01||NC||54||Y||II,11,95647.36363636363,95000.0,-10099.636363636364,-10747.0,-9.550754502384336,-10.162936064380077,0.9044924549761567,-0.11232495041106218
1102,Product Engineer,15-2031.00,Operations Research Analysts,Santa Clara,CA,51121,Y,1,IV,147742,False,0,0.1,Product Engineer || 15-2031.00 || Operations Research Analysts,15-2031.00||CA||51||Y||IV,12,120725.91666666667,126300.0,-27016.083333333332,-21442.0,-18.28598728413947,-14.513137767188748,0.8171401271586053,-0.24959484372176485
106979,"Engineer V, Software",15-1252.00,Software Developers,Tampa,FL,334510,Y,1,IV,139194,False,0,0.1,"Engineer V, Software || 15-1252.00 || Software Developers",15-1252.00||FL||33||Y||IV,11,115260.36363636363,130000.0,-23933.636363636364,-9194.0,-17.194445424110498,-6.6051697630645,0.8280555457588951,-0.2183548234409531
117295,Senior Computer Vision Engineer,15-1252.00,Software Developers,Marlborough,MA,541714,Y,1,IV,172744,True,1,0.95,Senior Computer Vision Engineer || 15-1252.00 || Software Developers,15-1252.00||MA||54||Y||IV,11,132431.9090909091,140000.0,-40312.09090909091,-32744.0,-23.336319009106486,-18.955216968462,0.7666368099089351,-0.3010078165660501
117229,Data and AI Engineer,15-2051.00,Data Scientists,Dallas,TX,541511,Y,1,I,67995,True,1,0.95,Data and AI Engineer || 15-2051.00 || Data Scientists,15-2051.00||TX||54||Y||I,11,111405.27272727272,118919.0,43410.27272727273,50924.0,63.84333072618976,74.89374218692551,1.6384333072618977,0.47294050887860223
14854,Data Scientist,15-2051.00,Data Scientists,Somerville,MA,622110,Y,1,I,74318,True,1,0.85,Data Scientist || 15-2051.00 || Data Scientists,15-2051.00||MA||62||Y||I,11,105503.54545454546,115000.0,31185.545454545456,40682.0,41.96230449493454,54.740439731962645,1.4196230449493454,0.3172705221912733
37094,Senior Scientist,15-1221.00,Computer and Information Research Scientists,San Jose,CA,541715,Y,1,II,164403,True,1,0.85,Senior Scientist || 15-1221.00 || Computer and Information Research Scientists,15-1221.00||CA||54||Y||II,11,200409.0909090909,135000.0,36006.09090909091,-29403.0,21.901115496122888,-17.88471013302677,1.2190111549612288,-0.04796802220394705
86980,Application Developer III,15-1252.00,Software Developers,McKinney,TX,923120,Y,1,II,112923,False,0,0.1,Application Developer III || 15-1252.00 || Software Developers,15-1252.00||TX||92||Y||II,9,103793.33333333333,102000.0,-9129.666666666666,-10923.0,-8.084860184963794,-9.672962992481603,0.9191513981503621,-0.09660082819102594
114403,Principal Software Development Engineer,15-1252.00,Software Developers,Seattle,WA,455219,Y,10,IV,190486,False,0,0.1,Principal Software Development Engineer || 15-1252.00 || Software Developers,15-1252.00||WA||45||Y||IV,10,235915.8,165000.0,45429.8,-25486.0,23.84941675503712,-13.379460957760676,1.2384941675503711,0.022392180417574358
81173,Software Engineer,15-1252.00,Software Developers,Menlo Park,CA,519290,Y,1,IV,213512,False,0,0.15,Software Engineer || 15-1252.00 || Software Developers,15-1252.00||CA||51||Y||IV,11,206310.0909090909,155000.0,-7201.909090909091,-58512.0,-3.3730699402886475,-27.40454869047173,0.9662693005971136,-0.2887668442290263
105159,"Content Policy Manager, Core Policy",15-2031.00,Operations Research Analysts,Menlo Park,CA,519290,Y,1,IV,148699,False,0,0.1,"Content Policy Manager, Core Policy || 15-2031.00 || Operations Research Analysts",15-2031.00||CA||51||Y||IV,11,132419.18181818182,140000.0,-16279.818181818182,-8699.0,-10.948169242441564,-5.850072966193451,0.8905183075755844,-0.1418436859150738
116611,Software Engineer,15-1252.00,Software Developers,Aurora,IL,51121,Y,1,IV,148949,False,0,0.15,Software Engineer || 15-1252.00 || Software Developers,15-1252.00||IL||51||Y||IV,11,105450.36363636363,110000.0,-43498.63636363636,-38949.0,-29.20371158157246,-26.14921886014676,0.7079628841842754,-0.37967078836678164
4020,Member of Technical Staff,15-2051.00,Data Scientists,Houston,TX,541511,Y,1,IV,133078,True,1,0.95,Member of Technical Staff || 15-2051.00 || Data Scientists,15-2051.00||TX||54||Y||IV,11,115749.36363636363,123000.0,-17328.636363636364,-10078.0,-13.021413279156858,-7.573002299403357,0.8697858672084314,-0.15144874756267027
19277,Software Engineer,15-1252.00,Software Developers,Menlo Park,CA,519290,Y,1,IV,213512,False,0,0.15,Software Engineer || 15-1252.00 || Software Developers,15-1252.00||CA||51||Y||IV,11,206310.0909090909,155000.0,-7201.909090909091,-58512.0,-3.3730699402886475,-27.40454869047173,0.9662693005971136,-0.2887668442290263
17610,Verification Engineer,17-2072.00,"Electronics Engineers, Except Computer",Santa Clara,CA,334111,Y,25,IV,216091,False,0,0.05,"Verification Engineer || 17-2072.00 || Electronics Engineers, Except Computer",17-2072.00||CA||33||Y||IV,11,197444.72727272726,125000.0,-18646.272727272728,-91091.0,-8.628898347118913,-42.15399993521248,0.9137110165288109,-0.4194655694255845
31315,Staff Machine Learning Engineer,15-1252.00,Software Developers,Seattle,WA,455219,Y,10,IV,212202,True,1,0.95,Staff Machine Learning Engineer || 15-1252.00 || Software Developers,15-1252.00||WA||45||Y||IV,10,219491.1,155000.0,7289.1,-57202.0,3.4349817626601036,-26.956390608948077,1.034349817626601,-0.19433249134117841
107211,Marketing Operations Consultant,15-2031.00,Operations Research Analysts,New York,NY,541613,Y,1,III,114670,False,0,0.1,Marketing Operations Consultant || 15-2031.00 || Operations Research Analysts,15-2031.00||NY||54||Y||III,12,105704.83333333333,112500.0,-8965.166666666666,-2170.0,-7.818232028138716,-1.8923868492194993,0.9218176797186128,-0.110038053570172
36871,Consulting ETL Engineer,15-1252.00,Software Developers,Nashville,TN,55111,Y,1,III,122117,False,0,0.1,Consulting ETL Engineer || 15-1252.00 || Software Developers,15-1252.00||TN||55||Y||III,10,94683.8,92500.0,-27433.2,-29617.0,-22.464685506522432,-24.25297051188614,0.7753531449347756,-0.2615433478261922
3257,AI Engineer,15-2051.00,Data Scientists,Raleigh,NC,541511,Y,1,II,87214,True,1,0.95,AI Engineer || 15-2051.00 || Data Scientists,15-2051.00||NC||54||Y||II,12,110696.66666666667,117500.0,23482.666666666668,30286.0,26.925340732756975,34.726076088701355,1.2692534073275696,0.2212518267486856
56311,Developer / Machine Learning Engineer,15-1252.00,Software Developers,FLOWER MOUND,TX,541511,Y,1,II,112923,True,1,0.95,Developer / Machine Learning Engineer || 15-1252.00 || Software Developers,15-1252.00||TX||54||Y||II,11,103018.18181818182,110000.0,-9904.818181818182,-2923.0,-8.771302730017961,-2.588489501695846,0.9122869726998204,-0.12325556179519817
17044,Staff Machine Learning Engineer,15-1299.08,Computer Systems Engineers/Architects,Palo Alto,CA,541511,Y,1,IV,223142,True,1,0.95,Staff Machine Learning Engineer || 15-1299.08 || Computer Systems Engineers/Architects,15-1299.08||CA||54||Y||IV,11,221037.36363636365,160000.0,-2104.6363636363635,-63142.0,-0.9431825311399742,-28.296779629115093,0.9905681746886003,-0.22294645181158385
45314,Principal Engineer - Gen AI/CTO,15-1252.00,Software Developers,Prosper,TX,518210,Y,1,IV,156998,True,1,0.95,Principal Engineer - Gen AI/CTO || 15-1252.00 || Software Developers,15-1252.00||TX||51||Y||IV,10,254884.7,199000.0,97886.7,42002.0,62.3490108154244,26.753207047223533,1.6234901081542439,0.313173382098978
72718,Senior Perception Engineer,15-1252.00,Software Developers,Monrovia,CA,334413,Y,1,II,129667,True,1,0.95,Senior Perception Engineer || 15-1252.00 || Software Developers,15-1252.00||CA||33||Y||II,9,128972.11111111111,131049.0,-694.8888888888889,1382.0,-0.535902649778963,1.065807028773705,0.9946409735022104,-0.02552150014640099
75025,Data Science,15-2051.00,Data Scientists,Huntersville,NC,513210,Y,1,III,129854,True,1,0.85,Data Science || 15-2051.00 || Data Scientists,15-2051.00||NC||51||Y||III,9,109774.22222222222,115000.0,-20079.777777777777,-14854.0,-15.463349436888949,-11.439000723889906,0.8453665056311105,-0.1795116060610642
48059,"Manager, Digital Analytics",15-2031.00,Operations Research Analysts,Santa Clara,CA,541511,Y,20,II,103646,False,0,0.15,"Manager, Digital Analytics || 15-2031.00 || Operations Research Analysts",15-2031.00||CA||54||Y||II,11,114620.09090909091,125000.0,10974.09090909091,21354.0,10.588050584770189,20.602821141192134,1.105880505847702,0.07461736757434374
40585,SOFTWARE DEVELOPER,15-1252.00,Software Developers,Plano,TX,541511,Y,1,I,90896,False,0,0.15,SOFTWARE DEVELOPER || 15-1252.00 || Software Developers,15-1252.00||TX||54||Y||I,12,94626.75,102500.0,3730.75,11604.0,4.104416035909171,12.766238338320719,1.0410441603590916,0.005940827523624422
52466,SR. GENAI CLOUD ENGINEER,15-1252.00,Software Developers,NORTH CHICAGO,IL,541511,Y,1,III,130707,True,1,0.95,SR. GENAI CLOUD ENGINEER || 15-1252.00 || Software Developers,15-1252.00||IL||54||Y||III,10,125774.3,133021.5,-4932.7,2314.5,-3.773860619553658,1.7707544354931257,0.9622613938044633,-0.051606932829976415
18517,Software Engineer - Recommendation Architecture ShortText,15-1252.00,Software Developers,San Jose,CA,51321,Y,1,II,187741,True,1,0.85,Software Engineer - Recommendation Architecture ShortText || 15-1252.00 || Software Developers,15-1252.00||CA||51||Y||II,11,121692.81818181818,129000.0,-66048.18181818182,-58741.0,-35.180478328219095,-31.288317416014618,0.648195216717809,-0.46891523549590003
75957,"Vice President, Data Scientist Lead",15-2051.01,Business Intelligence Analysts,Plano,TX,551112,Y,1,III,118893,True,1,0.85,"Vice President, Data Scientist Lead || 15-2051.01 || Business Intelligence Analysts",15-2051.01||TX||55||Y||III,9,230888.88888888888,160000.0,111995.88888888889,41107.0,94.19889218784024,34.574785731708346,1.9419889218784023,0.4322009032531964
109351,"Senior Manager, Data Science",15-1252.00,Software Developers,Hoboken,NJ,455110,Y,1,III,151819,True,1,0.85,"Senior Manager, Data Science || 15-1252.00 || Software Developers",15-1252.00||NJ||45||Y||III,9,225349.77777777778,150000.0,73530.77777777778,-1819.0,48.43318542328547,-1.1981372555477245,1.484331854232855,0.15222866241985994
14255,Staff Data Scientist,15-2051.00,Data Scientists,Fremont,CA,455110,Y,1,III,164403,True,1,0.85,Staff Data Scientist || 15-2051.00 || Data Scientists,15-2051.00||CA||45||Y||III,10,129062.1,134000.0,-35340.9,-30403.0,-21.496505538220106,-18.492971539448796,0.7850349446177989,-0.2679165076753932
1212,"Data Scientist 2, Client Analytics",13-1161.00,Market Research Analysts and Marketing Specialists,Chicago,IL,518210,Y,1,III,82805,True,1,0.85,"Data Scientist 2, Client Analytics || 13-1161.00 || Market Research Analysts and Marketing Specialists",13-1161.00||IL||51||Y||III,11,103186.27272727272,110000.0,20381.272727272728,27195.0,24.61357735314622,32.84221967272508,1.2461357735314622,0.2053768069768701
20238,Founding AI Engineer,15-1252.00,Software Developers,The Colony,TX,51321,Y,1,III,134971,True,1,0.95,Founding AI Engineer || 15-1252.00 || Software Developers,15-1252.00||TX||51||Y||III,9,211461.0,135000.0,76490.0,29.0,56.67143312267079,0.021486097013432515,1.566714331226708,0.16880161793995382
101932,"Global Insights Lead, Hematology Associate Director",15-2051.00,Data Scientists,Cambridge,MA,32541,Y,1,IV,161803,False,0,0.15,"Global Insights Lead, Hematology Associate Director || 15-2051.00 || Data Scientists",15-2051.00||MA||32||Y||IV,11,132331.63636363635,135000.0,-29471.363636363636,-26803.0,-18.214349323784873,-16.56520583672738,0.8178565067621513,-0.23229520755605956
17785,Data Scientist,15-2051.00,Data Scientists,New York,NY,523940,Y,1,IV,169541,True,1,0.85,Data Scientist || 15-2051.00 || Data Scientists,15-2051.00||NY||52||Y||IV,11,122346.45454545454,130000.0,-47194.545454545456,-39541.0,-27.83665629820837,-23.322382196636802,0.7216334370179163,-0.34225625691265726
70654,Software Engineer 3,15-1252.00,Software Developers,Marlborough,MA,541512,Y,1,III,154606,False,0,0.1,Software Engineer 3 || 15-1252.00 || Software Developers,15-1252.00||MA||54||Y||III,10,115630.6,124500.0,-38975.4,-30106.0,-25.209500278126335,-19.472724215101614,0.7479049972187367,-0.31109597147369145
40199,Software Developer - Architect,15-1252.00,Software Developers,Pleasanton,CA,513210,Y,1,IV,213512,False,0,0.15,Software Developer - Architect || 15-1252.00 || Software Developers,15-1252.00||CA||51||Y||IV,11,209719.18181818182,160000.0,-3792.818181818182,-53512.0,-1.7763957912521007,-25.062759938551462,0.982236042087479,-0.24718611577329969
44282,Senior Staff BI Engineer,15-2031.00,Operations Research Analysts,Santa Clara,CA,541511,Y,20,IV,147742,False,0,0.15,Senior Staff BI Engineer || 15-2031.00 || Operations Research Analysts,15-2031.00||CA||54||Y||IV,10,226000.0,155000.0,78258.0,7258.0,52.96936551556091,4.912617942088234,1.5296936551556093,0.141287591495092
65233,Business Systems Analysis Manager,15-2051.01,Business Intelligence Analysts,Georgetown,TX,334111,Y,1,III,124530,False,0,0.15,Business Systems Analysis Manager || 15-2051.01 || Business Intelligence Analysts,15-2051.01||TX||33||Y||III,10,112886.2,116959.5,-11643.8,-7570.5,-9.350196739741428,-6.079258010118044,0.9064980326025858,-0.10913395982482825
83303,Software Engineer,15-1252.00,Software Developers,Chesterfield,MO,541511,Y,1,II,97386,False,0,0.15,Software Engineer || 15-1252.00 || Software Developers,15-1252.00||MO||54||Y||II,10,89784.5,91850.0,-7601.5,-5536.0,-7.80553673012548,-5.684595321709486,0.9219446326987452,-0.08777356153623987
353,System Architect Director,11-3021.00,Computer and Information Systems Managers,Chicago,IL,524126,Y,1,II,143874,False,0,0.15,System Architect Director || 11-3021.00 || Computer and Information Systems Managers,11-3021.00||IL||52||Y||II,11,222946.45454545456,164911.0,79072.45454545454,21037.0,54.95951634447818,14.621821871915705,1.549595163444782,0.22206774280239425
70376,"Director, Full Stack AI and Software Engineer",15-1252.00,Software Developers,Princeton,NJ,32541,Y,1,IV,153005,True,1,0.85,"Director, Full Stack AI and Software Engineer || 15-1252.00 || Software Developers",15-1252.00||NJ||32||Y||IV,11,222713.36363636365,165000.0,69708.36363636363,11995.0,45.55953311092032,7.839613084539721,1.4555953311092034,0.1584448054255367
34199,Machine Learning Engineer,15-1252.00,Software Developers,Seattle,WA,541511,Y,1,II,149240,True,1,0.95,Machine Learning Engineer || 15-1252.00 || Software Developers,15-1252.00||WA||54||Y||II,11,122198.81818181818,125000.0,-27041.18181818182,-24240.0,-18.119258789990496,-16.242294291074778,0.8188074121000951,-0.22224563988271095
88774,Senior Software Engineer,15-1252.00,Software Developers,Los Angeles,CA,541511,Y,1,II,129667,False,0,0.1,Senior Software Engineer || 15-1252.00 || Software Developers,15-1252.00||CA||54||Y||II,11,123380.63636363637,135000.0,-6286.363636363636,5333.0,-4.848082886442685,4.1128428975760984,0.951519171135573,-0.06703052084879392
5699,"Director, Initiative Manager",15-1299.09,Information Technology Project Managers,Weehawken,NJ,523150,Y,1,IV,158974,False,0,0.1,"Director, Initiative Manager || 15-1299.09 || Information Technology Project Managers",15-1299.09||NJ||52||Y||IV,10,145161.9,150000.0,-13812.1,-8974.0,-8.688276070300805,-5.644948230528263,0.913117239296992,-0.11011436421313939
77887,Software Engineering,15-1252.00,Software Developers,Redmond,WA,513210,Y,1,II,149240,False,0,0.15,Software Engineering || 15-1252.00 || Software Developers,15-1252.00||WA||51||Y||II,11,112964.63636363637,115000.0,-36275.36363636364,-34240.0,-24.306729855510344,-22.942910747788797,0.7569327014448965,-0.31722987864672
7481,Data Scientist,15-1243.00,Database Architects,Pittsburgh,PA,54151,Y,50,II,102523,True,1,0.85,Data Scientist || 15-1243.00 || Database Architects,15-1243.00||PA||54||Y||II,10,108861.9,116500.0,6338.9,13977.0,6.182905299298694,13.633038440154891,1.0618290529929868,0.0453584234651256
65987,Senior Software Engineer,15-1252.00,Software Developers,New York,NY,513210,Y,1,IV,189592,False,0,0.1,Senior Software Engineer || 15-1252.00 || Software Developers,15-1252.00||NY||51||Y||IV,12,135979.25,145000.0,-53612.75,-44592.0,-28.277960040508038,-23.51997974598084,0.7172203995949196,-0.35990955850996115
7168,Analyst,15-1252.00,Software Developers,Austin,TX,523940,Y,1,I,90355,False,0,0.1,Analyst || 15-1252.00 || Software Developers,15-1252.00||TX||52||Y||I,12,91368.41666666667,87850.0,1013.4166666666666,-2505.0,1.1215944515153187,-2.7723977643738587,1.0112159445151532,-0.022942220966577054
18378,Software Engineer,15-1252.00,Software Developers,Sunnyvale,CA,541512,Y,1,II,187741,False,0,0.15,Software Engineer || 15-1252.00 || Software Developers,15-1252.00||CA||54||Y||II,11,122919.18181818182,125000.0,-64821.818181818184,-62741.0,-34.527257328882975,-33.41891222482037,0.6547274267111702,-0.4492470873470389
97718,Machine Learning Engineer,15-1252.00,Software Developers,Durham,NC,541511,Y,1,II,116709,True,1,0.95,Machine Learning Engineer || 15-1252.00 || Software Developers,15-1252.00||NC||54||Y||II,12,108638.83333333333,116959.5,-8070.166666666667,250.5,-6.9147766381912845,0.21463640336220857,0.9308522336180872,-0.08957503216826179
56439,Senior Machine Learning Engineer,15-1252.00,Software Developers,San Diego,CA,334220,Y,1,II,130187,True,1,0.95,Senior Machine Learning Engineer || 15-1252.00 || Software Developers,15-1252.00||CA||33||Y||II,11,200219.18181818182,135000.0,70032.18181818182,4813.0,53.79352916818255,3.696989714794872,1.5379352916818254,0.18430130604741005
49518,Machine Learning Engineer,15-1252.00,Software Developers,Tampa,FL,622310,Y,1,IV,77626,True,1,0.95,Machine Learning Engineer || 15-1252.00 || Software Developers,15-1252.00||FL||62||Y||IV,12,110737.83333333333,117500.0,33111.833333333336,39874.0,42.6555964925841,51.36681008940303,1.426555964925841,0.3365716079327245
27634,Engineering Manager,15-1252.00,Software Developers,Dublin,CA,541511,Y,1,IV,213512,False,0,0.1,Engineering Manager || 15-1252.00 || Software Developers,15-1252.00||CA||54||Y||IV,11,144328.27272727274,154000.0,-69183.72727272728,-59512.0,-32.40273486863842,-27.872906440855783,0.6759726513136157,-0.4287487686515299
103133,"Principal Engineer, AI",15-1252.00,Software Developers,Farmington Hill,MI,541511,Y,1,IV,138486,True,1,0.95,"Principal Engineer, AI || 15-1252.00 || Software Developers",15-1252.00||MI||54||Y||IV,10,145175.1,161500.0,6689.1,23014.0,4.830163337810321,16.61828632497148,1.0483016333781032,0.007671254249941484
118204,Robotics Engineering Manager,11-9041.00,Architectural and Engineering Managers,San Mateo,CA,54171,Y,1,I,151694,True,1,0.85,Robotics Engineering Manager || 11-9041.00 || Architectural and Engineering Managers,11-9041.00||CA||54||Y||I,11,223240.72727272726,163148.0,71546.72727272728,11454.0,47.16516623777293,7.550727121705539,1.4716516623777294,0.18247865919962922
71796,Technical Solutions Consultant,15-1252.00,Software Developers,San Jose,CA,541512,Y,1,II,187741,False,0,0.1,Technical Solutions Consultant || 15-1252.00 || Software Developers,15-1252.00||CA||54||Y||II,11,111475.63636363637,115000.0,-76265.36363636363,-72741.0,-40.622646963829766,-38.74539924683474,0.5937735303617023,-0.5472859931548563
13052,Machine Learning Engineer,15-1252.00,Software Developers,San Francisco,CA,519290,Y,1,I,135699,True,1,0.95,Machine Learning Engineer || 15-1252.00 || Software Developers,15-1252.00||CA||51||Y||I,12,198784.25,147500.0,63085.25,11801.0,46.48910456230333,8.696453179463372,1.4648910456230333,0.15308117200998503
9315,Lead AI Enterprise Data Engineer,15-1252.00,Software Developers,COPPELL,TX,513210,Y,1,IV,156998,True,1,0.85,Lead AI Enterprise Data Engineer || 15-1252.00 || Software Developers,15-1252.00||TX||51||Y||IV,10,218305.1,155000.0,61307.1,-1998.0,39.0496057274615,-1.2726276767856917,1.390496057274615,0.08690947036438956
106079,AI/ML Engineer,15-1252.00,Software Developers,Alpharetta,GA,541511,Y,1,I,82971,True,1,0.95,AI/ML Engineer || 15-1252.00 || Software Developers,15-1252.00||GA||54||Y||I,11,110245.0,125000.0,27274.0,42029.0,32.871726265803716,50.65504814935339,1.328717262658037,0.24413539272960672
111337,Applied Scientist II,15-1221.00,Computer and Information Research Scientists,Sunnyvale,CA,518210,Y,1,I,159182,True,1,0.95,Applied Scientist II || 15-1221.00 || Computer and Information Research Scientists,15-1221.00||CA||51||Y||I,11,204719.18181818182,150000.0,45537.181818181816,-9182.0,28.60699188236221,-5.768240127652624,1.286069918823622,-0.00044181348288868156
49841,"Senior Director, Pricing Strategy and Planning",11-9041.00,Architectural and Engineering Managers,Walnut Creek,CA,513210,Y,1,IV,249205,False,0,0.05,"Senior Director, Pricing Strategy and Planning || 11-9041.00 || Architectural and Engineering Managers",11-9041.00||CA||51||Y||IV,12,233903.91666666666,172500.0,-15301.083333333334,-76705.0,-6.139958401048667,-30.779880018458698,0.9386004159895133,-0.2493710675988184
9633,AI Engineer-Supply Chain,17-2112.00,Industrial Engineers,Cypress,TX,334515,Y,1,IV,146349,True,1,0.85,AI Engineer-Supply Chain || 17-2112.00 || Industrial Engineers,17-2112.00||TX||33||Y||IV,9,119450.44444444444,125000.0,-26898.555555555555,-21349.0,-18.379733073376354,-14.587732065131979,0.8162026692662365,-0.2117002468368635
51501,Staff Agentic and Automation Engineer,15-1252.00,Software Developers,Chandler,AZ,541330,Y,1,IV,157934,True,1,0.85,Staff Agentic and Automation Engineer || 15-1252.00 || Software Developers,15-1252.00||AZ||54||Y||IV,11,111381.09090909091,115000.0,-46552.90909090909,-42934.0,-29.476179347644642,-27.18477338635126,0.7052382065235535,-0.38050324436155497
80427,Architect,15-1252.00,Software Developers,Santa Clara,CA,334111,Y,50,IV,264514,False,0,0.1,Architect || 15-1252.00 || Software Developers,15-1252.00||CA||33||Y||IV,11,139582.81818181818,145000.0,-124931.18181818182,-119514.0,-47.23046107887742,-45.18248561512812,0.5276953892112258,-0.6594776330160943
107172,"Senior Manager, Business Development",15-2041.00,Statisticians,New York,NY,522210,Y,1,III,142771,False,0,0.05,"Senior Manager, Business Development || 15-2041.00 || Statisticians",15-2041.00||NY||52||Y||III,9,133723.44444444444,144611.0,-9047.555555555555,1840.0,-6.33711016631918,1.2887771326109645,0.9366288983368083,-0.08530726053349941
54910,Software Developer I,15-1252.00,Software Developers,Houston,TX,5132,Y,1,I,84094,False,0,0.1,Software Developer I || 15-1252.00 || Software Developers,15-1252.00||TX||51||Y||I,12,82618.41666666667,80000.0,-1475.5833333333333,-4094.0,-1.7546832512822952,-4.868361595357576,0.982453167487177,-0.04395439931165542
61590,Product Designer,27-1024.00,Graphic Designers,Burlingame,CA,519290,Y,1,IV,128170,False,0,0.05,Product Designer || 27-1024.00 || Graphic Designers,27-1024.00||CA||51||Y||IV,11,114235.63636363637,120000.0,-13934.363636363636,-8170.0,-10.871782504769943,-6.374346570960443,0.8912821749523006,-0.13223911630630122
33407,Sr Machine Learning Engineer,15-1252.00,Software Developers,Mountain View,CA,519290,Y,1,III,226138,True,1,0.95,Sr Machine Learning Engineer || 15-1252.00 || Software Developers,15-1252.00||CA||51||Y||III,11,209310.0909090909,155000.0,-16827.909090909092,-71138.0,-7.4414335896262855,-31.45778241604684,0.9255856641037371,-0.30789704869070195
56920,"Lead, Learned Driving Team",15-1252.00,Software Developers,SAN FRANCISCO,CA,51321,Y,1,II,161637,True,1,0.95,"Lead, Learned Driving Team || 15-1252.00 || Software Developers",15-1252.00||CA||51||Y||II,10,136861.1,147500.0,-24775.9,-14137.0,-15.328111756590385,-8.746141044439083,0.8467188824340962,-0.20574872214617823
95706,"Senior Manager, Product Management",15-2051.00,Data Scientists,Chicago,IL,522210,Y,1,IV,142210,False,0,0.1,"Senior Manager, Product Management || 15-2051.00 || Data Scientists",15-2051.00||IL||52||Y||IV,10,143484.8,150000.0,1274.8,7790.0,0.8964207861613112,5.477814499683567,1.008964207861613,-0.006335755238115759
83764,Senior Machine Learning Engineer,15-1252.00,Software Developers,Miami,FL,541511,Y,1,II,110947,True,1,0.95,Senior Machine Learning Engineer || 15-1252.00 || Software Developers,15-1252.00||FL||54||Y||II,11,118482.36363636363,130000.0,7535.363636363636,19053.0,6.791858848246133,17.17306461643848,1.0679185884824614,0.045792669244447026
45935,Sr Machine Learning Engineer,15-1242.00,Database Administrators,Northlake,TX,524114,Y,1,III,117000,True,1,0.95,Sr Machine Learning Engineer || 15-1242.00 || Database Administrators,15-1242.00||TX||52||Y||III,9,119720.88888888889,120000.0,2720.8888888888887,3000.0,2.3255460588793926,2.5641025641025643,1.0232554605887938,0.008907080955844372
6087,Machine Learning Engineer,15-1252.00,Software Developers,SEATTLE,WA,522320,Y,1,III,180710,True,1,0.95,Machine Learning Engineer || 15-1252.00 || Software Developers,15-1252.00||WA||52||Y||III,12,125425.91666666667,127000.0,-55284.083333333336,-53710.0,-30.592708390976338,-29.721653477948095,0.6940729160902367,-0.38920934989209827
79954,Solutions Architect,41-9031.00,Sales Engineers,Leander,TX,511210,Y,1,IV,166899,False,0,0.1,Solutions Architect || 41-9031.00 || Sales Engineers,41-9031.00||TX||51||Y||IV,11,123019.18181818182,125000.0,-43879.818181818184,-41899.0,-26.29124091924947,-25.104404460182504,0.7370875908075053,-0.31422462323708056
30167,Principal Machine Learning Engineer,15-1252.00,Software Developers,Santa Clara,CA,541512,Y,1,IV,264514,True,1,1.0,Principal Machine Learning Engineer || 15-1252.00 || Software Developers,15-1252.00||CA||54||Y||IV,10,247644.7,189000.0,-16869.3,-75514.0,-6.377469623535996,-28.548205387994585,0.9362253037646401,-0.26391457479576824
18585,Quantitative Analytics Specialist,13-2099.01,Financial Quantitative Analysts,Mount Laurel,NJ,522110,Y,1,IV,118664,False,0,0.15,Quantitative Analytics Specialist || 13-2099.01 || Financial Quantitative Analysts,13-2099.01||NJ||52||Y||IV,11,114442.0,118919.0,-4222.0,255.0,-3.5579451223623,0.21489246949369648,0.964420548776377,-0.05001676309798888
59407,Data - Integration Developer Sr,15-2051.00,Data Scientists,Alpharetta,GA,541511,Y,1,III,114754,False,0,0.15,Data - Integration Developer Sr || 15-2051.00 || Data Scientists,15-2051.00||GA||54||Y||III,11,109121.63636363637,118219.0,-5632.363636363636,3465.0,-4.908206804437,3.0195025881450754,0.95091793195563,-0.06969392793030948
14591,Senior Staff AI Engineer,15-1252.00,Software Developers,Union City,CA,334413,Y,1,IV,213512,True,1,0.95,Senior Staff AI Engineer || 15-1252.00 || Software Developers,15-1252.00||CA||33||Y||IV,11,223540.63636363635,160000.0,10028.636363636364,-53512.0,4.696989566692436,-25.062759938551462,1.0469698956669244,-0.1697748772423245
81234,Sr. Machine Learning Engineer,15-1252.00,Software Developers,Palo Alto,CA,519290,Y,1,III,226138,True,1,0.95,Sr. Machine Learning Engineer || 15-1252.00 || Software Developers,15-1252.00||CA||51||Y||III,11,212491.9090909091,160000.0,-13646.09090909091,-66138.0,-6.034408595234285,-29.246743139145124,0.9396559140476571,-0.28504293659098195
115701,Machine Learning Engineer,15-1252.00,Software Developers,Cupertino,CA,334111,Y,1,IV,226158,True,1,0.95,Machine Learning Engineer || 15-1252.00 || Software Developers,15-1252.00||CA||33||Y||IV,11,211673.72727272726,160000.0,-14484.272727272728,-66158.0,-6.404492756069973,-29.253000114963875,0.9359550724393003,-0.28887301720528763
67103,"Manager, Technical Program Management",17-2199.08,Robotics Engineers,Foster City,CA,336110,Y,1,IV,199763,False,0,0.15,"Manager, Technical Program Management || 17-2199.08 || Robotics Engineers",17-2199.08||CA||33||Y||IV,9,234777.77777777778,160000.0,35014.77777777778,-39763.0,17.528159758202364,-19.905087528721534,1.1752815975820237,-0.05422165952258931
40390,AI Engineer,15-1252.00,Software Developers,Pontiac,MI,522292,Y,1,II,102190,True,1,0.95,AI Engineer || 15-1252.00 || Software Developers,15-1252.00||MI||52||Y||II,10,97891.9,95000.0,-4298.1,-7190.0,-4.20598884430962,-7.0359134944710835,0.9579401115569037,-0.057375707373920906
2550,Lead Vision Systems Engineer,17-2141.00,Mechanical Engineers,Smyrna,TN,33591,Y,1,IV,117582,True,1,0.85,Lead Vision Systems Engineer || 17-2141.00 || Mechanical Engineers,17-2141.00||TN||33||Y||IV,9,114983.77777777778,125000.0,-2598.222222222222,7418.0,-2.209710858993913,6.308788760184382,0.9779028914100609,-0.0344844536964766
107897,"Investigator, Modeling & Simulation",17-2041.00,Chemical Engineers,Collegeville,PA,32541,Y,1,III,120411,False,0,0.05,"Investigator, Modeling & Simulation || 17-2041.00 || Chemical Engineers",17-2041.00||PA||32||Y||III,11,97647.18181818182,95000.0,-22763.81818181818,-25411.0,-18.905098522409233,-21.103553662040845,0.8109490147759076,-0.22351768494847543
51244,Head of AI Operations,15-2031.00,Operations Research Analysts,Mountain View,CA,541511,Y,1,III,125694,True,1,0.95,Head of AI Operations || 15-2031.00 || Operations Research Analysts,15-2031.00||CA||54||Y||III,11,245895.18181818182,209847.0,120201.18181818182,84153.0,95.63000765206121,66.95068977039477,1.956300076520612,0.46914185468974523
53613,"Senior Consultant, EBP Analytics",15-2031,Operations Research Analysts,Cambridge,MA,541618,Y,1,II,85654,False,0,0.15,"Senior Consultant, EBP Analytics || 15-2031 || Operations Research Analysts",15-2031||MA||54||Y||II,11,108268.90909090909,118919.0,22614.909090909092,33265.0,26.402630456148096,38.836481658766665,1.264026304561481,0.20535262681588778
22128,Master Data Management (MDM) Lead Engineer,15-2051.00,Data Scientists,Plano,TX,522220,Y,1,IV,141773,False,0,0.15,Master Data Management (MDM) Lead Engineer || 15-2051.00 || Data Scientists,15-2051.00||TX||52||Y||IV,12,118995.25,133021.5,-22777.75,-8751.5,-16.06635254949814,-6.172896108567922,0.8393364745050186,-0.20103517847137345
9727,Principal AI/ML System Software Engineer,15-1252.00,Software Developers,Santa Clara,CA,541512,Y,1,IV,264514,True,1,0.95,Principal AI/ML System Software Engineer || 15-1252.00 || Software Developers,15-1252.00||CA||54||Y||IV,11,242404.27272727274,180000.0,-22109.727272727272,-84514.0,-8.358622709091874,-31.95067179809008,0.9164137729090812,-0.2893352824725844
58654,ML Engineer,15-1295.00,"Software Developers, Non R&D",Cincinnati,OH,622310,Y,1,I,73237,True,1,0.95,"ML Engineer || 15-1295.00 || Software Developers, Non R&D",15-1295.00||OH||62||Y||I,10,93752.1,98500.0,20515.1,25263.0,28.011933858568757,34.49485915589115,1.2801193385856877,0.22239587562324648
114898,Computer and Information Systems Managers - KBGFJG47994-14,11-3021.00,Computer and Information Systems Managers,Jersey City,NJ,541211,Y,1,III,219440,False,0,0.1,Computer and Information Systems Managers - KBGFJG47994-14 || 11-3021.00 || Computer and Information Systems Managers,11-3021.00||NJ||54||Y||III,10,134810.0,140000.0,-84630.0,-79440.0,-38.56635071090047,-36.20123951877507,0.6143364928909952,-0.504963549714011
117159,"Machine Learning Engineer, Growth",15-1252.00,Software Developers,San Francisco,CA,513210,Y,1,IV,206315,True,1,0.95,"Machine Learning Engineer, Growth || 15-1252.00 || Software Developers",15-1252.00||CA||51||Y||IV,11,220855.54545454544,162000.0,14540.545454545454,-44315.0,7.047740326464603,-21.479291374839445,1.070477403264646,-0.13944325845330302
32969,Engineering Manager,11-9041.00,Architectural and Engineering Managers,San Francisco,CA,541511,Y,1,I,149490,False,0,0.05,Engineering Manager || 11-9041.00 || Architectural and Engineering Managers,11-9041.00||CA||54||Y||I,12,221492.58333333334,162455.5,72002.58333333333,12965.5,48.165484870782876,8.673155395009701,1.481654848707829,0.20217884402368602
79643,Architect,17-2072.00,"Electronics Engineers, Except Computer",Santa Clara,CA,334111,Y,50,IV,216091,False,0,0.05,"Architect || 17-2072.00 || Electronics Engineers, Except Computer",17-2072.00||CA||33||Y||IV,11,210640.27272727274,140000.0,-5450.727272727273,-76091.0,-2.5224221613705704,-35.212479927437975,0.9747757783862944,-0.3066581151515341
50719,AI Engineer II,15-1252.00,Software Developers,Houston,TX,926130,Y,1,II,105976,True,1,0.95,AI Engineer II || 15-1252.00 || Software Developers,15-1252.00||TX||92||Y||II,10,116186.0,120000.0,10210.0,14024.0,9.634256812863288,13.2331848720465,1.096342568128633,0.08227456568954601
5732,Automation Test Engineer,15-1252.00,Software Developers,Chandler,AZ,541511,Y,1,II,111072,False,0,0.1,Automation Test Engineer || 15-1252.00 || Software Developers,15-1252.00||AZ||54||Y||II,10,90884.2,91850.0,-20187.8,-19222.0,-18.17541774704696,-17.3058916738692,0.8182458225295305,-0.2091458950420467
36216,"Senior Software Engineer, Storage Content",15-1252.00,Software Developers,Redwood City,CA,518210,Y,1,III,187574,False,0,0.05,"Senior Software Engineer, Storage Content || 15-1252.00 || Software Developers",15-1252.00||CA||51||Y||III,11,202264.63636363635,145000.0,14690.636363636364,-42574.0,7.831915064793825,-22.697175514730187,1.0783191506479382,-0.18101866489513893
88639,"Staff Research Scientist, Decision Sciences",15-1221.00,Computer and Information Research Scientists,Chicago,IL,518210,Y,1,II,90064,True,1,0.85,"Staff Research Scientist, Decision Sciences || 15-1221.00 || Computer and Information Research Scientists",15-1221.00||IL||51||Y||II,11,115859.0,120000.0,25795.0,29936.0,28.64074435956653,33.23858589447504,1.2864074435956654,0.2326321413634914
71163,Software Engineer,15-1252.00,Software Developers,New York,NY,541519,Y,1,III,160805,False,0,0.15,Software Engineer || 15-1252.00 || Software Developers,15-1252.00||NY||54||Y||III,11,114128.18181818182,110000.0,-46676.818181818184,-50805.0,-29.026969423723255,-31.59416684804577,0.7097303057627674,-0.3585400035805897
40949,Graphics Hardware Engineer,17-2072.00,"Electronics Engineers, Except Computer",Folsom,CA,3344,Y,1,III,132995,False,0,0.15,"Graphics Hardware Engineer || 17-2072.00 || Electronics Engineers, Except Computer",17-2072.00||CA||33||Y||III,10,124974.9,125524.5,-8020.1,-7470.5,-6.030377081845183,-5.61712846347607,0.939696229181548,-0.0794155623572637
8548,Senior Manager- Gen AI Architect,15-1299.08,Computer Systems Engineers/Architects,San Antonio,TX,541511,Y,1,III,111862,True,1,0.95,Senior Manager- Gen AI Architect || 15-1299.08 || Computer Systems Engineers/Architects,15-1299.08||TX||54||Y||III,10,216300.0,150000.0,104438.0,38138.0,93.36325114873685,34.09379413920724,1.9336325114873685,0.42816265955446386
103777,Data Scientist,15-2031.00,Operations Research Analysts,St. Louis,MO,541714,Y,1,IV,78811,True,1,0.85,Data Scientist || 15-2031.00 || Operations Research Analysts,15-2031.00||MO||54||Y||IV,11,104588.0,115000.0,25777.0,36189.0,32.70736318534215,45.91871693037774,1.3270736318534215,0.2571559874533735
55996,"Director, AI Cloud Quality Engineering",11-3021.00,Computer and Information Systems Managers,San Francisco,CA,541511,Y,1,IV,274456,True,1,0.85,"Director, AI Cloud Quality Engineering || 11-3021.00 || Computer and Information Systems Managers",11-3021.00||CA||54||Y||IV,10,283384.7,229423.5,8928.7,-45032.5,3.2532354912991517,-16.40791237939779,1.0325323549129914,-0.10066005323264413
26069,Data Scientist,15-2051.00,Data Scientists,Dallas,TX,54151,Y,1,II,96034,True,1,0.85,Data Scientist || 15-2051.00 || Data Scientists,15-2051.00||TX||54||Y||II,9,105991.0,105000.0,9957.0,8966.0,10.368202928129621,9.336276735322906,1.103682029281296,0.08255398443174498
32226,Sr. Machine Learning Engineer,15-1252.00,Software Developers,Palo Alto,CA,519290,Y,1,III,226138,True,1,0.95,Sr. Machine Learning Engineer || 15-1252.00 || Software Developers,15-1252.00||CA||51||Y||III,11,211946.45454545456,160000.0,-14191.545454545454,-66138.0,-6.275612879987199,-29.246743139145124,0.937243871200128,-0.28860845596855306
9318,"Senior Manager, Data Science",11-3021.00,Computer and Information Systems Managers,Bellevue,WA,455219,Y,10,III,242320,True,1,0.85,"Senior Manager, Data Science || 11-3021.00 || Computer and Information Systems Managers",11-3021.00||WA||45||Y||III,9,245767.88888888888,160000.0,3447.8888888888887,-82320.0,1.4228659990462564,-33.97160779135028,1.0142286599904626,-0.2420624424698246
67331,Senior Staff/Manager Camera Software Engineer,15-1252.00,Software Developers,San Diego,CA,334220,Y,1,IV,184974,False,0,0.15,Senior Staff/Manager Camera Software Engineer || 15-1252.00 || Software Developers,15-1252.00||CA||33||Y||IV,11,205272.72727272726,150000.0,20298.727272727272,-34974.0,10.973827279902732,-18.907522138246456,1.1097382727990273,-0.13896775100251268
107384,"Extended Reality Lead, ML",17-2011.00,Aerospace Engineers,Dallas,TX,541310,Y,1,I,92498,True,1,0.85,"Extended Reality Lead, ML || 17-2011.00 || Aerospace Engineers",17-2011.00||TX||54||Y||I,12,122311.91666666667,127021.5,29813.916666666668,34523.5,32.23195816846491,37.32350969750697,1.322319581684649,0.2596158231969434
59114,Senior Machine Learning Engineer,15-1252.00,Software Developers,New York,NY,51121,Y,1,III,160805,True,1,0.95,Senior Machine Learning Engineer || 15-1252.00 || Software Developers,15-1252.00||NY||51||Y||III,10,214991.1,147500.0,54186.1,-13305.0,33.69677559777371,-8.2739964553341,1.3369677559777369,0.05831930271365717
85066,Senior Data Scientist,15-2031,Operations Research Analysts,Quincy,MA,541618,Y,1,II,85654,True,1,0.85,Senior Data Scientist || 15-2031 || Operations Research Analysts,15-2031||MA||54||Y||II,10,115011.7,117500.0,29357.7,31846.0,34.27475657879375,37.17981647091788,1.3427475657879375,0.2781666457851523
37879,Software Engineer,15-1252.00,Software Developers,San Diego,CA,54171,Y,1,III,94973,False,0,0.15,Software Engineer || 15-1252.00 || Software Developers,15-1252.00||CA||54||Y||III,11,109982.72727272728,110000.0,15009.727272727272,15027.0,15.804204639979018,15.822391627094015,1.1580420463997902,0.11540273149382782
113025,Senior Software Engineer,15-1252.00,Software Developers,New York,NY,51929,Y,1,III,151819,False,0,0.1,Senior Software Engineer || 15-1252.00 || Software Developers,15-1252.00||NY||51||Y||III,11,128874.63636363637,135000.0,-22944.363636363636,-16819.0,-15.11297244505868,-11.078323529992952,0.8488702755494132,-0.18643919179603896
20090,Vice President,15-2051.00,Data Scientists,New York,NY,5231,Y,1,III,139506,True,1,0.95,Vice President || 15-2051.00 || Data Scientists,15-2051.00||NY||52||Y||III,10,240000.0,179000.0,100494.0,39494.0,72.03561137155391,28.309893481283957,1.720356113715539,0.3391789194948256
101764,Staff Computer Vision Software Engineer,15-1252.00,Software Developers,Burlingame,CA,541330,Y,1,II,161637,True,1,0.95,Staff Computer Vision Software Engineer || 15-1252.00 || Software Developers,15-1252.00||CA||54||Y||II,11,127055.54545454546,129000.0,-34581.454545454544,-32637.0,-21.39451644453593,-20.19154030327215,0.7860548355546406,-0.27594122084802386
92851,Sr. SW Engineer Maps and Navigation ADAS/AD,15-1252.00,Software Developers,Newark,CA,336110,Y,1,III,187574,True,1,0.85,Sr. SW Engineer Maps and Navigation ADAS/AD || 15-1252.00 || Software Developers,15-1252.00||CA||33||Y||III,10,212200.0,150000.0,24626.0,-37574.0,13.128685212236238,-20.03156087730709,1.1312868521223625,-0.1210245649567561
50169,"Software Engineer, Machine Learning",15-1252.00,Software Developers,San Francisco,CA,541512,Y,1,II,161637,True,1,0.95,"Software Engineer, Machine Learning || 15-1252.00 || Software Developers",15-1252.00||CA||54||Y||II,11,200582.81818181818,135000.0,38945.818181818184,-26637.0,24.094618300152923,-16.47951892202899,1.2409461830015294,-0.02994075970067701
97191,Engineer “ BI (Microstrategy),15-2051.00,Data Scientists,Plano,TX,456191,Y,1,II,96034,False,0,0.15,Engineer “ BI (Microstrategy) || 15-2051.00 || Data Scientists,15-2051.00||TX||45||Y||II,11,99852.36363636363,110000.0,3818.3636363636365,13966.0,3.976053935443318,14.542766103671616,1.0397605393544334,0.015977671242571614
61245,Software Engineering,15-1252.00,Software Developers,San Francisco,CA,513210,Y,1,III,187574,False,0,0.15,Software Engineering || 15-1252.00 || Software Developers,15-1252.00||CA||51||Y||III,11,202037.36363636365,135000.0,14463.363636363636,-52574.0,7.710750763092772,-28.02840478957638,1.0771075076309278,-0.17090973424061706
20107,AI Engineer,15-1252.00,Software Developers,Ocoee,FL,541511,Y,1,II,99195,True,1,0.95,AI Engineer || 15-1252.00 || Software Developers,15-1252.00||FL||54||Y||II,10,101441.6,109375.0,2246.6,10180.0,2.26483189676899,10.262614043046526,1.02264831896769,0.006536510649642402
65501,"Staff Software Engineer, AI Platform",15-1252.00,Software Developers,Sunnyvale,CA,541512,Y,1,III,226138,True,1,0.95,"Staff Software Engineer, AI Platform || 15-1252.00 || Software Developers",15-1252.00||CA||54||Y||III,11,205582.81818181818,155000.0,-20555.18181818182,-71138.0,-9.089662868771201,-31.45778241604684,0.909103371312288,-0.3374002016620231
20631,Head of Production,17-2112.00,Industrial Engineers,Austin,TX,335312,Y,1,IV,132891,False,0,0.05,Head of Production || 17-2112.00 || Industrial Engineers,17-2112.00||TX||33||Y||IV,12,124471.83333333333,128021.5,-8419.166666666666,-4869.5,-6.33539266516669,-3.6642812530570166,0.9366460733483332,-0.08706579246667119
44290,Senior Machine Learning Engineer,17-2061.00,Computer Hardware Engineers,Cambridge,MA,541380,Y,1,II,148200,True,1,0.95,Senior Machine Learning Engineer || 17-2061.00 || Computer Hardware Engineers,17-2061.00||MA||54||Y||II,9,136434.55555555556,135000.0,-11765.444444444445,-13200.0,-7.938896386264807,-8.906882591093117,0.9206110361373518,-0.10260619291989058
102397,Sr. Product Analyst,15-2051.00,Data Scientists,Chicago,IL,811310,Y,1,III,119558,False,0,0.15,Sr. Product Analyst || 15-2051.00 || Data Scientists,15-2051.00||IL||81||Y||III,11,111212.54545454546,115000.0,-8345.454545454546,-4558.0,-6.980256064382598,-3.8123755833988526,0.9301974393561742,-0.08414099870597753
16704,Software Engineer “ AI Agent & Infrastructure,15-1252.00,Software Developers,Stanford,CA,334610,Y,1,III,226138,True,1,0.95,Software Engineer “ AI Agent & Infrastructure || 15-1252.00 || Software Developers,15-1252.00||CA||33||Y||III,11,200401.0,135000.0,-25737.0,-91138.0,-11.381103573923887,-40.3019395236537,0.8861889642607611,-0.37243202281195614
108860,Senior Machine Learning Engineer - KBGFJG343443-1,15-1252.00,Software Developers,Newark,NJ,524210,Y,1,II,123656,True,1,0.95,Senior Machine Learning Engineer - KBGFJG343443-1 || 15-1252.00 || Software Developers,15-1252.00||NJ||52||Y||II,10,121212.1,132000.0,-2443.9,8344.0,-1.9763699294817887,6.747751827650903,0.980236300705182,-0.04405542969308858
12472,Applied AI Engineer,15-1252.00,Software Developers,San Francisco,CA,51321,Y,1,II,161637,True,1,0.95,Applied AI Engineer || 15-1252.00 || Software Developers,15-1252.00||CA||51||Y||II,11,128828.27272727272,135000.0,-32808.72727272727,-26637.0,-20.29778285462318,-16.47951892202899,0.7970221714537682,-0.2555113853131699
116653,"Director, AI Solution Architecture",11-3021.00,Computer and Information Systems Managers,Redwood City,CA,518210,Y,1,II,200304,True,1,0.95,"Director, AI Solution Architecture || 11-3021.00 || Computer and Information Systems Managers",11-3021.00||CA||51||Y||II,10,253800.0,191500.0,53496.0,-8804.0,26.707404744787926,-4.395319114945283,1.267074047447879,0.06316053703370983
40154,Lead Securities Quantitative Analytics Specialist (000700),15-2041.00,Statisticians,New York,NY,52399,Y,1,IV,175781,False,0,0.15,Lead Securities Quantitative Analytics Specialist (000700) || 15-2041.00 || Statisticians,15-2041.00||NY||52||Y||IV,11,152005.0,150000.0,-23776.0,-25781.0,-13.525921459088297,-14.666545303531098,0.864740785409117,-0.17236606676151228
74999,Software Engineer,15-1221.00,Computer and Information Research Scientists,Milpitas,CA,33331,Y,1,II,164403,False,0,0.15,Software Engineer || 15-1221.00 || Computer and Information Research Scientists,15-1221.00||CA||33||Y||II,11,179652.45454545456,125000.0,15249.454545454546,-39403.0,9.275654668986908,-23.96732419724701,1.092756546689869,-0.24555977964206688
102487,AI/ML Computational Science Assoc Mgr,15-1211,Computer Systems Analysts,Morristown,NJ,5416,Y,1,III,127234,True,1,0.95,AI/ML Computational Science Assoc Mgr || 15-1211 || Computer Systems Analysts,15-1211||NJ||54||Y||III,10,120112.1,121500.0,-7121.9,-5734.0,-5.597481805177861,-4.506657025637802,0.9440251819482214,-0.07086932968408685
12397,Senior .NET Developer,15-1252.00,Software Developers,Leander,TX,541511,Y,1,II,114754,False,0,0.05,Senior .NET Developer || 15-1252.00 || Software Developers,15-1252.00||TX||54||Y||II,10,107604.0,115000.0,-7150.0,246.0,-6.2307196263311075,0.21437161231852483,0.937692803736689,-0.07859656036722296
87082,Director of Strategy and Corporate Development,15-2031.00,Operations Research Analysts,Playa Vista,CA,512110,Y,1,IV,119704,False,0,0.05,Director of Strategy and Corporate Development || 15-2031.00 || Operations Research Analysts,15-2031.00||CA||51||Y||IV,11,234503.72727272726,160000.0,114799.72727272728,40296.0,95.90300012758743,33.66303548753592,1.9590300012758746,0.4467772374183924
31155,"Associate, Model Development",15-2051.00,Data Scientists,Dallas,TX,522220,Y,1,III,118893,True,1,0.95,"Associate, Model Development || 15-2051.00 || Data Scientists",15-2051.00||TX||52||Y||III,11,106451.63636363637,115000.0,-12441.363636363636,-3893.0,-10.464336534836901,-3.2743727553346287,0.8953566346516311,-0.12981171697783658
58017,IAC Researcher,15-2041.00,Statisticians,San Francisco,CA,523920,Y,1,IV,178214,False,0,0.15,IAC Researcher || 15-2041.00 || Statisticians,15-2041.00||CA||52||Y||IV,9,129801.22222222222,130000.0,-48412.77777777778,-48214.0,-27.165530080564814,-27.053991268923877,0.7283446991943519,-0.33253433439921387
27064,Software Engineering Systems,15-2041.00,Statisticians,Sunnyvale,CA,334111,Y,1,IV,195354,False,0,0.1,Software Engineering Systems || 15-2041.00 || Statisticians,15-2041.00||CA||33||Y||IV,11,125973.72727272728,135000.0,-69380.27272727272,-60354.0,-35.51515337657418,-30.89468349765042,0.6448484662342582,-0.4815338158583081
32553,Software Engineer “ Machine Learning Perception,15-1252.00,Software Developers,Mountain View,CA,541715,Y,1,III,226138,True,1,0.95,Software Engineer “ Machine Learning Perception || 15-1252.00 || Software Developers,15-1252.00||CA||54||Y||III,11,204310.0909090909,145000.0,-21827.909090909092,-81138.0,-9.652472866528,-35.87986096985027,0.9034752713347199,-0.34145825459961415
23626,"Director, Business Insights",15-2051.01,Business Intelligence Analysts,San Francisco,CA,541511,Y,1,IV,194834,False,0,0.15,"Director, Business Insights || 15-2051.01 || Business Intelligence Analysts",15-2051.01||CA||54||Y||IV,11,222083.54545454544,160000.0,27249.545454545456,-34834.0,13.98603193207831,-17.878809653345925,1.139860319320783,-0.0832950077641381
14122,"Sr. Analyst, Online Merchandising Solutions",15-2031.00,Operations Research Analysts,Atlanta,GA,444110,Y,1,III,82701,False,0,0.15,"Sr. Analyst, Online Merchandising Solutions || 15-2031.00 || Operations Research Analysts",15-2031.00||GA||44||Y||III,12,98836.66666666667,99110.5,16135.666666666666,16409.5,19.510848317029623,19.84196079853932,1.1951084831702963,0.15343440420173135
58969,System Validation Engineer,17-2072.00,"Electronics Engineers, Except Computer",Folsom,CA,3344,Y,1,III,132995,False,0,0.05,"System Validation Engineer || 17-2072.00 || Electronics Engineers, Except Computer",17-2072.00||CA||33||Y||III,10,105759.2,102500.0,-27235.8,-30495.0,-20.478814993044853,-22.92943343734727,0.7952118500695515,-0.2458271421505403
89960,Power Systems Consultant,17-2071.00,Electrical Engineers,Fremont,CA,334512,Y,1,II,134056,False,0,0.05,Power Systems Consultant || 17-2071.00 || Electrical Engineers,17-2071.00||CA||33||Y||II,12,107822.66666666667,117500.0,-26233.333333333332,-16556.0,-19.568936364902232,-12.350062660380736,0.8043106363509777,-0.2471062581365883
11167,Software Dev Engineer III,15-1252.00,Software Developers,East Palo Alto,CA,518210,Y,1,III,226138,False,0,0.15,Software Dev Engineer III || 15-1252.00 || Software Developers,15-1252.00||CA||51||Y||III,11,207537.36363636365,160000.0,-18600.636363636364,-66138.0,-8.225347515073258,-29.246743139145124,0.9177465248492674,-0.32388942104554985
1721,Principal Data/AI Engineering,15-1252.00,Software Developers,Plano,TX,517112,Y,1,II,112923,True,1,0.95,Principal Data/AI Engineering || 15-1252.00 || Software Developers,15-1252.00||TX||51||Y||II,10,135538.5,143342.5,22615.5,30419.5,20.02736377885816,26.938267669119668,1.2002736377885816,0.16510526221456168
82321,IandF Decision Sci Practitioner Senior Mgr,13-1111.00,Management Analysts,Florham Park,NJ,5416,Y,1,IV,156645,True,1,0.85,IandF Decision Sci Practitioner Senior Mgr || 13-1111.00 || Management Analysts,13-1111.00||NJ||54||Y||IV,10,138041.1,147255.5,-18603.9,-9389.5,-11.87647227808101,-5.99412684732995,0.8812352772191898,-0.14045813222298342
53793,AI/ML FULL STACK DEVELOPER - I,15-1252.00,Software Developers,FRISCO,TX,541512,Y,1,I,90896,True,1,0.95,AI/ML FULL STACK DEVELOPER - I || 15-1252.00 || Software Developers,15-1252.00||TX||54||Y||I,11,108431.54545454546,118000.0,17535.545454545456,27104.0,19.291878030436383,29.818693891920436,1.1929187803043637,0.1560883646394717
84069,Product Manager,15-1221.00,Computer and Information Research Scientists,Los Altos,CA,513210,Y,1,I,127712,False,0,0.1,Product Manager || 15-1221.00 || Computer and Information Research Scientists,15-1221.00||CA||51||Y||I,12,194200.91666666666,140000.0,66488.91666666667,12288.0,52.06160475653553,9.621648709596592,1.5206160475653554,0.1833750208680097
108241,Machine Learning,15-1252.00,Software Developers,Seattle,WA,334111,Y,1,IV,190486,True,1,0.95,Machine Learning || 15-1252.00 || Software Developers,15-1252.00||WA||33||Y||IV,11,130373.72727272728,130000.0,-60112.27272727273,-60486.0,-31.557317979942216,-31.75351469399326,0.6844268202005779,-0.4023042979913461
74686,Sr Autopilot Machine Learning Engineer,15-1252.00,Software Developers,Palo Alto,CA,336110,Y,1,III,226138,True,1,0.95,Sr Autopilot Machine Learning Engineer || 15-1252.00 || Software Developers,15-1252.00||CA||33||Y||III,11,214082.81818181818,160000.0,-12055.181818181818,-66138.0,-5.330896098038287,-29.246743139145124,0.9466910390196172,-0.2920541995864546
58162,Applied Scientist II,15-1221.00,Computer and Information Research Scientists,New York,NY,541810,Y,1,II,147867,True,1,0.95,Applied Scientist II || 15-1221.00 || Computer and Information Research Scientists,15-1221.00||NY||54||Y||II,11,121164.63636363637,125000.0,-26702.363636363636,-22867.0,-18.058365718086954,-15.464572893208086,0.8194163428191306,-0.2185849896295281
20375,Research Scientist - Causal MachineLearning & Materials Sim,15-1221.00,Computer and Information Research Scientists,Oak Ridge,TN,54171,Y,1,II,79934,True,1,0.95,Research Scientist - Causal MachineLearning & Materials Sim || 15-1221.00 || Computer and Information Research Scientists,15-1221.00||TN||54||Y||II,11,107542.54545454546,115000.0,27608.545454545456,35066.0,34.53917663890892,43.868691670628266,1.3453917663890893,0.27782973141677575
115077,Software Developer (Ai/Cloud),15-1252.00,Software Developers,Folsom,CA,541511,Y,1,II,121451,True,1,0.85,Software Developer (Ai/Cloud) || 15-1252.00 || Software Developers,15-1252.00||CA||54||Y||II,11,107207.90909090909,115000.0,-14243.09090909091,-6451.0,-11.727438151263398,-5.311607150208726,0.8827256184873661,-0.1611734425021882
51060,UX Researcher,15-1221.00,Computer and Information Research Scientists,Los Angeles,CA,541512,Y,1,I,87797,False,0,0.1,UX Researcher || 15-1221.00 || Computer and Information Research Scientists,15-1221.00||CA||54||Y||I,10,108319.5,116500.0,20522.5,28703.0,23.374944474184765,32.69246101803023,1.2337494447418478,0.18550308375341285
57952,Senior Engagement Manager,13-1111.00,Management Analysts,Atlanta,GA,54161,Y,1,IV,139485,False,0,0.0,Senior Engagement Manager || 13-1111.00 || Management Analysts,13-1111.00||GA||54||Y||IV,11,118201.0,125000.0,-21284.0,-14485.0,-15.25898842169409,-10.384629171595511,0.8474101157830591,-0.1934749981600745
50497,"Vice President, Principal Solutions Architect, GenAI",15-1299.09,Information Technology Project Managers,Jersey City,NJ,5241,Y,1,IV,158974,True,1,0.95,"Vice President, Principal Solutions Architect, GenAI || 15-1299.09 || Information Technology Project Managers",15-1299.09||NJ||52||Y||IV,12,249153.91666666666,197423.5,90179.91666666667,38449.5,56.726204704333206,24.18603042006869,1.567262047043332,0.2684934939747385
6671,Dataiku Engineer,15-2051.00,Data Scientists,North Chicago,IL,541512,Y,1,II,96928,True,1,0.85,Dataiku Engineer || 15-2051.00 || Data Scientists,15-2051.00||IL||54||Y||II,10,98883.8,101500.0,1955.8,4572.0,2.0177863981512045,4.716903268405415,1.020177863981512,-0.003973700120407031
88838,Manager,15-2031.00,Operations Research Analysts,Newbury Park,CA,541511,Y,1,III,98946,False,0,0.15,Manager || 15-2031.00 || Operations Research Analysts,15-2031.00||CA||54||Y||III,10,113799.8,117500.0,14853.8,18554.0,15.012026762072242,18.75164230994684,1.1501202676207225,0.12236644822123192
23678,Software Developer,15-1252.00,Software Developers,Charlotte,NC,541511,Y,1,I,91291,False,0,0.15,Software Developer || 15-1252.00 || Software Developers,15-1252.00||NC||54||Y||I,12,86785.08333333333,87850.0,-4505.916666666667,-3441.0,-4.935773150328802,-3.769265316405779,0.9506422684967121,-0.0747481851549024
48464,Enterprise AI Architect,15-1299.08,Computer Systems Engineers/Architects,Newport Beach,CA,541511,Y,1,II,115835,True,1,0.95,Enterprise AI Architect || 15-1299.08 || Computer Systems Engineers/Architects,15-1299.08||CA||54||Y||II,11,206810.0909090909,155000.0,90975.09090909091,39165.0,78.53851677739102,33.81102430180861,1.7853851677739103,0.3445931628056586
46303,Senior Product Manager II,15-1299.09,Information Technology Project Managers,Redwood City,CA,541511,Y,1,III,150405,False,0,0.1,Senior Product Manager II || 15-1299.09 || Information Technology Project Managers,15-1299.09||CA||54||Y||III,10,220491.1,157500.0,70086.1,7095.0,46.59825138791929,4.717263388850105,1.4659825138791929,0.16085574053861434
96383,Lead Business Systems Analyst,15-1299.09,Information Technology Project Managers,CUMMING,GA,524114,Y,1,IV,130562,False,0,0.05,Lead Business Systems Analyst || 15-1299.09 || Information Technology Project Managers,15-1299.09||GA||52||Y||IV,11,116631.18181818182,123000.0,-13930.818181818182,-7562.0,-10.669887242703224,-5.791884315497618,0.8933011275729679,-0.12857660642563637
115685,Sr. Data Scientist,15-1252.00,Software Developers,Cary,NC,541511,Y,1,IV,154877,True,1,0.95,Sr. Data Scientist || 15-1252.00 || Software Developers,15-1252.00||NC||54||Y||IV,10,121585.8,130521.5,-33291.2,-24355.5,-21.495251070204098,-15.725704914222254,0.7850474892979591,-0.2608995818269186
45107,"Director, Data Science & AI",15-1299.09,Information Technology Project Managers,San Ramon,CA,541511,Y,1,III,150405,True,1,0.95,"Director, Data Science & AI || 15-1299.09 || Information Technology Project Managers",15-1299.09||CA||54||Y||III,10,242891.1,168955.5,92486.1,18550.5,61.491373292111305,12.333699012665804,1.614913732921113,0.2834597303740759
110309,Principal Mechanical Engineer,17-2141.00,Mechanical Engineers,Rochester,NY,333310,Y,1,IV,105061,False,0,0.0,Principal Mechanical Engineer || 17-2141.00 || Mechanical Engineers,17-2141.00||NY||33||Y||IV,12,123995.25,133021.5,18934.25,27960.5,18.02214903722599,26.613586392667116,1.1802214903722599,0.14397826509570674
66162,Staff Machine Learning Engineer,15-1252.00,Software Developers,Sunnyvale,CA,541511,Y,1,II,187741,True,1,0.95,Staff Machine Learning Engineer || 15-1252.00 || Software Developers,15-1252.00||CA||54||Y||II,11,201037.36363636365,145000.0,13296.363636363636,-42741.0,7.082290834907472,-22.765938180791622,1.0708229083490748,-0.18346829389802705
12086,Sr. BI Engineer II,15-2051.00,Data Scientists,Reading,MA,513210,Y,1,III,137946,False,0,0.15,Sr. BI Engineer II || 15-2051.00 || Data Scientists,15-2051.00||MA||51||Y||III,9,118577.22222222222,125000.0,-19368.777777777777,-12946.0,-14.040840457699227,-9.384831745755585,0.8595915954230077,-0.16295605339284494
116599,Senior Staff/Manager Software Engineer,15-1252.00,Software Developers,San Diego,CA,334220,Y,1,IV,177154,False,0,0.15,Senior Staff/Manager Software Engineer || 15-1252.00 || Software Developers,15-1252.00||CA||33||Y||IV,11,211355.54545454544,160000.0,34201.545454545456,-17154.0,19.3061096303473,-9.683100579157118,1.193061096303473,-0.06123764453591156
112564,Artificial Intelligence Machine Learning Engineer,15-1252.00,Software Developers,Washington,DC,541511,Y,1,II,122699,True,1,1.0,Artificial Intelligence Machine Learning Engineer || 15-1252.00 || Software Developers,15-1252.00||DC||54||Y||II,11,122428.81818181818,135000.0,-270.1818181818182,12301.0,-0.22019887544463917,10.025346579841726,0.9977980112455537,-0.022411703816657278
106762,Mechanical Engineers,17-2141.00,Mechanical Engineers,Sunnyvale,CA,334111,Y,25,III,155043,False,0,0.05,Mechanical Engineers || 17-2141.00 || Mechanical Engineers,17-2141.00||CA||33||Y||III,11,191899.18181818182,125000.0,36856.181818181816,-30043.0,23.771587119819547,-19.377205033442337,1.2377158711981955,-0.13226125344556666
64665,"Apps, Systems and Data Analyst",15-2051.01,Business Intelligence Analysts,Brighton,MA,611310,Y,1,II,86424,False,0,0.15,"Apps, Systems and Data Analyst || 15-2051.01 || Business Intelligence Analysts",15-2051.01||MA||61||Y||II,10,88612.1,85450.0,2188.1,-974.0,2.5318198648523556,-1.127001758770712,1.0253181986485236,0.0163230396936358
67035,Senior Engineering Manager,11-3021.00,Computer and Information Systems Managers,San Francisco,CA,511210,Y,1,II,200907,False,0,0.1,Senior Engineering Manager || 11-3021.00 || Computer and Information Systems Managers,11-3021.00||CA||51||Y||II,11,234454.54545454544,173000.0,33547.545454545456,-27907.0,16.698047083747934,-13.890506552783128,1.1669804708374794,-0.043676277101583144
3883,Head of Enterprise Data & AI Practice,11-3021.00,Computer and Information Systems Managers,Richmond,TX,541511,Y,1,III,178984,True,1,0.95,Head of Enterprise Data & AI Practice || 11-3021.00 || Computer and Information Systems Managers,11-3021.00||TX||54||Y||III,10,241604.3,171500.0,62620.3,-7484.0,34.98653510928351,-4.18137934117016,1.3498653510928351,0.10914444997899633
113999,Data Scientist - Analytics,15-2051.00,Data Scientists,Menlo Park,CA,5231,Y,1,II,128398,True,1,0.85,Data Scientist - Analytics || 15-2051.00 || Data Scientists,15-2051.00||CA||52||Y||II,11,124747.0,135000.0,-3651.0,6602.0,-2.843502235237309,5.141824639013069,0.971564977647627,-0.05817270693902026
63728,"AVP Tech, Software Development",15-1252.00,Software Developers,New York,NY,52399,Y,1,III,160805,False,0,0.1,"AVP Tech, Software Development || 15-1252.00 || Software Developers",15-1252.00||NY||52||Y||III,10,134754.7,140000.0,-26050.3,-20805.0,-16.19993159416685,-12.938030533876436,0.8380006840583315,-0.20292566637262333
63400,Software Engineer,15-2051.00,Data Scientists,San Francisco,CA,541511,Y,1,I,103522,True,1,0.95,Software Engineer || 15-2051.00 || Data Scientists,15-2051.00||CA||54||Y||I,12,126509.25,129000.0,22987.25,25478.0,22.20518343926895,24.611193755916617,1.2220518343926894,0.14656639484263012
105979,Staff Machine Learning Engineer,15-1252.00,Software Developers,New York,NY,54171,Y,1,IV,179982,True,1,0.95,Staff Machine Learning Engineer || 15-1252.00 || Software Developers,15-1252.00||NY||54||Y||IV,11,142673.72727272726,150000.0,-37308.27272727273,-29982.0,-20.728891070925275,-16.658332499916657,0.7927110892907472,-0.2741882686128616
14379,Researcher,19-3011.00,Economists,Los Angeles,CA,513210,Y,1,III,129958,False,0,0.05,Researcher || 19-3011.00 || Economists,19-3011.00||CA||51||Y||III,11,104249.36363636363,105000.0,-25708.636363636364,-24958.0,-19.78226531928497,-19.204666122901244,0.8021773468071504,-0.23778085966608664
1402,Senior Software Engineer,15-1252.00,Software Developers,Bellevue,WA,541990,Y,1,IV,212202,False,0,0.1,Senior Software Engineer || 15-1252.00 || Software Developers,15-1252.00||WA||54||Y||IV,11,136779.72727272726,150000.0,-75422.27272727272,-62202.0,-35.54267760307289,-29.312636073175558,0.6445732239692711,-0.4683149272787313
7972,Product Leader,17-2112.00,Industrial Engineers,New Albany,OH,327993,Y,1,IV,116584,False,0,0.05,Product Leader || 17-2112.00 || Industrial Engineers,17-2112.00||OH||32||Y||IV,10,119794.3,124000.0,3210.3,7416.0,2.753636862691278,6.361078707198243,1.0275363686269128,0.01621432604318258
77967,Architect,15-1299.08,Computer Systems Engineers/Architects,East Hanover,NJ,541511,Y,1,II,94682,False,0,0.15,Architect || 15-1299.08 || Computer Systems Engineers/Architects,15-1299.08||NJ||54||Y||II,10,116674.9,117500.0,21992.9,22818.0,23.22817430979489,24.099617667560885,1.232281743097949,0.19872481713401663
96710,Senior Data Scientist,15-1252.00,Software Developers,Morristown,NJ,541511,Y,1,II,131997,True,1,0.95,Senior Data Scientist || 15-1252.00 || Software Developers,15-1252.00||NJ||54||Y||II,9,123791.22222222222,130000.0,-8205.777777777777,-1997.0,-6.216639603762038,-1.5129131722690667,0.9378336039623796,-0.0797330992344083
16219,"Principal Software Engineer, Machine Learning Platform",15-1252.00,Software Developers,San Francisco,CA,541511,Y,1,IV,213512,True,1,0.95,"Principal Software Engineer, Machine Learning Platform || 15-1252.00 || Software Developers",15-1252.00||CA||54||Y||IV,11,252495.18181818182,198000.0,38983.181818181816,-15512.0,18.258075339176163,-7.265165423957436,1.1825807533917616,-0.008729107352762323
16331,Senior Data Scientist,15-2031.00,Operations Research Analysts,San Diego,CA,541512,Y,1,III,102066,True,1,0.85,Senior Data Scientist || 15-2031.00 || Operations Research Analysts,15-2031.00||CA||54||Y||III,11,123710.09090909091,130000.0,21644.090909090908,27934.0,21.20597545616651,27.368565438049888,1.212059754561665,0.17285312175411685
108620,Data Science Solutions Lead,15-1252.00,Software Developers,Atlanta,GA,524114,Y,1,III,127504,True,1,0.85,Data Science Solutions Lead || 15-1252.00 || Software Developers,15-1252.00||GA||52||Y||III,9,123861.0,131000.0,-3643.0,3496.0,-2.857165265403439,2.741874764713264,0.9714283473459656,-0.0460647470036112
21959,"Senior Machine Learning Engineer, Client Insights",15-1252.00,Software Developers,New York,NY,518210,Y,1,IV,189592,True,1,0.95,"Senior Machine Learning Engineer, Client Insights || 15-1252.00 || Software Developers",15-1252.00||NY||51||Y||IV,11,211409.0909090909,160000.0,21817.090909090908,-29592.0,11.507390031800345,-15.608253512806447,1.1150739003180035,-0.11404915858124844
10987,Software Developer,15-1252.00,Software Developers,Smyrna,GA,541511,Y,1,II,109283,False,0,0.15,Software Developer || 15-1252.00 || Software Developers,15-1252.00||GA||54||Y||II,10,88762.1,87850.0,-20520.9,-21433.0,-18.777760493397874,-19.612382529762176,0.8122223950660213,-0.21437128473546602
89217,Computer and Information Systems Managers - KBGFJG03733-23,11-3021.00,Computer and Information Systems Managers,New York,NY,541211,Y,1,IV,261248,False,0,0.1,Computer and Information Systems Managers - KBGFJG03733-23 || 11-3021.00 || Computer and Information Systems Managers,11-3021.00||NY||54||Y||IV,11,150922.45454545456,154000.0,-110325.54545454546,-107248.0,-42.230197151574544,-41.05218030377266,0.5776980284842547,-0.5886291114087321
62057,Product Manager,15-2051.00,Data Scientists,Kirkland,WA,541512,Y,1,III,163322,False,0,0.1,Product Manager || 15-2051.00 || Data Scientists,15-2051.00||WA||54||Y||III,9,130976.33333333333,135000.0,-32345.666666666668,-28322.0,-19.80484360139275,-17.341203267165476,0.8019515639860725,-0.24077334934173975
23503,NJAOC App Tech Specialist PEGA SSA (Software Developer),15-1252.00,Software Developers,Trenton,NJ,541511,Y,1,II,108222,False,0,0.1,NJAOC App Tech Specialist PEGA SSA (Software Developer) || 15-1252.00 || Software Developers,15-1252.00||NJ||54||Y||II,10,91804.5,94350.0,-16417.5,-13872.0,-15.170205688307368,-12.818096135721017,0.8482979431169262,-0.17170145657632307
43461,Senior Cellular System Test Engineer,15-1252.00,Software Developers,San Diego,CA,334220,Y,1,II,130187,False,0,0.05,Senior Cellular System Test Engineer || 15-1252.00 || Software Developers,15-1252.00||CA||33||Y||II,10,115219.5,117500.0,-14967.5,-12687.0,-11.496923655971795,-9.7452126556415,0.8850307634402821,-0.1433502608906659
26024,Thermal & HVAC Integration & Validation Engineer,17-2141.00,Mechanical Engineers,San Jose,CA,54171,Y,1,IV,185869,False,0,0.0,Thermal & HVAC Integration & Validation Engineer || 17-2141.00 || Mechanical Engineers,17-2141.00||CA||54||Y||IV,11,120949.36363636363,125000.0,-64919.63636363636,-60869.0,-34.92762987030455,-32.748333503704224,0.6507237012969544,-0.4638244265662379
20086,Software Engineer,15-2051.00,Data Scientists,San Francisco,CA,541511,Y,1,II,133952,True,1,0.95,Software Engineer || 15-2051.00 || Data Scientists,15-2051.00||CA||54||Y||II,12,122685.16666666667,128555.5,-11266.833333333334,-5396.5,-8.411097507564898,-4.028681915910177,0.915889024924351,-0.12906029106600947
43903,GenAI programmer,15-1251.00,Computer Programmers,Irving,TX,541511,Y,1,II,77418,True,1,0.95,GenAI programmer || 15-1251.00 || Computer Programmers,15-1251.00||TX||54||Y||II,9,103869.55555555556,110000.0,26451.555555555555,32582.0,34.167190518426665,42.08581983518045,1.3416719051842667,0.27602953467110247
40090,Lead Data Scientist,15-1252.00,Software Developers,Clifton Park,NY,524114,Y,1,IV,142626,True,1,0.85,Lead Data Scientist || 15-1252.00 || Software Developers,15-1252.00||NY||52||Y||IV,9,223179.0,145000.0,80553.0,2374.0,56.47848218417399,1.664493149916565,1.56478482184174,0.2049340243848573
69116,Software Development Engineering,15-1252.00,Software Developers,Cupertino,CA,334111,Y,1,IV,264514,False,0,0.15,Software Development Engineering || 15-1252.00 || Software Developers,15-1252.00||CA||33||Y||IV,11,205673.72727272726,150000.0,-58840.27272727273,-114514.0,-22.244672390600396,-43.292226498408404,0.777553276093996,-0.48365674425550575
42920,Lead Analyst - Data Science,15-2031.00,Operations Research Analysts,Richardson,TX,541511,Y,5,III,110802,True,1,0.85,Lead Analyst - Data Science || 15-2031.00 || Operations Research Analysts,15-2031.00||TX||54||Y||III,10,110161.9,116500.0,-640.1,5698.0,-0.5776971534809844,5.142506452952113,0.9942230284651903,-0.019463469900500206
58639,Senior Principal Software Engineer,15-1252.00,Software Developers,San Jose,CA,334515,Y,1,II,187741,False,0,0.1,Senior Principal Software Engineer || 15-1252.00 || Software Developers,15-1252.00||CA||33||Y||II,10,234204.7,169000.0,46463.7,-18741.0,24.748829504476912,-9.982369327957132,1.2474882950447692,0.010472845712942736
95063,Monetization Operations Analyst,15-2031.00,Operations Research Analysts,Seattle,WA,522320,Y,1,III,110822,False,0,0.1,Monetization Operations Analyst || 15-2031.00 || Operations Research Analysts,15-2031.00||WA||52||Y||III,12,99253.33333333333,104110.5,-11568.666666666666,-6711.5,-10.438962179591295,-6.05610799299778,0.8956103782040871,-0.12568551585387086
109752,HRI Scientist,15-2051.00,Data Scientists,Buffalo,NY,54171,Y,1,II,82618,True,1,0.95,HRI Scientist || 15-2051.00 || Data Scientists,15-2051.00||NY||54||Y||II,11,95267.90909090909,95000.0,12649.90909090909,12382.0,15.311323308369957,14.987048827132101,1.1531132330836995,0.12825482919613973
40822,UX Researcher,15-1221.00,Computer and Information Research Scientists,Mountain View,CA,541512,Y,1,II,164403,False,0,0.1,UX Researcher || 15-1221.00 || Computer and Information Research Scientists,15-1221.00||CA||54||Y||II,10,116012.1,125000.0,-48390.9,-39403.0,-29.434316892027518,-23.96732419724701,0.7056568310797248,-0.3802230287028257
1700,Senior Data Scientist,17-2112.00,Industrial Engineers,Bentonville,AR,455110,Y,1,III,110510,True,1,0.95,Senior Data Scientist || 17-2112.00 || Industrial Engineers,17-2112.00||AR||45||Y||III,9,104440.88888888889,110000.0,-6069.111111111111,-510.0,-5.491911239807357,-0.46149669713148134,0.9450808876019264,-0.06664902967884975
106019,"Sr Director, Engineering, Audio Systems and Software",11-3021.00,Computer and Information Systems Managers,Sunnyvale,CA,54171,Y,1,IV,294299,False,0,0.15,"Sr Director, Engineering, Audio Systems and Software || 11-3021.00 || Computer and Information Systems Managers",11-3021.00||CA||54||Y||IV,11,259440.63636363635,208847.0,-34858.36363636364,-85452.0,-11.844540292819085,-29.03577654018532,0.8815545970718092,-0.2999417804156327
37087,"Senior Analyst, Collections & Recoveries Strategy",15-2051.00,Data Scientists,Wilmington,DE,522110,Y,1,I,73944,False,0,0.15,"Senior Analyst, Collections & Recoveries Strategy || 15-2051.00 || Data Scientists",15-2051.00||DE||52||Y||I,10,109211.9,115109.5,35267.9,41165.5,47.69541815427892,55.67118359839879,1.4769541815427891,0.37203090023272944
103600,Gen AI Engineer,15-1252.00,Software Developers,Cape Girardeau,MO,541511,Y,1,II,77126,True,1,0.95,Gen AI Engineer || 15-1252.00 || Software Developers,15-1252.00||MO||54||Y||II,10,91262.1,89700.0,14136.1,12574.0,18.328579208049167,16.303192179031715,1.1832857920804916,0.15864136082347588
92606,Stress Engineer,17-2011.00,Aerospace Engineers,Richardson,TX,541511,Y,1,I,96803,False,0,0.0,Stress Engineer || 17-2011.00 || Aerospace Engineers,17-2011.00||TX||54||Y||I,12,104843.25,115000.0,8040.25,18197.0,8.3057859777073,18.79797113725814,1.083057859777073,0.05353006615383915
18159,"Manager, Software Engineering",15-1299.09,Information Technology Project Managers,Pflugerville,TX,2211,Y,1,IV,149240,False,0,0.1,"Manager, Software Engineering || 15-1299.09 || Information Technology Project Managers",15-1299.09||TX||22||Y||IV,10,133374.3,137500.0,-15865.7,-11740.0,-10.630997051728759,-7.866523720182257,0.8936900294827124,-0.12745349076341003
8656,Software Development Engineer - Firmware,15-1252.00,Software Developers,San Diego,CA,334111,Y,1,III,157581,False,0,0.05,Software Development Engineer - Firmware || 15-1252.00 || Software Developers,15-1252.00||CA||33||Y||III,11,111846.0,120000.0,-45735.0,-37581.0,-29.023169036876276,-23.848687341748054,0.7097683096312373,-0.36732545394489385
3800,IT Business Lead Analyst,15-2051.00,Data Scientists,Irving,TX,522110,Y,1,IV,141773,False,0,0.15,IT Business Lead Analyst || 15-2051.00 || Data Scientists,15-2051.00||TX||52||Y||IV,12,109263.5,116959.5,-32509.5,-24813.5,-22.930670861165382,-17.502274763177756,0.7706932913883461,-0.29230226260627196
380,Software Engineer,15-1252.00,Software Developers,San Jose,CA,519130,Y,3,IV,264514,False,0,0.15,Software Engineer || 15-1252.00 || Software Developers,15-1252.00||CA||51||Y||IV,12,194367.58333333334,145000.0,-70146.41666666667,-119514.0,-26.518980721877355,-45.18248561512812,0.7348101927812265,-0.5523974407026934
46138,"Senior Analyst, SEM",15-2031.00,Operations Research Analysts,Bellevue,WA,54151,Y,1,III,110822,False,0,0.1,"Senior Analyst, SEM || 15-2031.00 || Operations Research Analysts",15-2031.00||WA||54||Y||III,11,106994.81818181818,115000.0,-3827.181818181818,4178.0,-3.453449511993845,3.7700095648878382,0.9654655048800614,-0.0607727393717054
16673,"Sr. Director, Machine Learning",11-3021.00,Computer and Information Systems Managers,Simsbury,CT,54199,Y,1,IV,194480,True,1,0.95,"Sr. Director, Machine Learning || 11-3021.00 || Computer and Information Systems Managers",11-3021.00||CT||54||Y||IV,10,263104.3,183021.5,68624.3,-11458.5,35.286044837515426,-5.891865487453723,1.3528604483751543,0.14304932855807168
40283,Senior Software Engineer - Backend,15-1252.00,Software Developers,Hayward,CA,54151,Y,1,III,187574,False,0,0.1,Senior Software Engineer - Backend || 15-1252.00 || Software Developers,15-1252.00||CA||54||Y||III,11,125782.81818181818,135000.0,-61791.181818181816,-52574.0,-32.94229574364348,-28.02840478957638,0.6705770425635652,-0.43091078307797565
67153,Data Scientist III,15-2051.00,Data Scientists,Alpharetta,GA,541519,Y,1,III,114754,True,1,0.85,Data Scientist III || 15-2051.00 || Data Scientists,15-2051.00||GA||54||Y||III,9,122901.88888888889,130000.0,8147.888888888889,15246.0,7.100309260582541,13.285811387838333,1.0710030926058254,0.054478273884273655
3580,BIG DATA/MACHINE LEARNING ENGINEER,15-1252.00,Software Developers,FARMINGTON HILLS,MI,541511,Y,1,II,102190,True,1,0.95,BIG DATA/MACHINE LEARNING ENGINEER || 15-1252.00 || Software Developers,15-1252.00||MI||54||Y||II,10,111191.9,115000.0,9001.9,12810.0,8.808983266464429,12.535473138271847,1.0880898326646444,0.07519807964051779
89165,"Algorithm Engineer, TikTok E-Commerce (Conversational AI)",15-1252.00,Software Developers,San Jose,CA,519130,Y,1,IV,264514,True,1,0.95,"Algorithm Engineer, TikTok E-Commerce (Conversational AI) || 15-1252.00 || Software Developers",15-1252.00||CA||51||Y||IV,10,148861.1,162455.5,-115652.9,-102058.5,-43.72278972001482,-38.58340201274791,0.5627721027998518,-0.6145581246859404
1640,Software Engineer USDS,15-1252.00,Software Developers,San Jose,CA,519130,Y,3,IV,264514,False,0,0.1,Software Engineer USDS || 15-1252.00 || Software Developers,15-1252.00||CA||51||Y||IV,11,202219.18181818182,150000.0,-62294.818181818184,-114514.0,-23.550669598515835,-43.292226498408404,0.7644933040148416,-0.5225780086119493
19579,Senior Manager JC45 - Software Developers,15-1252.00,Software Developers,San Antonio,TX,511210,Y,1,IV,148866,False,0,0.1,Senior Manager JC45 - Software Developers || 15-1252.00 || Software Developers,15-1252.00||TX||51||Y||IV,11,123067.54545454546,135000.0,-25798.454545454544,-13866.0,-17.329984378873984,-9.31441699246302,0.8267001562112601,-0.22537392808100504
77370,"Sr. Director, Vehicle Integration & Operations",11-9041.00,Architectural and Engineering Managers,Newark,CA,336110,Y,1,IV,249205,False,0,0.05,"Sr. Director, Vehicle Integration & Operations || 11-9041.00 || Architectural and Engineering Managers",11-9041.00||CA||33||Y||IV,10,262161.2,182500.0,12956.2,-66705.0,5.199012860897657,-26.76711943981862,1.0519901286089766,-0.10856584869279136
78677,Staff Data Scientist,15-2031.00,Operations Research Analysts,Mountain View,CA,541512,Y,1,IV,147742,True,1,0.85,Staff Data Scientist || 15-2031.00 || Operations Research Analysts,15-2031.00||CA||54||Y||IV,10,144861.1,150000.0,-2880.9,2258.0,-1.9499532969636255,1.528339943956356,0.9805004670303636,-0.06501888678329433
23412,Vehicle Crash Safety Engineer,17-2141.02,Automotive Engineers,Dearborn,MI,33611,Y,1,III,109512,False,0,0.05,Vehicle Crash Safety Engineer || 17-2141.02 || Automotive Engineers,17-2141.02||MI||33||Y||III,11,100803.63636363637,98000.0,-8708.363636363636,-11512.0,-7.951972054536157,-10.512089999269486,0.9204802794546385,-0.1003401694967113
36143,"Sr. Manager, Software Development & Engineering Lead",15-1252.00,Software Developers,Austin,TX,52315,Y,1,IV,163550,False,0,0.15,"Sr. Manager, Software Development & Engineering Lead || 15-1252.00 || Software Developers",15-1252.00||TX||52||Y||IV,11,142249.36363636365,155000.0,-21300.636363636364,-8550.0,-13.023929296017343,-5.227759095077958,0.8697607070398266,-0.16921272317982722
60692,Software Developer,15-1252.00,Software Developers,Boston,MA,541511,Y,1,II,131082,False,0,0.15,Software Developer || 15-1252.00 || Software Developers,15-1252.00||MA||54||Y||II,11,97928.63636363637,95000.0,-33153.36363636364,-36082.0,-25.292079489452124,-27.526281259059214,0.7470792051054786,-0.32761890177810893
31321,Programmer/ Developer 3,15-1251.00,Computer Programmers,Woodland Hills,CA,541512,Y,1,III,104541,False,0,0.1,Programmer/ Developer 3 || 15-1251.00 || Computer Programmers,15-1251.00||CA||54||Y||III,10,103486.4,101000.0,-1054.6,-3541.0,-1.0087908093475284,-3.387187801915038,0.9899120919065247,-0.025946704289713195
93256,Analytics and Data Science Engineer,15-2051.00,Data Scientists,Allen,TX,541511,Y,1,II,96034,True,1,0.85,Analytics and Data Science Engineer || 15-2051.00 || Data Scientists,15-2051.00||TX||54||Y||II,11,108667.09090909091,115000.0,12633.09090909091,18966.0,13.154810701512911,19.749255472020327,1.1315481070151292,0.10647628590012091
87186,Machine Learning Engineer,15-1252,Software Developers,Sunnyvale,CA,54171,Y,1,II,187741,True,1,0.95,Machine Learning Engineer || 15-1252 || Software Developers,15-1252||CA||54||Y||II,11,128191.90909090909,135000.0,-59549.09090909091,-52741.0,-31.71874599000267,-28.092425202805995,0.6828125400999734,-0.4053452602218044
65392,Associate Director - Pharma Digital Manufacturing Solutions,15-1252.00,Software Developers,Hopkinton,MA,54133,Y,1,IV,178131,False,0,0.15,Associate Director - Pharma Digital Manufacturing Solutions || 15-1252.00 || Software Developers,15-1252.00||MA||54||Y||IV,10,136974.3,137500.0,-41156.7,-40631.0,-23.10473752463075,-22.80961764094964,0.7689526247536925,-0.27689356809407767
96360,Lead Securities Quantitative Analytics Specialist - 002541,15-2021.00,Mathematicians,New York,NY,52399,Y,1,IV,130645,False,0,0.15,Lead Securities Quantitative Analytics Specialist - 002541 || 15-2021.00 || Mathematicians,15-2021.00||NY||52||Y||IV,10,234093.0,169623.5,103448.0,38978.5,79.18251750928087,29.835431895594933,1.791825175092809,0.3847746220304954
32906,Senior Natural Language Processing Engineer,15-1299.08,Computer Systems Engineers/Architects,Plainsboro,NJ,54193,Y,1,II,94682,True,1,0.95,Senior Natural Language Processing Engineer || 15-1299.08 || Computer Systems Engineers/Architects,15-1299.08||NJ||54||Y||II,10,131338.5,135000.0,36656.5,40318.0,38.715384127922945,42.58253944783591,1.3871538412792295,0.3091672048109295
11517,"Manager, Data Science",15-2051.01,Business Intelligence Analysts,Bound Brook,NJ,541810,Y,1,II,109491,True,1,0.85,"Manager, Data Science || 15-2051.01 || Business Intelligence Analysts",15-2051.01||NJ||54||Y||II,10,111019.5,115000.0,1528.5,5509.0,1.39600515110831,5.031463773278169,1.013960051511083,-0.004804735251633474
65240,Data Scientist Sr.,15-2051.00,Data Scientists,Grand Prairie,TX,524114,Y,1,III,118893,True,1,0.85,Data Scientist Sr. || 15-2051.00 || Data Scientists,15-2051.00||TX||52||Y||III,10,111974.3,116500.0,-6918.7,-2393.0,-5.819266062762316,-2.0127341390998628,0.9418073393723768,-0.07701289294198918
24257,"Engineer III, Web Application",15-1252.00,Software Developers,Mountain View,CA,425110,Y,1,II,187741,False,0,0.1,"Engineer III, Web Application || 15-1252.00 || Software Developers",15-1252.00||CA||42||Y||II,10,205841.1,142500.0,18100.1,-45241.0,9.640994774716232,-24.097559936295216,1.0964099477471623,-0.17842425804378853
18762,Production Engineer,15-1252.00,Software Developers,Fremont,CA,519290,Y,1,IV,213512,False,0,0.05,Production Engineer || 15-1252.00 || Software Developers,15-1252.00||CA||51||Y||IV,11,119826.54545454546,131892.0,-93685.45454545454,-81620.0,-43.87830873461658,-38.22735958634644,0.5612169126538342,-0.627864449831555
44980,Lead Data Scientist,15-2031.00,Operations Research Analysts,Farmers Branch,TX,541511,Y,1,IV,132392,True,1,0.85,Lead Data Scientist || 15-2031.00 || Operations Research Analysts,15-2031.00||TX||54||Y||IV,11,125556.09090909091,135000.0,-6835.909090909091,2608.0,-5.163385318530644,1.969907547283824,0.9483661468146937,-0.07784691115828336
110414,"Director, Strategic Operations",15-2051.00,Data Scientists,Cambridge,MA,325412,Y,1,IV,148762,False,0,0.1,"Director, Strategic Operations || 15-2051.00 || Data Scientists",15-2051.00||MA||32||Y||IV,10,153184.8,155000.0,4422.8,6238.0,2.9730710799801026,4.193275164356489,1.029730710799801,0.0027946622369128702
46386,"MTS 1, Software Engineer",15-1252.00,Software Developers,Bellevue,WA,455219,Y,1,IV,212202,False,0,0.1,"MTS 1, Software Engineer || 15-1252.00 || Software Developers",15-1252.00||WA||45||Y||IV,10,124974.3,130521.5,-87227.7,-81680.5,-41.10597449599909,-38.49186152816656,0.588940255040009,-0.556636425343547
4649,Data Scientist,15-2041.00,Statisticians,Cupertino,CA,334111,Y,1,IV,195354,True,1,0.85,Data Scientist || 15-2041.00 || Statisticians,15-2041.00||CA||33||Y||IV,11,128255.54545454546,135000.0,-67098.45454545454,-60354.0,-34.347110653201135,-30.89468349765042,0.6565288934679887,-0.4435320963974308
87285,Quality Senior Engineer II,17-2112.02,Validation Engineers,Warsaw,IN,339112,Y,1,IV,100360,False,0,0.05,Quality Senior Engineer II || 17-2112.02 || Validation Engineers,17-2112.02||IN||33||Y||IV,9,104102.33333333333,110000.0,3742.3333333333335,9640.0,3.7289092599973426,9.605420486249502,1.0372890925999734,0.02976165336152133
102654,Staff Software Engineer “ AI Platform,15-1252.00,Software Developers,Redwood City,CA,541511,Y,1,IV,213512,True,1,0.95,Staff Software Engineer “ AI Platform || 15-1252.00 || Software Developers,15-1252.00||CA||54||Y||IV,11,216082.81818181818,162000.0,2570.818181818182,-51512.0,1.204062620282785,-24.126044437783356,1.0120406262028279,-0.22040539653272068
6246,Software Development Engineer - Test,15-1253.00,Software Quality Assurance Analysts and Testers,Sunnyvale,CA,334111,Y,1,IV,201053,False,0,0.1,Software Development Engineer - Test || 15-1253.00 || Software Quality Assurance Analysts and Testers,15-1253.00||CA||33||Y||IV,11,122601.0,130000.0,-78452.0,-71053.0,-39.020556768613254,-35.34043262224389,0.6097944323138674,-0.5316980142127274
44941,Lead Business Execution Consultant,15-2051.00,Data Scientists,Charlotte,NC,52399,Y,1,IV,153962,False,0,0.1,Lead Business Execution Consultant || 15-2051.00 || Data Scientists,15-2051.00||NC||52||Y||IV,11,120703.90909090909,130000.0,-33258.09090909091,-23962.0,-21.601493166554675,-15.563580623790285,0.7839850683344533,-0.26087480212378045
98077,SENIOR SOFTWARE ENGINEER,15-1252.00,Software Developers,LOS ANGELES,CA,339114,Y,1,III,157123,False,0,0.1,SENIOR SOFTWARE ENGINEER || 15-1252.00 || Software Developers,15-1252.00||CA||33||Y||III,11,199537.36363636365,135000.0,42414.36363636364,-22123.0,26.99436978441325,-14.080051933835275,1.2699436978441325,-0.012420315463893772
86037,Statistical  Programmer,15-2041.00,Statisticians,Fremont,CA,54169,Y,1,II,101587,False,0,0.15,Statistical Programmer || 15-2041.00 || Statisticians,15-2041.00||CA||54||Y||II,10,103121.1,112500.0,1534.1,10913.0,1.5101341707108191,10.742516266845168,1.0151013417071082,-0.02085703369016656
23456,Senior Software Engineer (AI Infra Lead),15-1299.08,Computer Systems Engineers/Architects,Milpitas,CA,541512,Y,1,II,139443,True,1,0.95,Senior Software Engineer (AI Infra Lead) || 15-1299.08 || Computer Systems Engineers/Architects,15-1299.08||CA||54||Y||II,10,221991.1,162455.5,82548.1,23012.5,59.198453848525915,16.5031589968661,1.5919845384852593,0.24617367143803595
40718,"Director, Commercial Strategy",15-2041.00,Statisticians,Bellevue,WA,517312,Y,1,IV,127712,False,0,0.1,"Director, Commercial Strategy || 15-2041.00 || Statisticians",15-2041.00||WA||51||Y||IV,10,224014.8,157500.0,96302.8,29788.0,75.4062265096467,23.324354798296163,1.7540622650964672,0.3480634883091172
65886,Data Scientist,15-1243.00,Database Architects,Pittsburgh,PA,54151,Y,50,II,102523,True,1,0.85,Data Scientist || 15-1243.00 || Database Architects,15-1243.00||PA||54||Y||II,10,109161.9,116500.0,6638.9,13977.0,6.475522565668191,13.633038440154891,1.064755225656682,0.048467482172128665
102872,"Manager, Software Development 2",11-3021.00,Computer and Information Systems Managers,San Jose,CA,455219,Y,1,II,248643,False,0,0.1,"Manager, Software Development 2 || 11-3021.00 || Computer and Information Systems Managers",11-3021.00||CA||45||Y||II,11,131755.54545454544,135000.0,-116887.45454545454,-113643.0,-47.010152928276504,-45.7052883049191,0.5298984707172351,-0.661317548900146
85058,Packaged App Development Assoc Manager,15-1211,Computer Systems Analysts,Raritan,NJ,5416,Y,1,III,127234,False,0,0.1,Packaged App Development Assoc Manager || 15-1211 || Computer Systems Analysts,15-1211||NJ||54||Y||III,9,112206.0,115000.0,-15028.0,-12234.0,-11.81130829809642,-9.61535438640615,0.8818869170190359,-0.13695559172795058
88732,"Senior Advisor, Data Science",15-2051.00,Data Scientists,Round Rock,TX,423430,Y,1,IV,148741,True,1,0.85,"Senior Advisor, Data Science || 15-2051.00 || Data Scientists",15-2051.00||TX||42||Y||IV,11,124201.0,135000.0,-24540.0,-13741.0,-16.498477218789706,-9.238206009103072,0.8350152278121029,-0.21143089615133964
70477,Data Scientist,15-2051.00,Data Scientists,Cambridge,MA,325412,Y,1,IV,161803,True,1,0.85,Data Scientist || 15-2051.00 || Data Scientists,15-2051.00||MA||32||Y||IV,10,125071.1,137500.0,-36731.9,-24303.0,-22.701618635006767,-15.020117055926034,0.7729838136499323,-0.2775587285726228
2852,Senior Machine Learning Engineer II,15-1252,Software Developers,Sunnyvale,CA,54171,Y,1,III,226138,True,1,0.95,Senior Machine Learning Engineer II || 15-1252 || Software Developers,15-1252||CA||54||Y||III,11,208491.9090909091,156000.0,-17646.090909090908,-70138.0,-7.803240016755658,-31.015574560666497,0.9219675998324434,-0.3134763407835266
14280,Systems Test Engineer,17-2199.08,Robotics Engineers,Mountain View,CA,541512,Y,1,III,158621,False,0,0.15,Systems Test Engineer || 17-2199.08 || Robotics Engineers,17-2199.08||CA||54||Y||III,11,117977.18181818182,123000.0,-40643.818181818184,-35621.0,-25.62322654744213,-22.456673454334545,0.7437677345255786,-0.3176435504551138
85420,Staff Software Engineer,15-1252.00,Software Developers,Mountain House,CA,45511,Y,1,III,133973,False,0,0.1,Staff Software Engineer || 15-1252.00 || Software Developers,15-1252.00||CA||45||Y||III,10,129761.1,132000.0,-4211.9,-1973.0,-3.1438424160091953,-1.472684794697439,0.9685615758399081,-0.06637868462744567
10716,Consultant,15-2031.00,Operations Research Analysts,San Francisco,CA,54199,Y,1,III,124509,False,0,0.15,Consultant || 15-2031.00 || Operations Research Analysts,15-2031.00||CA||54||Y||III,11,114889.72727272728,120000.0,-9619.272727272728,-4509.0,-7.725764986685885,-3.621424957232007,0.9227423501331411,-0.10134960757563101
19556,Sr Autopilot Machine Learning Engineer,15-1252.00,Software Developers,Jersey City,NJ,336110,Y,1,III,160805,True,1,0.95,Sr Autopilot Machine Learning Engineer || 15-1252.00 || Software Developers,15-1252.00||NJ||33||Y||III,10,211905.1,153000.0,51100.1,-7805.0,31.777681042256155,-4.8537047977363885,1.3177768104225613,0.02933785620355831
58169,Senior Machine Learning Scientist,15-1221.00,Computer and Information Research Scientists,San Francisco,CA,541714,Y,1,I,96678,True,1,1.0,Senior Machine Learning Scientist || 15-1221.00 || Computer and Information Research Scientists,15-1221.00||CA||54||Y||I,11,227264.63636363635,173000.0,130586.63636363637,76322.0,135.073787587286,78.94453753697843,2.3507378758728597,0.6518462216251272
3535,Sr Software Engineer,15-1252.00,Software Developers,San Jose,CA,522320,Y,1,II,187741,False,0,0.1,Sr Software Engineer || 15-1252.00 || Software Developers,15-1252.00||CA||52||Y||II,11,130464.63636363637,135000.0,-57276.36363636364,-52741.0,-30.508180757726677,-28.092425202805995,0.6949181924227332,-0.38897695038003943
24662,Software Engineering,15-1252.00,Software Developers,Redmond,WA,513210,Y,1,III,180710,False,0,0.15,Software Engineering || 15-1252.00 || Software Developers,15-1252.00||WA||51||Y||III,11,122146.45454545454,125000.0,-58563.545454545456,-55710.0,-32.40747355129515,-30.828399092468597,0.6759252644870486,-0.4171783129239426
101565,Data Scientist II,15-2051.00,Data Scientists,Sunnyvale,CA,455219,Y,1,II,174304,True,1,0.85,Data Scientist II || 15-2051.00 || Data Scientists,15-2051.00||CA||45||Y||II,9,127590.11111111111,135000.0,-46713.88888888889,-39304.0,-26.800239173449196,-22.54910960161557,0.7319976082655081,-0.3295943447612017
67773,Senior Machine Learning Engineer,15-1252.00,Software Developers,San Francisco,CA,561599,Y,1,II,161637,True,1,0.95,Senior Machine Learning Engineer || 15-1252.00 || Software Developers,15-1252.00||CA||56||Y||II,11,207410.0909090909,155000.0,45773.09090909091,-6637.0,28.318448690022027,-4.106114317885138,1.2831844869002202,0.014764842817903428
58688,DATA VISUALIZATION ENGINEER,15-2051.00,Data Scientists,CHARLOTTE,NC,541511,Y,1,II,105747,False,0,0.3,DATA VISUALIZATION ENGINEER || 15-2051.00 || Data Scientists,15-2051.00||NC||54||Y||II,11,92303.45454545454,95000.0,-13443.545454545454,-10747.0,-12.712933184435922,-10.162936064380077,0.8728706681556407,-0.16289800195396834
8500,Consultant,15-2031.00,Operations Research Analysts,San Jose,CA,54199,Y,1,III,125694,False,0,0.15,Consultant || 15-2031.00 || Operations Research Analysts,15-2031.00||CA||54||Y||III,12,115148.91666666667,120000.0,-10545.083333333334,-5694.0,-8.389488228024673,-4.530049167024679,0.9161051177197533,-0.10709663705966059
116727,Lead Data Scientist,15-2051.00,Data Scientists,New York,NY,541611,Y,1,IV,170373,True,1,0.95,Lead Data Scientist || 15-2051.00 || Data Scientists,15-2051.00||NY||54||Y||IV,12,143567.58333333334,150000.0,-26805.416666666668,-20373.0,-15.73337128926923,-11.957880650103009,0.8426662871073076,-0.20516116897784542
51241,Data Scientist,15-2051.00,Data Scientists,New York,NY,541511,Y,1,IV,169541,True,1,0.85,Data Scientist || 15-2051.00 || Data Scientists,15-2051.00||NY||54||Y||IV,11,123701.0,130000.0,-45840.0,-39541.0,-27.03770769312438,-23.322382196636802,0.7296229230687562,-0.33069792764187267
18030,"Software Engineer, Ads Business Integrity - Customer Exp.",15-1252.00,Software Developers,San Jose,CA,519130,Y,1,III,226138,False,0,0.1,"Software Engineer, Ads Business Integrity - Customer Exp. || 15-1252.00 || Software Developers",15-1252.00||CA||51||Y||III,11,123919.18181818182,130000.0,-102218.81818181818,-96138.0,-45.201964367695034,-42.512978800555416,0.5479803563230496,-0.6403257941801176
70563,BI/Reporting Engineer,15-2051.00,Data Scientists,Frisco,TX,42369,Y,1,IV,141773,False,0,0.15,BI/Reporting Engineer || 15-2051.00 || Data Scientists,15-2051.00||TX||42||Y||IV,11,113969.27272727272,118919.0,-27803.727272727272,-22854.0,-19.61144031143255,-16.12013570990245,0.8038855968856744,-0.2326058996820499
2446,Senior Staff GPU Engineer,17-2072.00,"Electronics Engineers, Except Computer",Santa Clara,CA,334220,Y,1,IV,216091,True,1,0.85,"Senior Staff GPU Engineer || 17-2072.00 || Electronics Engineers, Except Computer",17-2072.00||CA||33||Y||IV,11,222349.72727272726,165000.0,6258.727272727273,-51091.0,2.896338705789351,-23.643279914480473,1.0289633870578936,-0.19634257218955883
53741,Salesforce Engineering Lead,15-1252.00,Software Developers,San Francisco,CA,541511,Y,1,IV,213512,False,0,0.05,Salesforce Engineering Lead || 15-1252.00 || Software Developers,15-1252.00||CA||54||Y||IV,11,230446.45454545456,165000.0,16934.454545454544,-48512.0,7.9313830348900956,-22.720971186631196,1.079313830348901,-0.12273912666508577
97148,Database Analyst I,15-2051.00,Data Scientists,Los Angeles,CA,611310,Y,1,I,68578,False,0,0.1,Database Analyst I || 15-2051.00 || Data Scientists,15-2051.00||CA||61||Y||I,11,84883.72727272728,85700.0,16305.727272727272,17122.0,23.7769069858078,24.967190644229927,1.2377690698580779,0.17998198506686788
107594,UX Research,15-2051.00,Data Scientists,Redmond,WA,513210,Y,1,III,150987,False,0,0.1,UX Research || 15-2051.00 || Data Scientists,15-2051.00||WA||51||Y||III,11,116794.81818181818,120000.0,-34192.181818181816,-30987.0,-22.645778655236423,-20.522958930239028,0.7735422134476356,-0.2775195422139172
4925,Software Engineer,15-1252.00,Software Developers,San Francisco,CA,521110,Y,1,II,161637,False,0,0.15,Software Engineer || 15-1252.00 || Software Developers,15-1252.00||CA||52||Y||II,11,123948.36363636363,120000.0,-37688.63636363636,-41637.0,-23.31683733528608,-25.75957237513688,0.7668316266471392,-0.29096484500045444
57159,Senior Software Developer,15-1252.00,Software Developers,Balloston Lake,NY,541511,Y,1,II,99549,False,0,0.1,Senior Software Developer || 15-1252.00 || Software Developers,15-1252.00||NY||54||Y||II,11,105389.36363636363,115000.0,5840.363636363636,15451.0,5.8668230081303046,15.520999708686174,1.058668230081303,0.023622829399655775
46579,"Senior Manager, Finance Analytics",15-2051.00,Data Scientists,Oakland,CA,459510,Y,1,III,164403,False,0,0.15,"Senior Manager, Finance Analytics || 15-2051.00 || Data Scientists",15-2051.00||CA||45||Y||III,9,237380.11111111112,145000.0,72977.11111111111,-19403.0,44.38916024106075,-11.80209606880653,1.4438916024106077,0.08743138292714114
82185,TECHNICAL PROGRAM MANAGER (AI AND DATA),15-1299.09,Information Technology Project Managers,ALPHARETTA,GA,541511,Y,1,III,108514,True,1,0.85,TECHNICAL PROGRAM MANAGER (AI AND DATA) || 15-1299.09 || Information Technology Project Managers,15-1299.09||GA||54||Y||III,10,127029.8,135000.0,18515.8,26486.0,17.06305177212157,24.407910500027647,1.1706305177212157,0.14131222552417722
82459,Distinguished Research Engineer,15-1221.00,Computer and Information Research Scientists,Mountain View,CA,541512,Y,1,IV,237786,True,1,0.85,Distinguished Research Engineer || 15-1221.00 || Computer and Information Research Scientists,15-1221.00||CA||54||Y||IV,10,249644.7,189000.0,11858.7,-48786.0,4.987131286114407,-20.516767177209758,1.049871312861144,-0.1456132007968874
89705,Data Analytics,15-2051.00,Data Scientists,New York,NY,513210,Y,1,III,139506,True,1,0.85,Data Analytics || 15-2051.00 || Data Scientists,15-2051.00||NY||51||Y||III,11,115783.72727272728,120000.0,-23722.272727272728,-19506.0,-17.004482048996262,-13.982194314223044,0.8299551795100374,-0.20286805383304873
101644,Sr. Specialist Architect - Data Engineering/ ML,41-9031.00,Sales Engineers,Austin,TX,511210,Y,1,IV,166899,True,1,0.85,Sr. Specialist Architect - Data Engineering/ ML || 41-9031.00 || Sales Engineers,41-9031.00||TX||51||Y||IV,11,126473.45454545454,135000.0,-40425.545454545456,-31899.0,-24.221562414721152,-19.112756816997106,0.7577843758527885,-0.3004754844159285
73255,"Vice President, Trading Business Management",13-1111.00,Management Analysts,New York,NY,523150,Y,1,IV,156645,False,0,0.05,"Vice President, Trading Business Management || 13-1111.00 || Management Analysts",13-1111.00||NY||52||Y||IV,11,260818.18181818182,200000.0,104173.18181818182,43355.0,66.502717493812,27.67723195761116,1.6650271749381202,0.3432780732117766
111171,IT Senior Director,15-1252.00,Software Developers,Canton,MA,541511,Y,1,IV,172744,False,0,0.1,IT Senior Director || 15-1252.00 || Software Developers,15-1252.00||MA||54||Y||IV,10,159031.2,155000.0,-13712.8,-17744.0,-7.938220719677673,-10.271847357940073,0.9206177928032233,-0.11323164810672441
98942,"Director, Operations",15-2051.01,Business Intelligence Analysts,Bentonville,AR,455110,Y,1,IV,132621,False,0,0.1,"Director, Operations || 15-2051.01 || Business Intelligence Analysts",15-2051.01||AR||45||Y||IV,11,118368.54545454546,123000.0,-14252.454545454546,-9621.0,-10.746755450082977,-7.254507204741331,0.8925324454991702,-0.12772447168748305
103942,AI Engineer,15-1252.00,Software Developers,New York,NY,541511,Y,1,III,160805,True,1,0.95,AI Engineer || 15-1252.00 || Software Developers,15-1252.00||NY||54||Y||III,11,125464.63636363637,129000.0,-35340.36363636364,-31805.0,-21.977154713077105,-19.778613849071856,0.7802284528692289,-0.2737113414365742
30585,"Mgr, Release & Deployment",11-3021.00,Computer and Information Systems Managers,Euless,TX,541511,Y,1,III,180461,False,0,0.1,"Mgr, Release & Deployment || 11-3021.00 || Computer and Information Systems Managers",11-3021.00||TX||54||Y||III,11,124620.90909090909,123000.0,-55840.09090909091,-57461.0,-30.943024204172044,-31.84122885277151,0.6905697579582796,-0.3846769963682222
38575,Principal Software Engineer - IT,15-1252.00,Software Developers,Mint Hill,NC,423430,Y,1,III,133536,False,0,0.1,Principal Software Engineer - IT || 15-1252.00 || Software Developers,15-1252.00||NC||42||Y||III,10,121586.4,134557.5,-11949.6,1021.5,-8.948598130841122,0.7649622573687995,0.9105140186915888,-0.1148031634339576
86125,Senior Software Engineer,15-1252.00,Software Developers,San Francisco,CA,511210,Y,1,III,187574,False,0,0.1,Senior Software Engineer || 15-1252.00 || Software Developers,15-1252.00||CA||51||Y||III,11,204764.63636363635,145000.0,17190.636363636364,-42574.0,9.16472238350537,-22.697175514730187,1.0916472238350539,-0.15025716409679646
31428,AI/ML Engineer I,15-1252.00,Software Developers,Seattle,WA,524126,Y,1,I,117749,True,1,0.95,AI/ML Engineer I || 15-1252.00 || Software Developers,15-1252.00||WA||52||Y||I,12,107692.16666666667,117500.0,-10056.833333333334,-249.0,-8.54090763686599,-0.21146676404895148,0.91459092363134,-0.11645361660989433
51046,Lead Architect,15-1252.00,Software Developers,Whippany,NJ,325411,Y,1,IV,189592,False,0,0.1,Lead Architect || 15-1252.00 || Software Developers,15-1252.00||NJ||32||Y||IV,10,138821.1,144755.5,-50770.9,-44836.5,-26.779030760791596,-23.648940883581588,0.732209692392084,-0.3254946901383743
110849,Software Development Engineer II,15-1252.00,Software Developers,New York,NY,455219,Y,10,II,123656,False,0,0.15,Software Development Engineer II || 15-1252.00 || Software Developers,15-1252.00||NY||45||Y||II,12,111358.83333333333,119000.0,-12297.166666666666,-4656.0,-9.94465829936814,-3.7652843371935045,0.9005534170063186,-0.12703911831834894
79264,Software Developer,15-1252.00,Software Developers,Pontiac,MI,522292,Y,1,II,102190,False,0,0.15,Software Developer || 15-1252.00 || Software Developers,15-1252.00||MI||52||Y||II,10,87262.1,85350.0,-14927.9,-16840.0,-14.60798512574616,-16.479107544769548,0.8539201487425384,-0.16549641817749752
87734,Software Engineer,15-1252.00,Software Developers,Menlo Park,CA,519290,Y,25,III,187574,False,0,0.15,Software Engineer || 15-1252.00 || Software Developers,15-1252.00||CA||51||Y||III,11,208764.63636363635,145000.0,21190.636363636364,-42574.0,11.297214093443849,-22.697175514730187,1.1129721409344386,-0.18950570747472834
72620,Lead Data/AI Engineering,15-1252.00,Software Developers,Plano,TX,517112,Y,1,IV,156998,True,1,0.85,Lead Data/AI Engineering || 15-1252.00 || Software Developers,15-1252.00||TX||51||Y||IV,10,144331.1,147500.0,-12666.9,-9498.0,-8.068191951489828,-6.0497585956509,0.9193180804851018,-0.10133197770325175
97512,"Manager I, ML Data Operations",15-2031.00,Operations Research Analysts,Seattle,WA,45411,Y,1,I,70990,True,1,0.85,"Manager I, ML Data Operations || 15-2031.00 || Operations Research Analysts",15-2031.00||WA||45||Y||I,11,109654.09090909091,115000.0,38664.09090909091,44010.0,54.46413707436386,61.99464713339907,1.5446413707436386,0.39545276956531067
4539,Senior Machine Learning Engineer,15-1252.00,Software Developers,Boston,MA,541512,Y,1,III,154606,True,1,0.95,Senior Machine Learning Engineer || 15-1252.00 || Software Developers,15-1252.00||MA||54||Y||III,11,202037.36363636365,145000.0,47431.36363636364,-9606.0,30.678863457022132,-6.213212941283003,1.306788634570221,0.025161587893672985
48340,Sr. Computer Vision Engineer,17-2199.08,Robotics Engineers,San Diego,CA,333111,Y,1,IV,154939,True,1,0.95,Sr. Computer Vision Engineer || 17-2199.08 || Robotics Engineers,17-2199.08||CA||33||Y||IV,10,213800.0,152500.0,58861.0,-2439.0,37.98978953007312,-1.5741678983341831,1.3798978953007313,0.07379372032881992
89544,Lead Software Engineer,15-1252.00,Software Developers,Palo Alto,CA,513210,Y,1,II,187741,False,0,0.1,Lead Software Engineer || 15-1252.00 || Software Developers,15-1252.00||CA||51||Y||II,11,208401.0,160000.0,20660.0,-27741.0,11.00452218748169,-14.776207647770066,1.110045221874817,-0.12863857190885272
8936,Senior Engineer II,15-1252.00,Software Developers,Seattle,WA,448150,Y,1,III,180710,False,0,0.1,Senior Engineer II || 15-1252.00 || Software Developers,15-1252.00||WA||44||Y||III,11,123419.18181818182,135000.0,-57290.818181818184,-45710.0,-31.70318088750937,-25.294671019866083,0.6829681911249064,-0.4217989656281397
83503,AI ML Engineer,15-1252.00,Software Developers,Charlotte,NC,541511,Y,1,II,112424,True,1,0.95,AI ML Engineer || 15-1252.00 || Software Developers,15-1252.00||NC||54||Y||II,11,104696.90909090909,110000.0,-7727.090909090909,-2424.0,-6.8731684596624465,-2.1561232477051164,0.9312683154033756,-0.09067984612692502
34441,"Software Engineer, Machine Learning",15-1252.00,Software Developers,West Windsor,NJ,519290,Y,1,IV,153005,True,1,0.95,"Software Engineer, Machine Learning || 15-1252.00 || Software Developers",15-1252.00||NJ||51||Y||IV,11,116882.81818181818,125000.0,-36122.181818181816,-28005.0,-23.608497642679534,-18.303323420803242,0.7639150235732046,-0.3138814373009946
59794,Senior Software Engineer,15-1252.00,Software Developers,New York,NY,5418,Y,1,IV,189592,False,0,0.1,Senior Software Engineer || 15-1252.00 || Software Developers,15-1252.00||NY||54||Y||IV,11,137328.27272727274,150000.0,-52263.72727272727,-39592.0,-27.566420140473898,-20.882737668256045,0.724335798595261,-0.35226197850205826
102527,Sales Operations Manager,15-2051.00,Data Scientists,Sunnyvale,CA,3342,Y,1,I,123531,False,0,0.0,Sales Operations Manager || 15-2051.00 || Data Scientists,15-2051.00||CA||33||Y||I,10,126473.5,133474.0,2942.5,9943.0,2.3819931838971593,8.048991751058438,1.0238199318389716,0.010232173709534642
77909,Software Engineer,15-1252.00,Software Developers,Santa Clara,CA,334111,Y,50,II,187741,False,0,0.15,Software Engineer || 15-1252.00 || Software Developers,15-1252.00||CA||33||Y||II,11,195946.45454545456,130000.0,8205.454545454546,-57741.0,4.370624714609241,-30.75566871381318,1.0437062471460925,-0.31050149980793407
78786,Sr Staff Autopilot Software Engineer,15-1252.00,Software Developers,Palo Alto,CA,336110,Y,1,III,226138,True,1,0.95,Sr Staff Autopilot Software Engineer || 15-1252.00 || Software Developers,15-1252.00||CA||33||Y||III,11,223077.0,175000.0,-3061.0,-51138.0,-1.3535982453192312,-22.61362530843998,0.9864640175468078,-0.22337602386083946
78269,Advanced Data Science Manager,15-2031.00,Operations Research Analysts,Princeton,NJ,54161,Y,1,IV,143083,True,1,0.85,Advanced Data Science Manager || 15-2031.00 || Operations Research Analysts,15-2031.00||NJ||54||Y||IV,12,134154.0,145000.0,-8929.0,1917.0,-6.240433874045134,1.3397818049663481,0.9375956612595487,-0.09613827391990053
107676,HRI Scientist,15-2051.00,Data Scientists,Buffalo,NY,54171,Y,1,II,82618,True,1,0.95,HRI Scientist || 15-2051.00 || Data Scientists,15-2051.00||NY||54||Y||II,11,95267.90909090909,95000.0,12649.90909090909,12382.0,15.311323308369957,14.987048827132101,1.1531132330836995,0.12825482919613973
1210,AI Researcher,15-1252.00,Software Developers,New York,NY,334111,Y,5,IV,189592,True,1,0.95,AI Researcher || 15-1252.00 || Software Developers,15-1252.00||NY||33||Y||IV,11,205673.72727272726,150000.0,16081.727272727272,-39592.0,8.482281569226167,-20.882737668256045,1.0848228156922615,-0.15382707912192845
107563,"Engr, Software III",15-1252.00,Software Developers,Haslet,TX,517111,Y,1,III,127878,False,0,0.1,"Engr, Software III || 15-1252.00 || Software Developers",15-1252.00||TX||51||Y||III,10,109580.8,112500.0,-18297.2,-15378.0,-14.308325122382271,-12.025524327875004,0.8569167487761773,-0.1700999981798592
91703,Specialist II “ Software Engineering,15-1252.00,Software Developers,Bentonville,AR,54151,Y,1,II,83325,False,0,0.1,Specialist II “ Software Engineering || 15-1252.00 || Software Developers,15-1252.00||AR||54||Y||II,9,89769.0,89000.0,6444.0,5675.0,7.733573357335733,6.810681068106811,1.0773357335733573,0.06911200894082074
64897,Director Cardiovascular Digital Strategy,15-2051.00,Data Scientists,Irvine,CA,33911,Y,1,IV,158808,False,0,0.3,Director Cardiovascular Digital Strategy || 15-2051.00 || Data Scientists,15-2051.00||CA||33||Y||IV,9,248102.11111111112,180000.0,89294.11111111111,21192.0,56.22771592810885,13.344415898443403,1.5622771592810887,0.2533612359663315
105224,Data Science Group Manager,15-2041.00,Statisticians,Tampa,FL,522110,Y,1,II,101712,True,1,0.85,Data Science Group Manager || 15-2041.00 || Statisticians,15-2041.00||FL||52||Y||II,10,117119.5,124000.0,15407.5,22288.0,15.148163441875099,21.91285197420167,1.151481634418751,0.1279788593381456
868,AI Engineer,15-1252.00,Software Developers,San Diego,CA,541511,Y,1,II,130187,True,1,0.95,AI Engineer || 15-1252.00 || Software Developers,15-1252.00||CA||54||Y||II,11,115487.27272727272,120000.0,-14699.727272727272,-10187.0,-11.291240502298443,-7.824898031293447,0.8870875949770156,-0.135204264430474
106723,Senior Cloud Computing Systems Engineer,15-1252.00,Software Developers,McKinney,TX,524114,Y,1,IV,149781,False,0,0.15,Senior Cloud Computing Systems Engineer || 15-1252.00 || Software Developers,15-1252.00||TX||52||Y||IV,10,123212.1,135000.0,-26568.9,-14781.0,-17.73849820738278,-9.868407875498228,0.8226150179261722,-0.22829266416931607
48771,Sr. Specialist - Data Engineering,15-1242.00,Database Administrator,Austin,TX,52315,Y,1,III,110864,False,0,0.15,Sr. Specialist - Data Engineering || 15-1242.00 || Database Administrator,15-1242.00||TX||52||Y||III,11,109067.54545454546,115000.0,-1796.4545454545455,4136.0,-1.6204128891746146,3.7306970702843123,0.9837958711082538,-0.03812110972016569
93392,SAP Solution Architect,15-1252.00,Software Developers,Austin,TX,541511,Y,1,II,114754,False,0,0.05,SAP Solution Architect || 15-1252.00 || Software Developers,15-1252.00||TX||54||Y||II,11,117071.18181818182,128111.0,2317.181818181818,13357.0,2.019260172352875,11.639681405441205,1.0201926017235288,-0.0014964361128214745
36054,"Associate Partner, AI & Analytics",15-1299.09,Information Technology Project Managers,San Francisco,CA,54151,Y,1,III,150405,True,1,0.85,"Associate Partner, AI & Analytics || 15-1299.09 || Information Technology Project Managers",15-1299.09||CA||54||Y||III,10,224300.0,155000.0,73895.0,4595.0,49.130680495994156,3.0550846049001033,1.4913068049599416,0.182174501427542
15044,STAFF DATA SCIENTIST,15-2051.00,Data Scientists,PLEASANTON,CA,33531,Y,1,II,133952,True,1,0.85,STAFF DATA SCIENTIST || 15-2051.00 || Data Scientists,15-2051.00||CA||33||Y||II,10,125831.7,130000.0,-8120.3,-3952.0,-6.062096870520784,-2.9503105590062115,0.939379031294792,-0.0778750953274315
38515,Principal Data/AI Engineering,15-1252.00,Software Developers,Plano,TX,517112,Y,1,IV,156998,True,1,0.95,Principal Data/AI Engineering || 15-1252.00 || Software Developers,15-1252.00||TX||51||Y||IV,10,155375.1,162500.0,-1622.9,5502.0,-1.0337074357635128,3.504503242079517,0.9896629256423649,-0.03612975094495816
71009,"Security Engineer Investigator, Cybercrime",15-1221.00,Computer and Information Research Scientists,Menlo Park,CA,519290,Y,1,III,171621,False,0,0.1,"Security Engineer Investigator, Cybercrime || 15-1221.00 || Computer and Information Research Scientists",15-1221.00||CA||51||Y||III,12,195867.58333333334,135000.0,24246.583333333332,-36621.0,14.12798161841111,-21.338297760763542,1.1412798161841111,-0.09980310859766917
8913,"Research Scientist, Quantum HPC Systems",15-1221.00,Computer and Information Research Scientists,Oak Ridge,TN,54171,Y,1,II,79934,False,0,0.15,"Research Scientist, Quantum HPC Systems || 15-1221.00 || Computer and Information Research Scientists",15-1221.00||TN||54||Y||II,11,117071.54545454546,120000.0,37137.545454545456,40066.0,46.460261533947325,50.12385217804689,1.4646026153394731,0.3636256498546253
96169,Senior Data Scientist,15-2031.00,Operations Research Analysts,New York,NY,541511,Y,1,III,120973,True,1,0.85,Senior Data Scientist || 15-2031.00 || Operations Research Analysts,15-2031.00||NY||54||Y||III,12,124900.91666666667,130000.0,3927.9166666666665,9027.0,3.2469366442649736,7.461995651922329,1.0324693664426496,0.010777844727400657
44338,Production Engineer,15-1252.00,Software Developers,Austin,TX,519290,Y,1,IV,163550,False,0,0.05,Production Engineer || 15-1252.00 || Software Developers,15-1252.00||TX||51||Y||IV,12,111121.16666666667,115000.0,-52428.833333333336,-48550.0,-32.05676143890757,-29.685111586670743,0.6794323856109243,-0.40614913373600886
38645,"Manager, Data Science",11-3021.00,Computer and Information Systems Managers,Scottsdale,AZ,522320,Y,1,II,141149,True,1,0.85,"Manager, Data Science || 11-3021.00 || Computer and Information Systems Managers",11-3021.00||AZ||52||Y||II,9,124638.11111111111,130000.0,-16510.88888888889,-11149.0,-11.697489099383551,-7.898745297522476,0.8830251090061645,-0.1416699410821699
83309,Software Engineering Technical Leader,15-1252.00,Software Developers,Cedar Grove,NJ,334111,Y,1,III,160805,False,0,0.15,Software Engineering Technical Leader || 15-1252.00 || Software Developers,15-1252.00||NJ||33||Y||III,9,128527.66666666667,135000.0,-32277.333333333332,-25805.0,-20.07234435081828,-16.04738658623799,0.7992765564918173,-0.24288914684581364
112882,Product Line Manager,15-1252.00,Software Developers,Thousand Oaks,CA,334290,Y,1,III,139693,False,0,0.1,Product Line Manager || 15-1252.00 || Software Developers,15-1252.00||CA||33||Y||III,9,129613.44444444444,129000.0,-10079.555555555555,-10693.0,-7.215505111605847,-7.654642680735613,0.9278449488839416,-0.0960900213399487
59634,Researcher: Autonomous Vehicle Perception,17-2071.00,Electrical Engineers,Santa Clara,CA,541330,Y,1,II,159890,True,1,0.95,Researcher: Autonomous Vehicle Perception || 17-2071.00 || Electrical Engineers,17-2071.00||CA||54||Y||II,10,123870.0,130000.0,-36020.0,-29890.0,-22.52798799174432,-18.69410219525924,0.7747201200825568,-0.28703340610368266
63864,COMPUTER PROGRAMMER,15-1251.00,Computer Programmers,OAKLAND,CA,541511,Y,1,II,107203,False,0,0.1,COMPUTER PROGRAMMER || 15-1251.00 || Computer Programmers,15-1251.00||CA||54||Y||II,12,96026.25,97050.0,-11176.75,-10153.0,-10.425780994934842,-9.470817048030373,0.8957421900506516,-0.13932304774086157
30675,"Operations Analyst, Consulting Support, Mandiant",15-2031.00,Operations Research Analysts,Chicago,IL,541512,Y,1,II,85904,False,0,0.1,"Operations Analyst, Consulting Support, Mandiant || 15-2031.00 || Operations Research Analysts",15-2031.00||IL||54||Y||II,12,93032.33333333333,92500.0,7128.333333333333,6596.0,8.298022598870057,7.678338610542,1.0829802259887005,0.06372447350756778
46173,Sr Software Engineer,15-1252.00,Software Developers,Bonney Lake,WA,522320,Y,1,II,149240,False,0,0.1,Sr Software Engineer || 15-1252.00 || Software Developers,15-1252.00||WA||52||Y||II,10,114067.2,117500.0,-35172.8,-31740.0,-23.56794425087108,-21.267756633610293,0.7643205574912892,-0.28879521350188303
69959,Staff Software Engineer,15-1252.00,Software Developers,Tracy,CA,518210,Y,1,IV,155750,False,0,0.1,Staff Software Engineer || 15-1252.00 || Software Developers,15-1252.00||CA||51||Y||IV,11,129191.90909090909,145000.0,-26558.090909090908,-10750.0,-17.05174376185612,-6.902086677367576,0.8294825623814389,-0.24606697586228793
55233,Software Engineer,15-1252.00,Software Developers,Bellevue,WA,541512,Y,1,II,149240,False,0,0.15,Software Engineer || 15-1252.00 || Software Developers,15-1252.00||WA||54||Y||II,11,111154.09090909091,115000.0,-38085.90909090909,-34240.0,-25.519906922345946,-22.942910747788797,0.7448009307765406,-0.3293564246678333
20104,Staff Machine Learning Complier Engineer,15-1252.00,Software Developers,Santa Clara,CA,54199,Y,1,IV,264514,True,1,0.95,Staff Machine Learning Complier Engineer || 15-1252.00 || Software Developers,15-1252.00||CA||54||Y||IV,11,215082.81818181818,162000.0,-49431.181818181816,-102514.0,-18.68754841640965,-38.755604618281076,0.8131245158359035,-0.4399010920098416
75705,Senior Machine Learning Engineer,15-1221.00,Computer and Information Research Scientists,San Francisco,CA,541511,Y,1,II,134139,True,1,0.98,Senior Machine Learning Engineer || 15-1221.00 || Computer and Information Research Scientists,15-1221.00||CA||54||Y||II,11,208319.18181818182,160000.0,74180.18181818182,25861.0,55.30098019083326,19.279255101051895,1.5530098019083325,0.20692501616405695
68205,Senior Architect “ Pricing Systems,15-1252.00,Software Developers,Calhoun,GA,314110,Y,1,IV,134098,False,0,0.1,Senior Architect “ Pricing Systems || 15-1252.00 || Software Developers,15-1252.00||GA||31||Y||IV,9,118478.44444444444,124563.0,-15619.555555555555,-9535.0,-11.647866154271917,-7.1104714462557235,0.8835213384572808,-0.13766163913422838
16475,"Software Engineer, Machine Learning",15-1252.00,Software Developers,Menlo Park,CA,519290,Y,1,II,161637,True,1,0.95,"Software Engineer, Machine Learning || 15-1252.00 || Software Developers",15-1252.00||CA||51||Y||II,11,198855.54545454544,145000.0,37218.545454545456,-16637.0,23.0260060843405,-10.292816619957064,1.230260060843405,-0.048209292131617267
3449,Principal Software Engineer,15-1252.00,Software Developers,San Jose,CA,334515,Y,1,II,187741,False,0,0.15,Principal Software Engineer || 15-1252.00 || Software Developers,15-1252.00||CA||33||Y||II,11,211128.27272727274,160000.0,23387.272727272728,-27741.0,12.457200466212884,-14.776207647770066,1.1245720046621288,-0.11078216452944774
6629,Machine Learning Scientist,15-2051.00,Data Scientists,Austin,TX,5192,Y,1,II,100339,True,1,0.95,Machine Learning Scientist || 15-2051.00 || Data Scientists,15-2051.00||TX||51||Y||II,12,118060.66666666667,123555.5,17721.666666666668,23216.5,17.66179318776016,23.138061969921964,1.1766179318776016,0.14700342926337115
22968,Senior Machine Learning Engineer,15-1252.00,Software Developers,Milpitas,CA,51121,Y,1,III,226138,True,1,0.95,Senior Machine Learning Engineer || 15-1252.00 || Software Developers,15-1252.00||CA||51||Y||III,11,205673.72727272726,145000.0,-20464.272727272728,-81138.0,-9.049462154645715,-35.87986096985027,0.909505378453543,-0.33181630829725894
99508,CAE Engineer,17-2141.02,Automotive Engineers,Warren,MI,3361,Y,1,II,93642,False,0,0.05,CAE Engineer || 17-2141.02 || Automotive Engineers,17-2141.02||MI||33||Y||II,11,91011.0,85900.0,-2631.0,-7742.0,-2.809636701480105,-8.267657674974904,0.9719036329851989,-0.039334386546029165
42097,Senior Manager JC45 - Computer Systems Engineers/Architects,15-1299.08,Computer Systems Engineers/Architects,Thousand Oaks,CA,541512,Y,1,IV,139277,False,0,0.15,Senior Manager JC45 - Computer Systems Engineers/Architects || 15-1299.08 || Computer Systems Engineers/Architects,15-1299.08||CA||54||Y||IV,9,233458.66666666666,156041.0,94181.66666666667,16764.0,67.62183753718608,12.036445357094136,1.676218375371861,0.2988077318473103
48147,"Snr Analyst, Product Management",15-2051.00,Data Scientists,New York,NY,523150,Y,1,II,109491,False,0,0.15,"Snr Analyst, Product Management || 15-2051.00 || Data Scientists",15-2051.00||NY||52||Y||II,10,115631.1,120000.0,6140.1,10509.0,5.607858180124393,9.598049154725047,1.056078581801244,0.03242365864215433
44932,Software Developer,15-1252.00,Software Developers,Irving,TX,541511,Y,1,II,112923,False,0,0.15,Software Developer || 15-1252.00 || Software Developers,15-1252.00||TX||54||Y||II,11,90191.45454545454,90000.0,-22731.545454545456,-22923.0,-20.13012889716484,-20.299673228660236,0.7986987110283515,-0.2491650978843372
14739,Associate Principal,15-2031.00,Operations Research Analysts,Princeton,NJ,54161,Y,1,IV,143083,False,0,0.15,Associate Principal || 15-2031.00 || Operations Research Analysts,15-2031.00||NJ||54||Y||IV,12,121267.58333333333,132500.0,-21815.416666666668,-10583.0,-15.24668665506501,-7.396406281668682,0.84753313344935,-0.19255272704666618
77577,Senior Business Systems Engineer,15-1252.00,Software Developers,Sunnyvale,CA,518210,Y,1,II,187741,False,0,0.1,Senior Business Systems Engineer || 15-1252.00 || Software Developers,15-1252.00||CA||51||Y||II,11,127465.54545454546,135000.0,-60275.454545454544,-52741.0,-32.10564263823807,-28.092425202805995,0.6789435736176193,-0.41393181261889195
30645,SR. GENAI CLOUD ENGINEER,15-1252.00,Software Developers,NORTH CHICAGO,IL,541511,Y,1,III,130707,True,1,0.95,SR. GENAI CLOUD ENGINEER || 15-1252.00 || Software Developers,15-1252.00||IL||54||Y||III,10,125774.3,133021.5,-4932.7,2314.5,-3.773860619553658,1.7707544354931257,0.9622613938044633,-0.051606932829976415
92928,Machine Learning Engineer,15-1252.00,Software Developers,Los Angeles,CA,515210,Y,1,IV,184558,True,1,0.95,Machine Learning Engineer || 15-1252.00 || Software Developers,15-1252.00||CA||51||Y||IV,11,202946.45454545456,140000.0,18388.454545454544,-44558.0,9.963509869772402,-24.14308780979421,1.099635098697724,-0.1424866179253557
14649,Staff AI Scientist,15-2041.01,Biostatisticians,South San Francisco,CA,541714,Y,1,III,139901,True,1,0.95,Staff AI Scientist || 15-2041.01 || Biostatisticians,15-2041.01||CA||54||Y||III,11,210582.81818181818,155000.0,70681.81818181818,15099.0,50.5227397815728,10.792631932580896,1.5052273978157282,0.1655125481058789
82328,"Vice President, Analytics Technology/Sr DIR II, Data Science",11-3021.00,Computer and Information Systems Managers,Chicago,IL,541910,Y,1,II,143874,True,1,0.85,"Vice President, Analytics Technology/Sr DIR II, Data Science || 11-3021.00 || Computer and Information Systems Managers",11-3021.00||IL||54||Y||II,10,153624.1,155000.0,9750.1,11126.0,6.776832506220721,7.73315539986377,1.0677683250622072,0.031462492556851095
61982,"Data Scientist, Data Science",15-2051.00,Data Scientists,Dublin,OH,423450,Y,1,III,102960,True,1,0.85,"Data Scientist, Data Science || 15-2051.00 || Data Scientists",15-2051.00||OH||42||Y||III,9,108598.11111111111,115000.0,5638.111111111111,12040.0,5.4760208926875595,11.693861693861693,1.0547602089268755,0.04190078866010438
68868,Software Development Team Lead,15-1252.00,Software Developers,Richland,WA,541511,Y,1,IV,159058,False,0,0.1,Software Development Team Lead || 15-1252.00 || Software Developers,15-1252.00||WA||54||Y||IV,10,124962.1,132500.0,-34095.9,-26558.0,-21.43614279068013,-16.69705390486489,0.7856385720931988,-0.28382322439439883
42687,Software Engineer (4),15-1252.00,Software Developers,New York,NY,513210,Y,1,III,160805,False,0,0.1,Software Engineer (4) || 15-1252.00 || Software Developers,15-1252.00||NY||51||Y||III,12,112367.5,119000.0,-48437.5,-41805.0,-30.12188675725257,-25.99732595379497,0.6987811324274743,-0.3792073853740119
42275,Senior Internal Audit Data Analyst,15-2051.00,Data Scientists,New York,NY,522320,Y,1,III,139506,False,0,0.15,Senior Internal Audit Data Analyst || 15-2051.00 || Data Scientists,15-2051.00||NY||52||Y||III,11,118078.0,125000.0,-21428.0,-14506.0,-15.359912835290238,-10.398119077315672,0.8464008716470975,-0.1854072050262718
98820,Staff Model Builder,15-2031.00,Operations Research Analysts,Arlington Heights,IL,541511,Y,1,III,105102,True,1,0.85,Staff Model Builder || 15-2031.00 || Operations Research Analysts,15-2031.00||IL||54||Y||III,9,97919.88888888889,95000.0,-7182.111111111111,-10102.0,-6.833467594442648,-9.611615383151605,0.9316653240555736,-0.08135861855990968
19923,Senior Software Engineer I,15-1252.00,Software Developers,South Jordan,UT,541512,Y,1,III,128440,False,0,0.1,Senior Software Engineer I || 15-1252.00 || Software Developers,15-1252.00||UT||54||Y||III,10,106878.3,112500.0,-21561.7,-15940.0,-16.787371535347244,-12.410464029897227,0.8321262846465276,-0.19804714862996686
98380,Software Engineer I - P1,15-2051.00,Data Scientists,Las Vegas,NV,522210,Y,1,I,60195,False,0,0.1,Software Engineer I - P1 || 15-2051.00 || Data Scientists,15-2051.00||NV||52||Y||I,12,85968.41666666667,82100.0,25773.416666666668,21905.0,42.81654068721101,36.390065620068114,1.4281654068721101,0.33052830687381407
86038,Machine Learning Manager,11-3021.00,Computer and Information Systems Managers,Cupertino,CA,334111,Y,1,II,248643,True,1,0.95,Machine Learning Manager || 11-3021.00 || Computer and Information Systems Managers,11-3021.00||CA||33||Y||II,10,239991.1,168955.5,-8651.9,-79687.5,-3.479647526775338,-32.048961764457474,0.9652035247322466,-0.23177666881821057
170,Full Stack LLM Development Specialist,15-1251.00,Computer Programmers,Maryland Heights,MO,5416,Y,1,II,86424,True,1,0.95,Full Stack LLM Development Specialist || 15-1251.00 || Computer Programmers,15-1251.00||MO||54||Y||II,9,99213.44444444444,103000.0,12789.444444444445,16576.0,14.798487045779464,19.17985744700546,1.1479848704577946,0.12808947693784034
84125,"Sr. Data Scientist, Data Science",15-2051.00,Data Scientists,Dublin,OH,423450,Y,1,III,102960,True,1,0.85,"Sr. Data Scientist, Data Science || 15-2051.00 || Data Scientists",15-2051.00||OH||42||Y||III,9,119137.66666666667,125000.0,16177.666666666666,22040.0,15.71257446257446,21.406371406371406,1.1571257446257446,0.13356347166556365
106611,AI/ML Engineer,15-1252.00,Software Developers,Alpharetta,GA,541511,Y,1,II,105227,True,1,0.95,AI/ML Engineer || 15-1252.00 || Software Developers,15-1252.00||GA||54||Y||II,11,108027.81818181818,115000.0,2800.818181818182,9773.0,2.661691563779431,9.287540270082774,1.0266169156377942,0.004613130153504356
116241,AI Agent Integration Engineer,15-1252.00,Software Developers,Palo Alto,CA,541511,Y,1,II,172931,True,1,0.95,AI Agent Integration Engineer || 15-1252.00 || Software Developers,15-1252.00||CA||54||Y||II,11,199855.54545454544,145000.0,26924.545454545456,-27931.0,15.569530884887875,-16.15152864437261,1.1556953088488788,-0.10722878904747853
12122,Lead Data Scientist,15-2031.00,Operations Research Analysts,Manor,TX,541511,Y,1,III,92997,True,1,0.85,Lead Data Scientist || 15-2031.00 || Operations Research Analysts,15-2031.00||TX||54||Y||III,10,123111.7,126500.0,30114.7,33503.0,32.382442444379926,36.02589330838629,1.3238244244437993,0.26777824281956464
115026,Computer and Information Systems Managers - KBGFJG111070-15,11-3021.00,Computer and Information Systems Managers,Frisco,TX,541211,Y,1,IV,206190,False,0,0.1,Computer and Information Systems Managers - KBGFJG111070-15 || 11-3021.00 || Computer and Information Systems Managers,11-3021.00||TX||54||Y||IV,10,142808.0,147500.0,-63382.0,-58690.0,-30.739609098404383,-28.464038023182503,0.6926039090159561,-0.38294038722128043
28092,Software Engineer,15-2041.00,Statisticians,Mountain View,CA,541512,Y,1,III,173992,False,0,0.1,Software Engineer || 15-2041.00 || Statisticians,15-2041.00||CA||54||Y||III,11,123337.36363636363,129600.0,-50654.63636363636,-44392.0,-29.11319851696421,-25.51381672720585,0.708868014830358,-0.39040039841432905
23670,"Associate Scientist, Functional Genomics",19-1042.00,"Medical Scientists, Except Epidemiologists",New York,NY,541715,Y,1,I,65749,False,0,0.05,"Associate Scientist, Functional Genomics || 19-1042.00 || Medical Scientists, Except Epidemiologists",19-1042.00||NY||54||Y||I,12,94561.91666666667,92850.0,28812.916666666668,27101.0,43.82259299254235,41.21887785365557,1.4382259299254236,0.32667589880162956
57311,"Senior Research Scientist, Machine Learning",15-1252.00,Software Developers,Boston,MA,334413,Y,1,III,154606,True,1,0.95,"Senior Research Scientist, Machine Learning || 15-1252.00 || Software Developers",15-1252.00||MA||33||Y||III,11,130381.81818181818,135000.0,-24224.18181818182,-19606.0,-15.668332288644566,-12.68126722119452,0.8433166771135543,-0.19594930358271448
59154,Quality Assurance Analyst,15-2051.00,Data Scientists,DeKalb,IL,611310,Y,1,I,64938,False,0,0.1,Quality Assurance Analyst || 15-2051.00 || Data Scientists,15-2051.00||IL||61||Y||I,10,82937.2,84410.5,17999.2,19472.5,27.71751516831439,29.9862946194832,1.277175151683144,0.2189164452264059
104927,Security & Integrity Engineer,15-2031.00,Operations Research Analysts,Menlo Park,CA,519290,Y,1,IV,148699,False,0,0.1,Security & Integrity Engineer || 15-2031.00 || Operations Research Analysts,15-2031.00||CA||51||Y||IV,12,124300.91666666667,135000.0,-24398.083333333332,-13699.0,-16.407698325700462,-9.21257036025797,0.8359230167429953,-0.21311146506853898
64392,"Principal, Solution Architect",15-1252.00,Software Developers,San Francisco,CA,518210,Y,10,IV,213512,False,0,0.15,"Principal, Solution Architect || 15-1252.00 || Software Developers",15-1252.00||CA||51||Y||IV,10,260921.9,180109.5,47409.9,-33402.5,22.20479410993293,-15.644319757203343,1.2220479410993295,0.0038064059687808794
14971,"Machine Learning Engineer, Account Integrity",15-1252.00,Software Developers,San Jose,CA,511210,Y,1,II,187741,True,1,0.95,"Machine Learning Engineer, Account Integrity || 15-1252.00 || Software Developers",15-1252.00||CA||51||Y||II,11,194855.54545454544,135000.0,7114.545454545455,-52741.0,3.7895534031167704,-28.092425202805995,1.0378955340311675,-0.23862334356140896
27657,Sr. Developer,15-1252.00,Software Developers,Novi,MI,541511,Y,1,III,120349,False,0,0.1,Sr. Developer || 15-1252.00 || Software Developers,15-1252.00||MI||54||Y||III,10,108773.8,115000.0,-11575.2,-5349.0,-9.61802756981778,-4.444573698161181,0.9038197243018222,-0.11555017685721278
49819,Software Engineer,15-1252.00,Software Developers,Sunnyvale,CA,541512,Y,1,II,187741,False,0,0.15,Software Engineer || 15-1252.00 || Software Developers,15-1252.00||CA||54||Y||II,11,122919.18181818182,125000.0,-64821.818181818184,-62741.0,-34.527257328882975,-33.41891222482037,0.6547274267111702,-0.4492470873470389
115989,AI Software  Systems Integration Engineer,15-1252.00,Software Developers,Sunruse,FL,334290,Y,1,IV,149781,True,1,0.85,AI Software Systems Integration Engineer || 15-1252.00 || Software Developers,15-1252.00||FL||33||Y||IV,9,116206.0,115000.0,-33575.0,-34781.0,-22.41606078207516,-23.221236338387378,0.7758393921792484,-0.2658516476250148
99364,Lead Research Engineer II,15-1252.00,Software Developers,New York,NY,51919,Y,1,IV,189592,False,0,0.15,Lead Research Engineer II || 15-1252.00 || Software Developers,15-1252.00||NY||51||Y||IV,10,144961.1,150000.0,-44630.9,-39592.0,-23.54049748934554,-20.882737668256045,0.7645950251065445,-0.3097142133770703
65439,"Associate Director, Business Intelligence",15-2041.00,Statisticians,New York,NY,541810,Y,1,II,112965,False,0,0.15,"Associate Director, Business Intelligence || 15-2041.00 || Statisticians",15-2041.00||NY||54||Y||II,11,123473.72727272728,123000.0,10508.727272727272,10035.0,9.302639997102885,8.883282432611871,1.0930263999710288,0.07283653010501871
111564,Applied Machine Learning Engineer,15-1252,Software Developers,Santa Clara,CA,541512,Y,1,I,146307,True,1,0.95,Applied Machine Learning Engineer || 15-1252 || Software Developers,15-1252||CA||54||Y||I,11,131691.9090909091,135000.0,-14615.09090909091,-11307.0,-9.989331275394143,-7.7282700075867865,0.9001066872460585,-0.13813231423293845
71095,Software Developer,15-1252.00,Software Developers,Dublin,OH,541511,Y,1,II,101899,False,0,0.15,Software Developer || 15-1252.00 || Software Developers,15-1252.00||OH||54||Y||II,11,88496.45454545454,85700.0,-13402.545454545454,-16199.0,-13.152774271136572,-15.897113808771431,0.8684722572886343,-0.16226638917080924
104218,"Manager, Automation Engineering",17-2112.00,Industrial Engineers,Bentonville,AR,455110,Y,1,III,110510,False,0,0.15,"Manager, Automation Engineering || 17-2112.00 || Industrial Engineers",17-2112.00||AR||45||Y||III,9,100757.66666666667,98000.0,-9752.333333333334,-12510.0,-8.824842397369771,-11.320242511989866,0.9117515760263023,-0.1019611594577964
16650,AI Engineer,15-1252.00,Software Developers,New York,NY,541511,Y,1,II,131997,True,1,0.95,AI Engineer || 15-1252.00 || Software Developers,15-1252.00||NY||54||Y||II,11,119339.27272727272,129000.0,-12657.727272727272,-2997.0,-9.589405268852529,-2.270506147866997,0.9041059473114746,-0.11858940433439083
64791,"Director, AI Solutions Engineering",11-9041.00,Architectural and Engineering Managers,San Jose,CA,541511,Y,1,II,213512,True,1,0.95,"Director, AI Solutions Engineering || 11-9041.00 || Architectural and Engineering Managers",11-9041.00||CA||54||Y||II,10,251800.0,176500.0,38288.0,-37012.0,17.932481546704633,-17.334857057214585,1.1793248154670464,-0.0059213566615413885
9091,Assistant Clinical Prof -CP &ProgramDirector of Data Science,25-1021.00,"Computer Science Teachers, Postsecondary",New York,NY,611310,Y,1,I,65250,True,1,0.85,"Assistant Clinical Prof -CP &ProgramDirector of Data Science || 25-1021.00 || Computer Science Teachers, Postsecondary",25-1021.00||NY||61||Y||I,11,110374.27272727272,115000.0,45124.27272727273,49750.0,69.15597352838732,76.24521072796935,1.6915597352838732,0.5049161881395814
72959,SME “ Lab Automation Software Engineer,15-1252.00,Software Developers,Auburn Hills,MI,3361,Y,1,III,120349,False,0,0.15,SME “ Lab Automation Software Engineer || 15-1252.00 || Software Developers,15-1252.00||MI||33||Y||III,9,105435.66666666667,103221.0,-14913.333333333334,-17128.0,-12.391738471722519,-14.23194210172083,0.8760826152827748,-0.14195851112666957
12967,Machine Learning Engineer (4),15-1252.00,Software Developers,San Francisco,CA,513210,Y,1,III,187574,True,1,0.95,Machine Learning Engineer (4) || 15-1252.00 || Software Developers,15-1252.00||CA||51||Y||III,12,196209.25,137050.0,8635.25,-50524.0,4.603649759561562,-26.93550278823291,1.0460364975956156,-0.18546315161376992
112206,"AI Project Manager, Sr.",15-1299.09,Information Technology Project Managers,The Woodlands,TX,22111,Y,1,IV,140005,True,1,0.85,"AI Project Manager, Sr. || 15-1299.09 || Information Technology Project Managers",15-1299.09||TX||22||Y||IV,10,138974.3,145000.0,-1030.7,4995.0,-0.7361879932859539,3.567729723938431,0.9926381200671404,-0.021289970900567924
26998,SENIOR ENGINEER,15-1221.00,Computer and Information Research Scientists,NEW YORK,NY,541511,Y,1,III,185723,True,1,0.85,SENIOR ENGINEER || 15-1221.00 || Computer and Information Research Scientists,15-1221.00||NY||54||Y||III,11,199955.54545454544,135000.0,14232.545454545454,-50723.0,7.663318735183822,-27.311103094393264,1.0766331873518382,-0.17544865895410666
43623,Member of Technical Staff,17-2141.00,Mechanical Engineers,Santa Clara,CA,54151,Y,1,IV,185869,False,0,0.05,Member of Technical Staff || 17-2141.00 || Mechanical Engineers,17-2141.00||CA||54||Y||IV,11,127245.45454545454,130000.0,-58623.545454545456,-55869.0,-31.540249021916214,-30.05826684385239,0.6845975097808379,-0.40486878406320853
37910,Senior Backend Engineer,15-1252.00,Software Developers,Sammamish,WA,541511,Y,1,IV,212202,False,0,0.1,Senior Backend Engineer || 15-1252.00 || Software Developers,15-1252.00||WA||54||Y||IV,11,130688.81818181818,140000.0,-81513.18181818182,-72202.0,-38.41301298676819,-34.02512700163052,0.6158698701323182,-0.5282056273283047
51933,Pricing Manager,15-2031.00,Operations Research Analysts,Atlanta,GA,444110,Y,1,IV,97760,False,0,0.15,Pricing Manager || 15-2031.00 || Operations Research Analysts,15-2031.00||GA||44||Y||IV,12,103525.5,106500.0,5765.5,8740.0,5.897606382978723,8.940261865793781,1.0589760638297872,0.03490117608759776
33134,Machine Learning Engineer (5),15-1252.00,Software Developers,Bellevue,WA,513210,Y,1,IV,212202,True,1,0.95,Machine Learning Engineer (5) || 15-1252.00 || Software Developers,15-1252.00||WA||51||Y||IV,12,194159.25,145000.0,-18042.75,-67202.0,-8.502629569938078,-31.66888153740304,0.9149737043006193,-0.33580418960644015
47135,"Senior Consultant, Predictive Analytics",15-1243.00,Database Architects,Sewickley,PA,54151,Y,1,II,102523,True,1,0.85,"Senior Consultant, Predictive Analytics || 15-1243.00 || Database Architects",15-1243.00||PA||54||Y||II,10,113403.1,116959.5,10880.1,14436.5,10.612350399422569,14.081230553144174,1.1061235039942257,0.0909531376701274
103939,SR. PROGRAMMER ANALYST,15-1252.00,Software Developers,SAN JOSE,CA,541511,Y,1,II,187741,False,0,0.1,SR. PROGRAMMER ANALYST || 15-1252.00 || Software Developers,15-1252.00||CA||54||Y||II,11,113843.90909090909,120000.0,-73897.09090909091,-67741.0,-39.36118956918889,-36.08215573582755,0.6063881043081112,-0.5216122658474194
5329,Technical Program Manager III,11-3021.00,Computer and Information Systems Managers,Culver City,CA,455219,Y,1,II,164798,False,0,0.15,Technical Program Manager III || 11-3021.00 || Computer and Information Systems Managers,11-3021.00||CA||45||Y||II,10,206991.1,142500.0,42193.1,-22298.0,25.602919938348766,-13.530504010971008,1.2560291993834878,-0.03860673737518834
106820,Sr. Clinical Data  Analyst,15-2041.00,Statisticians,Green  Brook,NJ,54169,Y,1,II,110822,False,0,0.15,Sr. Clinical Data Analyst || 15-2041.00 || Statisticians,15-2041.00||NJ||54||Y||II,9,101013.44444444444,103000.0,-9808.555555555555,-7822.0,-8.850729598415077,-7.058165346230893,0.9114927040158491,-0.10620969387369744
97193,.Net Architect,15-1252.00,Software Developers,Madison,WI,541511,Y,1,II,98093,False,0,0.05,.Net Architect || 15-1252.00 || Software Developers,15-1252.00||WI||54||Y||II,10,112804.0,116210.5,14711.0,18117.5,14.996992649832302,18.469717512972384,1.149969926498323,0.1319160079068066
46283,Senior Associate,15-2031.00,Operations Research Analysts,Chicago,IL,541611,Y,1,II,85904,False,0,0.15,Senior Associate || 15-2031.00 || Operations Research Analysts,15-2031.00||IL||54||Y||II,12,97573.5,100000.0,11669.5,14096.0,13.584349972061837,16.40901471409946,1.1358434997206184,0.10572185805069252
35354,Data Scientist II,15-2051.00,Data Scientists,Austin,TX,455219,Y,1,II,100339,True,1,0.85,Data Scientist II || 15-2051.00 || Data Scientists,15-2051.00||TX||45||Y||II,9,109102.11111111111,115000.0,8763.111111111111,14661.0,8.733504530751862,14.611467126441363,1.0873350453075186,0.0682291746799461
65625,Data Scientist,15-2031.00,Operations Research Analysts,Clarksville,TN,541611,Y,1,II,65562,True,1,0.85,Data Scientist || 15-2031.00 || Operations Research Analysts,15-2031.00||TN||54||Y||II,10,92278.5,87400.0,26716.5,21838.0,40.7499771208932,33.30892895274702,1.407499771208932,0.32721685232091885
12515,Development Lead Robotics,15-1251.00,Computer Programmers,San Antonio,TX,541511,Y,1,II,94848,True,1,0.85,Development Lead Robotics || 15-1251.00 || Computer Programmers,15-1251.00||TX||54||Y||II,9,106818.44444444444,110000.0,11970.444444444445,15152.0,12.620660893687209,15.975033738191632,1.126206608936872,0.10107610538105918
5214,"Manager III, Software Dev",11-3021.00,Computer and Information Systems Managers,SANTA CLARA,CA,455219,Y,10,II,248643,False,0,0.1,"Manager III, Software Dev || 11-3021.00 || Computer and Information Systems Managers",11-3021.00||CA||45||Y||II,10,224191.1,147500.0,-24451.9,-101143.0,-9.834139710347769,-40.67800018500421,0.9016586028965223,-0.3831483873888706
16052,Product Manager,15-1299.09,Information Technology Project Managers,San Jose,CA,51321,Y,2,III,181293,False,0,0.1,Product Manager || 15-1299.09 || Information Technology Project Managers,15-1299.09||CA||51||Y||III,10,208491.1,142500.0,27198.1,-38793.0,15.002289112100305,-21.397958001687876,1.150022891121003,-0.12339462194000514
71997,"Sr. Product Manager, QU and Ranking",11-3021.00,Computer and Information Systems Managers,San Francisco,CA,455219,Y,1,II,200907,True,1,0.85,"Sr. Product Manager, QU and Ranking || 11-3021.00 || Computer and Information Systems Managers",11-3021.00||CA||45||Y||II,11,213264.63636363635,160000.0,12357.636363636364,-40907.0,6.150923742645287,-20.361162129741622,1.0615092374264528,-0.16021515593174354
117520,Senior Engineer - Voice,15-1252.00,Software Developers,Argyle,TX,524298,Y,1,III,127878,True,1,0.85,Senior Engineer - Voice || 15-1252.00 || Software Developers,15-1252.00||TX||52||Y||III,9,113940.0,120000.0,-13938.0,-7878.0,-10.899451039271804,-6.160559283066673,0.891005489607282,-0.13040655179169194
92482,DATA SCIENTIST,15-2051.00,Data Scientists,SAN ANTONIO,TX,524210,Y,1,II,91562,True,1,0.85,DATA SCIENTIST || 15-2051.00 || Data Scientists,15-2051.00||TX||52||Y||II,10,100003.8,95000.0,8441.8,3438.0,9.219763657412463,3.7548327908957866,1.0921976365741246,0.0671327663633127
19710,Research Professional - Grid Control and Machine Learning,17-2074.00,"Electrical Engineers, R&D",Oak Ridge,TN,54171,Y,1,II,68078,True,1,0.85,"Research Professional - Grid Control and Machine Learning || 17-2074.00 || Electrical Engineers, R&D",17-2074.00||TN||54||Y||II,11,92840.63636363637,95000.0,24762.636363636364,26922.0,36.37391868685385,39.54581509445048,1.3637391868685385,0.29983833397353393
78357,"TECH LEAD, GPU KERNEL ENGINEER",15-1299.09,Information Technology Project Managers,SUNNYVALE,CA,513210,Y,1,III,181293,True,1,0.85,"TECH LEAD, GPU KERNEL ENGINEER || 15-1299.09 || Information Technology Project Managers",15-1299.09||CA||51||Y||III,9,234777.77777777778,160000.0,53484.77777777778,-21293.0,29.501843853749335,-11.745075651017965,1.2950184385374934,0.03564324862495343
112739,Staff Product Manager,15-2051.00,Data Scientists,New York,NY,522299,Y,1,IV,170373,False,0,0.1,Staff Product Manager || 15-2051.00 || Data Scientists,15-2051.00||NY||52||Y||IV,10,140091.1,150000.0,-30281.9,-20373.0,-17.77388435961097,-11.957880650103009,0.8222611564038903,-0.21174967787329263
57177,Senior Signal Processing and Machine Learning Engineer,17-2071.00,Electrical Engineers,Chicago,IL,541720,Y,1,III,118498,True,1,0.85,Senior Signal Processing and Machine Learning Engineer || 17-2071.00 || Electrical Engineers,17-2071.00||IL||54||Y||III,11,122946.45454545454,125000.0,4448.454545454545,6502.0,3.7540334397665323,5.487012439028507,1.0375403343976652,0.01194377119651513
108113,Sr Strategic Operations Manager,15-2031.00,Operations Research Analysts,San Francisco,CA,541511,Y,1,III,119371,False,0,0.15,Sr Strategic Operations Manager || 15-2031.00 || Operations Research Analysts,15-2031.00||CA||54||Y||III,11,135840.27272727274,135000.0,16469.272727272728,15629.0,13.796711703238413,13.092794732388938,1.137967117032384,0.09966714823511663
45760,Sr. Strategic Operations Manager,15-2051.00,Business Intelligence Analysts,Austin,TX,335311,Y,1,IV,133078,False,0,0.15,Sr. Strategic Operations Manager || 15-2051.00 || Business Intelligence Analysts,15-2051.00||TX||33||Y||IV,10,125955.8,130521.5,-7122.2,-2556.5,-5.351898886367394,-1.921053818061588,0.9464810111363262,-0.06059199803345585
14972,AI Engineer,15-1252.00,Software Developers,Charlotte,NC,541511,Y,1,II,112424,True,1,0.95,AI Engineer || 15-1252.00 || Software Developers,15-1252.00||NC||54||Y||II,11,102820.90909090909,110000.0,-9603.09090909091,-2424.0,-8.541851303183403,-2.1561232477051164,0.9145814869681659,-0.1115619948048223
115160,"Manager, Automation Engineering",17-2112.00,Industrial Engineers,Bentonville,AR,455110,Y,1,III,106475,False,0,0.15,"Manager, Automation Engineering || 17-2112.00 || Industrial Engineers",17-2112.00||AR||45||Y||III,9,100757.66666666667,98000.0,-5717.333333333333,-8475.0,-5.369648587305314,-7.959614933082883,0.9463035141269468,-0.0647653606663824
2652,Principal AI Engineer,15-1252.00,Software Developers,Cumming,GA,541511,Y,1,IV,152131,True,1,0.95,Principal AI Engineer || 15-1252.00 || Software Developers,15-1252.00||GA||54||Y||IV,9,152416.77777777778,150000.0,285.77777777777777,-2131.0,0.18784979904015492,-1.4007664447088364,1.0018784979904014,-0.02090913482727884
7760,Manager,15-1252.00,Software Developers,Boston,MA,54121,Y,1,III,154606,False,0,0.1,Manager || 15-1252.00 || Software Developers,15-1252.00||MA||54||Y||III,10,125874.3,127000.0,-28731.7,-27606.0,-18.583819515413374,-17.855710645123736,0.8141618048458662,-0.22167808546827103
33487,Senior Software Engineer-AI Network,15-1252.00,Software Developers,Santa Clara,CA,3344,Y,1,II,187741,True,1,0.85,Senior Software Engineer-AI Network || 15-1252.00 || Software Developers,15-1252.00||CA||33||Y||II,11,128964.63636363637,145000.0,-58776.36363636364,-42741.0,-31.30715381102883,-22.765938180791622,0.6869284618897117,-0.4178307788634941
20913,AI Engineer,15-1252.00,Software Developers,Maitland,FL,541511,Y,1,II,99195,True,1,0.95,AI Engineer || 15-1252.00 || Software Developers,15-1252.00||FL||54||Y||II,10,106458.8,112500.0,7263.8,13305.0,7.322748122385201,13.412974444276426,1.073227481223852,0.05018503714990548
115356,Machine Learning Engineer,15-1252.00,Software Developers,Mountain View,CA,541512,Y,1,III,199534,True,1,0.95,Machine Learning Engineer || 15-1252.00 || Software Developers,15-1252.00||CA||54||Y||III,11,202946.45454545456,145000.0,3412.4545454545455,-54534.0,1.7102120668430152,-27.33068048553129,1.0171021206684303,-0.22622467844517644
72054,Senior Financial Reporting Analyst,15-2051.00,Data Scientists,Jersey City,NJ,523110,Y,1,II,109491,False,0,0.1,Senior Financial Reporting Analyst || 15-2051.00 || Data Scientists,15-2051.00||NJ||52||Y||II,10,111803.8,115109.5,2312.8,5618.5,2.1123197340420674,5.131471993131855,1.0211231973404207,0.008857046241142363
7284,Full Stack LLM Development Manager,15-1253.00,Software Quality Assurance Analysts and Testers,St. Paul,MN,5416,Y,1,IV,124883,True,1,0.95,Full Stack LLM Development Manager || 15-1253.00 || Software Quality Assurance Analysts and Testers,15-1253.00||MN||54||Y||IV,9,124983.77777777778,131043.0,100.77777777777777,6160.0,0.08069775532120262,4.932616929445961,1.000806977553212,-0.008984379439832522
49803,Software Engineer,15-1252.00,Software Developers,Bellevue,WA,519290,Y,1,IV,212202,False,0,0.15,Software Engineer || 15-1252.00 || Software Developers,15-1252.00||WA||51||Y||IV,11,124737.36363636363,130000.0,-87464.63636363637,-82202.0,-41.21763054242484,-38.737617930085484,0.5878236945757516,-0.5862373739987743
99814,Deep Learning Engineer,15-1252.00,Software Developers,San Jose,CA,541512,Y,1,I,149365,True,1,0.95,Deep Learning Engineer || 15-1252.00 || Software Developers,15-1252.00||CA||54||Y||I,11,203855.54545454544,150000.0,54490.545454545456,635.0,36.48146851976397,0.4251330633013089,1.3648146851976397,0.06859765581609102
97302,"Senior Manager, Risk Management",15-2041.00,Statisticians,New York,NY,522210,Y,1,III,144373,False,0,0.15,"Senior Manager, Risk Management || 15-2041.00 || Statisticians",15-2041.00||NY||52||Y||III,11,130067.90909090909,135000.0,-14305.09090909091,-9373.0,-9.908425335132545,-6.492211147513732,0.9009157466486745,-0.13580851341338082
7084,FE Engineering,17-2072.00,"Electronics Engineers, Except Computer",Cupertino,CA,334111,Y,1,IV,216091,False,0,0.0,"FE Engineering || 17-2072.00 || Electronics Engineers, Except Computer",17-2072.00||CA||33||Y||IV,11,122781.09090909091,125000.0,-93309.90909090909,-91091.0,-43.18084005854436,-42.15399993521248,0.5681915994145563,-0.5875845622593222
113182,Market Research Analyst,13-1161.00,Market Research Analysts and Marketing Specialists,Aurora,IL,541511,Y,1,II,65042,False,0,0.1,Market Research Analyst || 13-1161.00 || Market Research Analysts and Marketing Specialists,13-1161.00||IL||54||Y||II,12,76032.58333333333,74245.5,10990.583333333334,9203.5,16.897671248321597,14.15008763568156,1.168976712483216,0.1271675392328427
21447,"Principal, AI/ML Engineer",15-1252.00,Software Developers,Durham,NC,52399,Y,1,IV,161741,True,1,1.0,"Principal, AI/ML Engineer || 15-1252.00 || Software Developers",15-1252.00||NC||52||Y||IV,10,148675.1,150000.0,-13065.9,-11741.0,-8.078285654224965,-7.259136520733766,0.9192171434577503,-0.1104784118435882
83613,Site Reliability Developer,15-1252.00,Software Developers,Austin,TX,513210,Y,20,IV,163550,False,0,0.1,Site Reliability Developer || 15-1252.00 || Software Developers,15-1252.00||TX||51||Y||IV,10,123955.8,124000.0,-39594.2,-39550.0,-24.209232650565575,-24.182207276062364,0.7579076734943443,-0.2845337751857249
58706,NLP Engineer,15-1252.00,Software Developers,Beachwood,OH,541512,Y,1,II,92206,True,1,0.95,NLP Engineer || 15-1252.00 || Software Developers,15-1252.00||OH||54||Y||II,11,103333.27272727272,108000.0,11127.272727272728,15794.0,12.067840191823448,17.129037155933453,1.1206784019182345,0.09506259607895648
18801,Sr Solution Architect,15-1252.00,Software Developers,Brentwood,TN,541511,Y,1,II,103334,False,0,0.15,Sr Solution Architect || 15-1252.00 || Software Developers,15-1252.00||TN||54||Y||II,10,119459.1,119459.5,16125.1,16125.5,15.604834807517369,15.605221901794183,1.1560483480751738,0.1362717854463064
23004,"R&D Principal Technologist, Product Development",15-1252.00,Software Developers,Lake Forest,CA,513210,Y,1,III,157123,False,0,0.1,"R&D Principal Technologist, Product Development || 15-1252.00 || Software Developers",15-1252.00||CA||51||Y||III,10,136261.1,147500.0,-20861.9,-9623.0,-13.277432330085347,-6.124501186968171,0.8672256766991465,-0.17694967189955085
40084,Sr Machine Learning Engineer,15-1252.00,Software Developers,Irving,TX,524114,Y,1,III,134971,True,1,0.95,Sr Machine Learning Engineer || 15-1252.00 || Software Developers,15-1252.00||TX||52||Y||III,10,127831.1,135000.0,-7139.9,29.0,-5.289951174696786,0.021486097013432515,0.9471004882530322,-0.06600336253679231
25920,AI Practitioner,15-1252.00,Software Developers,Addison,TX,54151,Y,1,III,134971,True,1,0.95,AI Practitioner || 15-1252.00 || Software Developers,15-1252.00||TX||54||Y||III,9,112184.66666666667,115000.0,-22786.333333333332,-19971.0,-16.882392020014176,-14.796511843284854,0.8311760797998582,-0.19508645899106725
108018,"Sr. Manager, Technical Programs",11-3021.00,Computer and Information Systems Managers,San Jose,CA,522320,Y,1,II,216590,False,0,0.15,"Sr. Manager, Technical Programs || 11-3021.00 || Computer and Information Systems Managers",11-3021.00||CA||52||Y||II,10,221491.1,155000.0,4901.1,-61590.0,2.262846853502006,-28.43621589177709,1.0226284685350202,-0.1986420127462843
83612,"Manager, Data Science",15-2051.01,Business Intelligence Analysts,New York,NY,522210,Y,1,II,109491,True,1,0.85,"Manager, Data Science || 15-2051.01 || Business Intelligence Analysts",15-2051.01||NY||52||Y||II,10,123531.1,132500.0,14040.1,23009.0,12.823063082810458,21.014512608342237,1.1282306308281045,0.10588084092047367
21941,Software Quality Assurance Analyst,15-1253.00,Software Quality Assurance Analysts and Testers,Chicago,IL,541511,Y,1,II,88088,False,0,0.1,Software Quality Assurance Analyst || 15-1253.00 || Software Quality Assurance Analysts and Testers,15-1253.00||IL||54||Y||II,11,91431.0,89000.0,3343.0,912.0,3.7950685677958402,1.0353283080555808,1.0379506856779583,0.023109603642007637
92422,AI Engineer,15-1252.00,Software Developers,Henrico,VA,541511,Y,1,II,107411,True,1,0.95,AI Engineer || 15-1252.00 || Software Developers,15-1252.00||VA||54||Y||II,11,104510.36363636363,110000.0,-2900.6363636363635,2589.0,-2.700502149348171,2.410367653219875,0.9729949785065183,-0.04919132024630457
87302,Power BI Analyst,15-2051.00,Data Scientists,Durham,NC,541511,Y,1,II,79851,False,0,0.15,Power BI Analyst || 15-2051.00 || Data Scientists,15-2051.00||NC||54||Y||II,12,89218.41666666667,89500.0,9367.416666666666,9649.0,11.731120044416059,12.083755995541697,1.1173112004441605,0.08917306853044933
1434,Specialist Master,15-1252.00,Software Developers,Sacramento,CA,541611,Y,3,IV,173618,False,0,0.1,Specialist Master || 15-1252.00 || Software Developers,15-1252.00||CA||54||Y||IV,12,120808.91666666667,130946.0,-52809.083333333336,-42672.0,-30.41682506038161,-24.578096741121314,0.695831749396184,-0.3898262726744406
94561,IT Manager III,15-1299.09,Information Technology Project Managers,Englewood,CO,517311,Y,1,III,116418,False,0,0.05,IT Manager III || 15-1299.09 || Information Technology Project Managers,15-1299.09||CO||51||Y||III,10,196645.8,127500.0,80227.8,11082.0,68.91357006648457,9.519146523733443,1.6891357006648455,0.23105784084427744
87518,Software Programmer,15-1251.00,Computer Programmers,Tracy,CA,541511,Y,1,II,74922,False,0,0.1,Software Programmer || 15-1251.00 || Computer Programmers,15-1251.00||CA||54||Y||II,10,95309.1,92000.0,20387.1,17078.0,27.21109954352527,22.794372814393636,1.2721109954352525,0.21001950343070758
64309,"Sr Engineer, Data and AI Platforms",17-2072.00,"Electronics Engineers, Except Computer",Boise,ID,334413,Y,1,III,104312,True,1,0.85,"Sr Engineer, Data and AI Platforms || 17-2072.00 || Electronics Engineers, Except Computer",17-2072.00||ID||33||Y||III,10,112674.3,117500.0,8362.3,13188.0,8.016623207301175,12.642840708643302,1.0801662320730117,0.059113337193273455
65264,"Sr. Software Engineer, ML Application, Autonomy",15-1252.00,Software Developers,Palo Alto,CA,336110,Y,1,II,187741,True,1,0.95,"Sr. Software Engineer, ML Application, Autonomy || 15-1252.00 || Software Developers",15-1252.00||CA||33||Y||II,11,209764.63636363635,160000.0,22023.636363636364,-27741.0,11.730861326847286,-14.776207647770066,1.1173086132684729,-0.1190603432126868
90861,"Engineer II, Deep Learning Core",15-1252.00,Software Developers,Brighton,CO,541511,Y,1,II,116376,True,1,0.95,"Engineer II, Deep Learning Core || 15-1252.00 || Software Developers",15-1252.00||CO||54||Y||II,10,113330.6,117500.0,-3045.4,1124.0,-2.616862583350519,0.9658348800439953,0.9738313741664948,-0.04531849657605776
51690,"Manager, Autonomy Engineering",11-9041.00,Architectural and Engineering Managers,San Ramon,CA,33611,Y,1,IV,249205,True,1,0.85,"Manager, Autonomy Engineering || 11-9041.00 || Architectural and Engineering Managers",11-9041.00||CA||33||Y||IV,11,217367.54545454544,160000.0,-31837.454545454544,-89205.0,-12.775608252424526,-35.79583074175879,0.8722439174757547,-0.35521319186569755
93947,Network Development Engineer III,15-1241.00,Computer Network Architects,Santa Clara,CA,518210,Y,10,III,186056,False,0,0.05,Network Development Engineer III || 15-1241.00 || Computer Network Architects,15-1241.00||CA||51||Y||III,10,214604.9,135000.0,28548.9,-51056.0,15.344251193189146,-27.441200498774563,1.1534425119318914,-0.16719949381164856
48856,"Systems/Data Analyst, Business Development",15-2051.00,Data Scientists,Plano,TX,54151,Y,1,II,96034,False,0,0.15,"Systems/Data Analyst, Business Development || 15-2051.00 || Data Scientists",15-2051.00||TX||54||Y||II,12,95068.41666666667,94350.0,-965.5833333333334,-1684.0,-1.005459871850941,-1.7535456192598455,0.9899454012814907,-0.034048147961342735
30597,ASIC Synthesis/STA Engineer,17-2072.00,"Electronics Engineers, Except Computer",San Jose,CA,3344,Y,1,III,186472,False,0,0.05,"ASIC Synthesis/STA Engineer || 17-2072.00 || Electronics Engineers, Except Computer",17-2072.00||CA||33||Y||III,11,122949.18181818182,135000.0,-63522.818181818184,-51472.0,-34.06560673013546,-27.603071774850918,0.6593439326986454,-0.4568582944548519
109161,Software Developer,15-1252.00,Software Developers,Frisco,TX,541511,Y,1,I,84094,False,0,0.15,Software Developer || 15-1252.00 || Software Developers,15-1252.00||TX||54||Y||I,12,94274.66666666667,99000.0,10180.666666666666,14906.0,12.10629375064412,17.725402525745,1.1210629375064411,0.0805492725633677
53968,Power BI Architect,15-2051.00,Data Scientists,Mettawa,IL,54151,Y,1,II,96928,False,0,0.15,Power BI Architect || 15-2051.00 || Data Scientists,15-2051.00||IL||54||Y||II,9,117466.11111111111,125000.0,20538.11111111111,28072.0,21.18903836983236,28.96170353251898,1.2118903836983237,0.1809902004414451
104785,"Associate, AI Engineer",15-1252.00,Software Developers,New York,NY,523150,Y,1,III,160805,True,1,0.95,"Associate, AI Engineer || 15-1252.00 || Software Developers",15-1252.00||NY||52||Y||III,10,112545.4,117500.0,-48259.6,-43305.0,-30.011255868909547,-26.930132769503437,0.6998874413109045,-0.3777739539916336
67135,Data Science Advisor,15-2051.00,Data Scientists,Dallas,TX,525120,Y,1,II,96034,True,1,0.85,Data Science Advisor || 15-2051.00 || Data Scientists,15-2051.00||TX||52||Y||II,10,113283.8,116609.5,17249.8,20575.5,17.962180061228317,21.42522439969178,1.1796218006122832,0.15682656050259727
113939,"Manager, Product Management 2 - Tech",15-2051.00,Data Scientists,New York,NY,522320,Y,1,IV,170373,False,0,0.3,"Manager, Product Management 2 - Tech || 15-2051.00 || Data Scientists",15-2051.00||NY||52||Y||IV,9,146623.44444444444,150000.0,-23749.555555555555,-20373.0,-13.939741364861542,-11.957880650103009,0.8606025863513845,-0.1686613986065591
54657,Software Engineering,15-1252.00,Software Developers,Redmond,WA,513210,Y,1,II,149240,False,0,0.15,Software Engineering || 15-1252.00 || Software Developers,15-1252.00||WA||51||Y||II,11,113419.18181818182,115000.0,-35820.818181818184,-34240.0,-24.002156380205157,-22.942910747788797,0.7599784361979484,-0.31351878823578777
60265,Sr. BI Developer & Admin,15-2051.00,Data Scientists,Charlotte,NC,541511,Y,1,II,105747,False,0,0.15,Sr. BI Developer & Admin || 15-2051.00 || Data Scientists,15-2051.00||NC||54||Y||II,12,105461.5,114109.5,-285.5,8362.5,-0.2699840184591527,7.908025759596017,0.9973001598154085,-0.020106633518495176
72080,Product Manager,15-1252.00,Software Developers,Plano,TX,541511,Y,1,III,134971,False,0,0.1,Product Manager || 15-1252.00 || Software Developers,15-1252.00||TX||54||Y||III,10,113485.8,117500.0,-21485.2,-17471.0,-15.918382467344838,-12.944262100747569,0.8408161753265517,-0.1919799356355812
5232,Machine Learning Engineer,15-1252.00,Software Developers,New York,NY,51929,Y,15,III,160805,True,1,0.95,Machine Learning Engineer || 15-1252.00 || Software Developers,15-1252.00||NY||51||Y||III,11,197537.36363636365,135000.0,36732.36363636364,-25805.0,22.84279943805456,-16.04738658623799,1.2284279943805456,-0.050431734080489315
24641,Software Developer,15-1252.00,Software Developers,Tracy,CA,541512,Y,1,III,133973,False,0,0.15,Software Developer || 15-1252.00 || Software Developers,15-1252.00||CA||54||Y||III,11,102652.0,102000.0,-31321.0,-31973.0,-23.378591208676372,-23.865256432266204,0.7662140879132362,-0.303857739481316
51331,Packaged App Development Manager,15-1252.00,Software Developers,St. Louis,MO,5416,Y,1,IV,140046,False,0,0.1,Packaged App Development Manager || 15-1252.00 || Software Developers,15-1252.00||MO||54||Y||IV,9,119428.22222222222,125000.0,-20617.777777777777,-15046.0,-14.722146850161932,-10.743612812932893,0.8527785314983807,-0.1693176959020683
102199,Postdoctoral Scholar,15-2051.00,Data Scientists,Medford,MA,611310,Y,1,I,74318,True,1,0.85,Postdoctoral Scholar || 15-2051.00 || Data Scientists,15-2051.00||MA||61||Y||I,12,83364.33333333333,87850.0,9046.333333333334,13532.0,12.172466069234014,18.208240264807987,1.1217246606923401,0.077248285644773
23450,Technical Lead,15-2051.00,Data Scientists,Prosper,TX,541511,Y,1,II,96034,True,1,0.85,Technical Lead || 15-2051.00 || Data Scientists,15-2051.00||TX||54||Y||II,9,116428.88888888889,115000.0,20394.88888888889,18966.0,21.237154433730648,19.749255472020327,1.2123715443373064,0.1804811325412443
56201,"Senior Advisor, Project/Program Management",15-2051.00,Data Scientists,Katy,TX,423430,Y,1,IV,133078,False,0,0.1,"Senior Advisor, Project/Program Management || 15-2051.00 || Data Scientists",15-2051.00||TX||42||Y||IV,10,121305.4,126555.5,-11772.6,-6522.5,-8.846390838455642,-4.901260914651558,0.9115360916154437,-0.10494479335374045
59388,"Corporate Vice President, Lead Data Scientist",15-2051.00,Data Scientists,New York,NY,524113,Y,1,III,139506,True,1,0.85,"Corporate Vice President, Lead Data Scientist || 15-2051.00 || Data Scientists",15-2051.00||NY||52||Y||III,10,306454.1,250000.0,166948.1,110494.0,119.67091021174717,79.20376184536866,2.1967091021174716,0.6392279030170451
104053,Software Development Engineer in Test - USDS,15-1252.00,Software Developers,San Jose,CA,519130,Y,1,III,226138,False,0,0.1,Software Development Engineer in Test - USDS || 15-1252.00 || Software Developers,15-1252.00||CA||51||Y||III,11,122464.63636363637,125000.0,-103673.36363636363,-101138.0,-45.8451757937028,-44.72401807745713,0.5415482420629719,-0.6517353470665079
89366,Senior Software Engineer,15-1252.00,Software Developers,Albertson,NY,541511,Y,1,III,160805,False,0,0.1,Senior Software Engineer || 15-1252.00 || Software Developers,15-1252.00||NY||54||Y||III,10,123212.1,129500.0,-37592.9,-31305.0,-23.377942228164546,-19.4676782438357,0.7662205777183545,-0.2915016929718014
97382,Lead Product Manager - Technical,11-3021.00,Computer and Information Systems Managers,San Jose,CA,455219,Y,1,II,248643,False,0,0.15,Lead Product Manager - Technical || 11-3021.00 || Computer and Information Systems Managers,11-3021.00||CA||45||Y||II,11,212491.9090909091,160000.0,-36151.09090909091,-88643.0,-14.539355987938897,-35.6507120650893,0.854606440120611,-0.3803584763216801
85855,Senior Machine Learning Engineer,15-1252.00,Software Developers,Seattle,WA,522291,Y,1,II,149240,True,1,0.95,Senior Machine Learning Engineer || 15-1252.00 || Software Developers,15-1252.00||WA||52||Y||II,11,130007.0,135000.0,-19233.0,-14240.0,-12.887295631198072,-9.541677834360762,0.8711270436880194,-0.16215603354100416
36877,Software Engineering LMTS,15-1252.00,Software Developers,San Francisco,CA,541511,Y,1,III,187574,False,0,0.1,Software Engineering LMTS || 15-1252.00 || Software Developers,15-1252.00||CA||54||Y||III,11,202491.9090909091,135000.0,14917.90909090909,-52574.0,7.953079366494871,-28.02840478957638,1.0795307936649488,-0.16668064191017234
25478,Senior Staff GPU Engineer,17-2072.00,"Electronics Engineers, Except Computer",San Diego,CA,334220,Y,1,IV,176134,True,1,0.85,"Senior Staff GPU Engineer || 17-2072.00 || Electronics Engineers, Except Computer",17-2072.00||CA||33||Y||IV,11,210272.72727272726,150000.0,34138.72727272727,-26134.0,19.382247194026856,-14.83756685251002,1.1938224719402686,-0.06239005316225323
118384,Pega Lead Robotics Architect,15-1252.00,Software Developers,Duluth,GA,524210,Y,1,II,105227,True,1,0.85,Pega Lead Robotics Architect || 15-1252.00 || Software Developers,15-1252.00||GA||52||Y||II,9,112019.55555555556,115000.0,6792.555555555556,9773.0,6.455145120126541,9.287540270082774,1.0645514512012655,0.05258641122131517
20462,Information Technology Project Manager,15-1299.09,Information Technology Project Managers,Irving,TX,541511,Y,1,III,118456,False,0,0.05,Information Technology Project Manager || 15-1299.09 || Information Technology Project Managers,15-1299.09||TX||54||Y||III,11,114872.0,120000.0,-3584.0,1544.0,-3.0255960018909973,1.3034375633146484,0.96974403998109,-0.04084492638527673
37008,Technology Director (017040.000533),11-3021.00,Computer and Information Systems Managers,Charlotte,NC,52399,Y,1,IV,217776,False,0,0.1,Technology Director (017040.000533) || 11-3021.00 || Computer and Information Systems Managers,11-3021.00||NC||52||Y||IV,11,214458.45454545456,156043.0,-3317.5454545454545,-61733.0,-1.5233751444353176,-28.34701711850709,0.9847662485556469,-0.21874720389426858
86084,Software Development Lead,15-1252.00,Software Developers,San Jose,CA,33599,Y,1,II,187741,False,0,0.15,Software Development Lead || 15-1252.00 || Software Developers,15-1252.00||CA||33||Y||II,11,131828.27272727274,135000.0,-55912.72727272727,-52741.0,-29.781841618361078,-28.092425202805995,0.7021815838163893,-0.3782694016840045
35481,Senior Machine Learning Engineer,15-1252.00,Software Developers,New York,NY,541511,Y,1,IV,189592,True,1,0.95,Senior Machine Learning Engineer || 15-1252.00 || Software Developers,15-1252.00||NY||54||Y||IV,11,214219.18181818182,160000.0,24627.18181818182,-29592.0,12.989568029337642,-15.608253512806447,1.1298956802933764,-0.09593864520990988
47143,"Senior Software Engineer (Android), Mobile Infrastructure",15-1252.00,Software Developers,San Jose,CA,51321,Y,1,III,226138,False,0,0.1,"Senior Software Engineer (Android), Mobile Infrastructure || 15-1252.00 || Software Developers",15-1252.00||CA||51||Y||III,11,202395.18181818182,145000.0,-23742.81818181818,-81138.0,-10.499260708867233,-35.87986096985027,0.8950073929113277,-0.3526426209454057
42464,Software Engineer,15-1252.00,Software Developers,Sunnyvale,CA,3342,Y,1,II,187741,False,0,0.15,Software Engineer || 15-1252.00 || Software Developers,15-1252.00||CA||33||Y||II,11,118464.63636363637,115000.0,-69276.36363636363,-72741.0,-36.899965184143916,-38.74539924683474,0.6310003481585608,-0.505500310703388
47040,Business Strategy Manager II,15-2051.00,Data Scientists,FRISCO,TX,54151,Y,1,IV,141773,False,0,0.1,Business Strategy Manager II || 15-2051.00 || Data Scientists,15-2051.00||TX||54||Y||IV,10,128191.1,132500.0,-13581.9,-9273.0,-9.580032869446228,-6.540737658087224,0.9041996713055378,-0.10768605199033647
115001,Specialist Master,15-1252.00,Software Developers,Dallas,TX,541611,Y,1,IV,149781,False,0,0.1,Specialist Master || 15-1252.00 || Software Developers,15-1252.00||TX||54||Y||IV,12,116154.5,117500.0,-33626.5,-32281.0,-22.450444315367104,-21.552132780526236,0.775495556846329,-0.27056007560494005
26046,AI Product Manager,15-1299.09,Information Technology Project Managers,Vancouver,WA,51121,Y,1,II,97718,True,1,0.85,AI Product Manager || 15-1299.09 || Information Technology Project Managers,15-1299.09||WA||51||Y||II,10,121878.7,122500.0,24160.7,24782.0,24.72492273685503,25.360731902003725,1.2472492273685503,0.20650151142570614
14820,Site Reliability Engineer - AML Global Recommendation - USDS,15-1252.00,Software Developers,Bellevue,WA,519130,Y,1,III,180710,True,1,0.85,Site Reliability Engineer - AML Global Recommendation - USDS || 15-1252.00 || Software Developers,15-1252.00||WA||51||Y||III,10,125260.8,132500.0,-55449.2,-48210.0,-30.68407946433512,-26.67810303801671,0.6931592053566488,-0.40002341027334704
116966,Director AI/ML Transformation,15-1299.09,Information Technology Project Managers,White Plains,NY,524113,Y,1,IV,153046,True,1,0.95,Director AI/ML Transformation || 15-1299.09 || Information Technology Project Managers,15-1299.09||NY||52||Y||IV,10,241491.9,182500.0,88445.9,29454.0,57.790402885407005,19.24519425532193,1.57790402885407,0.2686145987092258
54864,"Director, AI Ecosystem Architect",15-1252.00,Software Developers,Sammamish,WA,541512,Y,1,IV,212202,True,1,0.95,"Director, AI Ecosystem Architect || 15-1252.00 || Software Developers",15-1252.00||WA||54||Y||IV,9,262207.77777777775,198000.0,50005.77777777778,-14202.0,23.565177414811252,-6.692679616591738,1.2356517741481126,0.03698433604089798
47334,Data Scientist,15-2051.01,Business Intelligence Analysts,San Jose,CA,511210,Y,1,IV,275850,True,1,0.85,Data Scientist || 15-2051.01 || Business Intelligence Analysts,15-2051.01||CA||51||Y||IV,12,124468.41666666667,127500.0,-151381.58333333334,-148350.0,-54.878224880671866,-53.77922784121806,0.45121775119328134,-0.8253380520337664
37187,Sales Strategy Enablement,15-2051.01,Business Intelligence Analysts,San Francisco,CA,513210,Y,1,IV,194834,False,0,0.1,Sales Strategy Enablement || 15-2051.01 || Business Intelligence Analysts,15-2051.01||CA||51||Y||IV,11,126313.0,125000.0,-68521.0,-69834.0,-35.168913023394275,-35.842820041676504,0.6483108697660572,-0.4553479471526439
44991,Staff Diagnostics Engineer,15-1252.00,Software Developers,Duvall,WA,33611,Y,1,IV,212202,False,0,0.1,Staff Diagnostics Engineer || 15-1252.00 || Software Developers,15-1252.00||WA||33||Y||IV,9,126860.33333333333,130000.0,-85341.66666666667,-82202.0,-40.217182998589394,-38.737617930085484,0.5978281700141062,-0.5279039242098585
43952,Director,15-1252.00,Software Developers,Alpharetta,GA,5231,Y,1,II,109283,False,0,0.1,Director || 15-1252.00 || Software Developers,15-1252.00||GA||52||Y||II,10,130911.2,139000.0,21628.2,29717.0,19.79100134513145,27.19270151807692,1.1979100134513145,0.16407779597732955
12491,Software Developers - KBGFJG206771-12,15-1252.00,Software Developers,Sacramento,CA,541211,Y,1,II,124592,False,0,0.1,Software Developers - KBGFJG206771-12 || 15-1252.00 || Software Developers,15-1252.00||CA||54||Y||II,10,105979.1,109500.0,-18612.9,-15092.0,-14.939081160909208,-12.113137280082189,0.8506091883909079,-0.18456156210546215
98027,Security Architect,15-1252.00,Software Developers,Santa Clara,CA,54151,Y,1,III,226138,False,0,0.1,Security Architect || 15-1252.00 || Software Developers,15-1252.00||CA||54||Y||III,10,141041.1,145900.0,-85096.9,-80238.0,-37.63051764851551,-35.48187390000796,0.623694823514845,-0.49398219235529073
14743,AI Devsecops Engineer,15-1252.00,Software Developers,BATAVIA,OH,541511,Y,1,II,100547,True,1,0.85,AI Devsecops Engineer || 15-1252.00 || Software Developers,15-1252.00||OH||54||Y||II,10,102782.1,106060.5,2235.1,5513.5,2.2229405153808672,5.483505226411529,1.0222294051538088,0.0038964613709135064
35480,Vice President,15-1252.00,Software Developers,New York,NY,5231,Y,1,III,160805,False,0,0.1,Vice President || 15-1252.00 || Software Developers,15-1252.00||NY||52||Y||III,9,253323.11111111112,185000.0,92518.11111111111,24195.0,57.53434974727845,15.046173937377569,1.5753434974727845,0.25236560237589223
46012,"Director, Data Sciences",15-2051.00,Data Scientists,Raleigh,NC,541512,Y,1,IV,137696,True,1,0.85,"Director, Data Sciences || 15-2051.00 || Data Scientists",15-2051.00||NC||54||Y||IV,11,142837.36363636365,150000.0,5141.363636363636,12304.0,3.73385111866985,8.935626307227515,1.0373385111866986,0.017783296294420256
61931,"Software Engineer, Machine Learning Infrastructure",15-1252.00,Software Developers,Palo Alto,CA,541613,Y,1,II,187741,True,1,0.95,"Software Engineer, Machine Learning Infrastructure || 15-1252.00 || Software Developers",15-1252.00||CA||54||Y||II,11,203855.54545454544,150000.0,16114.545454545454,-37741.0,8.583391722929704,-20.102694669784437,1.085833917229297,-0.15754611408525435
96129,Robotics Engineer,17-2071.00,Electrical Engineers,Bridgman,MI,541330,Y,1,I,81869,True,1,0.85,Robotics Engineer || 17-2071.00 || Electrical Engineers,17-2071.00||MI||54||Y||I,10,89642.1,85350.0,7773.1,3481.0,9.494558379850737,4.251914644126592,1.0949455837985074,0.07428651829525457
21879,Research Data Scientist,15-2041.00,Statisticians,Houston,TX,541714,Y,1,I,67558,True,1,0.85,Research Data Scientist || 15-2041.00 || Statisticians,15-2041.00||TX||54||Y||I,10,107944.0,116410.5,40386.0,48852.5,59.77974481186536,72.31193937061488,1.5977974481186537,0.4481984066782605
116131,Principal Data Scientist,15-2041.00,Statisticians,South San Francisco,CA,54171,Y,1,III,137218,True,1,0.85,Principal Data Scientist || 15-2041.00 || Statisticians,15-2041.00||CA||54||Y||III,10,223741.1,162455.5,86523.1,25237.5,63.055211415411975,18.392266320745094,1.63055211415412,0.2546213871481509
27651,Deployment Strategist (11525.3840),15-2051.00,Data Scientists,New York,NY,541511,Y,1,II,109491,True,1,0.85,Deployment Strategist (11525.3840) || 15-2051.00 || Data Scientists,15-2051.00||NY||54||Y||II,11,119612.0,120000.0,10121.0,10509.0,9.243682129124767,9.598049154725047,1.0924368212912476,0.0794487209671177
87395,"Senior Director, Data Science",17-2112.00,Industrial Engineers,Bentonville,AR,455110,Y,1,IV,125819,True,1,0.85,"Senior Director, Data Science || 17-2112.00 || Industrial Engineers",17-2112.00||AR||45||Y||IV,9,156846.55555555556,150000.0,31027.555555555555,24181.0,24.660469051220847,19.218877911921094,1.2466046905122083,0.196325399027416
77060,"Software Engineer II, Backend",15-1252.00,Software Developers,Palo Alto,CA,336111,Y,1,I,149365,False,0,0.1,"Software Engineer II, Backend || 15-1252.00 || Software Developers",15-1252.00||CA||33||Y||I,11,131237.36363636365,125000.0,-18127.636363636364,-24365.0,-12.136468626275475,-16.312389113915575,0.8786353137372452,-0.1626613610404048
109813,Front-End Developer,15-1252.00,Software Developers,Washington,DC,541511,Y,1,III,148221,False,0,0.05,Front-End Developer || 15-1252.00 || Software Developers,15-1252.00||DC||54||Y||III,11,104378.36363636363,110000.0,-43842.63636363636,-38221.0,-29.579233957156113,-25.786494491333887,0.7042076604284389,-0.3855702617041365
82534,"Director, Quantitative Research Technology",11-3021.00,Computer and Information Systems Managers,New York,NY,523940,Y,1,II,186056,False,0,0.15,"Director, Quantitative Research Technology || 11-3021.00 || Computer and Information Systems Managers",11-3021.00||NY||52||Y||II,11,219140.0909090909,160000.0,33084.09090909091,-26056.0,17.78179199224476,-14.004385776325407,1.1778179199224477,-0.04321653320040204
8364,Head of Product and Design,15-1299.00,Information Technology Project Managers,Redwood City,CA,541219,Y,1,IV,185994,False,0,0.1,Head of Product and Design || 15-1299.00 || Information Technology Project Managers,15-1299.00||CA||54||Y||IV,10,266745.8,209229.0,80751.8,23235.0,43.4163467638741,12.492338462531048,1.4341634676387411,0.20799880536517074
28324,Senior AI Engineer,15-1252.00,Software Developers,New York,NY,541611,Y,1,II,131997,True,1,0.95,Senior AI Engineer || 15-1252.00 || Software Developers,15-1252.00||NY||54||Y||II,11,131310.0909090909,135000.0,-686.9090909090909,3003.0,-0.5203975021470871,2.2750517057205846,0.994796024978529,-0.03058322695313316
94136,"Senior Site Reliability Engineer, ML System",15-1252.00,Software Developers,Bellevue,WA,519130,Y,1,IV,212202,True,1,0.85,"Senior Site Reliability Engineer, ML System || 15-1252.00 || Software Developers",15-1252.00||WA||51||Y||IV,11,213719.18181818182,160000.0,1517.1818181818182,-52202.0,0.7149705554998618,-24.600145144720596,1.0071497055549985,-0.22859562236187034
12405,Senior Machine Learning/AI Engineer,15-1252.00,Software Developers,Palo Alto,CA,336111,Y,1,II,187741,True,1,1.0,Senior Machine Learning/AI Engineer || 15-1252.00 || Software Developers,15-1252.00||CA||33||Y||II,11,208855.54545454544,160000.0,21114.545454545456,-27741.0,11.246635233936889,-14.776207647770066,1.1124663523393687,-0.124409479578408
61728,"Software Engineer, Machine Learning",15-1252.00,Software Developers,Redwood City,CA,336999,Y,1,II,161637,True,1,0.95,"Software Engineer, Machine Learning || 15-1252.00 || Software Developers",15-1252.00||CA||33||Y||II,11,197855.54545454544,135000.0,36218.545454545456,-26637.0,22.407335854133308,-16.47951892202899,1.224073358541333,-0.0554075657748949
82332,UX Researcher,15-1221.00,Computer and Information Research Scientists,New York,NY,541512,Y,1,III,185723,False,0,0.1,UX Researcher || 15-1221.00 || Computer and Information Research Scientists,15-1221.00||NY||54||Y||III,11,110755.54545454546,120000.0,-74967.45454545454,-65723.0,-40.36519684985411,-35.387647195016235,0.596348031501459,-0.5435195173538584
68983,Data Scientist,15-2051.00,Data Scientists,Woodland Hills,CA,524126,Y,1,III,130270,True,1,0.85,Data Scientist || 15-2051.00 || Data Scientists,15-2051.00||CA||52||Y||III,9,123671.33333333333,130000.0,-6598.666666666667,-270.0,-5.065377037435072,-0.2072618407922008,0.9493462296256493,-0.06627480350940888
103833,Software Specialist - SAP VERTEX,15-1221.00,Computer and Information Research Scientists,Austin,TX,54151,Y,1,II,102107,False,0,0.05,Software Specialist - SAP VERTEX || 15-1221.00 || Computer and Information Research Scientists,15-1221.00||TX||54||Y||II,12,103243.41666666667,106610.5,1136.4166666666667,4503.5,1.1129664632852465,4.41056930474894,1.0111296646328525,-0.005096055827407871
82116,Lead Data Scientist,15-2051.00,Data Scientists,Fort Worth,TX,522291,Y,1,IV,141773,True,1,0.95,Lead Data Scientist || 15-2051.00 || Data Scientists,15-2051.00||TX||52||Y||IV,10,135111.7,143708.5,-6661.3,1935.5,-4.698567428212707,1.3652105831152617,0.9530143257178729,-0.059899087716884125
86669,"Scientist 3, Data Science",17-2112.00,Industrial Engineers,San Jose,CA,334112,Y,25,III,145205,True,1,0.85,"Scientist 3, Data Science || 17-2112.00 || Industrial Engineers",17-2112.00||CA||33||Y||III,9,130342.77777777778,135000.0,-14862.222222222223,-10205.0,-10.235337779155142,-7.027994903756758,0.8976466222084487,-0.1240440312061691
34029,"Product Manager, Dental Data & Analytics",15-2031.00,Operations Research Analysts,Cary,NC,524113,Y,1,IV,107016,False,0,0.15,"Product Manager, Dental Data & Analytics || 15-2031.00 || Operations Research Analysts",15-2031.00||NC||52||Y||IV,11,114613.0,123000.0,7597.0,15984.0,7.098938476489497,14.936084323839426,1.0709893847648948,0.05186338735854725
9707,Software Engineer II,15-1252.00,Software Developers,Los Angeles,CA,541519,Y,1,IV,184558,False,0,0.1,Software Engineer II || 15-1252.00 || Software Developers,15-1252.00||CA||54||Y||IV,11,115118.72727272728,120000.0,-69439.27272727272,-64558.0,-37.62463438446056,-34.97978955125218,0.6237536561553944,-0.49831085903001854
653,"Staff, Software Engineer",15-1252.00,Software Developers,San Diego,CA,518210,Y,1,II,130187,False,0,0.1,"Staff, Software Engineer || 15-1252.00 || Software Developers",15-1252.00||CA||51||Y||II,11,108599.18181818182,110000.0,-21587.81818181818,-20187.0,-16.582161184924903,-15.50615652868566,0.834178388150751,-0.20561608028831202
18717,Software Engineer - Infrastructure Delivery Platform,15-1252.00,Software Developers,San Jose,CA,519130,Y,1,II,187741,False,0,0.1,Software Engineer - Infrastructure Delivery Platform || 15-1252.00 || Software Developers,15-1252.00||CA||51||Y||II,11,123828.27272727272,129000.0,-63912.72727272727,-58741.0,-34.04303123597258,-31.288317416014618,0.6595696876402742,-0.45494571939142503
48812,Assistant Vice President & Machine Learning Engineer,15-1299.08,Computer Systems Engineers/Architects,New York,NY,524130,Y,1,IV,158974,True,1,0.95,Assistant Vice President & Machine Learning Engineer || 15-1299.08 || Computer Systems Engineers/Architects,15-1299.08||NY||52||Y||IV,10,235254.1,173770.5,76280.1,14796.5,47.98275189653654,9.307496823379923,1.4798275189653656,0.1980272292552833
106641,Software Development Engineering,15-1252.00,Software Developers,Seattle,WA,334111,Y,1,IV,190486,False,0,0.15,Software Development Engineering || 15-1252.00 || Software Developers,15-1252.00||WA||33||Y||IV,11,128419.18181818182,131411.0,-62066.818181818184,-59075.0,-32.58340150027728,-31.01277784194114,0.6741659849972271,-0.4147782914543925
111227,"Sr. Validation Engineer, ADAS Driving & Safety Features",15-1253.00,Software Quality Assurance Analysts and Testers,Newark,CA,336110,Y,1,IV,160139,True,1,0.85,"Sr. Validation Engineer, ADAS Driving & Safety Features || 15-1253.00 || Software Quality Assurance Analysts and Testers",15-1253.00||CA||33||Y||IV,10,124274.3,133021.5,-35864.7,-27117.5,-22.39598099151362,-16.933726325254934,0.7760401900848637,-0.2773269269217094
108012,AI Research Engineer,15-1252.00,Software Developers,SAN JOSE,CA,336411,Y,1,II,172931,True,1,0.95,AI Research Engineer || 15-1252.00 || Software Developers,15-1252.00||CA||33||Y||II,11,194855.54545454544,135000.0,21924.545454545456,-37931.0,12.678204286417968,-21.93418184131243,1.1267820428641797,-0.156452661159104
43969,Senior Scientist,15-1221.00,Computer and Information Research Scientists,Cambridge,MA,3344,Y,1,II,143374,True,1,0.85,Senior Scientist || 15-1221.00 || Computer and Information Research Scientists,15-1221.00||MA||33||Y||II,11,193265.54545454544,135000.0,49891.545454545456,-8374.0,34.79818199572129,-5.8406684615062705,1.3479818199572131,0.03495847397765737
23192,Computer and Information Systems Managers - KBGFJG207998-5,11-3021.00,Computer and Information Systems Managers,Rochester,NY,541211,Y,1,III,167336,False,0,0.1,Computer and Information Systems Managers - KBGFJG207998-5 || 11-3021.00 || Computer and Information Systems Managers,11-3021.00||NY||54||Y||III,10,126614.8,132050.0,-40721.2,-35286.0,-24.334990677439404,-21.086914949562555,0.756650093225606,-0.2963157048061273
41636,Staff Software Engineer,15-1252.00,Software Developers,Seattle,WA,561599,Y,1,III,180710,False,0,0.1,Staff Software Engineer || 15-1252.00 || Software Developers,15-1252.00||WA||56||Y||III,11,125510.09090909091,129000.0,-55199.90909090909,-51710.0,-30.546128654147026,-28.61490786342759,0.6945387134585297,-0.40459357616632713
82436,"Leader “ Data Solutions, AI & Advanced Analytics",15-1299.00,"Computer Occupations, All Other",Davidson,NC,3332,Y,1,IV,140795,True,1,0.95,"Leader “ Data Solutions, AI & Advanced Analytics || 15-1299.00 || Computer Occupations, All Other",15-1299.00||NC||33||Y||IV,9,133304.77777777778,140000.0,-7490.222222222223,-795.0,-5.319949019654264,-0.5646507333357008,0.9468005098034573,-0.06938090490408004
81614,Knowledge Specialist,15-2031.00,Operations Research Analysts,Boston,MA,54161,Y,1,II,85654,False,0,0.15,Knowledge Specialist || 15-2031.00 || Operations Research Analysts,15-2031.00||MA||54||Y||II,12,91295.0,85450.0,5641.0,-204.0,6.585798678403811,-0.2381675111495085,1.065857986784038,0.03897782180219626
91509,Software Development Engineer III,15-1252.00,Software Developers,Seattle,WA,455219,Y,10,III,180710,False,0,0.15,Software Development Engineer III || 15-1252.00 || Software Developers,15-1252.00||WA||45||Y||III,10,213187.7,147500.0,32477.7,-33210.0,17.97227602235626,-18.377510929112944,1.1797227602235627,-0.07118343391002906
156,Senior Staff AI Software Engineer,15-1252.00,Software Developers,San Francisco,CA,541214,Y,1,IV,213512,True,1,0.95,Senior Staff AI Software Engineer || 15-1252.00 || Software Developers,15-1252.00||CA||54||Y||IV,10,254995.8,203979.0,41483.8,-9533.0,19.42925924538199,-4.464854434411181,1.19429259245382,0.016171577315226317
107260,IT Developer - AI/ML II,15-1252.00,Software Developers,Brentwood,TN,541614,Y,1,III,116438,True,1,0.95,IT Developer - AI/ML II || 15-1252.00 || Software Developers,15-1252.00||TN||54||Y||III,10,102192.1,103110.5,-14245.9,-13327.5,-12.234751541592951,-11.446005599546538,0.8776524845840704,-0.1438060572142085
99940,PRINCIPAL DATA/ AI ENGINEERING,15-1252.00,Software Developers,DALLAS,TX,517410,Y,1,IV,156998,True,1,0.95,PRINCIPAL DATA/ AI ENGINEERING || 15-1252.00 || Software Developers,15-1252.00||TX||51||Y||IV,10,145675.1,152500.0,-11322.9,-4498.0,-7.2121300908291825,-2.865004649740761,0.9278786990917082,-0.091886247963442
18837,BUSINESS ANALYST,15-2051.00,Data Scientists,Denton,TX,541511,Y,1,I,66102,False,0,0.1,BUSINESS ANALYST || 15-2051.00 || Data Scientists,15-2051.00||TX||54||Y||I,11,86529.18181818182,85000.0,20427.18181818182,18898.0,30.90251704665792,28.589150101358506,1.3090251704665792,0.24523861002692227
40082,Software Development Engineer - Test,15-1252.00,Software Developers,New York,NY,334111,Y,1,IV,189592,False,0,0.1,Software Development Engineer - Test || 15-1252.00 || Software Developers,15-1252.00||NY||33||Y||IV,11,115154.09090909091,115000.0,-74437.90909090909,-74592.0,-39.26215720647975,-39.34343221232963,0.6073784279352025,-0.5238664070097552
2394,Statistical Programmer,15-2041.00,Statisticians,Plainsboro,NJ,541715,Y,1,III,144373,False,0,0.15,Statistical Programmer || 15-2041.00 || Statisticians,15-2041.00||NJ||54||Y||III,10,109271.1,110000.0,-35101.9,-34373.0,-24.31334113719324,-23.808468342418596,0.7568665886280675,-0.29125452206244395
79798,Applied Scientist I,15-1221.00,Computer and Information Research Scientists,San Francisco,CA,455219,Y,1,I,96678,True,1,0.95,Applied Scientist I || 15-1221.00 || Computer and Information Research Scientists,15-1221.00||CA||45||Y||I,10,119861.7,127000.0,23183.7,30322.0,23.98032644448582,31.363909058937914,1.2398032644448582,0.17514894293274655
88335,Manager,15-2051.00,Data Scientists,Princeton,NJ,541611,Y,1,IV,154627,True,1,0.85,Manager || 15-2051.00 || Data Scientists,15-2051.00||NJ||54||Y||IV,10,136821.1,139755.5,-17805.9,-14871.5,-11.515388644932646,-9.617660563808391,0.8848461135506736,-0.13693995554593225
38996,"Software Engineer, Machine Learning",15-1252.00,Software Developers,New York,NY,519290,Y,1,II,131997,True,1,0.95,"Software Engineer, Machine Learning || 15-1252.00 || Software Developers",15-1252.00||NY||51||Y||II,11,117956.54545454546,125000.0,-14040.454545454546,-6997.0,-10.636949737838394,-5.300878050258718,0.893630502621616,-0.14449974403955582
78569,R&D S&E CYBERSECURITY FOR DISTRIBUTED ENERGY SYSTEMS,15-1221.00,Computer and Information Research Scientists,ALBUQUERQUE,NM,54171,Y,1,II,160306,False,0,0.15,R&D S&E CYBERSECURITY FOR DISTRIBUTED ENERGY SYSTEMS || 15-1221.00 || Computer and Information Research Scientists,15-1221.00||NM||54||Y||II,10,110745.6,116959.5,-49560.4,-43346.5,-30.916122914925204,-27.03984878919067,0.690838770850748,-0.3809776788110922
42434,Sr Manager Data Science,11-3021.00,Computer and Information Systems Managers,Plano,TX,445110,Y,1,IV,209394,True,1,0.85,Sr Manager Data Science || 11-3021.00 || Computer and Information Systems Managers,11-3021.00||TX||44||Y||IV,10,146974.3,153021.5,-62419.7,-56372.5,-29.80968891181218,-26.921736057384642,0.7019031108818782,-0.3715175047874785
6201,Data Analysis Manager,15-2051.00,Data Scientists,Plano,TX,522110,Y,1,IV,141773,True,1,0.85,Data Analysis Manager || 15-2051.00 || Data Scientists,15-2051.00||TX||52||Y||IV,10,125574.3,131021.5,-16198.7,-10751.5,-11.425800399229754,-7.583601955238303,0.8857419960077024,-0.13030302774457958
108586,Sr Operations Analyst,15-2051.00,Data Scientists,ATLANTA,GA,522220,Y,1,II,90958,False,0,0.15,Sr Operations Analyst || 15-2051.00 || Data Scientists,15-2051.00||GA||52||Y||II,10,105112.1,106110.5,14154.1,15152.5,15.56113810769806,16.65878757228611,1.1556113810769806,0.1281354785493587
70847,LEAD ENGINEER - ROBOTICS & AUTONOMY,17-2141.00,Mechanical Engineers,NISKAYUNA,NY,336412,Y,1,IV,135200,True,1,0.85,LEAD ENGINEER - ROBOTICS & AUTONOMY || 17-2141.00 || Mechanical Engineers,17-2141.00||NY||33||Y||IV,10,130821.1,141500.0,-4378.9,6300.0,-3.238831360946745,4.659763313609467,0.9676116863905324,-0.05145283874499142
74225,Lead Data Scientist,15-2041.00,Statisticians,Burbank,CA,522291,Y,1,IV,134181,True,1,0.85,Lead Data Scientist || 15-2041.00 || Statisticians,15-2041.00||CA||52||Y||IV,11,210550.0909090909,150000.0,76369.09090909091,15819.0,56.914981188909685,11.789299528249156,1.569149811889097,0.22332799380398863
18755,Senior Software Engineer,15-1252.00,Software Developers,New York,NY,51929,Y,1,III,160805,False,0,0.1,Senior Software Engineer || 15-1252.00 || Software Developers,15-1252.00||NY||51||Y||III,11,128874.63636363637,135000.0,-31930.363636363636,-25805.0,-19.856573885366522,-16.04738658623799,0.8014342611463348,-0.24394262076537776
94922,Software Engineer (5),15-1252.00,Software Developers,Bellevue,WA,513210,Y,1,IV,212202,False,0,0.1,Software Engineer (5) || 15-1252.00 || Software Developers,15-1252.00||WA||51||Y||IV,12,124092.58333333333,127000.0,-88109.41666666667,-85202.0,-41.52148267531252,-40.151365208621975,0.5847851732468748,-0.5700541714418842
71325,Engineering NPT Project/Program Manager,17-2112.00,Industrial Engineers,Cupertino,CA,334111,Y,1,III,145205,False,0,0.0,Engineering NPT Project/Program Manager || 17-2112.00 || Industrial Engineers,17-2112.00||CA||33||Y||III,10,132190.0,130000.0,-13015.0,-15205.0,-8.963189972797078,-10.471402499913914,0.9103681002720292,-0.11517011432358082
106313,Software Project Manager,15-1252.00,Software Developers,East Peoria,IL,541512,Y,1,III,114566,False,0,0.1,Software Project Manager || 15-1252.00 || Software Developers,15-1252.00||IL||54||Y||III,9,106296.22222222222,115000.0,-8269.777777777777,434.0,-7.2183525459366455,0.37882094164062635,0.9278164745406335,-0.08279671411904468
16291,DATA ANALYST,15-2051.01,Business Intelligence Analysts,PROSPER,TX,541512,Y,1,I,73154,False,0,0.15,DATA ANALYST || 15-2051.01 || Business Intelligence Analysts,15-2051.01||TX||54||Y||I,11,86374.63636363637,85000.0,13220.636363636364,11846.0,18.07233557103694,16.193236186674685,1.1807233557103693,0.14477712648524924
7172,Regulatory Risk Senior Officer,15-1299.09,Information Technology Project Managers,New York,NY,522110,Y,1,IV,158974,False,0,0.05,Regulatory Risk Senior Officer || 15-1299.09 || Information Technology Project Managers,15-1299.09||NY||52||Y||IV,10,135563.2,140000.0,-23410.8,-18974.0,-14.726181639764993,-11.935285015159712,0.8527381836023501,-0.17136111328872125
70002,IT - Engineer Application Security,15-1252.00,Software Developers,Altamonte Springs,FL,622110,Y,1,IV,80122,False,0,0.1,IT - Engineer Application Security || 15-1252.00 || Software Developers,15-1252.00||FL||62||Y||IV,11,101885.72727272728,110000.0,21763.727272727272,29878.0,27.163235157294217,37.29063178652555,1.271632351572942,0.2122169436891048
49435,Lead Data Scientist,15-2051.00,Data Scientists,Atlanta,GA,52211,Y,1,IV,135533,True,1,0.95,Lead Data Scientist || 15-2051.00 || Data Scientists,15-2051.00||GA||52||Y||IV,10,135321.1,143755.5,-211.9,8222.5,-0.15634568702825097,6.066788162292578,0.9984365431297174,-0.014704309024334528
83664,Machine Learning Engineer,15-2051.00,Data Scientists,Seattle,WA,541511,Y,1,III,163322,True,1,0.95,Machine Learning Engineer || 15-2051.00 || Data Scientists,15-2051.00||WA||54||Y||III,12,127925.91666666667,129500.0,-35396.083333333336,-33822.0,-21.672575239914607,-20.708783874799476,0.783274247600854,-0.27049848960932305
65855,Machine Learning Research,15-1252.00,Software Developers,Seattle,WA,334111,Y,1,IV,212202,True,1,0.95,Machine Learning Research || 15-1252.00 || Software Developers,15-1252.00||WA||33||Y||IV,11,133477.36363636365,135000.0,-78724.63636363637,-77202.0,-37.0989134709552,-36.381372465858,0.6290108652904479,-0.4878812308656149
67400,Senior Manager International Market,15-2051.01,Business Intelligence Analysts,Austin,TX,33911,Y,1,II,100339,False,0,0.15,Senior Manager International Market || 15-2051.01 || Business Intelligence Analysts,15-2051.01||TX||33||Y||II,11,114085.72727272728,115000.0,13746.727272727272,14661.0,13.70028331229858,14.611467126441363,1.1370028331229858,0.11089229607427888
101674,Principal Cloud Performance Engineer,15-1252.00,Software Developers,Waltham,MA,541512,Y,1,IV,178131,False,0,0.1,Principal Cloud Performance Engineer || 15-1252.00 || Software Developers,15-1252.00||MA||54||Y||IV,10,222154.1,159270.5,44023.1,-18860.5,24.713890339132437,-10.587994228966323,1.2471389033913245,-0.01609382455435071
55998,Manager - Data Science,13-1111.00,Management Analysts,Tampa,FL,541511,Y,5,IV,118622,True,1,0.85,Manager - Data Science || 13-1111.00 || Management Analysts,13-1111.00||FL||54||Y||IV,10,125121.1,129000.0,6499.1,10378.0,5.478831919879955,8.748798705130582,1.0547883191987997,0.043978361085616945
4896,AI/ML Engineer,15-1252.00,Software Developers,Houston,TX,541511,Y,1,I,84094,True,1,0.95,AI/ML Engineer || 15-1252.00 || Software Developers,15-1252.00||TX||54||Y||I,12,110245.16666666667,119123.5,26151.166666666668,35029.5,31.09754163991089,41.65517159369277,1.310975416399109,0.2523670375175411
38011,"Sr Mgr, Data Science",15-1252.00,Software Developers,Georgetown,TX,524114,Y,1,IV,163550,True,1,0.85,"Sr Mgr, Data Science || 15-1252.00 || Software Developers",15-1252.00||TX||52||Y||IV,9,142579.0,145000.0,-20971.0,-18550.0,-12.822378477529806,-11.342097217976153,0.871776215224702,-0.15161731326106873
7726,Senior ML Engineer,15-1252.00,Software Developers,Miami,FL,441120,Y,1,III,138258,True,1,0.95,Senior ML Engineer || 15-1252.00 || Software Developers,15-1252.00||FL||44||Y||III,9,124803.55555555556,134111.0,-13454.444444444445,-4147.0,-9.731403929208035,-2.999464768765641,0.9026859607079197,-0.11686468762411156
31590,"Senior Machine Learning Engr., Risk Mgmt -Agentic AI",15-1252.00,Software Developers,San Jose,CA,511210,Y,1,II,187741,True,1,0.95,"Senior Machine Learning Engr., Risk Mgmt -Agentic AI || 15-1252.00 || Software Developers",15-1252.00||CA||51||Y||II,11,136919.18181818182,150000.0,-50821.818181818184,-37741.0,-27.070175498062852,-20.102694669784437,0.7292982450193715,-0.34591533539272845
90369,Founder & Chief Technology Officer,15-1252.00,Software Developers,San Francisco,CA,541511,Y,1,II,161637,False,0,0.1,Founder & Chief Technology Officer || 15-1252.00 || Software Developers,15-1252.00||CA||54||Y||II,9,188427.44444444444,208847.0,26790.444444444445,47210.0,16.574450431797448,29.207421568081564,1.1657445043179746,0.11157853724370999
49673,Machine Learning Engineer,15-1252.00,Software Developers,San Diego,CA,334220,Y,1,II,130187,True,1,0.95,Machine Learning Engineer || 15-1252.00 || Software Developers,15-1252.00||CA||33||Y||II,12,116483.83333333333,121500.0,-13703.166666666666,-8687.0,-10.525756539951505,-6.672709256684615,0.894742434600485,-0.12522647232363035
17994,Software Engineering SMTS,15-1252.00,Software Developers,San Francisco,CA,541511,Y,1,III,187574,False,0,0.1,Software Engineering SMTS || 15-1252.00 || Software Developers,15-1252.00||CA||54||Y||III,11,208401.0,150000.0,20827.0,-37574.0,11.103351210722167,-20.03156087730709,1.1110335121072217,-0.12931879747414757
99948,Software Engineering Manager,11-3021.00,Computer and Information Systems Managers,Bellevue,WA,519290,Y,1,III,242320,False,0,0.1,Software Engineering Manager || 11-3021.00 || Computer and Information Systems Managers,11-3021.00||WA||51||Y||III,10,227387.7,159438.5,-14932.3,-82881.5,-6.162223506107624,-34.203326180257505,0.9383777649389238,-0.267422780289694
32771,Senior Technical Lead,15-1251.00,Computer Programmers,Prosper,TX,541511,Y,1,II,77418,False,0,0.1,Senior Technical Lead || 15-1251.00 || Computer Programmers,15-1251.00||TX||54||Y||II,10,111242.2,115000.0,33824.2,37582.0,43.690356247901,48.544266191325015,1.43690356247901,0.35322665086866534
17603,Manager,15-2051.00,Data Scientists,Lake Hiawatha,NJ,541511,Y,1,II,109491,True,1,0.85,Manager || 15-2051.00 || Data Scientists,15-2051.00||NJ||54||Y||II,10,115912.1,121500.0,6421.1,12009.0,5.864500278561708,10.96802476915911,1.0586450027856171,0.03530627465143521
79192,"Machine Learning Engineer, Lead",15-1252.00,Software Developers,Plano,TX,522220,Y,1,IV,156998,True,1,0.95,"Machine Learning Engineer, Lead || 15-1252.00 || Software Developers",15-1252.00||TX||52||Y||IV,11,209537.36363636365,150000.0,52539.36363636364,-6998.0,33.464989131303355,-4.457381622695831,1.3346498913130336,0.059874732418360305
63999,Reporting Data Governance Controls Lead [00090211],15-2051.00,Data Scientists,Clifton,NJ,522110,Y,1,IV,169541,False,0,0.1,Reporting Data Governance Controls Lead [00090211] || 15-2051.00 || Data Scientists,15-2051.00||NJ||52||Y||IV,9,127804.33333333333,131339.0,-41736.666666666664,-38202.0,-24.617447500407966,-22.53260273326216,0.7538255249959204,-0.2944624216035542
5625,Software Engineering Systems,15-1252.00,Software Developers,Seattle,WA,334111,Y,1,IV,212202,False,0,0.15,Software Engineering Systems || 15-1252.00 || Software Developers,15-1252.00||WA||33||Y||IV,11,127613.0,135000.0,-84589.0,-77202.0,-39.86248951470768,-36.381372465858,0.6013751048529232,-0.5322631480145276
117820,Staff GPU Software Engineer,15-1252.00,Software Developers,San Diego,CA,334220,Y,1,III,152027,True,1,0.85,Staff GPU Software Engineer || 15-1252.00 || Software Developers,15-1252.00||CA||33||Y||III,11,196261.54545454544,135000.0,44234.545454545456,-17027.0,29.09650618281322,-11.199984213330527,1.290965061828132,-0.00851138962640683
56195,Data Scientist,15-2051.00,Data Scientists,Princeton,NJ,541511,Y,1,II,108638,True,1,0.85,Data Scientist || 15-2051.00 || Data Scientists,15-2051.00||NJ||54||Y||II,10,112704.9,116500.0,4066.9,7862.0,3.743533570205637,7.236878440324748,1.0374353357020563,0.0260954813458552
4718,"Staff Software Engineer, Perception, Autonomy",15-1252.00,Software Developers,Palo Alto,CA,336110,Y,1,III,226138,True,1,0.95,"Staff Software Engineer, Perception, Autonomy || 15-1252.00 || Software Developers",15-1252.00||CA||33||Y||III,11,214673.72727272726,160000.0,-11464.272727272728,-66138.0,-5.0695914562226285,-29.246743139145124,0.9493040854377738,-0.28620078263626797
9112,"Associate Director, Software Engineering [00092498]",15-1252.00,Software Developers,Waltham,MA,511210,Y,1,IV,178131,False,0,0.1,"Associate Director, Software Engineering [00092498] || 15-1252.00 || Software Developers",15-1252.00||MA||51||Y||IV,10,139511.1,145000.0,-38619.9,-33131.0,-21.680617073951193,-18.5992331486378,0.7831938292604881,-0.2591974036437554
74953,Senior IT Developer,15-1252.00,Software Developers,Charlotte,NC,523150,Y,1,IV,154669,False,0,0.1,Senior IT Developer || 15-1252.00 || Software Developers,15-1252.00||NC||52||Y||IV,11,114895.81818181818,123000.0,-39773.181818181816,-31669.0,-25.715031336713768,-20.475337656543974,0.7428496866328623,-0.3113351669087527
23877,Senior BI Developer,15-2051.00,Data Scientists,San Francisco,CA,513210,Y,1,II,133952,False,0,0.15,Senior BI Developer || 15-2051.00 || Data Scientists,15-2051.00||CA||51||Y||II,12,125551.75,130000.0,-8400.25,-3952.0,-6.2710896440516,-2.9503105590062115,0.9372891035594839,-0.08386048462423885
81461,Platform Engineer,15-1252.00,Software Developers,Livonia,MI,541511,Y,1,II,102190,False,0,0.15,Platform Engineer || 15-1252.00 || Software Developers,15-1252.00||MI||54||Y||II,11,96923.72727272728,95000.0,-5266.272727272727,-7190.0,-5.153412982946206,-7.0359134944710835,0.9484658701705381,-0.06693329264616549
115397,Software Senior Engineer,15-2051.00,Data Scientists,Austin,TX,423430,Y,1,III,118518,False,0,0.1,Software Senior Engineer || 15-2051.00 || Data Scientists,15-2051.00||TX||42||Y||III,11,117123.63636363637,130000.0,-1394.3636363636363,11482.0,-1.1764994653669796,9.687979884911996,0.9882350053463302,-0.03953513883979764
98759,AI DATA ARCHITECT,15-1243.00,Database Architects,ANNA,TX,541511,Y,1,III,135907,True,1,0.85,AI DATA ARCHITECT || 15-1243.00 || Database Architects,15-1243.00||TX||54||Y||III,9,120251.33333333333,129600.0,-15655.666666666666,-6307.0,-11.519396842448636,-4.640673401664373,0.8848060315755136,-0.1364039084353463
114871,"Staff Software Integration Engineer, AI Platforms",15-1252.00,Software Developers,Palo Alto,CA,336110,Y,1,IV,226158,True,1,0.85,"Staff Software Integration Engineer, AI Platforms || 15-1252.00 || Software Developers",15-1252.00||CA||33||Y||IV,11,213855.54545454544,160000.0,-12302.454545454546,-66158.0,-5.4397609394558435,-29.253000114963875,0.9456023906054416,-0.28704712040723473
3912,APPLICATION PROGRAMMER ANALYST - WATSONX PROGRAMMER,15-1251.00,Computer Programmers,COLONIA,NJ,541519,Y,1,I,74714,True,1,0.95,APPLICATION PROGRAMMER ANALYST - WATSONX PROGRAMMER || 15-1251.00 || Computer Programmers,15-1251.00||NJ||54||Y||I,10,82862.1,82450.0,8148.1,7736.0,10.905720480766657,10.354150493883342,1.1090572048076666,0.0825954566583853
58724,Software Developer,15-1252.00,Software Developers,COLUMBUS,OH,541511,Y,1,II,101899,False,0,0.15,Software Developer || 15-1252.00 || Software Developers,15-1252.00||OH||54||Y||II,11,85065.54545454546,85900.0,-16833.454545454544,-15999.0,-16.519744595584395,-15.700841028861912,0.834802554044156,-0.19593658577632878
51819,Senior Product Analyst - Programmatic & Social,15-2051.00,Data Scientists,New York,NY,541511,Y,1,II,109491,False,0,0.15,Senior Product Analyst - Programmatic & Social || 15-2051.00 || Data Scientists,15-2051.00||NY||54||Y||II,12,114109.25,119000.0,4618.25,9509.0,4.217926587573407,8.68473207843567,1.042179265875734,0.01530309590346901
111092,Associate Software Engineer,15-1252.00,Software Developers,Pleasaonton,CA,541511,Y,1,I,130250,False,0,0.1,Associate Software Engineer || 15-1252.00 || Software Developers,15-1252.00||CA||54||Y||I,12,97651.75,100600.0,-32598.25,-29650.0,-25.027447216890593,-22.76391554702495,0.749725527831094,-0.32461185520307456
32916,Senior Data Scientist,15-2051.01,Business Intelligence Analysts,Mission Viejo,CA,54181,Y,1,I,73174,True,1,0.85,Senior Data Scientist || 15-2051.01 || Business Intelligence Analysts,15-2051.01||CA||54||Y||I,12,123426.41666666667,126500.0,50252.416666666664,53326.0,68.6752352839351,72.87561155601716,1.6867523528393509,0.500872338268841
18191,"Staff, AI ML Software Engineer",15-1252.00,Software Developers,San Jose,CA,423690,Y,20,III,226138,True,1,0.95,"Staff, AI ML Software Engineer || 15-1252.00 || Software Developers",15-1252.00||CA||42||Y||III,10,222191.1,152500.0,-3946.9,-73638.0,-1.7453501844006802,-32.5633020544977,0.9825464981559933,-0.3024026894654746
50301,Senior Applied AI Engineer,15-1252.00,Software Developers,San Francisco,CA,541511,Y,1,II,161637,True,1,0.95,Senior Applied AI Engineer || 15-1252.00 || Software Developers,15-1252.00||CA||54||Y||II,11,215591.9090909091,160000.0,53954.90909090909,-1637.0,33.38029602808088,-1.0127631668491743,1.3338029602808088,0.0656390053574873
115755,Senior Engineer,17-2141.00,Mechanical Engineers,Cookeville,TN,332911,Y,1,IV,100818,False,0,0.05,Senior Engineer || 17-2141.00 || Mechanical Engineers,17-2141.00||TN||33||Y||IV,10,105511.9,110609.5,4693.9,9791.5,4.655815429784364,9.712055386934873,1.0465581542978437,0.03776195033147278
7201,Data Science Manager,11-3021.00,Computer and Information Systems Managers,New York,NY,519290,Y,1,IV,261248,True,1,0.85,Data Science Manager || 11-3021.00 || Computer and Information Systems Managers,11-3021.00||NY||51||Y||IV,9,161760.88888888888,163148.0,-99487.11111111111,-98100.0,-38.08148238880723,-37.55052670259677,0.6191851761119277,-0.5050316221423725
49530,Senior Data Scientist,15-2051.00,Data Scientists,Chicago,IL,513210,Y,1,III,119558,True,1,0.95,Senior Data Scientist || 15-2051.00 || Data Scientists,15-2051.00||IL||51||Y||III,11,120346.45454545454,125000.0,788.4545454545455,5442.0,0.6594745190238588,4.551765670218638,1.0065947451902386,-0.011124195314633732
89853,Sr. Machine Learning Engineer,15-1252.00,Software Developers,Palo Alto,CA,519290,Y,1,III,226138,True,1,0.95,Sr. Machine Learning Engineer || 15-1252.00 || Software Developers,15-1252.00||CA||51||Y||III,11,212491.9090909091,160000.0,-13646.09090909091,-66138.0,-6.034408595234285,-29.246743139145124,0.9396559140476571,-0.28504293659098195
24173,Director Data Sciences,15-1299.09,Information Technology Project Managers,Princeton,NJ,541511,Y,1,III,116251,True,1,0.85,Director Data Sciences || 15-1299.09 || Information Technology Project Managers,15-1299.09||NJ||54||Y||III,9,233683.11111111112,163148.0,117432.11111111111,46897.0,101.01600081815306,40.34115835562705,2.010160008181531,0.47350533338965406
48565,Machine Learning Team Leader,11-3021.00,Computer and Information Systems Managers,New York,NY,51929,Y,1,II,186056,True,1,0.95,Machine Learning Team Leader || 11-3021.00 || Computer and Information Systems Managers,11-3021.00||NY||51||Y||II,10,144291.1,147500.0,-41764.9,-38556.0,-22.44748892806467,-20.722793137549985,0.7755251107193534,-0.27601588492252793
19685,Quantum Computational Scientist,15-1221.00,Computer and Information Research Scientists,Yorktown Heights,NY,54151,Y,1,III,185723,False,0,0.15,Quantum Computational Scientist || 15-1221.00 || Computer and Information Research Scientists,15-1221.00||NY||54||Y||III,10,212237.7,157438.5,26514.7,-28284.5,14.276476257652524,-15.229400774271362,1.1427647625765254,-0.11891082664472882
62745,"Sr. Staff Analog Engineer, Mixed-Signal",17-2072.00,"Electronics Engineers, Except Computer",San Jose,CA,333242,Y,1,III,186472,False,0,0.05,"Sr. Staff Analog Engineer, Mixed-Signal || 17-2072.00 || Electronics Engineers, Except Computer",17-2072.00||CA||33||Y||III,11,132961.54545454544,135000.0,-53510.454545454544,-51472.0,-28.696241014980558,-27.603071774850918,0.7130375898501945,-0.3691583056078386
53184,SR. BUSINESS ANALYST,13-1111.00,Management Analysts,LATHROP,CA,541511,Y,1,II,85654,False,0,0.05,SR. BUSINESS ANALYST || 13-1111.00 || Management Analysts,13-1111.00||CA||54||Y||II,10,100111.9,104000.0,14457.9,18346.0,16.879421860041564,21.41873117425923,1.1687942186004157,0.14109357025308747
41637,Data Scientist,15-2051.00,Data Scientists,Leander,TX,541511,Y,1,I,76128,True,1,0.85,Data Scientist || 15-2051.00 || Data Scientists,15-2051.00||TX||54||Y||I,11,103630.90909090909,117821.0,27502.909090909092,41693.0,36.1271924796515,54.76697141656158,1.361271924796515,0.27174538374653406
106390,Vice President - Cloud & AI,15-1252.00,Software Developers,Clearwater,FL,524298,Y,1,IV,139194,True,1,0.95,Vice President - Cloud & AI || 15-1252.00 || Software Developers,15-1252.00||FL||52||Y||IV,9,254309.77777777778,180000.0,115115.77777777778,40806.0,82.70168094729497,29.315918789603,1.8270168094729498,0.4166241264124412
6508,"Managing Director, Sr. Portfolio Manager, Mid-Corporate Bank",13-2099.01,Financial Quantitative Analysts,Aurora,IL,523110,Y,1,IV,124446,False,0,0.05,"Managing Director, Sr. Portfolio Manager, Mid-Corporate Bank || 13-2099.01 || Financial Quantitative Analysts",13-2099.01||IL||52||Y||IV,11,159490.9090909091,150000.0,35044.90909090909,25554.0,28.160735653141998,20.534207608119186,1.2816073565314199,0.21300022437198637
87021,Software Engineer,15-1252.00,Software Developers,New York,NY,519290,Y,1,IV,189592,False,0,0.15,Software Engineer || 15-1252.00 || Software Developers,15-1252.00||NY||51||Y||IV,12,124791.25,126500.0,-64800.75,-63092.0,-34.17905291362505,-33.277775433562596,0.6582094708637495,-0.43761620599824563
151,"Staff Engineer, Machine Learning",15-1252.00,Software Developers,Folsom,CA,4461,Y,1,IV,173618,True,1,0.95,"Staff Engineer, Machine Learning || 15-1252.00 || Software Developers",15-1252.00||CA||44||Y||IV,11,138055.54545454544,145000.0,-35562.454545454544,-28618.0,-20.483161046351498,-16.48331394210278,0.795168389536485,-0.28479149117297775
69279,Machine Learning,15-1252.00,Software Developers,New York,NY,334111,Y,1,IV,189592,True,1,0.95,Machine Learning || 15-1252.00 || Software Developers,15-1252.00||NY||33||Y||IV,11,130946.45454545454,135000.0,-58645.545454545456,-54592.0,-30.932500028769915,-28.79446390143044,0.6906749997123008,-0.3931235556325017
107842,"Associate, Economic Market Risk",15-2041.00,Statisticians,New York,NY,523110,Y,1,III,142771,False,0,0.15,"Associate, Economic Market Risk || 15-2041.00 || Statisticians",15-2041.00||NY||52||Y||III,12,107450.91666666667,112500.0,-35320.083333333336,-30271.0,-24.738975935822634,-21.2024850985144,0.7526102406417737,-0.311426472154228
21291,Software Engineering,15-1252.00,Software Developers,Iselin,NJ,513210,Y,1,II,131997,False,0,0.15,Software Engineering || 15-1252.00 || Software Developers,15-1252.00||NJ||51||Y||II,10,104011.4,108500.0,-27985.6,-23497.0,-21.201693977893438,-17.801162147624567,0.7879830602210657,-0.25922623300515824
36261,"Sr. Test & Validation Engineer, Drive Unit Test & Validation",17-2141.02,Automotive Engineers,Newark,CA,336110,Y,1,IV,175157,False,0,0.05,"Sr. Test & Validation Engineer, Drive Unit Test & Validation || 17-2141.02 || Automotive Engineers",17-2141.02||CA||33||Y||IV,11,117249.36363636363,131043.0,-57907.63636363636,-44114.0,-33.060418004211286,-25.185405093715925,0.6693958199578871,-0.43133409365625364
23043,Specialist Master,15-2051.00,Data Scientists,Leander,TX,54161,Y,1,IV,148741,True,1,0.95,Specialist Master || 15-2051.00 || Data Scientists,15-2051.00||TX||54||Y||IV,11,118304.90909090909,124111.0,-30436.090909090908,-24630.0,-20.462475651697186,-16.558985081450306,0.7953752434830281,-0.24214152045077905
49278,Data Scientist,15-2041.00,Statisticians,Long Island City,NY,54151,Y,1,II,112965,True,1,0.85,Data Scientist || 15-2041.00 || Statisticians,15-2041.00||NY||54||Y||II,11,108401.72727272728,115000.0,-4563.272727272727,2035.0,-4.039545635615215,1.8014429247997168,0.959604543643848,-0.057942849001011994
14952,Machine Learning Engineer,15-1252.00,Software Developers,San Francisco,CA,541511,Y,1,II,161637,True,1,0.95,Machine Learning Engineer || 15-1252.00 || Software Developers,15-1252.00||CA||54||Y||II,11,201946.45454545456,135000.0,40309.454545454544,-26637.0,24.93825952316273,-16.47951892202899,1.2493825952316273,-0.02279138448984839
82361,IandF Decision Sci Practitioner Senior Mgr,13-1111.00,Management Analysts,Rosemont,IL,5416,Y,1,IV,156458,True,1,0.85,IandF Decision Sci Practitioner Senior Mgr || 13-1111.00 || Management Analysts,13-1111.00||IL||54||Y||IV,10,132641.1,141500.0,-23816.9,-14958.0,-15.222551739124878,-9.560393204566083,0.8477744826087512,-0.17809056922550273
54732,"Senior Manager, Software Engineering",15-1252.00,Software Developers,Hoboken,NJ,455110,Y,1,III,160805,False,0,0.1,"Senior Manager, Software Engineering || 15-1252.00 || Software Developers",15-1252.00||NJ||45||Y||III,10,138684.8,145000.0,-22120.2,-15805.0,-13.755915549889618,-9.828674481514879,0.8624408445011038,-0.1670598842295888
24627,Senior Data Scientist,15-2051.00,Data Scientists,Teaneck,NJ,541613,Y,1,II,109491,True,1,0.95,Senior Data Scientist || 15-2051.00 || Data Scientists,15-2051.00||NJ||54||Y||II,10,122831.1,125000.0,13340.1,15509.0,12.183741129407895,14.164634536171922,1.121837411294079,0.1011771030076531
59201,AI Architect/ Solution Architect,15-1252.00,Software Developers,Provo,UT,541511,Y,1,III,128669,True,1,0.95,AI Architect/ Solution Architect || 15-1252.00 || Software Developers,15-1252.00||UT||54||Y||III,10,199897.2,128500.0,71228.2,-169.0,55.357700767084545,-0.13134476835912304,1.5535770076708455,0.16915982139387875
77499,Software Developer,15-1252,Software Developers,Pasadena,CA,541511,Y,1,I,102232,False,0,0.15,Software Developer || 15-1252 || Software Developers,15-1252||CA||54||Y||I,12,103250.91666666667,115000.0,1018.9166666666666,12768.0,0.9966709706028117,12.489240159636905,1.009966709706028,-0.028598463623754622
39496,PRINCIPAL SOFTWARE DEVELOPMENT ENGINEER,15-1252.00,Software Developers,SEATTLE,WA,454110,Y,1,IV,212202,False,0,0.15,PRINCIPAL SOFTWARE DEVELOPMENT ENGINEER || 15-1252.00 || Software Developers,15-1252.00||WA||45||Y||IV,12,216149.5,162500.0,3947.5,-49702.0,1.860255794007596,-23.422022412606857,1.018602557940076,-0.18094718170637192
795,Senior Data Science,17-2112.00,Industrial Engineers,Bentonville,AR,455110,Y,1,III,110510,True,1,0.85,Senior Data Science || 17-2112.00 || Industrial Engineers,17-2112.00||AR||45||Y||III,9,102552.0,110000.0,-7958.0,-510.0,-7.201158266220252,-0.46149669713148134,0.9279884173377975,-0.08845559241637603
106408,"Senior Professional II (M), Online Biz Sales Management",15-2051.00,Data Scientists,Plano,TX,425120,Y,1,III,116064,False,0,0.1,"Senior Professional II (M), Online Biz Sales Management || 15-2051.00 || Data Scientists",15-2051.00||TX||42||Y||III,10,115994.3,126500.0,-69.7,10436.0,-0.06005307416597745,8.991590846429556,0.9993994692583403,-0.020161550217377665
48108,"Ld Dir, Digital Product",15-2051.00,Data Scientists,New York,NY,524114,Y,1,IV,169541,False,0,0.3,"Ld Dir, Digital Product || 15-2051.00 || Data Scientists",15-2051.00||NY||52||Y||IV,11,148486.18181818182,160000.0,-21054.81818181818,-9541.0,-12.418717703575055,-5.627547318937602,0.8758128229642494,-0.16624724781449063
12379,Open Science and Research Collaboration Specialist,15-2051.00,Data Scientists,New York,NY,54171,Y,1,II,77272,False,0,0.1,Open Science and Research Collaboration Specialist || 15-2051.00 || Data Scientists,15-2051.00||NY||54||Y||II,11,106678.90909090909,115000.0,29406.909090909092,37728.0,38.056358177488725,48.824930116989336,1.3805635817748874,0.3086701204941084
74496,Manager Data Science,15-2051.00,Data Scientists,New York,NY,522210,Y,1,III,139506,True,1,0.85,Manager Data Science || 15-2051.00 || Data Scientists,15-2051.00||NY||52||Y||III,9,135923.44444444444,144611.0,-3582.5555555555557,5105.0,-2.56802973030232,3.659340816882428,0.9743197026969769,-0.044140592872569724
32305,Data Scientist I,15-2031.00,Operations Research Analysts,Redwood City,CA,541511,Y,1,II,100339,True,1,0.85,Data Scientist I || 15-2031.00 || Operations Research Analysts,15-2031.00||CA||54||Y||II,9,114013.0,120000.0,13674.0,19661.0,13.627801752060515,19.59457439280838,1.1362780175206053,0.10455143278858456
110340,Software Engineer - L5,15-1252.00,Software Developers,San Francisco,CA,516210,Y,1,III,180960,False,0,0.1,Software Engineer - L5 || 15-1252.00 || Software Developers,15-1252.00||CA||51||Y||III,10,221591.1,157500.0,40631.1,-23460.0,22.453083554376654,-12.96419098143236,1.2245308355437667,-0.017289039883331015
91781,Software Development Engineer III,15-1252.00,Software Developers,Seattle,WA,455219,Y,1,III,180710,False,0,0.15,Software Development Engineer III || 15-1252.00 || Software Developers,15-1252.00||WA||45||Y||III,11,131188.81818181818,135000.0,-49521.181818181816,-45710.0,-27.403675401572585,-25.294671019866083,0.7259632459842741,-0.3453195159239795
62092,UX Research,15-2051.00,Data Scientists,New York,NY,513210,Y,1,III,139506,False,0,0.1,UX Research || 15-2051.00 || Data Scientists,15-2051.00||NY||51||Y||III,11,114311.09090909091,120000.0,-25194.909090909092,-19506.0,-18.060089953771946,-13.982194314223044,0.8193991004622805,-0.21964934012049123
99388,Principal Engineer - Process,17-2071.00,Electrical Engineers,Indianapolis,IN,3254,Y,1,III,111613,False,0,0.05,Principal Engineer - Process || 17-2071.00 || Electrical Engineers,17-2071.00||IN||32||Y||III,9,123317.11111111111,128111.0,11704.111111111111,16498.0,10.486333232787498,14.781432270434447,1.104863332327875,0.08618076182921304
12453,"UiPath, AI/ML, API Automation",15-1299.08,Computer Systems Engineers/Architects,San Leandro,CA,541511,Y,1,II,114795,True,1,0.85,"UiPath, AI/ML, API Automation || 15-1299.08 || Computer Systems Engineers/Architects",15-1299.08||CA||54||Y||II,10,121578.3,127000.0,6783.3,12205.0,5.909055272442179,10.631996167080448,1.0590905527244217,0.04535434437016583
23368,"Associate Manager, Sales Compliance Analytics",15-2031.00,Operations Research Analysts,New York,NY,541511,Y,1,IV,147014,False,0,0.15,"Associate Manager, Sales Compliance Analytics || 15-2031.00 || Operations Research Analysts",15-2031.00||NY||54||Y||IV,12,112617.58333333333,124000.0,-34396.416666666664,-23014.0,-23.39669464586139,-15.654291428027262,0.7660330535413861,-0.298658976179724
14016,Sr. Consultant,15-2031.00,Operations Research Analysts,Foster City,CA,522320,Y,1,IV,148699,False,0,0.15,Sr. Consultant || 15-2031.00 || Operations Research Analysts,15-2031.00||CA||52||Y||IV,11,121201.0,135000.0,-27498.0,-13699.0,-18.49239066839723,-9.21257036025797,0.8150760933160277,-0.24752651492986094
76337,Software Engineer,15-1252.00,Software Developers,New York,NY,519290,Y,1,IV,189592,False,0,0.15,Software Engineer || 15-1252.00 || Software Developers,15-1252.00||NY||51||Y||IV,12,124374.58333333333,126500.0,-65217.416666666664,-63092.0,-34.39882308676878,-33.277775433562596,0.6560117691323122,-0.44172212674881095
73373,"Associate, Mortgage Modeling",15-2041.00,Statisticians,Coral Gables,FL,523920,Y,1,II,98862,False,0,0.15,"Associate, Mortgage Modeling || 15-2041.00 || Statisticians",15-2041.00||FL||52||Y||II,10,85712.1,85000.0,-13149.9,-13862.0,-13.301268434787886,-14.021565414416054,0.8669873156521211,-0.154634977145232
25459,"Engineer III, Software",15-1252.00,Software Developers,San Diego,CA,335132,Y,1,II,130187,False,0,0.1,"Engineer III, Software || 15-1252.00 || Software Developers",15-1252.00||CA||33||Y||II,11,111209.63636363637,115000.0,-18977.363636363636,-15187.0,-14.577003568992017,-11.665527279989554,0.8542299643100798,-0.18309744263252253
6022,Machine Learning Engineer,15-1252.00,Software Developers,Menlo Park,CA,519290,Y,1,II,161637,True,1,0.95,Machine Learning Engineer || 15-1252.00 || Software Developers,15-1252.00||CA||51||Y||II,11,200219.18181818182,135000.0,38582.181818181816,-26637.0,23.86964730735031,-16.47951892202899,1.238696473073503,-0.033467847840766236
69542,Senior Project Manager,15-1299.09,Information Technology Project Managers,Conyers,GA,541511,Y,1,III,108514,False,0,0.05,Senior Project Manager || 15-1299.09 || Information Technology Project Managers,15-1299.09||GA||54||Y||III,10,110674.3,113500.0,2160.3,4986.0,1.9908030300237756,4.5947988278010214,1.0199080303002377,0.0023589716751880375
11286,"Executive Director, Web and POS Engineering",11-3021.00,Computer and Information Systems Managers,New York,NY,513130,Y,1,IV,261248,False,0,0.05,"Executive Director, Web and POS Engineering || 11-3021.00 || Computer and Information Systems Managers",11-3021.00||NY||51||Y||IV,11,175331.54545454544,180000.0,-85916.45454545454,-81248.0,-32.886932931717965,-31.099951004409604,0.6711306706828203,-0.4344894287611243
13179,Business Analyst,15-2051.00,Data Scientists,New York,NY,54151,Y,1,II,109491,False,0,0.1,Business Analyst || 15-2051.00 || Data Scientists,15-2051.00||NY||54||Y||II,11,100992.63636363637,95000.0,-8498.363636363636,-14491.0,-7.761700629607581,-13.23487775250934,0.9223829937039242,-0.09927173547309871
111604,Infrastructure Technology  Lead Analyst,15-2051.00,Data Scientists,Irving,TX,522110,Y,1,IV,140109,False,0,0.15,Infrastructure Technology Lead Analyst || 15-2051.00 || Data Scientists,15-2051.00||TX||52||Y||IV,11,117522.09090909091,125000.0,-22586.909090909092,-15109.0,-16.12095517840331,-10.78374693988252,0.8387904482159669,-0.1917808509396676
79176,Senior Data Scientist,15-2041.00,Statisticians,New York,NY,524114,Y,1,III,144373,True,1,0.85,Senior Data Scientist || 15-2041.00 || Statisticians,15-2041.00||NY||52||Y||III,12,127400.91666666667,130000.0,-16972.083333333332,-14373.0,-11.75571840533433,-9.955462586494704,0.8824428159466566,-0.14658709917239987
48428,"Foundation Robotics Labs, Inc.",17-2141.00,Mechanical Engineers,San Francisco,CA,541715,Y,1,IV,175157,False,0,0.15,"Foundation Robotics Labs, Inc. || 17-2141.00 || Mechanical Engineers",17-2141.00||CA||54||Y||IV,11,123468.90909090909,131339.0,-51688.09090909091,-43818.0,-29.509577641253795,-25.016413845863998,0.7049042235874621,-0.3707749783529358
61065,Sr. Data Scientist,15-2031.00,Operations Research Analysts,Ashburn,VA,444110,Y,1,III,125237,True,1,0.95,Sr. Data Scientist || 15-2031.00 || Operations Research Analysts,15-2031.00||VA||44||Y||III,10,125331.1,130000.0,94.1,4763.0,0.07513753922562838,3.80318915336522,1.0007513753922563,-0.012777885436824121
78335,Information Technology Delivery Manager,11-3021.00,Computer and Information Systems Managers,Lakeland,FL,445110,Y,1,IV,188781,False,0,0.05,Information Technology Delivery Manager || 11-3021.00 || Computer and Information Systems Managers,11-3021.00||FL||44||Y||IV,11,115060.18181818182,120000.0,-73720.81818181818,-68781.0,-39.050973446384006,-36.434280992260874,0.60949026553616,-0.5194081125757862
43568,Supplier Engineer - SP Endoscope,17-2031.00,Bioengineers and Biomedical Engineers,Sunnyvale,CA,33911,Y,1,III,146120,False,0,0.05,Supplier Engineer - SP Endoscope || 17-2031.00 || Bioengineers and Biomedical Engineers,17-2031.00||CA||33||Y||III,12,112313.33333333333,117500.0,-33806.666666666664,-28620.0,-23.136235057943242,-19.586641116890227,0.7686376494205676,-0.2902270240092504
109706,SYSTEM DEVELOPMENT ENGINEER II,15-2051.00,Data Scientists,CUPERTINO,CA,454110,Y,1,I,117291,False,0,0.1,SYSTEM DEVELOPMENT ENGINEER II || 15-2051.00 || Data Scientists,15-2051.00||CA||45||Y||I,12,122342.58333333333,129000.0,5051.583333333333,11709.0,4.306880607491907,9.982863135278922,1.043068806074919,-0.007255184838284763
100467,Staff Machine Learning Engineer,15-1252.00,Software Developers,Redwood City,CA,513210,Y,1,III,187574,True,1,0.95,Staff Machine Learning Engineer || 15-1252.00 || Software Developers,15-1252.00||CA||51||Y||III,11,203173.72727272726,155000.0,15599.727272727272,-32574.0,8.316572271598025,-17.365946239883993,1.0831657227159803,-0.17625586268091373
10678,"Manager III, Software Dev",11-3021.00,Computer and Information Systems Managers,Sunnyvale,CA,455219,Y,1,II,248643,False,0,0.1,"Manager III, Software Dev || 11-3021.00 || Computer and Information Systems Managers",11-3021.00||CA||45||Y||II,11,205855.54545454544,145000.0,-42787.454545454544,-103643.0,-17.20838895342099,-41.683457808987185,0.8279161104657902,-0.42647709925294613
27847,Sr. Data Scientist,19-1029.00,"Biological Scientists, All Other",Houston,TX,611310,Y,1,II,64813,True,1,0.95,"Sr. Data Scientist || 19-1029.00 || Biological Scientists, All Other",19-1029.00||TX||61||Y||II,9,110435.44444444444,115000.0,45622.444444444445,50187.0,70.39088523050073,77.43353956767932,1.7039088523050074,0.5162961543177269
45442,AI Agent Program Director,13-1082.00,Project Management Specialists,Long Island City,NY,513210,Y,1,IV,150301,True,1,0.95,AI Agent Program Director || 13-1082.00 || Project Management Specialists,13-1082.00||NY||51||Y||IV,9,157068.77777777778,150000.0,6767.777777777777,-301.0,4.502816200675829,-0.2002648019640588,1.0450281620067583,0.01449436328454882
76778,Sr Data Scientist,11-3021.00,Computer and Information Systems Managers,Chicago,IL,522320,Y,1,II,143874,True,1,0.95,Sr Data Scientist || 11-3021.00 || Computer and Information Systems Managers,11-3021.00||IL||52||Y||II,10,118969.5,130000.0,-24904.5,-13874.0,-17.309937862296174,-9.643159987211032,0.8269006213770382,-0.20856794970088738
4953,Software Engineer,15-1252.00,Software Developers,Hollysprings,NC,541511,Y,1,II,113547,False,0,0.15,Software Engineer || 15-1252.00 || Software Developers,15-1252.00||NC||54||Y||II,11,87121.63636363637,85700.0,-26425.363636363636,-27847.0,-23.272621589618076,-24.524646181757333,0.7672737841038192,-0.28529088470413716
3367,Machine Learning Engineer I,15-1252.00,Software Developers,Irvine,CA,519290,Y,1,II,129667,True,1,0.95,Machine Learning Engineer I || 15-1252.00 || Software Developers,15-1252.00||CA||51||Y||II,11,105755.09090909091,115000.0,-23911.909090909092,-14667.0,-18.44101358935511,-11.31128197613888,0.8155898641064488,-0.23036204888159145
94665,Data Scientist I - P1,15-2051.00,Data Scientists,Las Vegas,NV,522210,Y,1,I,60195,True,1,0.85,Data Scientist I - P1 || 15-2051.00 || Data Scientists,15-2051.00||NV||52||Y||I,11,91023.27272727272,95000.0,30828.272727272728,34805.0,51.21400901615205,57.820416978154334,1.5121400901615205,0.3842405903686322
44000,"Manager II, Data Science",15-2041.00,Statisticians,Seattle,WA,519290,Y,1,IV,127712,True,1,0.85,"Manager II, Data Science || 15-2041.00 || Statisticians",15-2041.00||WA||51||Y||IV,10,139084.8,142500.0,11372.8,14788.0,8.905036331746429,11.579178150839388,1.0890503633174642,0.06890405935670536
115764,"R&D Engineer 3, Software",15-1252.00,Software Developers,Calabasas,CA,334419,Y,1,II,126942,False,0,0.15,"R&D Engineer 3, Software || 15-1252.00 || Software Developers",15-1252.00||CA||33||Y||II,11,184004.45454545456,129000.0,57062.454545454544,2058.0,44.951595646401145,1.6212128373587937,1.4495159564640117,0.06923924311497309
4042,SOFTWARE DEVELOPER,15-1252.00,Software Developers,BOSTON,MA,5419,Y,1,II,131082,False,0,0.15,SOFTWARE DEVELOPER || 15-1252.00 || Software Developers,15-1252.00||MA||54||Y||II,11,100692.18181818182,110000.0,-30389.81818181818,-21082.0,-23.183822478920202,-16.08306251048962,0.768161775210798,-0.30188654686146066
65733,Chief Research Scientist,15-1221.00,Computer and Information Research Scientists,Brooklyn,NY,541511,Y,1,III,185723,True,1,0.85,Chief Research Scientist || 15-1221.00 || Computer and Information Research Scientists,15-1221.00||NY||54||Y||III,12,205520.66666666666,155000.0,19797.666666666668,-30723.0,10.65978186151778,-16.54237762689597,1.1065978186151777,-0.11947163022216738
75112,"Staff Software Engineer, Perception, Autonomy",15-1252.00,Software Developers,Palo Alto,CA,336111,Y,1,III,226138,True,1,0.95,"Staff Software Engineer, Perception, Autonomy || 15-1252.00 || Software Developers",15-1252.00||CA||33||Y||III,11,214673.72727272726,160000.0,-11464.272727272728,-66138.0,-5.0695914562226285,-29.246743139145124,0.9493040854377738,-0.28620078263626797
101021,Senior Risk Adjustment Analyst,15-2051.02,Clinical Data Managers,New York,NY,621610,Y,1,III,139506,False,0,0.1,Senior Risk Adjustment Analyst || 15-2051.02 || Clinical Data Managers,15-2051.02||NY||62||Y||III,11,112131.18181818182,115000.0,-27374.81818181818,-24506.0,-19.622681592059255,-17.566269551130418,0.8037731840794075,-0.2339440813459442
105461,"Software Engineer / Researcher, AI-Native database systems",15-1252.00,Software Developers,San Jose,CA,519130,Y,1,I,149365,True,1,0.95,"Software Engineer / Researcher, AI-Native database systems || 15-1252.00 || Software Developers",15-1252.00||CA||51||Y||I,11,136010.0909090909,135000.0,-13354.90909090909,-14365.0,-8.941123483352252,-9.617380243028823,0.9105887651664776,-0.1346246887435834
89736,Platinion Principal IT Architect,15-1252.00,Software Developers,New York,NY,541611,Y,1,IV,189592,False,0,0.1,Platinion Principal IT Architect || 15-1252.00 || Software Developers,15-1252.00||NY||54||Y||IV,10,236915.5,179623.5,47323.5,-9968.5,24.9607050930419,-5.257869530359931,1.249607050930419,0.034159529446172066
40169,Software Engineering,15-1252.00,Software Developers,Redmond,WA,513210,Y,1,IV,212202,False,0,0.15,Software Engineering || 15-1252.00 || Software Developers,15-1252.00||WA||51||Y||IV,11,130918.90909090909,140000.0,-81283.09090909091,-72202.0,-38.304582854587096,-34.02512700163052,0.616954171454129,-0.5281878909227026
70507,Principal ML Engineer,15-1252.00,Software Developers,Foster City,CA,522320,Y,1,IV,213512,True,1,0.95,Principal ML Engineer || 15-1252.00 || Software Developers,15-1252.00||CA||52||Y||IV,9,265983.0,198000.0,52471.0,-15512.0,24.575199520401657,-7.265165423957436,1.2457519952040166,0.05036488883127098
83133,Vice President of Data Science and Products.,11-3021.00,Computer and Information Systems Managers,New York,NY,541511,Y,1,IV,261248,True,1,0.85,Vice President of Data Science and Products. || 11-3021.00 || Computer and Information Systems Managers,11-3021.00||NY||54||Y||IV,10,289884.7,230000.0,28636.7,-31248.0,10.961500183733463,-11.961048505634494,1.1096150018373347,-0.019353811778153762
55073,Machine Learning Engineer,15-1252.00,Software Developers,Seattle,WA,541511,Y,1,II,149240,True,1,0.95,Machine Learning Engineer || 15-1252.00 || Software Developers,15-1252.00||WA||54||Y||II,11,121289.72727272728,125000.0,-27950.272727272728,-24240.0,-18.728405740600863,-16.242294291074778,0.8127159425939913,-0.22898272826032195
108665,Senior Business Analyst,15-2051.00,Data Scientists,Commerce Township,MI,541613,Y,1,II,83158,False,0,0.1,Senior Business Analyst || 15-2051.00 || Data Scientists,15-2051.00||MI||54||Y||II,9,98791.22222222222,103000.0,15633.222222222223,19842.0,18.79942064770945,23.860602708097836,1.1879942064770945,0.16271730942206297
14586,Senior Statistical Programmer,15-2041.00,Statisticians,Apex,NC,541511,Y,1,III,140795,False,0,0.15,Senior Statistical Programmer || 15-2041.00 || Statisticians,15-2041.00||NC||54||Y||III,9,113945.66666666667,115000.0,-26849.333333333332,-25795.0,-19.069805982693516,-18.320963102382898,0.8093019401730648,-0.22182170900345652
14872,DEVOPS ENGINEER WITH AI/ML,15-1252.00,Software Developers,RICHMOND,TX,541511,Y,1,II,105976,True,1,0.85,DEVOPS ENGINEER WITH AI/ML || 15-1252.00 || Software Developers,15-1252.00||TX||54||Y||II,10,107766.2,115000.0,1790.2,9024.0,1.6892503963161463,8.515135502377897,1.0168925039631616,-0.0026379236326672384
9398,SENIOR MACHINE LEARNING ENGINEER,15-1252.00,Software Developers,SAN MATEO,CA,54199,Y,1,II,161637,True,1,1.0,SENIOR MACHINE LEARNING ENGINEER || 15-1252.00 || Software Developers,15-1252.00||CA||54||Y||II,11,203401.0,145000.0,41764.0,-16637.0,25.838143494373195,-10.292816619957064,1.258381434943732,-0.010592543707877928
81465,Data and AI Engineer,15-1252.00,Software Developers,Lewis Center,OH,541511,Y,1,II,101899,True,1,0.85,Data and AI Engineer || 15-1252.00 || Software Developers,15-1252.00||OH||54||Y||II,9,101048.88888888889,108000.0,-850.1111111111111,6101.0,-0.8342683550487355,5.987301151139854,0.9916573164495127,-0.019032619648784097
63309,Systems Analyst Advisor,15-1252.00,Software Developers,Atlanta,GA,524114,Y,1,III,130707,False,0,0.1,Systems Analyst Advisor || 15-1252.00 || Software Developers,15-1252.00||GA||52||Y||III,10,99991.9,98500.0,-30715.1,-32207.0,-23.4992005018859,-24.640608383636682,0.765007994981141,-0.2817915813469686
109091,GenAI Specialist,15-1243.00,Database Architects,Burbank,CA,54151,Y,1,II,124800,True,1,0.95,GenAI Specialist || 15-1243.00 || Database Architects,15-1243.00||CA||54||Y||II,10,122130.3,130746.0,-2669.7,5946.0,-2.139182692307692,4.764423076923077,0.9786081730769232,-0.03400706884251718
109812,Assistant Professor,25-1071.00,"Health Specialties Teachers, Postsecondary",New York,NY,611310,Y,1,II,110163,False,0,0.0,"Assistant Professor || 25-1071.00 || Health Specialties Teachers, Postsecondary",25-1071.00||NY||61||Y||II,11,93854.54545454546,90000.0,-16308.454545454546,-20163.0,-14.803931034425846,-18.302878461915526,0.8519606896557416,-0.17303576891933936
50055,SME MM/PP Consultant,15-1252.00,Software Developers,PLANO,TX,541511,Y,1,II,112923,False,0,0.0,SME MM/PP Consultant || 15-1252.00 || Software Developers,15-1252.00||TX||54||Y||II,12,101863.83333333333,102500.0,-11059.166666666666,-10423.0,-9.793546635022684,-9.230183399307492,0.9020645336497731,-0.1274397012619423
108566,Applications Developer,15-1252.00,Software Developers,Menifee,CA,513210,Y,1,IV,156811,False,0,0.1,Applications Developer || 15-1252.00 || Software Developers,15-1252.00||CA||51||Y||IV,10,110675.5,112500.0,-46135.5,-44311.0,-29.42108653091939,-28.25758397051227,0.7057891346908061,-0.3652299329869935
36542,Senior Autonomy Engineer,17-2071.00,Electrical Engineers,Washington,IL,333120,Y,1,IV,111675,True,1,0.85,Senior Autonomy Engineer || 17-2071.00 || Electrical Engineers,17-2071.00||IL||33||Y||IV,10,125885.4,130521.5,14210.4,18846.5,12.724781732706514,16.8762032684128,1.1272478173270652,0.10855911084286998
41168,Sr. Data Scientist,15-2031.00,Operations Research Analysts,Santa Clara,CA,54171,Y,1,IV,147742,True,1,0.95,Sr. Data Scientist || 15-2031.00 || Operations Research Analysts,15-2031.00||CA||54||Y||IV,10,137361.1,150000.0,-10380.9,2258.0,-7.026370294161444,1.5283399439563563,0.9297362970583857,-0.10491814614354897
98271,Principal Architect,15-1299.00,"Computer Occupations, All Other",Plano,TX,541511,Y,1,IV,144310,False,0,0.1,"Principal Architect || 15-1299.00 || Computer Occupations, All Other",15-1299.00||TX||54||Y||IV,10,230805.1,161500.0,86495.1,17190.0,59.937010602175874,11.911856420206501,1.5993701060217587,0.2668867806100742
67886,Applications Consultant 2,15-1252.00,Software Developers,West Chester,OH,541512,Y,1,II,100547,False,0,0.1,Applications Consultant 2 || 15-1252.00 || Software Developers,15-1252.00||OH||54||Y||II,10,85992.1,85350.0,-14554.9,-15197.0,-14.475717823505425,-15.114324644196246,0.8552428217649457,-0.16431863783929312
62351,TECHNICAL LEAD,15-1252.00,Software Developers,PHOENIX,AZ,518210,Y,1,III,134514,False,0,0.1,TECHNICAL LEAD || 15-1252.00 || Software Developers,15-1252.00||AZ||51||Y||III,10,118286.4,120000.0,-16227.6,-14514.0,-12.063874392256569,-10.78995494892725,0.8793612560774342,-0.13957478705145404
50604,AI ENGINEER,15-2051.00,Data Scientists,MILWAUKEE,WI,541990,Y,1,II,94037,True,1,0.95,AI ENGINEER || 15-2051.00 || Data Scientists,15-2051.00||WI||54||Y||II,11,103485.27272727272,108000.0,9448.272727272728,13963.0,10.047399137863529,14.848410731945936,1.1004739913786352,0.07890064932961333
67081,Senior Decision Scientist,17-2112.00,Industrial Engineers,Palo Alto,CA,541512,Y,1,III,145205,True,1,0.85,Senior Decision Scientist || 17-2112.00 || Industrial Engineers,17-2112.00||CA||54||Y||III,11,138609.0909090909,145000.0,-6595.909090909091,-205.0,-4.542480693439683,-0.14117971144244343,0.9545751930656031,-0.0673408457019914
96774,"Developer, IT Applications",15-1252.00,Software Developers,Fort Worth,TX,481111,Y,1,II,112923,False,0,0.1,"Developer, IT Applications || 15-1252.00 || Software Developers",15-1252.00||TX||48||Y||II,11,86120.09090909091,85900.0,-26802.909090909092,-27023.0,-23.735562366310752,-23.930465892687938,0.7626443763368925,-0.2897427665320142
4635,Director of Data Science,11-3021.00,Computer and Information Systems Managers,Chicago,IL,5239,Y,1,IV,202779,True,1,0.85,Director of Data Science || 11-3021.00 || Computer and Information Systems Managers,11-3021.00||IL||52||Y||IV,11,220909.0909090909,165000.0,18130.090909090908,-37779.0,8.940812859857731,-18.630627431834657,1.0894081285985775,-0.12809149202896852
21843,COMPUTER (AZURE DEVOPS) PROGRAMMER/ENGINEER,15-1251.00,Computer Programmers,CHESTERFIELD,MO,5419,Y,1,II,86424,False,0,0.1,COMPUTER (AZURE DEVOPS) PROGRAMMER/ENGINEER || 15-1251.00 || Computer Programmers,15-1251.00||MO||54||Y||II,9,88913.44444444444,89100.0,2489.4444444444443,2676.0,2.8805013010789184,3.09636212163288,1.0288050130107893,0.021996121841546708
72127,Autopilot Machine Learning Engineer,15-1252.00,Software Developers,Palo Alto,CA,336110,Y,1,II,187741,True,1,0.95,Autopilot Machine Learning Engineer || 15-1252.00 || Software Developers,15-1252.00||CA||33||Y||II,11,202719.18181818182,135000.0,14978.181818181818,-52741.0,7.978109106791707,-28.092425202805995,1.079781091067917,-0.16918422297719102
65932,Staff ADAS/AD Feature Owner,17-2071.00,Electrical Engineers,Newark,CA,336110,Y,1,IV,187803,True,1,0.85,Staff ADAS/AD Feature Owner || 17-2071.00 || Electrical Engineers,17-2071.00||CA||33||Y||IV,10,135670.0,147500.0,-52133.0,-40303.0,-27.759407464204514,-21.460253563574597,0.7224059253579549,-0.3560690439071562
37392,Senior Staff Engineer-KBGFJG374093-1,15-1252.00,Software Developers,Alviso,CA,334111,Y,1,III,226138,False,0,0.1,Senior Staff Engineer-KBGFJG374093-1 || 15-1252.00 || Software Developers,15-1252.00||CA||33||Y||III,10,212641.1,149500.0,-13496.9,-76638.0,-5.968435203282951,-33.88992562063872,0.9403156479671704,-0.3132427454785887
77878,Staff Software Engineer,15-1252.00,Software Developers,Moseley,VA,813910,Y,1,III,131206,False,0,0.1,Staff Software Engineer || 15-1252.00 || Software Developers,15-1252.00||VA||81||Y||III,10,110000.0,112500.0,-21206.0,-18706.0,-16.162370623294667,-14.256969955642273,0.8383762937670534,-0.19466865881465728
58177,Staff Data Scientist,15-2031.00,Operations Research Analysts,Plano,TX,522292,Y,1,IV,132392,True,1,0.85,Staff Data Scientist || 15-2031.00 || Operations Research Analysts,15-2031.00||TX||52||Y||IV,10,123274.3,125000.0,-9117.7,-7392.0,-6.886896489213849,-5.583418937700163,0.9311310351078614,-0.08027574040549598
23157,Data Scientist,15-2051.00,Data Scientists,Pittsburgh,PA,611310,Y,1,I,51459,True,1,0.85,Data Scientist || 15-2051.00 || Data Scientists,15-2051.00||PA||61||Y||I,11,95220.09090909091,103000.0,43761.09090909091,51541.0,85.04069435684897,100.1593501622651,1.8504069435684898,0.5872418564715162
79862,Manager JC50 - Information Technology Project Managers,15-1299.09,Information Technology Project Managers,Princeton,NJ,541512,Y,1,III,116251,False,0,0.05,Manager JC50 - Information Technology Project Managers || 15-1299.09 || Information Technology Project Managers,15-1299.09||NJ||54||Y||III,9,123499.77777777778,130000.0,7248.777777777777,13749.0,6.235454127515272,11.826995036601836,1.0623545412751527,0.04596361141071922
116741,Data Scientist,15-2051.01,Business Intelligence Analysts,Menlo Park,CA,519290,Y,1,III,158642,True,1,0.85,Data Scientist || 15-2051.01 || Business Intelligence Analysts,15-2051.01||CA||51||Y||III,11,126619.18181818182,135000.0,-32022.81818181818,-23642.0,-20.18558652930383,-14.902736980118759,0.7981441347069617,-0.2516135983979067
15014,Software Engineering Applications,15-1252.00,Software Developers,Austin,TX,334111,Y,1,IV,163550,False,0,0.15,Software Engineering Applications || 15-1252.00 || Software Developers,15-1252.00||TX||33||Y||IV,11,114623.09090909091,120000.0,-48926.90909090909,-43550.0,-29.915566549011977,-26.627942525221645,0.7008443345098802,-0.3702918450925628
83762,Principal AI Engineer,15-1252.00,Software Developers,Seattle,WA,541511,Y,1,IV,212202,True,1,0.95,Principal AI Engineer || 15-1252.00 || Software Developers,15-1252.00||WA||54||Y||IV,10,243804.7,172500.0,31602.7,-39702.0,14.892743706468362,-18.709531484151892,1.1489274370646836,-0.04794691695159514
57267,"Vice President, Portfolio Information Officer",11-3021.00,Computer and Information Systems Managers,Duarte,CA,5417,Y,1,IV,172058,False,0,0.05,"Vice President, Portfolio Information Officer || 11-3021.00 || Computer and Information Systems Managers",11-3021.00||CA||54||Y||IV,11,224744.63636363635,167191.0,52686.63636363636,-4867.0,30.62143949344777,-2.8286972997477595,1.3062143949344778,0.05101381441452721
16606,AI/ML Modernization,15-1252.00,Software Developers,Bentonville,AR,541511,Y,1,II,83325,True,1,0.95,AI/ML Modernization || 15-1252.00 || Software Developers,15-1252.00||AR||54||Y||II,9,102513.44444444444,103000.0,19188.444444444445,19675.0,23.02843617695103,23.61236123612361,1.2302843617695103,0.1917840406947171
77042,Senior Data Scientist,15-2051.00,Data Scientists,San Francisco,CA,522320,Y,1,III,164403,True,1,0.95,Senior Data Scientist || 15-2051.00 || Data Scientists,15-2051.00||CA||52||Y||III,11,205219.18181818182,150000.0,40816.181818181816,-14403.0,24.826908157504317,-8.76078903669641,1.2482690815750432,-0.015322501267591352
66670,Software Engineer,15-1252.00,Software Developers,Mountain View,CA,541512,Y,1,II,187741,False,0,0.15,Software Engineer || 15-1252.00 || Software Developers,15-1252.00||CA||54||Y||II,11,195310.0909090909,135000.0,7569.090909090909,-52741.0,4.0316664495719685,-28.092425202805995,1.0403166644957196,-0.2448954227874955
113787,Computer and Information Systems Managers,11-3021.00,Computer and Information Systems Managers,Sunnyvale,CA,334111,Y,25,II,216590,False,0,0.15,Computer and Information Systems Managers || 11-3021.00 || Computer and Information Systems Managers,11-3021.00||CA||33||Y||II,11,213582.81818181818,145000.0,-3007.181818181818,-71590.0,-1.3884213574873365,-33.053234221339856,0.9861157864251268,-0.2914740076398809
56976,AI Engineer,15-1252.00,Software Developers,Palo Alto,CA,541511,Y,1,IV,264514,True,1,0.95,AI Engineer || 15-1252.00 || Software Developers,15-1252.00||CA||54||Y||IV,11,214764.63636363635,160000.0,-49749.36363636364,-104514.0,-18.80783763292818,-39.51170826496896,0.8119216236707182,-0.42988892888161573
111521,Machine Learning Research,15-1252.00,Software Developers,San Francisco,CA,334111,Y,1,IV,206315,True,1,0.95,Machine Learning Research || 15-1252.00 || Software Developers,15-1252.00||CA||33||Y||IV,11,214310.0909090909,160000.0,7995.090909090909,-46315.0,3.8751864426197327,-22.4486828393476,1.0387518644261975,-0.18063812603738538
84863,Senior Software Engineer,15-1252.00,Software Developers,San Francisco,CA,52231,Y,1,II,161637,False,0,0.1,Senior Software Engineer || 15-1252.00 || Software Developers,15-1252.00||CA||52||Y||II,11,132828.27272727274,135000.0,-28808.727272727272,-26637.0,-17.823101933794412,-16.47951892202899,0.821768980662056,-0.22375526660642997
23088,Machine Learning Engineer,15-1252.00,Software Developers,New York,NY,523110,Y,1,III,160805,True,1,0.95,Machine Learning Engineer || 15-1252.00 || Software Developers,15-1252.00||NY||52||Y||III,12,124784.25,124000.0,-36020.75,-36805.0,-22.400267404620504,-22.887969901433415,0.775997325953795,-0.2768589427133013
23449,Software Engineering,15-1252.00,Software Developers,New York,NY,513210,Y,1,III,160805,False,0,0.15,Software Engineering || 15-1252.00 || Software Developers,15-1252.00||NY||51||Y||III,12,116943.83333333333,121500.0,-43861.166666666664,-39305.0,-27.27599680772779,-24.44264792761419,0.7272400319227222,-0.3339180028976993
93686,"Staff Engineer, Autonomous Driving QA",15-1253.00,Software Quality Assurance Analysts and Testers,Newark,CA,33611,Y,1,IV,163613,True,1,0.85,"Staff Engineer, Autonomous Driving QA || 15-1253.00 || Software Quality Assurance Analysts and Testers",15-1253.00||CA||33||Y||IV,11,134245.45454545456,140000.0,-29367.545454545456,-23613.0,-17.949396108222118,-14.432227268004377,0.8205060389177788,-0.24720332350341112
42141,Sr. Engineering Manager,11-3021.00,Computer and Information Systems Managers,Plano,TX,445110,Y,1,IV,209394,False,0,0.1,Sr. Engineering Manager || 11-3021.00 || Computer and Information Systems Managers,11-3021.00||TX||44||Y||IV,11,146794.81818181818,156043.0,-62599.181818181816,-53351.0,-29.895403792936676,-25.478762524236608,0.7010459620706333,-0.392598681642434
113055,Software Engineer,15-1252.00,Software Developers,Atlanta,GA,541511,Y,1,I,82971,False,0,0.15,Software Engineer || 15-1252.00 || Software Developers,15-1252.00||GA||54||Y||I,12,96885.08333333333,102500.0,13914.083333333334,19529.0,16.76981515629959,23.53713948246978,1.1676981515629958,0.12881381315813126
54204,Machine Learning Engineer,15-1252.00,Software Developers,San Jose,CA,541512,Y,1,II,187741,True,1,0.95,Machine Learning Engineer || 15-1252.00 || Software Developers,15-1252.00||CA||54||Y||II,11,200128.27272727274,135000.0,12387.272727272728,-52741.0,6.598064741997074,-28.092425202805995,1.0659806474199707,-0.18388012516557078
71112,Member of Technical Staff,15-1252.00,Software Developers,Santa Clara,CA,541511,Y,1,II,187741,False,0,0.15,Member of Technical Staff || 15-1252.00 || Software Developers,15-1252.00||CA||54||Y||II,11,118534.27272727272,125000.0,-69206.72727272728,-62741.0,-36.862873465426986,-33.41891222482037,0.6313712653457302,-0.49159758702271134
14514,Software Development Manager,15-1252.00,Software Developers,Pleasanton,CA,513210,Y,20,IV,213512,False,0,0.1,Software Development Manager || 15-1252.00 || Software Developers,15-1252.00||CA||51||Y||IV,9,253434.55555555556,164911.0,39922.555555555555,-48601.0,18.698038309582394,-22.762655026415377,1.1869803830958239,-0.06570533117954211
74861,Applied Scientist II,15-1221.00,Computer and Information Research Scientists,Sunnyvale,CA,455219,Y,1,II,164403,True,1,0.95,Applied Scientist II || 15-1221.00 || Computer and Information Research Scientists,15-1221.00||CA||45||Y||II,11,198810.0909090909,145000.0,34407.09090909091,-19403.0,20.928505507254073,-11.80209606880653,1.2092850550725407,-0.0681849256581061
93021,Senior Cloud Developer,15-1252.00,Software Developers,Frisco,TX,54151,Y,1,IV,156998,False,0,0.15,Senior Cloud Developer || 15-1252.00 || Software Developers,15-1252.00||TX||54||Y||IV,10,123812.1,135000.0,-33185.9,-21998.0,-21.137785194715857,-14.011643460426248,0.7886221480528415,-0.27062621484018656
88389,"Senior Software Engineer, Social Integrations",15-2051.00,Data Scientists,New York,NY,541511,Y,1,IV,169541,False,0,0.1,"Senior Software Engineer, Social Integrations || 15-2051.00 || Data Scientists",15-2051.00||NY||54||Y||IV,10,136741.1,152500.0,-32799.9,-17041.0,-19.346293816834866,-10.051256038362403,0.8065370618316514,-0.26606317099736376
112668,Senior Product Owner-AL & ML,15-1299.09,Information Technology Project Managers,Englewood,CO,517311,Y,1,III,127941,True,1,0.85,Senior Product Owner-AL & ML || 15-1299.09 || Information Technology Project Managers,15-1299.09||CO||51||Y||III,9,214299.11111111112,135000.0,86358.11111111111,7059.0,67.49838684324112,5.517386920533683,1.6749838684324112,0.24481244651233147
113913,Site Reliability Engineer - Systems Engineering,15-1252.00,Software Developers,San Francisco,CA,541512,Y,1,III,180960,False,0,0.1,Site Reliability Engineer - Systems Engineering || 15-1252.00 || Software Developers,15-1252.00||CA||54||Y||III,11,202946.45454545456,135000.0,21986.454545454544,-45960.0,12.149897516276821,-25.397877984084882,1.1214989751627682,-0.12735228115372202
66389,Machine Learning Engineer,15-1252.00,Software Developers,Sunnyvale,CA,541511,Y,1,II,187741,True,1,0.95,Machine Learning Engineer || 15-1252.00 || Software Developers,15-1252.00||CA||54||Y||II,11,198310.0909090909,135000.0,10569.09090909091,-52741.0,5.62961255617628,-28.092425202805995,1.0562961255617629,-0.19601934267689103
104553,Product Designer,15-1255.00,Web and Digital Interface Designers,Menlo Park,CA,519290,Y,1,IV,186763,False,0,0.05,Product Designer || 15-1255.00 || Web and Digital Interface Designers,15-1255.00||CA||51||Y||IV,11,121237.36363636363,125000.0,-65525.63636363636,-61763.0,-35.084913159264076,-33.07025481492587,0.6491508684073592,-0.47743116317551587
78374,"Engineer/Sr. Engineer, IT AI",15-1252.00,Software Developers,Fort Worth,TX,481111,Y,1,II,112923,True,1,0.95,"Engineer/Sr. Engineer, IT AI || 15-1252.00 || Software Developers",15-1252.00||TX||48||Y||II,11,103882.36363636363,108000.0,-9040.636363636364,-4923.0,-8.006018582251944,-4.359607874392285,0.9199398141774805,-0.10154903674309795
74911,"Staff Software Engineer, Machine Learning",15-1252.00,Software Developers,New York,NY,518210,Y,1,IV,189592,True,1,0.95,"Staff Software Engineer, Machine Learning || 15-1252.00 || Software Developers",15-1252.00||NY||51||Y||IV,11,146555.54545454544,160000.0,-43036.454545454544,-29592.0,-22.69950976067268,-15.608253512806447,0.7730049023932732,-0.302186674954597
32770,Software Dev Engineer I,15-1252.00,Software Developers,East Palo Alto,CA,518210,Y,1,I,135669,False,0,0.1,Software Dev Engineer I || 15-1252.00 || Software Developers,15-1252.00||CA||51||Y||I,11,101038.36363636363,95000.0,-34630.63636363636,-40669.0,-25.52582857073935,-29.976634308500838,0.7447417142926066,-0.3355838517638219
89939,Senior Engineer,15-1252.00,Software Developers,Minneapolis,MN,45999,Y,1,III,125798,False,0,0.1,Senior Engineer || 15-1252.00 || Software Developers,15-1252.00||MN||45||Y||III,11,109259.45454545454,115000.0,-16538.545454545456,-10798.0,-13.146906512460815,-8.583602283025167,0.8685309348753918,-0.1634635933077762
16724,Senior Software Engineer,15-1252.00,Software Developers,San Francisco,CA,448140,Y,1,II,161637,False,0,0.1,Senior Software Engineer || 15-1252.00 || Software Developers,15-1252.00||CA||44||Y||II,11,133737.36363636365,135000.0,-27899.636363636364,-26637.0,-17.260674451787875,-16.47951892202899,0.8273932554821214,-0.21725899715350783
25782,Web Developer / AI Specialist,15-1252.00,Software Developers,Sacramento,CA,531210,Y,1,II,124592,True,1,0.85,Web Developer / AI Specialist || 15-1252.00 || Software Developers,15-1252.00||CA||53||Y||II,11,101498.90909090909,108750.0,-23093.090909090908,-15842.0,-18.534970872199587,-12.71510209323231,0.814650291278004,-0.22724631784489996
117196,Data Scientist,15-2051.00,Data Scientists,Jersey City,NJ,541512,Y,1,II,111966,True,1,0.85,Data Scientist || 15-2051.00 || Data Scientists,15-2051.00||NJ||54||Y||II,9,111324.33333333333,115000.0,-641.6666666666666,3034.0,-0.5730906406111385,2.7097511744636766,0.9942690935938887,-0.016889190617836804
109857,Senior Cellular System Test Engineer,15-1252.00,Software Developers,San Diego,CA,334220,Y,1,II,126880,False,0,0.05,Senior Cellular System Test Engineer || 15-1252.00 || Software Developers,15-1252.00||CA||33||Y||II,10,115219.5,117500.0,-11660.5,-9380.0,-9.190179697351828,-7.3928121059268594,0.9080982030264817,-0.11762014037788635
55586,Engineer III,15-1252.00,Software Developers,Emeryville,CA,518210,Y,1,I,135699,False,0,0.1,Engineer III || 15-1252.00 || Software Developers,15-1252.00||CA||51||Y||I,12,186537.33333333334,128474.0,50838.333333333336,-7225.0,37.46404419585504,-5.3242838930279515,1.3746404419585503,0.049917321300017914
31202,Machine Learning Team Leader,11-3021.00,Computer and Information Systems Managers,New York,NY,51929,Y,1,II,186056,True,1,0.95,Machine Learning Team Leader || 11-3021.00 || Computer and Information Systems Managers,11-3021.00||NY||51||Y||II,10,144291.1,147500.0,-41764.9,-38556.0,-22.44748892806467,-20.722793137549985,0.7755251107193534,-0.27601588492252793
79440,Director of Product Development,15-1221.00,Computer and Information Research Scientists,Irvine,CA,541511,Y,1,IV,184018,False,0,0.15,Director of Product Development || 15-1221.00 || Computer and Information Research Scientists,15-1221.00||CA||54||Y||IV,11,220740.72727272726,160000.0,36722.72727272727,-24018.0,19.95605173011731,-13.051984045039072,1.1995605173011732,-0.03459549911357937
96916,AI Engineer,15-1252.00,Software Developers,Los Angeles,CA,541511,Y,1,III,157123,True,1,0.95,AI Engineer || 15-1252.00 || Software Developers,15-1252.00||CA||54||Y||III,11,122113.54545454546,129000.0,-35009.454545454544,-28123.0,-22.28155938052007,-17.898716292331486,0.7771844061947992,-0.27435900602367674
107949,Consultant,15-2051.00,Data Scientists,Chicago,IL,541611,Y,1,I,71594,True,1,0.95,Consultant || 15-2051.00 || Data Scientists,15-2051.00||IL||54||Y||I,12,108635.08333333333,116210.5,37041.083333333336,44616.5,51.737692171597246,62.31876972930693,1.5173769217159725,0.39628225959691105
28875,"Manager, Applied Research 2",11-3021.00,Computer and Information Systems Managers,San Jose,CA,455219,Y,1,II,248643,True,1,0.85,"Manager, Applied Research 2 || 11-3021.00 || Computer and Information Systems Managers",11-3021.00||CA||45||Y||II,11,134010.0909090909,135000.0,-114632.90909090909,-113643.0,-46.103412961920945,-45.7052883049191,0.5389658703807906,-0.6460840913175169
2502,RESEARCH DATA SCIENTIST,15-2051.00,Data Scientists,Carrollton,TX,541714,Y,1,II,81994,True,1,0.85,RESEARCH DATA SCIENTIST || 15-2051.00 || Data Scientists,15-2051.00||TX||54||Y||II,9,106115.33333333333,115000.0,24121.333333333332,33006.0,29.418412729386702,40.254164938897965,1.294184127293867,0.24071879352522746
15637,"Chief of Staff, GBS NA",13-1082.00,Project Management Specialists,New York,NY,51321,Y,1,IV,150301,False,0,0.0,"Chief of Staff, GBS NA || 13-1082.00 || Project Management Specialists",13-1082.00||NY||51||Y||IV,11,166238.0909090909,160000.0,15937.09090909091,9699.0,10.603449683695324,6.453050877905004,1.1060344968369533,0.05817514615248469
106414,"Director, Credit Grading Model Development",13-2099.01,Financial Quantitative Analysts,Jersey City,NJ,522180,Y,1,IV,164174,True,1,0.85,"Director, Credit Grading Model Development || 13-2099.01 || Financial Quantitative Analysts",13-2099.01||NJ||52||Y||IV,11,157438.0909090909,160000.0,-6735.909090909091,-4174.0,-4.102908554892426,-2.5424245008344806,0.9589709144510757,-0.07217960906818228
94886,IT Analyst - Senior,15-2051.00,Data Scientists,Columbus,IN,3336,Y,1,III,96013,True,1,0.95,IT Analyst - Senior || 15-2051.00 || Data Scientists,15-2051.00||IN||33||Y||III,11,95056.27272727272,95000.0,-956.7272727272727,-1013.0,-0.9964559723446542,-1.0550654598856404,0.9900354402765535,-0.03332234477862641
7711,Product Manager,11-9041.00,Architectural and Engineering Managers,Menlo Park,CA,519290,Y,1,IV,249205,False,0,0.05,Product Manager || 11-9041.00 || Architectural and Engineering Managers,11-9041.00||CA||51||Y||IV,10,155061.1,161000.0,-94143.9,-88205.0,-37.777693063943346,-35.39455468389478,0.6222230693605666,-0.49955128432645035
36212,"SENIOR ANALYST, BUSINESS SYSTEMS",19-1029.01,Bioinformatics Scientists,CAMBRIDGE,MA,3254,Y,1,III,113464,False,0,0.1,"SENIOR ANALYST, BUSINESS SYSTEMS || 19-1029.01 || Bioinformatics Scientists",19-1029.01||MA||32||Y||III,10,114994.3,125000.0,1530.3,11536.0,1.348709722907706,10.167101459493761,1.013487097229077,-0.008878269642026381
100799,Associate “ Business Operations & Strategy,13-2099.01,Financial Quantitative Analysts,San Francisco,CA,5239,Y,1,II,96512,False,0,0.05,Associate “ Business Operations & Strategy || 13-2099.01 || Financial Quantitative Analysts,13-2099.01||CA||52||Y||II,11,113357.45454545454,115000.0,16845.454545454544,18488.0,17.454259102966,19.156167108753316,1.1745425910296599,0.12539821483321684
101604,"Manager, Advanced Analytics",13-1081.02,Logistics Analysts,Bentonville,AR,455110,Y,1,III,83990,False,0,0.15,"Manager, Advanced Analytics || 13-1081.02 || Logistics Analysts",13-1081.02||AR||45||Y||III,9,95657.66666666667,95000.0,11667.666666666666,11010.0,13.891733142834463,13.10870341707346,1.1389173314283445,0.11921288567721729
89660,Data Scientist II,15-2051.00,Data Scientists,Natick,MA,511110,Y,1,III,137946,True,1,0.85,Data Scientist II || 15-2051.00 || Data Scientists,15-2051.00||MA||51||Y||III,9,116811.77777777778,120000.0,-21134.222222222223,-17946.0,-15.320648820714062,-13.009438475925363,0.8467935117928593,-0.18036753924585489
5969,Senior Software Engineer,15-1252.00,Software Developers,New York,NY,51929,Y,15,III,160805,False,0,0.1,Senior Software Engineer || 15-1252.00 || Software Developers,15-1252.00||NY||51||Y||III,11,130601.0,135000.0,-30204.0,-25805.0,-18.78299804110569,-16.04738658623799,0.8121700195889432,-0.236392883498535
14048,Senior Machine Learning Engineer,15-1252.00,Software Developers,Sammamish,WA,4461,Y,1,III,180710,True,1,0.95,Senior Machine Learning Engineer || 15-1252.00 || Software Developers,15-1252.00||WA||44||Y||III,11,200352.45454545456,145000.0,19642.454545454544,-35710.0,10.869600213300066,-19.760942947263572,1.1086960021330006,-0.14917733671923228
100121,Machine Learning Engineer,15-1252.00,Software Developers,Menlo Park,CA,519290,Y,1,II,161637,True,1,0.95,Machine Learning Engineer || 15-1252.00 || Software Developers,15-1252.00||CA||51||Y||II,11,200219.18181818182,135000.0,38582.181818181816,-26637.0,23.86964730735031,-16.47951892202899,1.238696473073503,-0.033467847840766236
77394,Software Development Engineer - Firmware,15-1252.00,Software Developers,San Diego,CA,334111,Y,1,III,157581,False,0,0.05,Software Development Engineer - Firmware || 15-1252.00 || Software Developers,15-1252.00||CA||33||Y||III,11,111846.0,120000.0,-45735.0,-37581.0,-29.023169036876276,-23.848687341748054,0.7097683096312373,-0.36732545394489385
76864,Data Scientist,15-2051.00,Data Scientists,Culver City,CA,334111,Y,1,IV,158808,True,1,0.85,Data Scientist || 15-2051.00 || Data Scientists,15-2051.00||CA||33||Y||IV,10,125562.1,137500.0,-33245.9,-21308.0,-20.934650647322552,-13.417460077577957,0.7906534935267745,-0.27938603505386916
35382,Machine Learning Engineer,15-1252.00,Software Developers,Bellevue,WA,541512,Y,1,III,180710,True,1,0.95,Machine Learning Engineer || 15-1252.00 || Software Developers,15-1252.00||WA||54||Y||III,11,197637.36363636365,139100.0,16927.363636363636,-41610.0,9.367142734969642,-23.025842510099054,1.0936714273496966,-0.16900061221919785
29132,"Principal, Cloud Data & AI",15-1243.00,Database Architects,Boston,MA,541611,Y,1,IV,184995,True,1,0.85,"Principal, Cloud Data & AI || 15-1243.00 || Database Architects",15-1243.00||MA||54||Y||IV,11,148510.0909090909,160000.0,-36484.90909090909,-24995.0,-19.72210551145117,-13.511175977729128,0.8027789448854883,-0.26486125014775297
40692,Senior Machine Learning Engineer,15-2041.00,Statisticians,Plano,TX,541511,Y,1,IV,133786,True,1,0.95,Senior Machine Learning Engineer || 15-2041.00 || Statisticians,15-2041.00||TX||54||Y||IV,10,128831.1,137500.0,-4954.9,3714.0,-3.7036012736758708,2.7760752246124407,0.9629639872632414,-0.06768747411230062
80656,Virtual Test Engineer - ADAS,17-2071.00,Electrical Engineers,Milford,MI,3361,Y,1,II,95930,True,1,0.85,Virtual Test Engineer - ADAS || 17-2071.00 || Electrical Engineers,17-2071.00||MI||33||Y||II,9,94548.66666666667,95000.0,-1381.3333333333333,-930.0,-1.4399388442961882,-0.9694568956530804,0.9856006115570382,-0.022482648004342645
10737,Principal Engineer,15-1252.00,Software Developers,Seattle,WA,541330,Y,1,IV,212202,False,0,0.1,Principal Engineer || 15-1252.00 || Software Developers,15-1252.00||WA||54||Y||IV,11,152454.0,160000.0,-59748.0,-52202.0,-28.15619079933271,-24.600145144720596,0.7184380920066729,-0.37651729028158926
31219,"Principal, Data Scientist",15-1221.00,Computer and Information Research Scientists,Mountain View,CA,518210,Y,1,III,201094,True,1,0.85,"Principal, Data Scientist || 15-1221.00 || Computer and Information Research Scientists",15-1221.00||CA||51||Y||III,11,218258.81818181818,160000.0,17164.81818181818,-41094.0,8.535718709567755,-20.435219350154654,1.0853571870956775,-0.141904575181327
116754,Machine Learning Engineer,15-1252.00,Software Developers,Boston,MA,541380,Y,1,III,147846,True,1,0.95,Machine Learning Engineer || 15-1252.00 || Software Developers,15-1252.00||MA||54||Y||III,11,120790.45454545454,125000.0,-27055.545454545456,-22846.0,-18.299815655848285,-15.452565507352245,0.817001843441517,-0.22279128063036505
97252,AI/ML PROGRAMMER - II,15-1251.00,Computer Programmers,Fremont,CA,541512,Y,1,II,107203,True,1,0.95,AI/ML PROGRAMMER - II || 15-1251.00 || Computer Programmers,15-1251.00||CA||54||Y||II,9,116864.77777777778,129972.0,9661.777777777777,22769.0,9.012600186354653,21.239144426928352,1.0901260018635466,0.06453909425590491
4954,Senior Engagement Manager,15-2041.00,Statisticians,Jersey City,NJ,54161,Y,1,IV,175781,False,0,0.15,Senior Engagement Manager || 15-2041.00 || Statisticians,15-2041.00||NJ||54||Y||IV,10,127421.1,127500.0,-48359.9,-48281.0,-27.51144890517178,-27.466563508001435,0.7248855109482822,-0.33529298498161564
86701,"Director Engineering, Discovery/Search",11-3021.00,Computer and Information Systems Managers,Atlanta,GA,423120,Y,1,IV,213075,True,1,0.85,"Director Engineering, Discovery/Search || 11-3021.00 || Computer and Information Systems Managers",11-3021.00||GA||42||Y||IV,11,150090.0,156043.0,-62985.0,-57032.0,-29.560014079549454,-26.766162149477882,0.7043998592045054,-0.3946612041322977
51631,Software Software Engineer,15-1252.00,Software Developers,Charlotte,NC,541511,Y,1,II,112424,False,0,0.1,Software Software Engineer || 15-1252.00 || Software Developers,15-1252.00||NC||54||Y||II,12,94586.5,91850.0,-17837.5,-20574.0,-15.866274105173273,-18.300362911833773,0.8413372589482674,-0.2030039383113326
107984,GRC Analyst,15-2051.01,Business Intelligence Analysts,Menlo Park,CA,519290,Y,1,IV,188885,False,0,0.1,GRC Analyst || 15-2051.01 || Business Intelligence Analysts,15-2051.01||CA||51||Y||IV,12,115732.66666666667,128446.0,-73152.33333333333,-60439.0,-38.72850323389011,-31.997776424808745,0.6127149676610989,-0.5257091540593447
25547,Machine Learning Engineer,15-1252.00,Software Developers,Bellevue,WA,334111,Y,15,III,180710,True,1,0.95,Machine Learning Engineer || 15-1252.00 || Software Developers,15-1252.00||WA||33||Y||III,10,205401.1,139550.0,24691.1,-41160.0,13.663383321343591,-22.77682474683194,1.136633833213436,-0.14469559326115727
3530,Staff ML/Edge AI Firmware Engineer,15-1252.00,Software Developers,Arlington,MA,334413,Y,1,IV,178131,True,1,0.95,Staff ML/Edge AI Firmware Engineer || 15-1252.00 || Software Developers,15-1252.00||MA||33||Y||IV,10,128919.5,128247.5,-49211.5,-49883.5,-27.62657819245387,-28.00382864296501,0.7237342180754613,-0.34882023808184803
25349,Software Engineer,15-1252.00,Software Developers,Cedar Park,TX,5415,Y,1,IV,163550,False,0,0.15,Software Engineer || 15-1252.00 || Software Developers,15-1252.00||TX||54||Y||IV,12,110529.5,115000.0,-53020.5,-48550.0,-32.41852644451238,-29.685111586670743,0.6758147355548761,-0.42672080689696923
91606,ADAS/Autonomy Systems Integration Engineer,15-1252.00,Software Developers,Dearborn,MI,33611,Y,1,III,120349,True,1,0.85,ADAS/Autonomy Systems Integration Engineer || 15-1252.00 || Software Developers,15-1252.00||MI||33||Y||III,10,109066.8,115000.0,-11282.2,-5349.0,-9.374568961935704,-4.444573698161181,0.906254310380643,-0.11620332936940744
39795,Senior Machine Learning Engineer,15-1252.00,Software Developers,FREMONT,CA,454110,Y,1,II,161637,True,1,0.95,Senior Machine Learning Engineer || 15-1252.00 || Software Developers,15-1252.00||CA||45||Y||II,11,201501.0,139100.0,39864.0,-22537.0,24.66267005697953,-13.9429709781795,1.2466267005697953,-0.023087969285429274
520,Machine Learning Engineer,17-2031.00,Bioengineers and Biomedical Engineers,Torrance,CA,339112,Y,1,III,120078,True,1,0.95,Machine Learning Engineer || 17-2031.00 || Bioengineers and Biomedical Engineers,17-2031.00||CA||33||Y||III,10,115424.9,117500.0,-4653.1,-2578.0,-3.875064541381436,-2.1469378237478973,0.9612493545861855,-0.0569414348228122
99104,Machine Learning Engineer,15-1252.00,Software Developers,Cambridge,MA,334111,Y,1,II,131082,True,1,0.95,Machine Learning Engineer || 15-1252.00 || Software Developers,15-1252.00||MA||33||Y||II,11,120419.72727272728,129000.0,-10662.272727272728,-2082.0,-8.134047945005971,-1.58831876230146,0.9186595205499404,-0.10625876635941722
18390,"Sr Machine Learning Engineer, Behavior Planning & Prediction",17-2199.05,Mechatronics Engineers,Palo Alto,CA,513210,Y,1,IV,187762,True,1,0.95,"Sr Machine Learning Engineer, Behavior Planning & Prediction || 17-2199.05 || Mechatronics Engineers",17-2199.05||CA||51||Y||IV,10,231491.1,164955.5,43729.1,-22806.5,23.289643271801538,-12.14649396576517,1.2328964327180154,-0.013208031366237627
11421,Senior Software Development Engineer - Cloud Native Database,15-1252.00,Software Developers,Bellevue,WA,519130,Y,1,IV,212202,False,0,0.1,Senior Software Development Engineer - Cloud Native Database || 15-1252.00 || Software Developers,15-1252.00||WA||51||Y||IV,11,138052.45454545456,150000.0,-74149.54545454546,-62202.0,-34.94290603036043,-29.312636073175558,0.6505709396963956,-0.4807720352414986
48324,Product Manager,15-1299.09,Information Technology Project Managers,San Francisco,CA,521110,Y,1,IV,185994,False,0,0.1,Product Manager || 15-1299.09 || Information Technology Project Managers,15-1299.09||CA||52||Y||IV,12,139300.91666666666,147500.0,-46693.083333333336,-38494.0,-25.104618070116956,-20.696366549458585,0.7489538192988304,-0.3202036592518964
69700,Principal AI/ML Architect - Solution Innovation,15-1252.00,Software Developers,Canton,MI,511210,Y,1,IV,138486,True,1,0.95,Principal AI/ML Architect - Solution Innovation || 15-1252.00 || Software Developers,15-1252.00||MI||51||Y||IV,11,142886.45454545456,150000.0,4400.454545454545,11514.0,3.1775446943767207,8.314197825050908,1.0317754469437672,-0.0077946197008706974
312,Consultant “ Strategy Technology Group  (STG),15-2051.00,Data Scientists,New York,NY,524210,Y,1,II,109491,True,1,0.85,Consultant “ Strategy Technology Group (STG) || 15-2051.00 || Data Scientists,15-2051.00||NY||52||Y||II,10,117511.7,122500.0,8020.7,13009.0,7.325442273794192,11.881341845448484,1.073254422737942,0.04916582203286275
99008,"Manager, Software Development Engineering",15-1252.00,Software Developers,Pleasanton,CA,5415,Y,1,III,187574,False,0,0.15,"Manager, Software Development Engineering || 15-1252.00 || Software Developers",15-1252.00||CA||54||Y||III,11,200446.45454545456,135000.0,12872.454545454546,-52574.0,6.862600651185423,-28.02840478957638,1.0686260065118542,-0.18329273234430732
2832,Sr Software Engineer I,15-2041.00,Statisticians,Redwood City,CA,541511,Y,1,III,139901,False,0,0.1,Sr Software Engineer I || 15-2041.00 || Statisticians,15-2041.00||CA||54||Y||III,10,122311.1,127500.0,-17589.9,-12401.0,-12.57310526729616,-8.86412534578023,0.8742689473270383,-0.18411219413486551
87991,Senior Machine Learning Engineer,15-1252.00,Software Developers,LOS ANGELES,CA,512290,Y,1,IV,184558,True,1,0.95,Senior Machine Learning Engineer || 15-1252.00 || Software Developers,15-1252.00||CA||51||Y||IV,11,207318.18181818182,150000.0,22760.18181818182,-34558.0,12.332265097249548,-18.724736939065227,1.1233226509724954,-0.11211080250445753
44023,Manager JC50 - Computer Systems Engineers/Architects,15-1299.08,Computer Systems Engineers/Architects,LITTLE ELM,TX,541512,Y,1,III,118456,False,0,0.15,Manager JC50 - Computer Systems Engineers/Architects || 15-1299.08 || Computer Systems Engineers/Architects,15-1299.08||TX||54||Y||III,9,119082.55555555556,128000.0,626.5555555555555,9544.0,0.5289352633514179,8.057000067535625,1.005289352633514,-0.007785172146241316
97032,Software Engineer II,15-1252.00,Software Developers,Santa Clara,CA,519290,Y,1,II,187741,False,0,0.1,Software Engineer II || 15-1252.00 || Software Developers,15-1252.00||CA||51||Y||II,11,120419.18181818182,129000.0,-67321.81818181818,-58741.0,-35.858879084386565,-31.288317416014618,0.6414112091561344,-0.48254254835731447
48006,"Principal Cloud Operations Engineer, Databases",15-1242.00,Database Administrators,Waltham,MA,541512,Y,1,IV,136406,False,0,0.1,"Principal Cloud Operations Engineer, Databases || 15-1242.00 || Database Administrators",15-1242.00||MA||54||Y||IV,10,138224.1,150000.0,1818.1,13594.0,1.3328592583903933,9.965837279885049,1.013328592583904,-0.020509858666044066
12395,Lead Consultant,15-1252.00,Software Developers,Mason,OH,541511,Y,1,II,100547,False,0,0.1,Lead Consultant || 15-1252.00 || Software Developers,15-1252.00||OH||54||Y||II,9,106040.66666666667,110000.0,5493.666666666667,9453.0,5.463779791208754,9.401573393537351,1.0546377979120876,0.04474179536842766
36588,Manager,15-2031.00,Operations Research Analysts,Katy,TX,54161,Y,1,III,106558,False,0,0.15,Manager || 15-2031.00 || Operations Research Analysts,15-2031.00||TX||54||Y||III,11,107794.81818181818,115000.0,1236.8181818181818,8442.0,1.1606995080784002,7.922445991854201,1.011606995080784,-0.001902578238950913
99512,Machine Learning Engineering Technical Leader,15-1252.00,Software Developers,San Francisco,CA,334111,Y,10,III,187574,True,1,0.95,Machine Learning Engineering Technical Leader || 15-1252.00 || Software Developers,15-1252.00||CA||33||Y||III,10,241991.1,174000.0,54417.1,-13574.0,29.011003657223284,-7.236610617676224,1.2901100365722329,0.06184633327425839
74125,"Manager, Software Engineering",15-1252,Software Developers,Palo Alto,CA,541511,Y,1,III,226138,False,0,0.1,"Manager, Software Engineering || 15-1252 || Software Developers",15-1252||CA||54||Y||III,11,210604.36363636365,156000.0,-15533.636363636364,-70138.0,-6.869096022621746,-31.015574560666497,0.9313090397737827,-0.299900548797933
6630,Staff Software Engineer,15-1252.00,Software Developers,Redwood City,CA,54151,Y,1,IV,213512,False,0,0.1,Staff Software Engineer || 15-1252.00 || Software Developers,15-1252.00||CA||54||Y||IV,11,213264.63636363635,162000.0,-247.36363636363637,-51512.0,-0.11585467625409313,-24.126044437783356,0.9988414532374591,-0.24622271103907198
38867,Machine Learning Engineer,15-1252.00,Software Developers,SEATTLE,WA,334111,Y,1,IV,212202,True,1,0.95,Machine Learning Engineer || 15-1252.00 || Software Developers,15-1252.00||WA||33||Y||IV,12,132009.25,135000.0,-80192.75,-77202.0,-37.79076069028567,-36.381372465858,0.6220923930971433,-0.49614145553038336
101916,IT Business Systems Lead,15-2051.00,Data Scientists,Aubrey,TX,54133,Y,1,IV,141773,False,0,0.1,IT Business Systems Lead || 15-2051.00 || Data Scientists,15-2051.00||TX||54||Y||IV,10,121430.6,124781.5,-20342.4,-16991.5,-14.348571307653785,-11.985004196849893,0.8565142869234622,-0.16299403929974102
28858,Senior Computer Vision Engineer,15-1252.00,Software Developers,Boston,MA,541511,Y,1,II,131082,True,1,0.95,Senior Computer Vision Engineer || 15-1252.00 || Software Developers,15-1252.00||MA||54||Y||II,11,124465.54545454546,135000.0,-6616.454545454545,3918.0,-5.047569113573599,2.988968737126379,0.9495243088642641,-0.07477243441674601
93426,Data Scientist,15-2051.01,Business Intelligence Analysts,Austin,TX,519290,Y,1,III,124530,True,1,0.85,Data Scientist || 15-2051.01 || Business Intelligence Analysts,15-2051.01||TX||51||Y||III,11,109719.90909090909,115000.0,-14810.09090909091,-9530.0,-11.89278961622975,-7.652774431863808,0.8810721038377025,-0.14012406197656624
80549,Sr Data Scientist,15-2041.00,Statisticians,Urbana,IL,524114,Y,1,IV,138008,True,1,0.85,Sr Data Scientist || 15-2041.00 || Statisticians,15-2041.00||IL||52||Y||IV,10,117061.7,124500.0,-20946.3,-13508.0,-15.177598400092748,-9.78783838618051,0.8482240159990726,-0.2013716403495936
49905,Manager,15-2051.00,Data Scientists,Charlotte,NC,524298,Y,1,IV,153962,True,1,0.85,Manager || 15-2051.00 || Data Scientists,15-2051.00||NC||52||Y||IV,9,125690.11111111111,130000.0,-28271.88888888889,-23962.0,-18.36290051369097,-15.563580623790285,0.8163709948630903,-0.2133518205981595
85111,Data Scientist,17-2112.00,Industrial Engineers,Cupertino,CA,334111,Y,1,IV,170248,True,1,0.95,Data Scientist || 17-2112.00 || Industrial Engineers,17-2112.00||CA||33||Y||IV,11,127373.72727272728,135000.0,-42874.27272727273,-35248.0,-25.183422258865143,-20.703914289742023,0.7481657774113486,-0.33512286639148736
67313,Software Engineer,15-1252.00,Software Developers,Menlo Park,CA,519290,Y,1,IV,213512,False,0,0.15,Software Engineer || 15-1252.00 || Software Developers,15-1252.00||CA||51||Y||IV,11,205855.54545454544,150000.0,-7656.454545454545,-63512.0,-3.585959826826854,-29.746337442391997,0.9641404017317314,-0.2917477372129346
62676,Business Analytics Senior Advisor,15-2031.00,Operations Research Analysts,Raleigh,NC,524114,Y,1,IV,107016,False,0,0.15,Business Analytics Senior Advisor || 15-2031.00 || Operations Research Analysts,15-2031.00||NC||52||Y||IV,11,109358.45454545454,115000.0,2342.4545454545455,7984.0,2.1888825460254036,7.460566644240114,1.021888825460254,-0.0005661057594491839
32468,Principal Software Engineer,15-1252.00,Software Developers,Santa Clara,CA,3344,Y,1,III,226138,False,0,0.15,Principal Software Engineer || 15-1252.00 || Software Developers,15-1252.00||CA||33||Y||III,11,219140.63636363635,160000.0,-6997.363636363636,-66138.0,-3.0942891669527612,-29.246743139145124,0.9690571083304724,-0.25406601493767217
65254,Data Streaming Engineer,15-2051.00,Data Scientists,Plano,TX,541511,Y,1,II,96034,False,0,0.3,Data Streaming Engineer || 15-2051.00 || Data Scientists,15-2051.00||TX||54||Y||II,11,111237.63636363637,118919.0,15203.636363636364,22885.0,15.831514217502512,23.830101838932045,1.1583151421750253,0.116314477179024
40628,Principal Software Development Engineer,15-1252.00,Software Developers,Santa Clara,CA,455219,Y,10,IV,264514,False,0,0.1,Principal Software Development Engineer || 15-1252.00 || Software Developers,15-1252.00||CA||45||Y||IV,10,248954.7,169000.0,-15559.3,-95514.0,-5.8822217349554276,-36.10924185487347,0.9411777826504457,-0.30266977307925114
42598,Data Scientist,15-2051.00,Data Scientists,Dallas,TX,541512,Y,1,II,96034,True,1,0.85,Data Scientist || 15-2051.00 || Data Scientists,15-2051.00||TX||54||Y||II,11,104576.18181818182,105000.0,8542.181818181818,8966.0,8.894955763773057,9.336276735322906,1.0889495576377306,0.06783985670832736
34198,Computer Vision Engineer,17-2199.05,Mechatronics Engineers,San Francisco,CA,333991,Y,1,II,133390,True,1,0.95,Computer Vision Engineer || 17-2199.05 || Mechatronics Engineers,17-2199.05||CA||33||Y||II,11,127101.0,125000.0,-6289.0,-8390.0,-4.714746232851038,-6.28982682359997,0.9528525376714896,-0.0770065370737684
22509,Senior Developer Relations Engineer,15-1252.00,Software Developers,San Jose,CA,33599,Y,1,II,187741,False,0,0.1,Senior Developer Relations Engineer || 15-1252.00 || Software Developers,15-1252.00||CA||33||Y||II,11,126143.36363636363,135000.0,-61597.63636363636,-52741.0,-32.80990106776696,-28.092425202805995,0.6719009893223304,-0.4337577258644313
9729,"Senior Manager, Automation Engineering",17-2112.00,Industrial Engineers,Bentonville,AR,455110,Y,1,III,110510,False,0,0.15,"Senior Manager, Automation Engineering || 17-2112.00 || Industrial Engineers",17-2112.00||AR||45||Y||III,9,111962.44444444444,115000.0,1452.4444444444443,4490.0,1.314310419368785,4.062980725726178,1.0131431041936878,-0.0023499081539682326
49505,Specialist Master,13-1111.00,Management Analysts,Atlanta,GA,541611,Y,1,IV,139485,False,0,0.05,Specialist Master || 13-1111.00 || Management Analysts,13-1111.00||GA||54||Y||IV,12,104488.5,112500.0,-34996.5,-26985.0,-25.089794601570063,-19.34616625443596,0.7491020539842994,-0.3098793963594697
34789,"Sr. Software Engineer, Autonomy",17-2141.00,Mechanical Engineers,Mountain View,CA,541512,Y,1,IV,185869,True,1,0.85,"Sr. Software Engineer, Autonomy || 17-2141.00 || Mechanical Engineers",17-2141.00||CA||54||Y||IV,11,139601.0,145000.0,-46268.0,-40869.0,-24.892800843604903,-21.988066864296897,0.751071991563951,-0.31742770341568904
41659,Specialist Master,15-2051.00,Data Scientists,Chicago,IL,54161,Y,3,IV,142210,True,1,0.95,Specialist Master || 15-2051.00 || Data Scientists,15-2051.00||IL||54||Y||IV,12,117353.58333333333,125000.0,-24856.416666666668,-17210.0,-17.478670041956732,-12.101821250263695,0.8252132995804327,-0.2120182310445998
37527,"Software Engineer, ML Infrastructure",15-1252.00,Software Developers,Redwood CIty,CA,541511,Y,1,IV,213512,True,1,0.95,"Software Engineer, ML Infrastructure || 15-1252.00 || Software Developers",15-1252.00||CA||54||Y||IV,11,216761.54545454544,162000.0,3249.5454545454545,-51512.0,1.521949798861632,-24.126044437783356,1.0152194979886164,-0.20221380319200707
30798,Senior Staff Machine Learning Engineer,15-1252.00,Software Developers,Mountain View,CA,455219,Y,10,IV,264514,True,1,1.0,Senior Staff Machine Learning Engineer || 15-1252.00 || Software Developers,15-1252.00||CA||45||Y||IV,11,228395.18181818182,165000.0,-36118.818181818184,-99514.0,-13.65478507066476,-37.62144914824924,0.8634521492933523,-0.36033109248283507
112870,Head of Data Science,13-2099.01,Financial Quantitative Analysts,Los Angeles,CA,523930,Y,1,IV,115981,True,1,0.85,Head of Data Science || 13-2099.01 || Financial Quantitative Analysts,13-2099.01||CA||52||Y||IV,10,242954.1,180000.0,126973.1,64019.0,109.47750062510241,55.19783412800373,2.094775006251024,0.5538234770344543
24203,Senior AI Agent Product Manager,15-1299.09,Information Technology Project Managers,San Francisco,CA,513210,Y,1,IV,185994,True,1,0.95,Senior AI Agent Product Manager || 15-1299.09 || Information Technology Project Managers,15-1299.09||CA||51||Y||IV,10,244800.0,176500.0,58806.0,-9494.0,31.617148940288395,-5.104465735453832,1.316171489402884,0.09920685869104133
29756,Machine Learning Engineer - Strategic Data Solutions,15-2051.01,Business Intelligence Analysts,Austin,TX,334111,Y,1,III,124530,True,1,0.95,Machine Learning Engineer - Strategic Data Solutions || 15-2051.01 || Business Intelligence Analysts,15-2051.01||TX||33||Y||III,12,110762.83333333333,121500.0,-13767.166666666666,-3030.0,-11.055301266093847,-2.433148638882197,0.8894469873390616,-0.14069404867637791
3724,Staff Software Engineer,15-1252.00,Software Developers,Bellevue,WA,5231,Y,25,IV,212202,False,0,0.1,Staff Software Engineer || 15-1252.00 || Software Developers,15-1252.00||WA||52||Y||IV,10,140327.7,152500.0,-71874.3,-59702.0,-33.87069867390505,-28.13451334106182,0.6612930132609495,-0.44277431045948157
13817,"Sr. Validation Engineer, ADAS Driving Features Validation",15-1253.00,Software Quality Assurance Analysts and Testers,Southfield,MI,336110,Y,1,IV,120411,True,1,0.85,"Sr. Validation Engineer, ADAS Driving Features Validation || 15-1253.00 || Software Quality Assurance Analysts and Testers",15-1253.00||MI||33||Y||IV,10,113074.3,119500.0,-7336.7,-911.0,-6.093047977344264,-0.7565753959355872,0.9390695202265574,-0.08029498443753909
102729,"Staff Engineer, AI/ML Software Compiler",15-1252.00,Software Developers,Charlotte,NC,423690,Y,1,III,133536,True,1,0.95,"Staff Engineer, AI/ML Software Compiler || 15-1252.00 || Software Developers",15-1252.00||NC||42||Y||III,10,124437.7,132000.0,-9098.3,-1536.0,-6.813368679606998,-1.150251617541337,0.93186631320393,-0.09019406449063841
92865,"Researcher, AI",15-1212.00,Information Security Analysts,Mountain View,CA,541511,Y,1,II,154960,True,1,0.95,"Researcher, AI || 15-1212.00 || Information Security Analysts",15-1212.00||CA||54||Y||II,10,123861.1,135000.0,-31098.9,-19960.0,-20.068985544656687,-12.88074341765617,0.7993101445534332,-0.2566418910335928
50002,Senior Software Engineer,15-1221.00,Computer and Information Research Scientists,Boston,MA,3333,Y,1,II,143374,False,0,0.15,Senior Software Engineer || 15-1221.00 || Computer and Information Research Scientists,15-1221.00||MA||33||Y||II,11,122653.36363636363,129000.0,-20720.636363636364,-14374.0,-14.452157548534855,-10.02552764099488,0.8554784245146514,-0.17810144283808363
115909,"Machine Learning Engineer, CV",15-1252.00,Software Developers,New York,NY,451110,Y,1,II,123656,True,1,0.95,"Machine Learning Engineer, CV || 15-1252.00 || Software Developers",15-1252.00||NY||45||Y||II,12,115543.5,121500.0,-8112.5,-2156.0,-6.5605389144077115,-1.7435466131849648,0.9343946108559229,-0.09376629618972639
87830,Data Scientist,15-2051.00,Data Scientists,Cambridge,MA,325412,Y,1,IV,161803,True,1,0.85,Data Scientist || 15-2051.00 || Data Scientists,15-2051.00||MA||32||Y||IV,10,125071.1,137500.0,-36731.9,-24303.0,-22.701618635006767,-15.020117055926034,0.7729838136499323,-0.2775587285726228
91135,Senior Managing Consultant - SAP S/4HANA,15-1252.00,Software Developers,Phoenix,AZ,54151,Y,1,IV,157934,False,0,0.05,Senior Managing Consultant - SAP S/4HANA || 15-1252.00 || Software Developers,15-1252.00||AZ||54||Y||IV,11,129837.36363636363,143000.0,-28096.636363636364,-14934.0,-17.790112555647525,-9.455848645636785,0.8220988744435247,-0.22310388501028508
95784,Business Intelligence Analyst,15-2051.01,Business Intelligence Analysts,Fremont,CA,541511,Y,1,I,103522,False,0,0.15,Business Intelligence Analyst || 15-2051.01 || Business Intelligence Analysts,15-2051.01||CA||54||Y||I,12,101985.08333333333,112500.0,-1536.9166666666667,8978.0,-1.4846280661759492,8.672552694113328,0.9851537193382406,-0.04853860783946443
18708,"Sr. ML Engineer, GenAI",15-1252.00,Software Developers,Palo Alto,CA,541512,Y,1,II,187741,True,1,0.98,"Sr. ML Engineer, GenAI || 15-1252.00 || Software Developers",15-1252.00||CA||54||Y||II,11,214764.63636363635,164911.0,27023.636363636364,-22830.0,14.394104837854472,-12.160369871258808,1.1439410483785446,-0.09073913518778118
35365,Sr Staff Specialist Data Scientist,11-3051.01,Quality Control Systems Managers,San Jose,CA,334413,Y,1,II,145184,True,1,0.85,Sr Staff Specialist Data Scientist || 11-3051.01 || Quality Control Systems Managers,11-3051.01||CA||33||Y||II,9,137623.44444444444,135000.0,-7560.555555555556,-10184.0,-5.207568020963437,-7.014547057527,0.9479243197903657,-0.07402564215216066
107900,Mulesoft Architect,15-1252.00,Software Developers,Miami,FL,541511,Y,1,II,101109,False,0,0.05,Mulesoft Architect || 15-1252.00 || Software Developers,15-1252.00||FL||54||Y||II,11,119276.36363636363,123000.0,18167.363636363636,21891.0,17.96809743580061,21.65089161202267,1.1796809743580061,0.15540131016705996
36589,Senior Machine Learning Engineer,15-1252.00,Software Developers,San Francisco,CA,518210,Y,1,IV,213512,True,1,0.95,Senior Machine Learning Engineer || 15-1252.00 || Software Developers,15-1252.00||CA||51||Y||IV,11,232128.27272727274,164911.0,18616.272727272728,-48601.0,8.719075615081458,-22.762655026415377,1.0871907561508145,-0.11429875509152848
67911,"Senior Director, Data Science",15-2051.01,Business Intelligence Analysts,Bentonville,AR,455110,Y,1,IV,132621,True,1,0.85,"Senior Director, Data Science || 15-2051.01 || Business Intelligence Analysts",15-2051.01||AR||45||Y||IV,11,214636.36363636365,150000.0,82015.36363636363,17379.0,61.841913148267345,13.104259506413012,1.6184191314826735,0.27493617645027063
66962,Design for Test Engineer,17-2072.00,"Electronics Engineers, Except Computer",Austin,TX,334111,Y,1,IV,161179,False,0,0.05,"Design for Test Engineer || 17-2072.00 || Electronics Engineers, Except Computer",17-2072.00||TX||33||Y||IV,11,107794.81818181818,110000.0,-53384.181818181816,-51179.0,-33.121052877969106,-31.752895848714783,0.668789471220309,-0.42085952459349263
46923,Software Developer,15-1252.00,Software Developers,Poughkeepsie,NY,54151,Y,1,IV,168459,False,0,0.15,Software Developer || 15-1252.00 || Software Developers,15-1252.00||NY||54||Y||IV,10,99860.6,93500.0,-68598.4,-74959.0,-40.72112502151859,-44.496880546601844,0.5927887497848141,-0.5413331507481407
16782,"Senior Manager, Data Analytics",13-1081.02,Logistics Analysts,Bentonville,AR,455110,Y,1,IV,96824,False,0,0.15,"Senior Manager, Data Analytics || 13-1081.02 || Logistics Analysts",13-1081.02||AR||45||Y||IV,9,113450.44444444444,124111.0,16626.444444444445,27287.0,17.171821495129766,28.18206229860365,1.1717182149512977,0.14429716742489854
60456,Business Relationship Manager,15-1299.09,Information Technology Project Managers,Mettawa,IL,336612,Y,1,III,107640,False,0,0.05,Business Relationship Manager || 15-1299.09 || Information Technology Project Managers,15-1299.09||IL||33||Y||III,9,101860.33333333333,102000.0,-5779.666666666667,-5640.0,-5.369441347702217,-5.2396878483835,0.9463055865229778,-0.07306071062583522
65859,Principal AI/ML Architect - Solution Innovation,15-1252.00,Software Developers,Canton,MI,511210,Y,1,IV,138486,True,1,0.95,Principal AI/ML Architect - Solution Innovation || 15-1252.00 || Software Developers,15-1252.00||MI||51||Y||IV,11,141977.36363636365,150000.0,3491.3636363636365,11514.0,2.5210950105885335,8.314197825050908,1.0252109501058853,-0.01270982163453221
8422,"Senior Software Developer, Machine Learning",15-1252.00,Software Developers,Englewood,CO,513210,Y,1,III,142314,True,1,0.95,"Senior Software Developer, Machine Learning || 15-1252.00 || Software Developers",15-1252.00||CO||51||Y||III,10,120912.1,129500.0,-21401.9,-12814.0,-15.038506401337887,-9.004033334738676,0.8496149359866211,-0.1840893869517169
20910,Sr. Machine Learning Engineer,15-1252.00,Software Developers,Mountain View,CA,522320,Y,1,III,226138,True,1,0.95,Sr. Machine Learning Engineer || 15-1252.00 || Software Developers,15-1252.00||CA||52||Y||III,11,209310.0909090909,155000.0,-16827.909090909092,-71138.0,-7.4414335896262855,-31.45778241604684,0.9255856641037371,-0.30789704869070195
35496,Data Scientist,15-2051.00,Data Scientists,San Francisco,CA,541511,Y,1,II,133952,True,1,0.85,Data Scientist || 15-2051.00 || Data Scientists,15-2051.00||CA||54||Y||II,11,124147.0,135000.0,-9805.0,1048.0,-7.3197861920688005,0.7823698041089345,0.926802138079312,-0.09945910080501331
52025,Java AWS Developer,15-1252.00,Software Developers,Plano,TX,541511,Y,1,I,90896,False,0,0.1,Java AWS Developer || 15-1252.00 || Software Developers,15-1252.00||TX||54||Y||I,11,100547.36363636363,110000.0,9651.363636363636,19104.0,10.61802899617545,21.017426509417355,1.1061802899617545,0.07189786980407802
43585,Software Engineering,15-1252.00,Software Developers,Redmond,WA,513210,Y,1,IV,212202,False,0,0.15,Software Engineering || 15-1252.00 || Software Developers,15-1252.00||WA||51||Y||IV,11,130918.90909090909,140000.0,-81283.09090909091,-72202.0,-38.304582854587096,-34.02512700163052,0.616954171454129,-0.5281878909227026
108397,Lead Firmware Engineer,17-2071.00,Electrical Engineers,San Diego,CA,334413,Y,1,IV,157206,False,0,0.05,Lead Firmware Engineer || 17-2071.00 || Electrical Engineers,17-2071.00||CA||33||Y||IV,10,136170.0,145000.0,-21036.0,-12206.0,-13.381168657684821,-7.764334694604532,0.8661883134231518,-0.17335353360840725
8964,Specialist Master,13-1111.00,Management Analysts,Houston,TX,541611,Y,3,IV,129917,False,0,0.05,Specialist Master || 13-1111.00 || Management Analysts,13-1111.00||TX||54||Y||IV,11,107682.81818181818,110000.0,-22234.18181818182,-19917.0,-17.114143505608826,-15.330557201905831,0.8288585649439117,-0.2066163811579069
83132,Staff ASICS Engineer,17-2072.00,"Electronics Engineers, Except Computer",San Diego,CA,334220,Y,1,III,152506,False,0,0.0,"Staff ASICS Engineer || 17-2072.00 || Electronics Engineers, Except Computer",17-2072.00||CA||33||Y||III,11,111068.09090909091,110000.0,-41437.90909090909,-42506.0,-27.171330367925915,-27.871690294152362,0.7282866963207408,-0.3427025685186553
85698,Data Scientist,15-1243.00,Database Architects,Houston,TX,541511,Y,1,II,102294,True,1,0.85,Data Scientist || 15-1243.00 || Database Architects,15-1243.00||TX||54||Y||II,11,104939.81818181818,109000.0,2645.818181818182,6706.0,2.5864842335016536,6.555614210022093,1.0258648423350165,0.008089998481437181
64274,Data Science Lead Analyst,15-2051.00,Data Scientists,Rutherford,NJ,522110,Y,1,IV,169541,True,1,0.85,Data Science Lead Analyst || 15-2051.00 || Data Scientists,15-2051.00||NJ||52||Y||IV,10,129121.1,132500.0,-40419.9,-37041.0,-23.840781875770464,-21.8478126234952,0.7615921812422954,-0.2824719540292541
21852,"Senior Manager, Data Science",11-3021.00,Computer and Information Systems Managers,Charlotte,NC,525910,Y,1,IV,217776,True,1,0.85,"Senior Manager, Data Science || 11-3021.00 || Computer and Information Systems Managers",11-3021.00||NC||52||Y||IV,9,146082.55555555556,150000.0,-71693.44444444444,-67776.0,-32.92072792430959,-31.12188670927926,0.6707927207569041,-0.41458311943306764
1554,Software Engineer,15-1252.00,Software Developers,Culver City,CA,511210,Y,5,I,102232,False,0,0.15,Software Engineer || 15-1252.00 || Software Developers,15-1252.00||CA||51||Y||I,12,171258.83333333334,121500.0,69026.83333333333,19268.0,67.51979158515273,18.84732764692073,1.6751979158515276,0.19558891783312404
6221,Applied Sciences,15-2051.00,Data Scientists,Redmond,WA,513210,Y,1,IV,196914,True,1,0.95,Applied Sciences || 15-2051.00 || Data Scientists,15-2051.00||WA||51||Y||IV,11,132147.0,140000.0,-64767.0,-56914.0,-32.89100825741187,-28.90297287140579,0.6710899174258813,-0.41981372762845676
21987,SOFTWARE ENGINEER,15-1252.00,Software Developers,ALLEN,TX,335122,Y,1,III,134971,False,0,0.1,SOFTWARE ENGINEER || 15-1252.00 || Software Developers,15-1252.00||TX||33||Y||III,10,107266.2,112500.0,-27704.8,-22471.0,-20.526483466818796,-16.64876158582214,0.794735165331812,-0.2457005494033428
112081,"Principal Global API Engineer, GenAI (Full Stack)",15-1252.00,Software Developers,Houston,TX,5241,Y,1,IV,149947,True,1,0.95,"Principal Global API Engineer, GenAI (Full Stack) || 15-1252.00 || Software Developers",15-1252.00||TX||52||Y||IV,10,156286.6,162500.0,6339.6,12553.0,4.22789385582906,8.371624640706383,1.0422789385582907,0.016877059568892606
17812,Sr. Data Scientist,15-2031.00,Operations Research Analysts,Atlanta,GA,444110,Y,1,III,82701,True,1,0.95,Sr. Data Scientist || 15-2031.00 || Operations Research Analysts,15-2031.00||GA||44||Y||III,10,117067.2,117500.0,34366.2,34799.0,41.554757499909314,42.07808853580973,1.4155475749990931,0.33725114554129865
32530,"Senior Software Engineer, AI Network",15-1252.00,Software Developers,Santa Clara,CA,3344,Y,1,II,187741,True,1,0.85,"Senior Software Engineer, AI Network || 15-1252.00 || Software Developers",15-1252.00||CA||33||Y||II,11,128964.63636363637,145000.0,-58776.36363636364,-42741.0,-31.30715381102883,-22.765938180791622,0.6869284618897117,-0.4178307788634941
101993,Sr. Machine Learning Engineer,15-1252.00,Software Developers,Palo Alto,CA,519290,Y,1,III,226138,True,1,0.95,Sr. Machine Learning Engineer || 15-1252.00 || Software Developers,15-1252.00||CA||51||Y||III,11,211946.45454545456,160000.0,-14191.545454545454,-66138.0,-6.275612879987199,-29.246743139145124,0.937243871200128,-0.28860845596855306
75003,"Systems Engineering Analyst, Autonomous Vehicles & Driving",15-2041.00,Statisticians,Fremont,CA,54171,Y,1,III,139901,True,1,0.95,"Systems Engineering Analyst, Autonomous Vehicles & Driving || 15-2041.00 || Statisticians",15-2041.00||CA||54||Y||III,10,114694.3,117500.0,-25206.7,-22401.0,-18.017526679580563,-16.012037083366096,0.8198247332041945,-0.21903742899471404
66655,"Vice President, Applied AI ML Lead",15-1252.00,Software Developers,Plano,TX,551112,Y,1,IV,156998,True,1,0.95,"Vice President, Applied AI ML Lead || 15-1252.00 || Software Developers",15-1252.00||TX||55||Y||IV,9,276656.77777777775,187911.0,119658.77777777778,30913.0,76.21675293811245,19.690059745984026,1.7621675293811245,0.39887475507822917
25350,Senior Cognitive/Machine Learning Professional,15-1252.00,Software Developers,Austin,TX,551112,Y,1,IV,163550,True,1,0.95,Senior Cognitive/Machine Learning Professional || 15-1252.00 || Software Developers,15-1252.00||TX||55||Y||IV,10,207961.1,140000.0,44411.1,-23550.0,27.15444818098441,-14.399266279425252,1.2715444818098443,-0.018635180934816198
46100,"Vice President, Principal Solutions Architect, GenAI",15-1299.09,Information Technology Project Managers,Atlanta,GA,5241,Y,1,IV,130562,True,1,0.95,"Vice President, Principal Solutions Architect, GenAI || 15-1299.09 || Information Technology Project Managers",15-1299.09||GA||52||Y||IV,10,265995.2,187476.0,135433.2,56914.0,103.73094774896217,43.591550374534705,2.0373094774896217,0.5435222181343302
72108,Sr. Data Scientist,15-2031.00,Operations Research Analysts,Sugarland,TX,541511,Y,1,II,81806,True,1,0.95,Sr. Data Scientist || 15-2031.00 || Operations Research Analysts,15-2031.00||TX||54||Y||II,9,115435.44444444444,115000.0,33629.444444444445,33194.0,41.108774960815154,40.57648583233504,1.4110877496081515,0.33281300130287406
81122,Software Engineer,15-1252.00,Software Developers,Mountain View,CA,541512,Y,1,II,187741,False,0,0.15,Software Engineer || 15-1252.00 || Software Developers,15-1252.00||CA||54||Y||II,11,194401.0,135000.0,6660.0,-52741.0,3.5474403566615718,-28.092425202805995,1.0354744035666157,-0.2518918810725982
100978,Senior C Software Engineer,15-1252.00,Software Developers,San Diego,CA,541519,Y,1,III,157581,False,0,0.1,Senior C Software Engineer || 15-1252.00 || Software Developers,15-1252.00||CA||54||Y||III,11,196492.81818181818,135000.0,38911.818181818184,-22581.0,24.693216937205747,-14.32977325946656,1.2469321693720574,-0.036037593616150006
100186,Senior Data Scientist,15-1252.00,Software Developers,Morristown,NJ,541511,Y,1,II,131997,True,1,0.95,Senior Data Scientist || 15-1252.00 || Software Developers,15-1252.00||NJ||54||Y||II,9,123791.22222222222,130000.0,-8205.777777777777,-1997.0,-6.216639603762038,-1.5129131722690667,0.9378336039623796,-0.0797330992344083
97413,Lead Data/AI Engineering,15-2051.01,Business Intelligence Analysts,Plano,TX,517112,Y,1,IV,141773,True,1,0.85,Lead Data/AI Engineering || 15-2051.01 || Business Intelligence Analysts,15-2051.01||TX||51||Y||IV,10,134832.1,139710.5,-6940.9,-2062.5,-4.895784105577226,-1.4547904043788311,0.9510421589442277,-0.06615406771645524
103844,Staff Firmware Engineer,15-1252.00,Software Developers,San Diego,CA,333242,Y,1,III,157581,False,0,0.05,Staff Firmware Engineer || 15-1252.00 || Software Developers,15-1252.00||CA||33||Y||III,11,115340.81818181818,129000.0,-42240.181818181816,-28581.0,-26.805377436481443,-18.13733889237916,0.7319462256351855,-0.33929800032858976
68370,Data Scientist,15-2031.00,Operations Research Analysts,Menlo Park,CA,519290,Y,1,IV,148699,True,1,0.85,Data Scientist || 15-2031.00 || Operations Research Analysts,15-2031.00||CA||51||Y||IV,11,128101.0,135000.0,-20598.0,-13699.0,-13.852144264588192,-9.21257036025797,0.861478557354118,-0.1942398649222099
115097,Senior Associate,15-2051.00,Data Scientists,Raleigh,NC,541611,Y,1,II,102918,True,1,0.85,Senior Associate || 15-2051.00 || Data Scientists,15-2051.00||NC||54||Y||II,11,110724.36363636363,115000.0,7806.363636363636,12082.0,7.58503239118875,11.739443051749937,1.0758503239118875,0.059047376969911886
27323,Material Flow Engineer,17-2141.00,Mechanical Engineers,Garden Grove,CA,541420,Y,1,IV,142355,False,0,0.05,Material Flow Engineer || 17-2141.00 || Mechanical Engineers,17-2141.00||CA||54||Y||IV,11,105514.72727272728,115000.0,-36840.27272727273,-27355.0,-25.879156142933315,-19.216044396052123,0.7412084385706668,-0.3129755612045748
57677,SOFTWARE DEVELOPMENT ENGINEER II,15-1252.00,Software Developers,SUNNYVALE,CA,454110,Y,1,II,187741,False,0,0.1,SOFTWARE DEVELOPMENT ENGINEER II || 15-1252.00 || Software Developers,15-1252.00||CA||45||Y||II,11,126756.45454545454,129000.0,-60984.545454545456,-58741.0,-32.483338990708184,-31.288317416014618,0.6751666100929182,-0.41620920048515797
96476,Research Scientist in Multimodal Machine Learning,15-1221.00,Computer and Information Research Scientists,San Jose,CA,519130,Y,1,IV,237786,True,1,1.0,Research Scientist in Multimodal Machine Learning || 15-1221.00 || Computer and Information Research Scientists,15-1221.00||CA||51||Y||IV,11,215954.54545454544,160000.0,-21831.454545454544,-77786.0,-9.181135367706487,-32.71260713414583,0.9081886463229352,-0.3160310035417803
91224,Data Scientist II,15-2051.00,Data Scientists,Austin,TX,455219,Y,10,II,100339,True,1,0.85,Data Scientist II || 15-2051.00 || Data Scientists,15-2051.00||TX||45||Y||II,10,157221.9,118109.5,56882.9,17770.5,56.69071846440566,17.710461535395012,1.5669071846440565,0.28684490907614607
7058,"Associate, AI Engineer",15-1252.00,Software Developers,New York,NY,523150,Y,1,II,131997,True,1,0.95,"Associate, AI Engineer || 15-1252.00 || Software Developers",15-1252.00||NY||52||Y||II,12,108217.83333333333,112500.0,-23779.166666666668,-19497.0,-18.014929632239117,-14.770790245232845,0.8198507036776088,-0.22281855546429594
115363,Full Stack Lead,15-1252.00,Software Developers,New York,NY,541511,Y,1,II,123656,False,0,0.1,Full Stack Lead || 15-1252.00 || Software Developers,15-1252.00||NY||54||Y||II,10,127823.2,131555.5,4167.2,7899.5,3.369994177395354,6.388286860322184,1.0336999417739536,0.02045853896116423
101899,MDM Consultant,15-2051.00,Data Scientists,Melissa,TX,541511,Y,1,II,96034,False,0,0.1,MDM Consultant || 15-2051.00 || Data Scientists,15-2051.00||TX||54||Y||II,10,97761.9,95000.0,1727.9,-1034.0,1.799258595913947,-1.0767020013745132,1.0179925859591394,0.006522759384489163
67381,Programming Team Leader,15-2041.00,Statisticians,Pflugerville,TX,541511,Y,1,IV,139173,False,0,0.1,Programming Team Leader || 15-2041.00 || Statisticians,15-2041.00||TX||54||Y||IV,9,108589.55555555556,110000.0,-30583.444444444445,-29173.0,-21.975127678820204,-20.961680785784598,0.780248723211798,-0.2583723016707642
24610,Business and Marketing Data Scientist,15-2051.00,Data Scientists,San Francisco,CA,541512,Y,1,II,133952,True,1,0.85,Business and Marketing Data Scientist || 15-2051.00 || Data Scientists,15-2051.00||CA||54||Y||II,10,124562.1,135000.0,-9389.9,1048.0,-7.009899068322982,0.7823698041089345,0.9299010093167702,-0.09840326276269984
1331,Robotics Engineer,17-2199.08,Robotics Engineers,Oakland,CA,541330,Y,1,III,166566,True,1,0.85,Robotics Engineer || 17-2199.08 || Robotics Engineers,17-2199.08||CA||54||Y||III,11,117169.45454545454,123000.0,-49396.545454545456,-43566.0,-29.65583939972471,-26.155397860307627,0.703441606002753,-0.37234901320849384
57976,Research Scientist in A.I. and Machine Learning,15-1221.00,Computer and Information Research Scientists,Oak Ridge,TN,54171,Y,1,II,79934,True,1,1.0,Research Scientist in A.I. and Machine Learning || 15-1221.00 || Computer and Information Research Scientists,15-1221.00||TN||54||Y||II,11,108140.81818181818,115000.0,28206.81818181818,35066.0,35.28763502616932,43.868691670628266,1.3528763502616932,0.28578902370676784
58544,ASIC Technical Program Manager,17-2072.00,"Electronics Engineers, Except Computer",San Jose,CA,333242,Y,1,IV,216091,False,0,0.05,"ASIC Technical Program Manager || 17-2072.00 || Electronics Engineers, Except Computer",17-2072.00||CA||33||Y||IV,11,144245.45454545456,150000.0,-71845.54545454546,-66091.0,-33.24781941614665,-30.584799922254977,0.6675218058385335,-0.4377289850902788
58530,Senior Data Scientist,15-2051.00,Data Scientists,Lake Forest,IL,811310,Y,1,III,119558,True,1,0.95,Senior Data Scientist || 15-2051.00 || Data Scientists,15-2051.00||IL||81||Y||III,10,124131.1,128000.0,4573.1,8442.0,3.825005436691815,7.061008046303886,1.0382500543669182,0.02486371674715393
47285,Manager - Data Science,13-1111.00,Management Analysts,Atlanta,GA,541511,Y,5,IV,139485,True,1,0.85,Manager - Data Science || 13-1111.00 || Management Analysts,13-1111.00||GA||54||Y||IV,9,129879.0,135000.0,-9606.0,-4485.0,-6.886762017421228,-3.215399505323153,0.9311323798257877,-0.07904728690142271
68732,Manager Data Scientist,15-2051.00,Data Scientists,Austin,TX,33411,Y,1,IV,148741,True,1,0.85,Manager Data Scientist || 15-2051.00 || Data Scientists,15-2051.00||TX||33||Y||IV,9,134801.22222222222,144511.0,-13939.777777777777,-4230.0,-9.371846214411478,-2.8438695450481037,0.9062815378558852,-0.11315677683511065
93948,Vice President / Chief AI Architect,15-1252.00,Software Developers,Mckinney,TX,541511,Y,1,IV,156998,True,1,0.95,Vice President / Chief AI Architect || 15-1252.00 || Software Developers,15-1252.00||TX||54||Y||IV,10,280621.9,224000.0,123623.9,67002.0,78.7423406667601,42.676976776774225,1.787423406667601,0.4349440357693492
77965,Infra Tech Business Development II,15-2031.00,Operations Research Analysts,ARLINGTON,VA,444110,Y,1,III,125237,False,0,0.05,Infra Tech Business Development II || 15-2031.00 || Operations Research Analysts,15-2031.00||VA||44||Y||III,11,101260.18181818182,105000.0,-23976.81818181818,-20237.0,-19.14515533094707,-16.158962606897322,0.8085484466905293,-0.23550479252022652
53750,"Senior Advisor, Data Science",15-2051.00,Data Scientists,Round Rock,TX,423430,Y,1,IV,148741,True,1,0.85,"Senior Advisor, Data Science || 15-2051.00 || Data Scientists",15-2051.00||TX||42||Y||IV,11,124201.0,135000.0,-24540.0,-13741.0,-16.498477218789706,-9.238206009103072,0.8350152278121029,-0.21143089615133964
113766,Architect,15-1299.08,Computer Systems Engineers/Architects,Pleasanton,CA,541511,Y,1,II,105560,False,0,0.15,Architect || 15-1299.08 || Computer Systems Engineers/Architects,15-1299.08||CA||54||Y||II,11,123635.0,135000.0,18075.0,29440.0,17.122963243652897,27.889352027283064,1.171229632436529,0.13649539777289038
45376,Staff Machine Learning Engineer,15-1252.00,Software Developers,San Diego,CA,334220,Y,1,III,157581,True,1,0.95,Staff Machine Learning Engineer || 15-1252.00 || Software Developers,15-1252.00||CA||33||Y||III,11,194446.45454545456,135000.0,36865.454545454544,-22581.0,23.394606294829035,-14.32977325946656,1.2339460629482903,-0.05727633295699293
25339,"Lead Engineer, Enterprise BI & AI/ML Engineering",15-1211.00,Computer Systems Analysts,Parker,CO,516210,Y,1,IV,145018,True,1,0.85,"Lead Engineer, Enterprise BI & AI/ML Engineering || 15-1211.00 || Computer Systems Analysts",15-1211.00||CO||51||Y||IV,10,133620.4,141543.5,-11397.6,-3474.5,-7.8594381387138155,-2.395909473306762,0.921405618612862,-0.09572904886090025
34222,Machine Learning Engineer - Engineering Team Lead,15-1252.00,Software Developers,Arlington,VA,541370,Y,1,III,150758,True,1,0.95,Machine Learning Engineer - Engineering Team Lead || 15-1252.00 || Software Developers,15-1252.00||VA||54||Y||III,11,128254.54545454546,135000.0,-22503.454545454544,-15758.0,-14.926872567594785,-10.452513299460062,0.8507312743240522,-0.19369859643961684
3857,Applications Development Technology Lead Analyst,15-1252.00,Software Developers,Irving,TX,522110,Y,1,IV,156998,False,0,0.1,Applications Development Technology Lead Analyst || 15-1252.00 || Software Developers,15-1252.00||TX||52||Y||IV,12,113898.58333333333,125000.0,-43099.416666666664,-31998.0,-27.452207459118373,-20.381151352246526,0.7254779254088163,-0.35067927750480843
105921,Senior Data Scientist,15-2031.00,Operations Research Analysts,Bothell,WA,522292,Y,1,III,106434,True,1,0.85,Senior Data Scientist || 15-2031.00 || Operations Research Analysts,15-2031.00||WA||52||Y||III,9,128701.22222222222,135000.0,22267.222222222223,28566.0,20.921155102901537,26.839167935058345,1.2092115510290153,0.17213438172956982
75033,AI Solution Architect,15-1252.00,Software Developers,Palo Alto,CA,541512,Y,1,III,226138,True,1,0.95,AI Solution Architect || 15-1252.00 || Software Developers,15-1252.00||CA||54||Y||III,10,223491.1,162455.5,-2646.9,-63682.5,-1.1704799724062291,-28.16090175025869,0.9882952002759376,-0.22861470764182404
1802,Active Directory Operations Engineer [00093094],15-1252.00,Software Developers,Princeton,NJ,522110,Y,1,II,108222,False,0,0.0,Active Directory Operations Engineer [00093094] || 15-1252.00 || Software Developers,15-1252.00||NJ||52||Y||II,11,104108.63636363637,115000.0,-4113.363636363636,6778.0,-3.800857160617653,6.263051874849846,0.9619914283938236,-0.06431804510775133
51479,Staff Machine Learning Engineer,15-1252.00,Software Developers,Seattle,WA,561599,Y,1,III,180710,True,1,0.95,Staff Machine Learning Engineer || 15-1252.00 || Software Developers,15-1252.00||WA||56||Y||III,10,132761.1,137000.0,-47948.9,-43710.0,-26.53361739804106,-24.18792540534558,0.7346638260195893,-0.33139001524467027
110365,AVP of Commercial Excellence “Principal Salesforce Architect,15-1252.00,Software Developers,Little Elm,TX,51321,Y,1,IV,149781,False,0,0.1,AVP of Commercial Excellence “Principal Salesforce Architect || 15-1252.00 || Software Developers,15-1252.00||TX||51||Y||IV,11,136216.81818181818,145000.0,-13564.181818181818,-4781.0,-9.056009652881086,-3.191993644053652,0.9094399034711892,-0.12702496372009053
87381,Sr. Product Manager 1 - Technical,15-1221.00,Computer and Information Research Scientists,San Jose,CA,455219,Y,1,II,164403,False,0,0.15,Sr. Product Manager 1 - Technical || 15-1221.00 || Computer and Information Research Scientists,15-1221.00||CA||45||Y||II,11,203486.0909090909,135000.0,39083.09090909091,-29403.0,23.772735843683453,-17.88471013302677,1.2377273584368345,-0.029178096013273057
51813,Staff Machine Learning Engineer,15-1252.00,Software Developers,Seattle,WA,561599,Y,1,III,180710,True,1,0.95,Staff Machine Learning Engineer || 15-1252.00 || Software Developers,15-1252.00||WA||56||Y||III,10,132761.1,137000.0,-47948.9,-43710.0,-26.53361739804106,-24.18792540534558,0.7346638260195893,-0.33139001524467027
6091,Business Operations Analyst,15-2051.00,Data Scientists,New York City,NY,541511,Y,1,II,109491,False,0,0.15,Business Operations Analyst || 15-2051.00 || Data Scientists,15-2051.00||NY||54||Y||II,11,102767.90909090909,115000.0,-6723.090909090909,5509.0,-6.140313732718588,5.031463773278169,0.9385968626728141,-0.09597845379361448
20493,IT Applications Analyst Principal,15-2051.00,Data Scientists,Columbus,IN,3336,Y,1,III,96013,False,0,0.15,IT Applications Analyst Principal || 15-2051.00 || Data Scientists,15-2051.00||IN||33||Y||III,9,111902.11111111111,115000.0,15889.111111111111,18987.0,16.548916408310447,19.775447074875277,1.1654891640831044,0.1405769727371627
54119,AI Engineer,15-1252.00,Software Developers,San Francisco,CA,541511,Y,1,I,135699,True,1,0.95,AI Engineer || 15-1252.00 || Software Developers,15-1252.00||CA||54||Y||I,12,137009.25,129000.0,1310.25,-6699.0,0.9655561205314704,-4.936661287113391,1.0096555612053149,-0.0259550290872473
48221,Payments Risk Analyst II,15-2051.00,Data Scientists,San Francisco,CA,523130,Y,1,II,133952,False,0,0.15,Payments Risk Analyst II || 15-2051.00 || Data Scientists,15-2051.00||CA||52||Y||II,10,118631.0,125000.0,-15321.0,-8952.0,-11.43767916865743,-6.682990922121357,0.8856232083134257,-0.14041494088549697
36787,Team Leader,11-3021.00,Computer and Information Systems Managers,New York,NY,51929,Y,1,II,186056,False,0,0.1,Team Leader || 11-3021.00 || Computer and Information Systems Managers,11-3021.00||NY||51||Y||II,12,121684.25,126500.0,-64371.75,-59556.0,-34.59805112439266,-32.00971750440728,0.6540194887560734,-0.4480246911623187
45437,IT Analyst - Senior,15-1252.00,Software Developers,DEARBORN,MI,3336,Y,1,III,120349,False,0,0.1,IT Analyst - Senior || 15-1252.00 || Software Developers,15-1252.00||MI||33||Y||III,10,103391.9,106500.0,-16957.1,-13849.0,-14.089938429068791,-11.507366076992746,0.8591006157093121,-0.16527729192224552
15699,Engagement Manager,15-2041.00,Statisticians,New York,NY,54161,Y,1,III,144373,False,0,0.1,Engagement Manager || 15-2041.00 || Statisticians,15-2041.00||NY||54||Y||III,10,117921.1,119000.0,-26451.9,-25373.0,-18.32191614775616,-17.574615752252846,0.8167808385224384,-0.21492790076217094
14153,Analyst,15-2051.00,Data Scientists,Wilmington,DE,523940,Y,1,I,73944,True,1,0.95,Analyst || 15-2051.00 || Data Scientists,15-2051.00||DE||52||Y||I,12,91368.41666666667,87350.0,17424.416666666668,13406.0,23.56434148364528,18.129936167910852,1.2356434148364528,0.18412845289095334
55670,DATA SCIENTIST,15-2051.00,Data Scientists,MANHASSET,NY,62211,Y,1,II,109491,True,1,0.85,DATA SCIENTIST || 15-2051.00 || Data Scientists,15-2051.00||NY||62||Y||II,10,114003.6,115000.0,4512.6,5509.0,4.121434638463436,5.031463773278169,1.0412143463846344,0.016721002464649005
23470,Software Engineer,15-1252.00,Software Developers,Cupertino,CA,511210,Y,1,II,187741,False,0,0.15,Software Engineer || 15-1252.00 || Software Developers,15-1252.00||CA||51||Y||II,11,122919.18181818182,125000.0,-64821.818181818184,-62741.0,-34.527257328882975,-33.41891222482037,0.6547274267111702,-0.4702873013587574
31467,Technical Program Management,15-1299.09,Information Technology Project Managers,Redmond,WA,513210,Y,1,II,111550,False,0,0.1,Technical Program Management || 15-1299.09 || Information Technology Project Managers,15-1299.09||WA||51||Y||II,11,122438.27272727272,125000.0,10888.272727272728,13450.0,9.760889939285278,12.057373375168087,1.0976088993928528,0.06587328791433239
64612,"Leader, Machine Learning Engineer",15-1252.00,Software Developers,Bothell,WA,334111,Y,1,IV,212202,True,1,0.95,"Leader, Machine Learning Engineer || 15-1252.00 || Software Developers",15-1252.00||WA||33||Y||IV,11,205446.45454545456,150000.0,-6755.545454545455,-62202.0,-3.183544667131061,-29.312636073175558,0.9681645533286893,-0.2868153823381859
73033,Core Data Scientist,15-2031.00,Operations Research Analysts,Charlotte,NC,524130,Y,1,IV,121826,True,1,0.85,Core Data Scientist || 15-2031.00 || Operations Research Analysts,15-2031.00||NC||52||Y||IV,10,113366.2,116959.5,-8459.8,-4866.5,-6.94416626992596,-3.9946316878170505,0.9305583373007404,-0.07990554777265864
11879,Biometrics Senior Scientist,19-1013.00,Soil and Plant Scientists,Durham,NC,325110,Y,1,III,76398,True,1,0.85,Biometrics Senior Scientist || 19-1013.00 || Soil and Plant Scientists,19-1013.00||NC||32||Y||III,9,104429.77777777778,115000.0,28031.777777777777,38602.0,36.691769127173195,50.52750071991414,1.366917691271732,0.2963516030592845
14144,Data Science Manager,15-2051.00,Data Scientists,Brooklyn,OH,522110,Y,1,IV,118747,True,1,0.85,Data Science Manager || 15-2051.00 || Data Scientists,15-2051.00||OH||52||Y||IV,9,127749.22222222222,135000.0,9002.222222222223,16253.0,7.581010233708828,13.687082621034637,1.0758101023370883,0.06117290462625036
14992,Sales Engineer,15-2051.00,Data Scientists,Seattle,WA,513210,Y,1,I,96117,False,0,0.1,Sales Engineer || 15-2051.00 || Data Scientists,15-2051.00||WA||51||Y||I,9,114749.22222222222,120000.0,18632.222222222223,23883.0,19.384939419896813,24.847841692936733,1.193849394198968,0.1576386421301373
113350,Sr. Business Process Specialist - Supply Chain,15-2051.00,Data Scientists,Greenville,NC,541713,Y,1,II,93246,False,0,0.1,Sr. Business Process Specialist - Supply Chain || 15-2051.00 || Data Scientists,15-2051.00||NC||54||Y||II,8,94202.625,95700.0,956.625,2454.0,1.0259153207644296,2.6317482787465414,1.0102591532076444,-0.0017673239801081486
93858,Senior Software Engineer,15-2051.00,Data Scientists,New York,CA,5231,Y,1,III,164403,False,0,0.1,Senior Software Engineer || 15-2051.00 || Data Scientists,15-2051.00||CA||52||Y||III,9,133879.0,135000.0,-30524.0,-29403.0,-18.566571169625856,-17.88471013302677,0.8143342883037414,-0.22449283450912105
65546,Software Developer,15-1252.00,Software Developers,Dallas,GA,541511,Y,1,II,109283,False,0,0.15,Software Developer || 15-1252.00 || Software Developers,15-1252.00||GA||54||Y||II,10,83822.1,87850.0,-25460.9,-21433.0,-23.29813420202593,-19.612382529762176,0.7670186579797407,-0.2796571493216927
35802,Senior Account Manager,15-2051.00,Data Scientists,Bothell,WA,54199,Y,1,II,129709,False,0,0.0,Senior Account Manager || 15-2051.00 || Data Scientists,15-2051.00||WA||54||Y||II,8,118055.375,120000.0,-11653.625,-9709.0,-8.984438242527505,-7.485216908618523,0.910155617574725,-0.10448551421868779
99096,Data Scientist,17-2051.00,Civil Engineers,Chandler,AZ,5413,Y,1,II,83886,True,1,0.95,Data Scientist || 17-2051.00 || Civil Engineers,17-2051.00||AZ||54||Y||II,8,98989.875,100000.0,15103.875,16114.0,18.005239253272297,19.20940323772739,1.180052392532723,0.15417722756643104
107150,Senior Data Scientist,17-2041.00,Chemical Engineers,Hampton Twp,PA,325510,Y,1,III,121659,True,1,0.95,Senior Data Scientist || 17-2041.00 || Chemical Engineers,17-2041.00||PA||32||Y||III,8,111962.5,115000.0,-9696.5,-6659.0,-7.97022826095891,-5.473495590133077,0.9202977173904109,-0.09504945851698343
87842,Technical Consultant - Cloud,15-2051.00,Data Scientists,Princeton,TX,541519,Y,1,II,96034,False,0,0.15,Technical Consultant - Cloud || 15-2051.00 || Data Scientists,15-2051.00||TX||54||Y||II,8,104614.875,110000.0,8580.875,13966.0,8.935246891725846,14.542766103671616,1.0893524689172585,0.06590515354490978
