ROW_ID,JOB_TITLE,SOC_CODE,SOC_TITLE,WORKSITE_STATE,NAICS_CODE,FULL_TIME_POSITION,TOTAL_WORKER_POSITIONS,PREVAILING_WAGE,estimated_salary_in_usd,IS_AI
835866,AI & MACHINE LEARNING,15-1252.00,Software Developers,UT,541511,Y,1,144955.0,132000.0,True
159259,Postdoc Research Associate - Quantum Computational Science,15-1221.00,Computer and Information Research Scientists,TN,54171,Y,1,76856.0,92000.0,False
848956,Postdoctoral Scholar Employee,15-1221.00,Computer and Information Research Scientists,CA,611310,Y,1,66868.0,78000.0,False
614249,Senior Data Science & ML Architect,15-2051.00,Data Scientists,NJ,458110,Y,1,163238.0,192000.0,True
319977,"Senior Business Analyst, Data Product",15-2051.00,Data Scientists,NY,45411,Y,1,80850.0,148000.0,False
441179,"Vice President, Applied Research Lead",15-1221.00,Computer and Information Research Scientists,NY,551112,Y,1,155958.0,245000.0,False
46698,Digital E-Commerce Operations Manager ,15-1299.09,Information Technology Project Managers,TX,451110,Y,1,117666.0,118000.0,False
217449,Sr. Engineer SRE,15-1252.00,Software Developers,MA,311813,Y,1,135304.0,158000.0,False
2130,Senior Product Manager - Analyst,15-2051.01,Business Intelligence Analysts,WA,54199,Y,1,110864.0,152000.0,False
778185,"Sr. Director, IT, AI Services",11-3021.00,Computer and Information Systems Managers,CA,33911,Y,1,213325.0,245000.0,True
557081,Software Engineer,15-1252.00,Software Developers,CO,334220,Y,1,95313.0,132000.0,False
143145,Research Scientist,15-2021.00,Mathematicians,CA,541512,Y,1,99923.0,132000.0,False
829262,"Staff Engineer, AI/ML Software Compiler",15-1252.00,Software Developers,CA,423690,Y,10,219276.0,265000.0,True
396221,Artificial Intelligence Resident- 1,15-1221.00,Computer and Information Research Scientists,TX,2111,Y,1,116917.0,132000.0,True
19878,Data Scientist Generative AI,15-2051.00,Data Scientists,MO,541714,Y,1,104312.0,142000.0,True
486208,Verification & Validation Engineer,17-2072.00,"Electronics Engineers, Except Computer",MA,541519,Y,1,117642.0,112000.0,False
119446,"Senior Product Manager, Edge AI and IoT Connectors",15-1299.00,"Computer Occupations, All Other",CA,334413,Y,1,181813.0,205000.0,True
877349,CONTROLS ENGINEER,17-2199.08,Robotics Engineers,CA,333111,Y,1,134077.0,132000.0,False
387593,Quantitative Researcher,15-2021.00,Mathematicians,NY,523940,Y,1,143458.0,210000.0,False
250120,Database Engineer III,15-1242.00,Database Administrators,WA,45411,Y,10,117250.0,142000.0,False
367019,Manufacturing Engineer,17-2112.03,Manufacturing Engineers,CA,336612,Y,1,94349.0,104000.0,False
104148,Engineer,15-1252.00,Software Developers,AL,518210,Y,1,82306.0,112000.0,False
456641,Machine Learning Engineer,15-2051.00,Data Scientists,VA,621330,Y,1,74984.0,132000.0,True
557829,Data Analytics Manager,15-2041.00,Statisticians,CA,516210,Y,1,127150.0,168000.0,False
525253,Quantitative Analyst,13-2099.01,Financial Quantitative Analysts,NC,523120,Y,1,74277.0,135000.0,False
54745,Software Development Engineer III,15-1252.00,Software Developers,NY,45411,Y,10,142563.0,165000.0,False
839557,Embedded AI Architect,15-1299.08,Computer Systems Engineers/Architects,MA,335999,Y,1,151923.0,168000.0,True
631128,Expert Research Scientist,15-1221.00,Computer and Information Research Scientists,MA,5417,Y,1,154066.0,168000.0,False
150567,"Senior Product Manager - Al Platform, Monetization",15-1299.09,Information Technology Project Managers,CA,54151,Y,1,210704.0,210000.0,True
182247,Modeling and Control Engineer,17-2199.00,"Engineers, All Other",MI,33611,Y,1,97531.0,98000.0,False
536807,Backend Engineer,15-1252.00,Software Developers,CA,522320,Y,1,147368.0,168000.0,False
250228,IT Support Engineer I,15-1211.00,Computer Systems Analysts,MA,45411,Y,1,78686.0,78000.0,False
64320,Sr Member of Technical Staff,17-2199.05,Mechatronics Engineers,CA,51121,Y,1,145288.0,168000.0,False
4369,"Analytics Manager, DTC",15-2051.00,Data Scientists,NY,424210,Y,1,108306.0,148000.0,False
145416,Consultant,13-1082.00,Project Management Specialists,MA,518210,Y,1,87277.0,98000.0,False
626546,Computer Vision & Machine Learning Engineer,15-1252,Software Developers,CA,541511,Y,1,181272.0,172000.0,True
282148,Manager,11-3021.00,Computer and Information Systems Managers,CO,541611,Y,3,151362.0,145000.0,False
461562,AI Architect,15-1221.00,Computer and Information Research Scientists,MI,541840,Y,1,137987.0,168000.0,True
724445,AI Infrastructure Engineer,15-1299.08,Computer Systems Engineers/Architects,NY,518210,Y,1,128960.0,168000.0,True
710248,RL Designer,27-1021.00,Commercial and Industrial Designers,WA,51929,Y,1,118310.0,102000.0,True
170118,Principal - AI Software Engineering,11-3021.00,Computer and Information Systems Managers,DC,541611,Y,1,212950.0,210000.0,True
848543,Software Engineer,15-1252.00,Software Developers,NC,444110,Y,1,112986.0,118000.0,False
526035,Director of Engineering,15-1252.00,Software Developers,AZ,517919,Y,1,143416.0,210000.0,False
739069,Machine Learning Manager ,11-3021.00,Computer and Information Systems Managers,CA,334111,Y,1,205171.0,230000.0,True
615301,Lead Data Engineer,15-2041.00,Statisticians,TX,446110,Y,1,109429.0,148000.0,False
167842,Director Generative AI,15-1299.09,Information Technology Project Managers,IL,522210,Y,1,118186.0,245000.0,True
154150,"Backend Engineer, Machine Learning",15-1252.00,Software Developers,NY,541512,Y,1,115918.0,168000.0,True
733311,Machine Learning Engineer  ,15-1252.00,Software Developers,IA,611710,Y,1,129480.0,118000.0,True
689567,"Associate, Data Scientist Associate Sr",15-2051.00,Data Scientists,TX,551112,Y,1,114746.0,112000.0,False
275099,Sr. Capacity Demand Data Science & Analytics Engineer,15-1221.00,Computer and Information Research Scientists,GA,333922,Y,1,103813.0,143000.0,False
172239,Business Operations Analyst,15-2031.00,Operations Research Analysts,CA,334111,Y,5,107619.0,112000.0,False
109661,Software Engineer,15-1252.00,Software Developers,NC,444110,Y,1,106974.0,118000.0,False
801376,Financial Analyst - Crypto and AI,13-2051.00,Financial and Investment Analysts,CA,541511,Y,1,115939.0,142000.0,True
411056,Machine Learning Engineer,15-2031.00,Operations Research Analysts,NY,518210,Y,1,109845.0,152000.0,True
23622,Lead Data and AI Developer,15-1252.00,Software Developers,FL,541519,Y,1,138486.0,138000.0,True
380783,Autopilot Machine Learning Engineer,17-2199.05,Mechatronics Engineers,CA,336111,Y,1,164114.0,182000.0,True
435386,Cognitive Engineer Consultant,15-1299.08,Computer Systems Engineers/Architects,GA,54151,Y,1,119829.0,118000.0,True
838839,Data Science,15-2051.00,Data Scientists,TX,513210,Y,1,118518.0,132000.0,False
485100,"VP, Product",11-3021.00,Computer and Information Systems Managers,CA,52429,Y,1,274206.0,280000.0,False
26871,Senior Data Analyst,15-2031.00,Operations Research Analysts,CA,521110,Y,1,108098.0,138000.0,False
138247,AI/AppDev Associate Analytics Engineer,15-2051.01,Business Intelligence Analysts,NY,55111,Y,1,80850.0,118000.0,True
281852,Sr. Mgr. JC45 - Information Technology Project Managers,15-1299.09,Information Technology Project Managers,NC,541512,Y,1,127774.0,145000.0,False
852280,Technical Engineer III,15-1211.00,Computer Systems Analysts,MA,458110,Y,1,142147.0,118000.0,False
743338,Net Developer,15-1252.00,Software Developers,OH,5416,Y,1,96574.0,98000.0,False
545898,AI Frameworks Engineer,11-9041.00,Architectural and Engineering Managers,CA,3344,Y,1,239200.0,212000.0,True
819581,SR MACHINE LEARNING ENGINEER,15-2051.00,Data Scientists,TX,621111,Y,1,116064.0,158000.0,True
716078,Senior Algorithm Engineer,17-2141.00,Mechanical Engineers,MI,33632,Y,1,98426.0,118000.0,True
731264,Digital Engineer IV,15-1243.00,Database Architects,VA,522130,Y,1,164133.0,142000.0,False
362178,Principal AI Architect,15-1299.08,Computer Systems Engineers/Architects,UT,541511,Y,1,100235.0,230000.0,True
196638,Machine Learning Engineer,15-1252.00,Software Developers,NY,334111,Y,1,142563.0,165000.0,True
258995,"Sr. Software Engineer, AI",15-1252.00,Software Developers,FL,511210,Y,1,135221.0,158000.0,True
542131,ADAS Algorithm Engineer,17-2071.00,Electrical Engineers,MI,33611,Y,1,90355.0,112000.0,True
579658,Systems Analyst II,15-2051.01,Business Intelligence Analysts,MI,524114,Y,1,95826.0,92000.0,False
164980,Data Engineer 3,15-2051.00,Data Scientists,MA,518210,Y,1,99545.0,138000.0,False
666163,Senior Machine Learning Engineer,15-1252.00,Software Developers,NC,541990,N,1,128232.0,118000.0,True
558570,Product Analyst,15-2041.00,Statisticians,NY,51929,Y,1,136219.0,98000.0,False
480542,Machine Learning Scientist,15-1221.00,Computer and Information Research Scientists,GA,33911,Y,1,103813.0,142000.0,True
807099,Machine Learning Engineer,15-1221.00,Computer and Information Research Scientists,PA,541613,Y,1,149594.0,138000.0,True
124891,Quality Analyst,15-2051.00,Data Scientists,NY,541512,Y,1,108306.0,118000.0,False
104996,Supplier Delivery Manager,15-1299.08,Computer Systems Engineers/Architects,TX,513210,Y,1,93517.0,124000.0,False
459499,SENIOR MACHINE LEARNING ENGINEER,17-2199.00,"Engineers, All Other",CA,541511,Y,1,170539.0,195000.0,True
228953,Language Engineer I,15-1211.00,Computer Systems Analysts,MA,45411,Y,1,78686.0,112000.0,True
669698,Machine Learning Engineer,15-1252.00,Software Developers,TX,513210,Y,1,96866.0,138000.0,True
167151,"Director, Data Science",15-1221.00,Computer and Information Research Scientists,NJ,541512,Y,1,128294.0,192000.0,False
489557,Data Scientist ,15-2051.00,Data Scientists,MA,3344,Y,10,97968.0,142000.0,False
719888,Senior Machine Learning Engineer,15-1252.00,Software Developers,CO,316210,Y,1,169374.0,165000.0,True
479027,Senior Data Scientist,15-2051.00,Data Scientists,NJ,455110,Y,1,135782.0,165000.0,False
83288,"Software Engineer, Mobile AI",15-1252.00,Software Developers,CA,621999,Y,1,135283.0,182000.0,True
500335,Data and AI Customer Success Manager Architect,15-1299.08,Computer Systems Engineers/Architects,NC,54151,Y,1,130416.0,158000.0,True
725569,Sr. Machine Learning Engineer,15-1252.00,Software Developers,MA,312120,Y,1,112986.0,182000.0,True
857725,"Director, Algorithm Developer",11-9121.00,Natural Sciences Managers,CA,33441,Y,1,269277.0,230000.0,True
73425,"Manager, Systems Software",11-3021.00,Computer and Information Systems Managers,CA,334111,Y,25,245706.0,192000.0,False
478417,Senior Engineer (Autonomy - Perception & Prediction),15-1221.00,Computer and Information Research Scientists,MA,5415,Y,1,154066.0,172000.0,True
873540,Sr Quality Engineer,15-1253.00,Software Quality Assurance Analysts and Testers,FL,541511,Y,1,97178.0,98000.0,False
720089,Sector Data Analyst,15-2031.00,Operations Research Analysts,NY,523920,Y,1,87194.0,104000.0,False
549392,Application Engineering Consultant,41-9031.00,Sales Engineers,NY,51121,Y,1,131643.0,112000.0,False
873948,"Senior Development Engineer, System Integration AD",17-2141.02,Automotive Engineers,CA,54171,Y,1,155043.0,168000.0,False
207244,Manager-Analytics & Modeling,13-2051.00,Financial and Investment Analysts,NY,56145,Y,1,143125.0,145000.0,True
483460,"Associate, Quant Analytics Associate Sr",15-2051.01,Business Intelligence Analysts,TX,551112,Y,1,85467.0,132000.0,False
277389,Senior Machine Learning Engineer,15-1252.00,Software Developers,CO,316210,Y,1,169374.0,168000.0,True
320078,Staff Scientist,19-2012,Physicists,CA,611310,Y,1,101837.0,142000.0,False
429337,Software Engineer,15-1252.00,Software Developers,CT,541511,Y,1,98155.0,115000.0,False
244031,Engagement Director AI,15-1299.09,Information Technology Project Managers,TX,541511,Y,1,117666.0,176000.0,True
581891,"Senior Associate, Digital Product Management",15-1299.09,Information Technology Project Managers,NY,522210,Y,1,103730.0,145000.0,False
337149,Global Head of Model Governance and Analytics,11-3021.00,Computer and Information Systems Managers,NY,523150,Y,1,223018.0,310000.0,True
480976,Feature Algorithm Engineer - Perception,17-2072.00,"Electronics Engineers, Except Computer",MA,54133,Y,1,120557.0,138000.0,True
578974,Research Scientist/Engineer (118.469.18) ,15-1221.00,Computer and Information Research Scientists,CA,541512,Y,1,178950.0,168000.0,False
35436,Senior Data Scientist,15-2041.00,Statisticians,NY,524114,Y,1,136219.0,172000.0,False
356899,Software Developer IV,15-1252.00,Software Developers,FL,518210,Y,1,130978.0,128000.0,False
823300,Senior Autonomy Engineer,17-2071.00,Electrical Engineers,IL,333120,Y,1,84302.0,138000.0,True
227808,Senior Data Scientist - ML Automation,15-1252.00,Software Developers,TX,446110,Y,1,139464.0,158000.0,True
122700,Data Scientist,15-2051.01,Business Intelligence Analysts,CA,51929,Y,1,116646.0,158000.0,False
41527,RESEARCH SCIENTIST - AI-MACHINE LEARNING,19-2012.00,Physicists,NY,333611,Y,1,132933.0,142000.0,True
172483,"Senior Accountant, Financial Reporting",13-2011.00,Accountants and Auditors,MA,524210,Y,1,97282.0,112000.0,False
586272,Research Scientist,15-2021.00,Mathematicians,CA,541512,Y,1,99923.0,132000.0,False
296060,AI Machine Learning Scientist,15-2051.00,Data Scientists,CA,522320,Y,1,170186.0,182000.0,True
207434,Systems Integration Engineer,17-2141.00,Mechanical Engineers,NY,333922,Y,1,88670.0,112000.0,False
294389,"Vice President, Predictive Science",13-2051.00,Financial and Investment Analysts,NJ,551112,Y,1,143125.0,210000.0,True
19043,Sr. Applied Machine Learning Engineer,15-2051.00,Data Scientists,IN,524298,Y,1,97157.0,148000.0,True
546091,Generative AI Marketing Manager,11-2021.00,Marketing Managers,NY,54151,Y,1,193898.0,165000.0,True
453631,"Algorithm Engineer, Medical Imaging and Machine Learning",17-2031.00,Bioengineers and Biomedical Engineers,CA,33911,Y,1,129168.0,152000.0,True
670270,"Senior Product Manager, Experimentation and AI",11-2021.00,Marketing Managers,MA,511210,Y,1,168064.0,185000.0,True
358086,"Manager Assistant, Control Management",13-2054.00,Financial Risk Specialists,AZ,522210,Y,1,98197.0,91000.0,False
593188,Computer Vision Scientist II,15-1221.00,Computer and Information Research Scientists,NJ,54189,Y,1,72966.0,157000.0,True
38613,Senior Software Engineer,15-2041.00,Statisticians,CA,561599,Y,1,154669.0,182000.0,False
661579,Lead Systems Analyst,15-1211.00,Computer Systems Analysts,NC,45221,Y,1,127171.0,118000.0,False
571621,AI Culinary Scientist,19-1012.00,Food Scientists and Technologists,NY,311999,Y,1,117166.0,112000.0,True
622314,Cloud Solutions Developer Lead,15-1252.00,Software Developers,TX,33341,Y,1,139464.0,142000.0,False
841051,Marketing Data Science Fellow,15-2051.00,Data Scientists,TN,492110,Y,1,96491.0,98000.0,True
436085,"Associate, Applied Research",15-1221.00,Computer and Information Research Scientists,NY,551112,Y,1,100630.0,158000.0,False
283729,Senior Machine Learning Enigneer,15-2051.01,Business Intelligence Analysts,CA,541511,Y,1,151736.0,205000.0,True
511086,Senior Applied Scientist II,15-1221.00,Computer and Information Research Scientists,MA,454110,Y,1,154066.0,182000.0,True
208444,Senior Machine Learning Engineer,15-1252.00,Software Developers,AZ,522292,Y,1,122866.0,165000.0,True
52014,Lead Machine Learning Engineer,15-1243.00,Database Architects,NJ,515210,Y,1,168854.0,182000.0,True
117301,Electrical Engineer II – Battery Value & Production Support,17-2071.00,Electrical Engineers,WI,333991,Y,1,83970.0,92000.0,False
625153,Staff Machine Learning Engineer,15-1299.08,Computer Systems Engineers/Architects,CA,454110,Y,1,210704.0,265000.0,True
877063,"Assistant Professor, Artificial Intelligence",25-1021.00,"Computer Science Teachers, Postsecondary",AZ,611310,Y,1,78627.0,104000.0,True
611920,Digital Sr Dev Engineer II,15-1252.00,Software Developers,AZ,446110,Y,1,143416.0,132000.0,False
436193,Machine Learning Engineer,15-2051.00,Data Scientists,NY,5418,Y,1,163238.0,165000.0,True
369980,Staff Machine Learning Engineer,15-1252.00,Software Developers,CA,454110,Y,1,181088.0,285000.0,True
39334,Statisticians - KBGFJG06854-10,15-2041.00,Statisticians,WA,541211,Y,1,112008.0,112000.0,False
491708,"Senior Analyst, Data Science",15-2051.00,Data Scientists,TX,423430,Y,1,88275.0,132000.0,True
52647,Sr. Software Engineer,15-1295.00,"Software Developers, Non R&D",TN,622310,Y,1,78666.0,132000.0,False
60889,"Associate, Accelerated Intelligence",15-2031.00,Operations Research Analysts,MA,541910,Y,1,58282.0,104000.0,True
295241,"Vice President, Model Development II",13-2054.00,Financial Risk Specialists,NY,523150,Y,1,121742.0,210000.0,True
439513,"Associate, Applied AI MI",15-2041,Statisticians,OH,551112,Y,1,79352.0,115000.0,True
23210,"Staff Software Engineer, A.I. and Machine Learning",15-1252.00,Software Developers,MI,522390,Y,1,123781.0,185000.0,True
503506,AI/ML Computational Science Specialist,15-1211,Computer Systems Analysts,NJ,5416,Y,1,93808.0,142000.0,True
447281,Data Scientist III,15-2051.00,Data Scientists,TX,455110,Y,1,85467.0,132000.0,False
106173,Automation Engineer,17-2071.00,Electrical Engineers,CA,541511,Y,1,81682.0,118000.0,False
688354,Senior QA Engineer in Machine Learning at Vertica - 248318-1,15-1253.00,Software Quality Assurance Analysts and Testers,NJ,541511,Y,1,121285.0,137000.0,True
606209,Researcher II - Electrical Engineering,17-2074.00,"Electrical Engineers, R&D",CO,5417,Y,1,59322.0,104000.0,False
10403,Senior Intelligent Automation Lead,15-1299.09,Information Technology Project Managers,CO,334513,Y,1,162594.0,138000.0,True
102227,"Product Manager – Data, TikTok Commerce",15-2051.00,Data Scientists,CA,519130,Y,1,232690.0,182000.0,False
441804,Applied Machine Learning Manager,11-3021.00,Computer and Information Systems Managers,IL,811310,Y,1,164986.0,168000.0,True
448082,Machine Learning Scientist,15-2051.00,Data Scientists,MN,449210,Y,1,79851.0,142000.0,True
405774,Staff Machine Learning Engineer,15-1252.00,Software Developers,CA,45411,Y,1,215197.0,265000.0,True
134306,Researcher III - Model Engineering,17-2074.00,"Electrical Engineers, R&D",CO,5417,Y,1,72675.0,118000.0,True
598803,Sr. ML Scientist,15-2031.00,Operations Research Analysts,TX,522320,Y,1,90355.0,182000.0,True
882169,Technology Consultant I,15-1252.00,Software Developers,MI,524114,Y,1,123781.0,92000.0,False
789683,RF Engineer,17-2071.00,Electrical Engineers,TX,5416,Y,1,82722.0,112000.0,False
88571,Principal Data Scientist,15-2051.00,Data Scientists,WA,522292,Y,1,142501.0,210000.0,False
110973,NETWORK SECURITY ENGINEER,15-1212.00,Information Security Analysts,NY,54151,Y,1,139672.0,118000.0,False
886310,Software Developer,15-1252.00,Software Developers,NC,541511,Y,1,110365.0,112000.0,False
819405,Mechanical Engineer,17-2141.00,Mechanical Engineers,MI,333514,Y,1,87589.0,92000.0,False
637731,Researcher - Intelligent Machine ToolGroup,17-2112.03,Manufacturing Engineers,TN,54171,Y,1,79872.0,104000.0,True
229452,Sr. Data Science & Advanced Analytics Manager ,15-2041,Statisticians,PA,541618,Y,1,81078.0,148000.0,False
73010,CLINICAL DATA MANAGER,15-2051.02,Clinical Data Managers,CA,541511,Y,1,151736.0,132000.0,False
564381,Staff Computer Vision Engineer,15-2051.00,Data Scientists,UT,561621,Y,1,100984.0,185000.0,True
612328,Financial and Investment Analysts - KBGFJG271005-1,13-2051.00,Financial and Investment Analysts,CA,541211,Y,1,83741.0,118000.0,False
379389,"Staff Solution Architect, AI Solution Architect",15-1299.09,Information Technology Project Managers,NC,541511,Y,1,75816.0,176000.0,True
194814,Sr. iOS DEVELOPER,15-1252.00,Software Developers,VA,541511,Y,1,114026.0,145000.0,False
790119,Staff Machine Learning Engineer,15-1221.00,Computer and Information Research Scientists,CA,455219,Y,1,257421.0,285000.0,True
825117,Postdoctoral Research Scientist - HPC and AI,15-1221.00,Computer and Information Research Scientists,TN,54171,Y,1,77667.0,92000.0,True
824712,PROGRAM MANAGER - AI & DATA SCIENCE,15-1299.09,Information Technology Project Managers,DE,541511,Y,1,138570.0,142000.0,True
699585,Sr. Product Engineer,17-2199.05,Mechatronics Engineers,MI,336330,Y,1,85218.0,112000.0,False
522652,Senior Applied Machine Learning Scientist,15-2051.00,Data Scientists,IL,811310,Y,1,131498.0,172000.0,True
492050,AI Software Engineer  ,15-1252.00,Software Developers,NJ,513210,Y,1,89253.0,152000.0,True
810331,Cloud Data Engineer,15-2051.00,Data Scientists,TX,524298,Y,1,92914.0,124000.0,False
364833,Ai Network Architect,15-1241.00,Computer Network Architects,TN,541511,Y,1,95597.0,142000.0,True
136743,Software Engineer,15-1252.00,Software Developers,WA,541512,Y,1,155418.0,158000.0,False
276490,Custom Software Engineering Senior Mgr,15-1299.09,Information Technology Project Managers,CA,5416,Y,1,110448.0,165000.0,False
712310,"Engineer II, Product Operations Software Support",17-2199.08,Robotics Engineers,NY,541330,Y,1,74006.0,118000.0,False
808572,Machine Learning Specialist L1,15-1251.00,Computer Programmers,TX,541511,Y,1,85530.0,104000.0,True
622999,Senior Statistical Programmer,15-2041.00,Statisticians,PA,511210,Y,1,81078.0,132000.0,False
168141,"Engineer 5, Software Development & Engineering",15-1252.00,Software Developers,NJ,516210,Y,1,140046.0,142000.0,False
769491,Software Engineer III,15-1252.00,Software Developers,IL,51319,Y,1,106558.0,138000.0,False
825121,Intelligent Systems Engineer,17-2071.00,Electrical Engineers,TX,541512,Y,1,136802.0,112000.0,True
352274,Lead Conversational Architect,15-1251.00,Computer Programmers,CA,511210,Y,1,146661.0,176000.0,True
715597,Senior Physical Design Engineer,17-2072.00,"Electronics Engineers, Except Computer",MA,334111,Y,1,128253.0,152000.0,False
308805,STAFF SOFTWARE ENGINEER,15-1252,SOFTWARE DEVELOPERS,CA,541613,Y,1,181272.0,230000.0,False
358648,Senior Manager Data Science,15-2051.00,Data Scientists,IL,522210,Y,1,131498.0,165000.0,True
336266,Gen AI Analyst,15-1253.00,Software Quality Assurance Analysts and Testers,DE,541511,Y,1,80475.0,112000.0,True
724666, Director Manager – Analytics & Modeling,15-2031.00,Operations Research Analysts,CA,541330,Y,1,127046.0,176000.0,True
105918,"Engineer II, Machine Learning",17-2072.00,"Electronics Engineers, Except Computer",TX,425110,Y,1,103813.0,132000.0,True
547572,Senior Cloud Architect,15-1252.00,Software Developers,NY,561110,Y,1,169229.0,195000.0,False
80093,Sr. Manufacturing Conjugation Chemist,19-2031.00,Chemists,MA,541714,Y,1,91790.0,112000.0,False
372709,ML Engineer,15-1252.00,Software Developers,TN,54151,Y,1,70470.0,128000.0,True
396406,LEAD INVENTIVE SCIENTIST,15-1221.00,Computer and Information Research Scientists,NJ,517410,Y,1,72966.0,168000.0,False
618102,Senior Quantitative Engineer,15-2041.00,Statisticians,CT,523120,Y,1,176010.0,225000.0,False
733196,Software Manager,11-3021.00,Computer and Information Systems Managers,CA,334111,Y,50,221884.0,195000.0,False
38580,"SMTS, AI Research",15-2051.00,Data Scientists,CA,541511,Y,30,232690.0,232000.0,True
512682,Machine Learning Quality Engineer (SW Quality Engineer),15-1253.00,Software Quality Assurance Analysts and Testers,CA,541511,Y,20,123283.0,142000.0,True
42934,Senior Algorithm Engineer,17-2141.00,Mechanical Engineers,MI,33632,Y,1,98426.0,118000.0,True
623307,Software Development Engineer II,15-1252.00,Software Developers,NJ,513130,Y,1,115918.0,142000.0,False
507709,Data Scientist,15-2051.00,Data Scientists,TX,423730,Y,1,61526.0,112000.0,False
653990,Data Engineer III,15-2041.00,Statisticians,MA,45411,Y,10,112258.0,142000.0,False
146651,Sr Data Scientist,15-2041.00,Statisticians,RI,446110,Y,1,105830.0,142000.0,False
889054,"Software Engineer, Machine Learning",15-1299.00,"Computer Occupations, All Other",CA,519290,Y,1,181813.0,192000.0,True
575440,Software Engineer,15-1252.00,Software Developers,NY,541512,Y,1,115918.0,145000.0,False
452044,SENIOR MANAGER - ML ARCHITECT,15-1252.00,Software Developers,IL,518210,Y,1,123614.0,168000.0,True
811947,Engagement Manager - AI and Data Analytics,15-2051.00,Data Scientists,NJ,5619,Y,1,111966.0,148000.0,True
491920,AI/ML Engineer,15-1252.00,Software Developers,MA,52399,Y,1,90646.0,155000.0,True
804897,Postdoc Research Assoc-Advanced Computing for Chem & Mtrls,15-1221.00,Computer and Information Research Scientists,TN,54171,Y,1,77667.0,78000.0,False
432774,ETS Eng II-DataEng (AI/ML),15-1243.00,Database Architects,VA,522130,Y,1,102482.0,138000.0,True
480659,Perception and Machine Learning Engineer,15-1252.00,Software Developers,PA,333111,Y,1,85051.0,132000.0,True
752621,Fullstack Developer,15-1252.00,Software Developers,UT,541511,Y,1,61693.0,118000.0,False
122640,"Vice President, Applied AI ML Lead",15-1252.00,Software Developers,CA,551112,Y,1,109780.0,260000.0,True
743475,Principal Application Developer,15-1252.00,Software Developers,NJ,518210,Y,1,142563.0,165000.0,False
121367,Machine Learning Engineer (NLP/CV/Multimodal),15-2051.00,Data Scientists,CA,54151,Y,1,107682.0,182000.0,True
360598,Senior Machine Learning Engineer,15-1252.00,Software Developers,TX,71399,Y,1,120328.0,165000.0,True
804754,Lead Machine Learning Engineer,15-2051.00,Data Scientists,MD,445310,Y,1,138798.0,178000.0,True
616888,Senior Machine Learning Engineer,15-2051.00,Data Scientists,WA,621999,Y,1,142501.0,192000.0,True
197500,"Vice President, Data Science",15-1299.09,Information Technology Project Managers,NY,541511,Y,1,128960.0,210000.0,True
75505,Lead Modeler,15-2031.00,Operations Research Analysts,IL,522210,Y,1,100214.0,132000.0,True
311084,Sr. Data Scientist,15-2051.00,Data Scientists,CO,54151,Y,1,136885.0,148000.0,False
308773,Robotics Controls Researcher,17-2199.08,Robotics Engineers,NY,541715,Y,1,141003.0,132000.0,False
610468,Senior Data Engineer,15-2051.00,Data Scientists,VA,54121,Y,1,102274.0,155000.0,False
660515,"Sr. Director of Product Management, Generative AI",15-1299.05,Information Security Engineers,WA,541511,Y,1,142126.0,310000.0,True
423318,"Head of Customer & Patient Engagement, Business Excellence",15-2051.01,Business Intelligence Analysts,MD,32541,Y,1,149594.0,168000.0,False
17811,Senior Machine Learning Engineer - Smart Code,15-2051.00,Data Scientists,CA,54151,Y,1,295194.0,195000.0,True
868108,Sr. Manager-Data Science,11-3021.00,Computer and Information Systems Managers,MI,722513,Y,1,139027.0,165000.0,True
475297,Data Science,15-2051.00,Data Scientists,WA,513210,Y,1,110864.0,142000.0,False
712485,Data and Policy Analyst I,19-4061.00,Social Science Research Assistants,TX,541720,Y,1,36234.0,64000.0,False
627619,Associate Data Science Analyst,15-2051.00,Data Scientists,MN,611310,Y,1,65312.0,82000.0,False
367300,Research Scientist II,15-1221.00,Computer and Information Research Scientists,MA,541715,Y,1,154066.0,152000.0,False
563192,Applied Scientist II,15-1221.00,Computer and Information Research Scientists,CA,45411,Y,10,121410.0,158000.0,False
615680,Business Operations Associate,15-2031.00,Operations Research Analysts,CA,541511,Y,1,89128.0,98000.0,False
462026,Senior Model Architect [00066993],15-2041.00,Statisticians,VA,511210,Y,1,102419.0,168000.0,True
626267,SOFTWARE DEVELOPMENT ENGINEER II,15-1252.00,Software Developers,NY,454110,Y,1,115918.0,155000.0,False
593673,"Senior Product Manager - Al Platform, Monetization",15-1299.09,Information Technology Project Managers,CA,54151,Y,1,210704.0,190000.0,True
697568,Algorithm Engineer,15-2041.00,Statisticians,CA,541990,Y,1,143770.0,158000.0,True
358697,Senior Machine Learning and Generative AI Engineer,41-9031.00,Sales Engineers,NY,518210,Y,1,167066.0,185000.0,True
595848,Research Engineer - Autonomous Systems,17-2199.08,Robotics Engineers,NY,541715,Y,1,96013.0,132000.0,True
530940,Machine Learning Engineer II,15-2041.00,Statisticians,MA,453910,Y,1,94723.0,142000.0,True
64903,Applications Consultant 2,15-1252.00,Software Developers,IL,541512,Y,1,102690.0,118000.0,False
340409,AI/ML Engineer,15-1299.05,Information Security Engineers,VA,541512,Y,1,103938.0,142000.0,True
110315,Senior Machine Learning Engineer,15-1252.00,Software Developers,TX,334220,Y,1,96866.0,182000.0,True
618882,Senior Vision Application Engineer,17-2072.00,"Electronics Engineers, Except Computer",CA,54169,Y,1,118230.0,178000.0,True
540733,"Associate, AI Research Assoc Sr",15-1221.00,Computer and Information Research Scientists,NY,551112,Y,1,128294.0,172000.0,True
874716,Elementary School Teacher,25-2021.00,"Elementary School Teachers, Except Special Education",SC,611110,Y,1,48173.0,47000.0,False
176598,Lead Data Analyst,15-2051.00,Data Scientists,MN,4599,Y,1,96283.0,118000.0,False
150891,Data Scientist,15-2051.00,Data Scientists,NY,488510,Y,1,80850.0,142000.0,False
820601,Director of Analytics,15-2051.00,Data Scientists,MA,326160,Y,1,148762.0,192000.0,False
79770,DATA SCIENTIST,15-2051.00,Data Scientists,NJ,56149,Y,1,80850.0,132000.0,False
11392,"Senior Product Manager, ML Products",13-1082.00,Project Management Specialists,NY,541511,Y,1,157768.0,190000.0,True
404128,Senior Director of Hospital Contracting ,17-2031.00,Bioengineers and Biomedical Engineers,NY,3391,Y,1,135990.0,192000.0,False
819127,Statisticians - KBGFJG72426-11,15-2041.00,Statisticians,WA,541211,Y,1,119891.0,118000.0,False
64461,Sr Software Engineer,15-1252.00,Software Developers,CO,515210,Y,1,130520.0,145000.0,False
494005,Algorithm Engineer II,15-1251.00,Computer Programmers,CA,334413,Y,1,123781.0,148000.0,True
134094,"Vice President, Research Analyst",13-2099.01,Financial Quantitative Analysts,NY,551112,Y,1,141523.0,210000.0,False
783261,Machine Learning Manager,11-3021.00,Computer and Information Systems Managers,CA,334111,Y,1,216590.0,230000.0,True
812303,"Director, Responsible AI - KBGFJG295432-2",15-1299.09,Information Technology Project Managers,MI,524210,Y,1,122221.0,185000.0,True
765014,Research Scientist,15-1221.00,Computer and Information Research Scientists,MD,51929,Y,1,147243.0,142000.0,False
831712,Sr Engr Cslt-AI/ML Engineering,15-1299.08,Computer Systems Engineers/Architects,TX,51781,Y,1,136136.0,142000.0,True
103746,Senior IT Administrator,15-1242.00,Database Administrators,CA,522110,Y,1,129854.0,118000.0,False
41105,Software Development Engineer,15-1252.00,Software Developers,CA,334111,Y,1,204600.0,170000.0,False
529547,Robotics Engineer,17-2199.08,Robotics Engineers,OH,541715,Y,1,116334.0,112000.0,False
283036,"Senior Manager, Data Science",15-2041.00,Statisticians,NY,5241,Y,1,104603.0,190000.0,False
190905,Customer Success Account Manager,15-2051.00,Data Scientists,TX,513210,Y,1,63066.0,118000.0,False
601749,Lead Artificial Intelligence Analyst,15-2031.00,Operations Research Analysts,MO,541511,Y,1,102814.0,138000.0,True
132748,Senior Director - Data Analytics and AI Solutions,15-2051.00,Data Scientists,NJ,5619,Y,1,163238.0,210000.0,True
524065,"Sr. Lead, Product Data Science",15-2051.01,Business Intelligence Analysts,NY,531120,Y,1,108306.0,190000.0,True
874953,AI Machine Learning Scientist,15-2041.00,Statisticians,IN,524114,Y,1,120619.0,132000.0,True
207245,"Manager, Data Science - Experimentation",15-2031.00,Operations Research Analysts,AR,721110,Y,1,87859.0,138000.0,True
547300,Product Marketing Manager (118.2998.5),11-2021.00,Marketing Managers,CA,541512,Y,1,148082.0,142000.0,False
191324,Sr. Vice President - AI & Analytics,15-2051.00,Data Scientists,NJ,5619,Y,1,163238.0,310000.0,True
116050,Machine Learning Engineer,15-1243.01,Data Warehousing Specialists,MA,519290,Y,1,169104.0,142000.0,True
145087,Data Analyst,15-2051.00,Data Scientists,GA,611310,Y,1,52520.0,78000.0,False
838030,Software Engineer Manager,11-3021.00,Computer and Information Systems Managers,NY,541512,Y,1,219440.0,190000.0,False
482235,Senior Consultant,15-1299.08,Computer Systems Engineers/Architects,NY,54161,Y,3,103730.0,145000.0,False
797330,Senior Manager IT Audit,15-1221.00,Computer and Information Research Scientists,VA,541511,Y,1,156603.0,158000.0,False
442037,Technical Lead - Product Development,15-1299.08,Computer Systems Engineers/Architects,WA,541511,Y,1,86653.0,158000.0,False
495448,Algorithm Engineer,15-1221.00,Computer and Information Research Scientists,MI,33331,Y,10,91707.0,142000.0,True
303734,Head of Operations,11-1021.00,General and Operations Managers,CA,541511,Y,1,78354.0,185000.0,False
432773,Senior Machine Learning Engineer,15-2051.00,Data Scientists,IN,516210,Y,1,81702.0,152000.0,True
839685,AI Engineer,15-2051.00,Data Scientists,TN,336120,Y,1,62275.0,132000.0,True
515150,Data Analyst I - CAI,15-2051.00,Data Scientists,GA,611710,Y,1,69285.0,98000.0,True
348966,"Solution Architect, FICO",15-1252.00,Software Developers,OH,541512,Y,1,126942.0,132000.0,False
79234,Project Director (AI Governance),13-1082.00,Project Management Specialists,CA,541715,Y,1,104707.0,182000.0,True
123953,Machine Learning Research Engineer,15-1221.00,Computer and Information Research Scientists,MA,334111,Y,1,169146.0,168000.0,True
371010,Staff Data Scientist,15-2051.00,Data Scientists,CA,455110,Y,1,168154.0,245000.0,False
473260,Software Engineer (4),15-1252.00,Software Developers,CA,513210,Y,1,149136.0,155000.0,False
503691,Cloud Machine Learning Engineer,15-1242.00,Database Administrators,CA,518210,Y,1,92123.0,168000.0,True
346372,Researcher III - Model Engineering,17-2199.03,"Energy Engineers, Except Wind and Solar",CO,5417,Y,1,99029.0,112000.0,True
583107,Senior Vice President; Consumer Behavior Modeler IV,15-2031.00,Operations Research Analysts,NC,522110,Y,1,79435.0,185000.0,True
194226,"Principal Scientist, Chemoinformatics & Machine Learning",19-2031.00,Chemists,MA,541714,Y,1,137030.0,185000.0,True
690786,Data Scientist Generative AI,15-2051.00,Data Scientists,MO,541714,Y,1,104312.0,142000.0,True
423147,Senior Associate JC60 -Computer Systems Engineers/Architects,15-1299.08,Computer Systems Engineers/Architects,NC,541512,Y,1,81266.0,118000.0,False
548988,Senior Machine Learning Engineer,15-2051.00,Data Scientists,WA,334413,Y,1,142501.0,192000.0,True
310595,Staff Software Engineer,15-1299.00,"Computer Occupations, All Other",CA,33311,Y,1,148450.0,245000.0,False
431148,"Manager, Quality Assurance Engineering",11-3021.00,Computer and Information Systems Managers,TX,423110,Y,1,161096.0,142000.0,False
609974,Applications Consultant 2,15-1252.00,Software Developers,FL,541512,Y,1,92227.0,98000.0,False
73803,"Lead, ML Engineer",15-2051.00,Data Scientists,GA,45411,Y,1,131061.0,168000.0,True
131282,Manager - Digital Network & Security,15-1241.00,Computer Network Architects,TN,541519,Y,1,99674.0,132000.0,False
606426,Researcher II - Electrical Engineering,17-2074.00,"Electrical Engineers, R&D",CO,5417,Y,1,59322.0,104000.0,False
613654,Senior AI Researcher,15-1252.00,Software Developers,TX,5239,Y,1,139464.0,210000.0,True
751085,"Lead Engineer, Enterprise BI & AI/ML Engineering",15-1243.00,Database Architects,TX,515210,Y,1,129900.0,158000.0,True
105829,"Data Engineer, Senior",15-2051.00,Data Scientists,MA,511210,Y,1,97968.0,155000.0,False
88835,Senior Data Scientist,15-2051.00,Data Scientists,MN,44314,Y,1,129147.0,145000.0,False
512892,"Director, Product Management (AI)",11-3021.00,Computer and Information Systems Managers,NY,541511,Y,1,223018.0,260000.0,True
787885,"Analyst, Risk Governance",13-2054.00,Financial Risk Specialists,TX,523150,Y,1,58947.0,98000.0,False
458368,"Applied Artificial Intelligence, Senior Consultant",13-1111.00,Management Analysts,IL,541511,Y,1,94765.0,132000.0,True
866106,"Director, Software Quality",11-3021.00,Computer and Information Systems Managers,MI,722513,Y,1,164882.0,165000.0,False
281483,Staff Data Scientist,15-2051.00,Data Scientists,CA,455110,Y,1,168154.0,245000.0,False
637131,"Principal Scientist, Chemoinformatics & Machine Learning",19-2031.00,Chemists,MA,541714,Y,1,137030.0,175000.0,True
146649,ML DATA ASSOCIATE,15-1242.00,Database Administrators,WA,454110,Y,1,68286.0,78000.0,True
303986,"Associate, Applied AI and ML",15-1252.00,Software Developers,TX,551112,Y,1,120328.0,132000.0,True
417572,Senior Associate JC60 -Computer Systems Engineers/Architects,15-1299.08,Computer Systems Engineers/Architects,CO,541512,Y,1,105019.0,118000.0,False
365462,Senior Performance Marketing Analytics Manager,15-2051.00,Data Scientists,MA,326160,Y,1,144040.0,148000.0,False
716730,"Machine Learning Engineer, E-Commerce Risk Control",15-2051.00,Data Scientists,CA,54151,N,1,170186.0,145000.0,True
428191,Senior Associate JC60 -Computer Systems Engineers/Architects,15-1299.08,Computer Systems Engineers/Architects,MA,541512,Y,1,75546.0,118000.0,False
274826,Product Marketing Manager - Lark,11-2021.00,Marketing Managers,CA,54151,Y,1,139131.0,152000.0,True
226556,"Senior Product Manager, Experimentation and AI",13-1082.00,Project Management Specialists,MA,511210,Y,1,107952.0,185000.0,True
373630,Data Analyst Advisor,15-2051.00,Data Scientists,TN,492110,Y,1,103667.0,104000.0,False
48765,Vice President,15-1299.09,Information Technology Project Managers,NY,523110,Y,1,128960.0,210000.0,False
549368,"Engineer II, Machine Learning",17-2072.00,"Electronics Engineers, Except Computer",TX,425110,Y,1,103813.0,132000.0,True
404313,Analyst - Testing,15-1253.00,Software Quality Assurance Analysts and Testers,DE,541511,Y,1,80475.0,92000.0,False
345159,Senior Software Developer,15-1252.00,Software Developers,NY,531210,Y,1,142563.0,148000.0,False
417152,Model Risk Program Associate,13-2099.01,Financial Quantitative Analysts,NJ,551112,Y,1,115086.0,132000.0,True
834791,Sr Engr Cslt-Cloud,15-1243.00,Database Architects,TX,51781,Y,1,102440.0,132000.0,False
315413,DATA SCIENTIST,15-2051.00,Data Scientists,NJ,56149,Y,1,80850.0,132000.0,False
2749,Systems Design/Architecture Engineer,15-2051.00,Data Scientists,CA,541512,Y,1,170186.0,158000.0,False
104851,Systems Applications Manager,11-9041.00,Architectural and Engineering Managers,TX,33441,Y,1,166005.0,157000.0,False
335376,Decision Intelligence Developer,15-2051.01,Business Intelligence Analysts,MA,541611,Y,1,97968.0,118000.0,True
405698,AI Engineer,15-1252.00,Software Developers,FL,5239,Y,1,114213.0,152000.0,True
519938,Data Scientist - Computer Vision,15-2051.00,Data Scientists,TX,621511,Y,1,107869.0,132000.0,True
334777,Senior Machine Vision Engineer,15-1221.00,Computer and Information Research Scientists,CT,33399,Y,1,111509.0,151000.0,True
869272,"Associate Architect, Data and Applications Services",15-1299.08,Computer Systems Engineers/Architects,IL,3254,Y,1,88150.0,124000.0,False
155638,Machine Learning Scientist II,15-1221.00,Computer and Information Research Scientists,MA,45411,Y,1,138965.0,163000.0,True
23604,Manufacturing Engineer,17-2112.03,Manufacturing Engineers,TN,541330,Y,1,75130.0,86000.0,False
742235,Digital Dev Engineer III,15-1252.00,Software Developers,TX,446110,Y,1,120328.0,128000.0,False
603540,Machine Learning Engineer,15-2051.00,Data Scientists,NY,541511,Y,1,108306.0,165000.0,True
361745,Research Scientist,15-1221.00,Computer and Information Research Scientists,CA,5239,Y,1,148429.0,157000.0,False
117590,"Associate Manager, Data Science",15-2051.00,Data Scientists,TX,722513,Y,1,107869.0,132000.0,True
404450,Senior Integration Engineer,17-2141.02,Automotive Engineers,CA,54171,Y,1,140525.0,158000.0,False
536843,Data Engineer,15-2051.00,Data Scientists,NC,541613,Y,1,72800.0,118000.0,False
787667,"Director II of ML Engineering, Growth Marketing",11-3021.00,Computer and Information Systems Managers,CA,455219,Y,1,294299.0,290000.0,True
119827,Technical Support Engineer,15-1299.08,Computer Systems Engineers/Architects,TX,513210,Y,1,70075.0,92000.0,False
534747,Autonomous Driving Algorithm Developer,17-2071.00,Electrical Engineers,MI,336320,Y,1,90355.0,118000.0,True
789574,Senior AI RAQA Specialist,11-9199.01,Regulatory Affairs Managers,MN,611310,Y,1,110219.0,142000.0,True
882053,Electronics Engineer,17-2072.00,"Electronics Engineers, Except Computer",CA,541330,Y,1,126984.0,138000.0,False
358651,Lead Test Engineer,15-1253.00,Software Quality Assurance Analysts and Testers,CO,516210,Y,1,128398.0,124000.0,False
487800,"Vice President, Applied AI ML Lead",15-2051.00,Data Scientists,TX,551112,Y,1,130270.0,210000.0,True
182241,Autonomy Engineer,17-2199.05,Mechatronics Engineers,IL,333120,Y,1,84864.0,112000.0,True
602325,Postdoc Research Associate - Quantum Computational Science,15-1221.00,Computer and Information Research Scientists,TN,54171,Y,1,76856.0,83000.0,False
730200,Software Engineer,15-1252.00,Software Developers,GA,513210,Y,1,102877.0,125000.0,False
602238,Project Engineer – BEV Electrical Integration and Power Dist,17-2141.02,Automotive Engineers,WA,333924,Y,1,95368.0,112000.0,False
203671,Chief Artificial Intelligence Officer,11-1011.00,Chief Executives,CA,511210,Y,1,239200.0,410000.0,True
519251,"Senior Engineer, AI",15-2051.00,Data Scientists,NY,541519,Y,1,108306.0,195000.0,True
859526,Architect,15-1299.08,Computer Systems Engineers/Architects,AZ,541511,Y,1,80038.0,118000.0,False
568838,OBSERVABILITY & AI LEAD,15-1211.00,Computer Systems Analysts,NJ,541512,Y,1,125715.0,158000.0,True
46161,Senior Data Engineer,15-1243.00,Database Architects,WA,541511,Y,1,164091.0,168000.0,False
856749,"Manager, Project Management",11-9041.00,Architectural and Engineering Managers,TX,333922,Y,1,118872.0,148000.0,False
445714,Staff Machine Learning Software Engineer,15-1253.00,Software Quality Assurance Analysts and Testers,DC,518210,Y,1,73570.0,210000.0,True
581992,Mgr-Data Application Architect,15-1299.08,Computer Systems Engineers/Architects,IL,722513,Y,1,118186.0,138000.0,False
650086,Manager-Analytics & Modeling,13-2051.00,Financial and Investment Analysts,NY,56145,Y,1,143125.0,145000.0,True
87361,Software Engineer – AI Machine Learning,15-1252.00,Software Developers,SC,55111,Y,1,93413.0,132000.0,True
812646,Data Architect,15-1243.00,Database Architects,MA,32541,Y,1,131685.0,145000.0,False
382583,SA JC60 - Software Quality Assurance Analysts and Testers,15-1253.00,Software Quality Assurance Analysts and Testers,TX,541512,Y,1,81328.0,92000.0,False
797706,Senior AI Engineer,15-1252.00,Software Developers,NC,444110,Y,1,134347.0,185000.0,True
837332,Machine Learning Scientist Senior I,15-2051.00,Data Scientists,WA,524114,Y,1,183581.0,168000.0,True
514983,ADAS Algorithm Engineer,15-1252.00,Software Developers,MI,541511,Y,1,91021.0,118000.0,True
580003,Sr Data Scientist - Recommendations,15-2051.00,Data Scientists,MN,4599,Y,1,112715.0,148000.0,True
227215,Software Development Engineer II,15-1252.00,Software Developers,NY,45411,Y,1,115918.0,155000.0,False
217880,Product Manager Technical III -External Services,15-2031.00,Operations Research Analysts,NY,518210,Y,1,109845.0,148000.0,False
538052,Algorithm Engineer,15-1299.08,Computer Systems Engineers/Architects,CA,33331,Y,1,170914.0,152000.0,True
127026,Machine Learning Engineer,15-1252.00,Software Developers,WA,722310,Y,1,101608.0,158000.0,True
486147,Sr. Business Systems Analyst – SAP Success Factors ,15-1211.00,Computer Systems Analysts,FL,423450,Y,1,129480.0,112000.0,False
803585,"Associate Principal Generative AI , Trust and Safety",15-1212.00,Information Security Analysts,TX,541512,Y,1,116834.0,195000.0,True
271787,SENIOR ENGINEER - MODEL BASED CONTROLS,17-2071.00,Electrical Engineers,NY,333611,Y,1,131165.0,138000.0,True
299812,Q&A ENGINEER,15-1253.00,Software Quality Assurance Analysts and Testers,TX,541511,Y,1,81328.0,98000.0,True
363439,Director of Machine Learning,11-9041.00,Architectural and Engineering Managers,CO,541511,Y,1,163072.0,230000.0,True
485598,Applied Scientist ,15-1221.00,Computer and Information Research Scientists,VA,541511,Y,1,123510.0,152000.0,False
338711,AIMLSPR6-AI/ML Scientist,17-2031.00,Bioengineers and Biomedical Engineers,NJ,33911,Y,1,130146.0,142000.0,True
613120,Software Developer,15-1252.00,Software Developers,OR,541512,Y,1,101670.0,118000.0,False
656579,IT ANALYST III,15-1252.00,Software Developers,CO,311611,Y,1,99133.0,98000.0,False
408521,Machine Learning Engineer II,15-1299.08,Computer Systems Engineers/Architects,TX,524114,Y,1,66373.0,138000.0,True
721126,Software Developer,15-1252.00,Software Developers,OH,541511,Y,1,90813.0,98000.0,False
751690,Data Scientist II,15-2051.00,Data Scientists,NY,45411,Y,1,108306.0,142000.0,False
564255,"Senior Manager, Machine Learning Engineer",15-1252.00,Software Developers,IL,522210,Y,1,144560.0,195000.0,True
458227,"Group Product Manager, GenAI",11-9041.00,Architectural and Engineering Managers,WA,5419,Y,1,193773.0,265000.0,True
367103,CLINICAL DATA ANALYST,15-2051.02,Clinical Data Managers,NJ,541511,Y,1,110344.0,92000.0,False
279865,"Sr. Specialist, IT SAP OTC",15-1252.00,Software Developers,NJ,325412,Y,1,142563.0,142000.0,False
293765,S4 Hana Full Stack Development Lead,15-1252.00,Software Developers,NJ,3256,Y,1,142563.0,142000.0,False
840568,ALGORITHM ENGINEER,15-2051.00,Data Scientists,CA,3254,Y,1,158642.0,152000.0,True
14038,AI Engineering Manager,15-1252.00,Software Developers,NY,5416,Y,1,169229.0,230000.0,True
178894,Data Scientist,15-2051.00,Data Scientists,WA,51929,Y,1,174117.0,142000.0,False
139314,BUSINESS INTELLIGENCE ANALYST,15-2051.00,Data Scientists,NJ,561320,Y,1,80850.0,112000.0,False
287335,"SVP, Global Analytics & AI Solutions",15-2031.00,Operations Research Analysts,IL,5191,Y,1,115856.0,230000.0,True
386589,Sr Applied Scientist,15-2031.00,Operations Research Analysts,NY,541511,Y,1,132475.0,172000.0,True
169049,"Vice President, Artificial Intelligence Research",15-1221.00,Computer and Information Research Scientists,NJ,513210,Y,1,155958.0,230000.0,True
445784,"Associate, Strategic Analytics",15-2051.01,Business Intelligence Analysts,DE,551112,Y,1,89752.0,98000.0,False
695501,"Senior Manager, Algorithm SW/HW Integration",15-1252.00,Software Developers,MI,541715,Y,1,107411.0,158000.0,True
433779,"Associate Consultant, Data Science",15-2051.00,Data Scientists,MD,541330,Y,1,74027.0,104000.0,True
814283,AI Product Manager,15-1299.09,Information Technology Project Managers,PA,541519,Y,1,80122.0,132000.0,True
165994,"Vice President, GenAI Technical Architecture",15-1299.08,Computer Systems Engineers/Architects,NC,5241,Y,1,127774.0,210000.0,True
488793,"Senior Software Engineer I, Machine Learning",15-1252.00,Software Developers,CA,454110,Y,1,147368.0,230000.0,True
438483,Computer Systems Application Engineer,15-1299.08,Computer Systems Engineers/Architects,NJ,541512,Y,1,78478.0,112000.0,False
655104,Sr Software Test Engineer,15-1253.00,Software Quality Assurance Analysts and Testers,CA,33911,Y,1,90979.0,132000.0,False
622100,Computational Scientist in Machine Learning,15-1221.00,Computer and Information Research Scientists,TN,54171,Y,1,76856.0,132000.0,True
5976,Quantitative Data Analyst,15-2051.01,Business Intelligence Analysts,NJ,523940,Y,1,80850.0,132000.0,False
197058,"Software Engineer, Machine Learning",15-2041.00,Statisticians,NY,518210,Y,1,104603.0,168000.0,True
388988,Senior Full Stack Engineer – Data Engineering,15-1299.08,Computer Systems Engineers/Architects,NC,524210,Y,1,97406.0,148000.0,False
835133,Algorithms Research Specialist,15-2031.00,Operations Research Analysts,NJ,541519,Y,1,91270.0,124000.0,True
569862,"Software Engineer III, Machine Learning",15-1252.00,Software Developers,NV,516210,Y,1,121202.0,158000.0,True
196335,Data Engineer II,15-1243.00,Database Architects,TX,518210,Y,10,120890.0,118000.0,False
849113,Senior Staff Software Engineer,15-1252.00,Software Developers,WA,54151,Y,1,190486.0,230000.0,False
868033,"Director, CustomerCare Tech U.S.",15-1252.00,Software Developers,NY,561510,Y,1,179982.0,210000.0,False
288600,Machine Learning and Analytics Engineer,17-2199.05,Mechatronics Engineers,FL,541511,Y,1,53144.0,118000.0,True
229375,Principal Statistical Programmer ,15-2041.00,Statisticians,NJ,511210,Y,1,136219.0,148000.0,False
82119,Senior Machine Learning Engineer,15-1252.00,Software Developers,CA,45411,Y,1,147368.0,210000.0,True
231229,Group Manager Product Management,13-1082.00,Project Management Specialists,CA,541512,Y,1,229258.0,210000.0,False
173596,Data AI Engineer,15-1252.00,Software Developers,IL,541618,Y,1,123614.0,124000.0,True
379386,Software Development Engineer - Data,15-2041.00,Statisticians,CA,334111,Y,1,183206.0,168000.0,False
798138,"Senior Engineer, Research; ML Algorithm Development",15-2031.00,Operations Research Analysts,MA,423690,Y,1,81224.0,158000.0,True
389819,Sr Policy Applied Scientist,15-2051.01,Business Intelligence Analysts,NY,541511,Y,1,163238.0,168000.0,True
353962,"Data Scientist, Computational Biology & Machine Learning",15-2051.00,Data Scientists,MA,32541,Y,1,74922.0,142000.0,True
844607,Senior Technical Program Manager,15-1299.09,Information Technology Project Managers,NY,522210,Y,1,90002.0,175000.0,False
715563,Senior Manager Data Science,15-2031.00,Operations Research Analysts,IL,522210,Y,1,115856.0,165000.0,True
657001,Operations Research Analysts - KBGFJG266790-1,15-2031.00,Operations Research Analysts,MA,541211,Y,1,88774.0,118000.0,False
478663,"Software Engineer III, Machine Learning",15-1252.00,Software Developers,CO,516210,Y,1,169374.0,158000.0,True
60342,"Data Engineer, Translational Data Science",15-1243.00,Database Architects,MA,541714,Y,1,123365.0,142000.0,True
399182,Software Development Engineer II,15-1299.08,Computer Systems Engineers/Architects,CA,45411,Y,1,131144.0,176000.0,False
366717,Senior Research Scientist,15-1221.00,Computer and Information Research Scientists,PA,3363,Y,1,205130.0,142000.0,False
195600,Model Labelling Project Specialist (Safety) - Trust & Safety,15-1299.09,Information Technology Project Managers,TX,54151,Y,1,66373.0,118000.0,True
518060,Development Engineer E4,15-1252.00,Software Developers,PA,334510,Y,1,116272.0,118000.0,False
285948,"Sr Mgr, Data Science",15-2041.00,Statisticians,NY,524114,Y,1,167814.0,185000.0,True
106534,AI Data Engineer,15-2051.00,Data Scientists,CO,541990,Y,1,70574.0,142000.0,True
735211,"Director, AI/ML Transformation",15-1299.09,Information Technology Project Managers,NY,524113,Y,1,128960.0,260000.0,True
20937,Research Scientist,15-1221.00,Computer and Information Research Scientists,TX,3344,Y,1,107702.0,142000.0,False
852946,Business Intelligence Analyst,15-2051.01,Business Intelligence Analysts,OH,611310,Y,1,71323.0,72000.0,False
171606,Software Developer,15-1252.00,Software Developers,OH,541511,Y,1,96574.0,98000.0,False
102644,Sr Associate Data Scientist  20516.4352.4,15-2051.00,Data Scientists,FL,54171,Y,1,79082.0,122000.0,True
888550,"Director, Marketing Data Science",11-2021.00,Marketing Managers,CA,518210,Y,1,252699.0,230000.0,True
545680,"Senior Analyst, Model Development",15-1242.00,Database Administrators,CA,522110,Y,1,100589.0,148000.0,True
261229,Principal Engineer (Autonomy - Perception & Prediction),17-2199.08,Robotics Engineers,PA,5415,Y,1,84365.0,192000.0,True
799733,ETS Eng IV-Data Eng(AI/ML/NLP),15-1252.00,Software Developers,VA,522130,Y,1,148221.0,150000.0,True
505668,Software Development Engineer in Test - Intelligent Creation,15-1253.00,Software Quality Assurance Analysts and Testers,CA,51321,Y,1,98509.0,142000.0,True
297760,"Associate, Applied AI ML Associate Sr",15-2051.00,Data Scientists,NY,551112,Y,1,163238.0,145000.0,True
308675,"Lead Engineer, Enterprise BI & AI/ML Engineering",15-1243.00,Database Architects,TX,515210,Y,1,129900.0,148000.0,True
607541,Sr. Associate Scientist – Clinical Data Science,19-1029.01,Bioinformatics Scientists,NJ,541714,Y,1,94203.0,118000.0,True
346283,AI Dashboard Administrator,15-1299.01,Web Administrators,TX,541512,Y,1,41725.0,112000.0,True
378429,Software Development Engineer II,15-1299.08,Computer Systems Engineers/Architects,CA,518210,Y,10,131144.0,165000.0,False
728434,EMarkets VP,15-2051.01,Business Intelligence Analysts,NY,551112,Y,1,163238.0,185000.0,False
845372,Advanced Computer Scientist,15-1221.00,Computer and Information Research Scientists,NJ,5417,Y,1,111654.0,158000.0,False
721480,"Associate, Process Improvement",15-2031.00,Operations Research Analysts,TX,551112,Y,1,116501.0,98000.0,False
164528,Sr. Associate Scientist – Clinical Data Science,19-1029.01,Bioinformatics Scientists,NJ,541714,Y,1,94203.0,118000.0,True
852122,Product Data Scientist,15-2051.00,Data Scientists,WA,541511,Y,1,183581.0,152000.0,False
783317,Applied Sciences,15-1221.00,Computer and Information Research Scientists,MA,513210,Y,1,157581.0,164000.0,False
203141,"Sr. Software Engineer, Machine Learning",15-2041.00,Statisticians,NY,518210,Y,1,136219.0,192000.0,True
611319,Software Engineering Manager,15-1299.00,"Computer Occupations, All Other",CA,519290,Y,1,181813.0,230000.0,False
306771,AI Engineer,15-1299.08,Computer Systems Engineers/Architects,MD,334413,Y,1,100984.0,142000.0,True
512593,Machine Learning Engineer II,15-1252.00,Software Developers,CO,511210,Y,1,108992.0,138000.0,True
213811,Machine Learning Application Engineer,15-2051.00,Data Scientists,MI,541611,Y,1,111987.0,118000.0,True
823771,Principal Product Manager AI,11-3021.00,Computer and Information Systems Managers,MA,524298,Y,1,194626.0,210000.0,True
619352,Data Scientist,15-2041.00,Statisticians,CA,3344,Y,1,163488.0,142000.0,False
414688,Research Analyst,19-1029.01,Bioinformatics Scientists,NY,5416,Y,1,94203.0,104000.0,False
536943,Postdoctoral Fellow,25-9031.00,Instructional Coordinators,PA,611310,Y,1,45635.0,58000.0,False
536891,Mgr-Machine Learning Platform Engineer,15-1299.08,Computer Systems Engineers/Architects,IL,722513,Y,1,78354.0,165000.0,True
394390,Software Development Engineer II,15-1299.08,Computer Systems Engineers/Architects,CA,45411,Y,1,131144.0,172000.0,False
468073,Design Instructor- AI Expert,25-2031.00,"Secondary School Teachers, Except Special and Career/Technical Education",MA,611110,Y,1,70447.0,72000.0,True
337134,Software Developer,15-1252.00,Software Developers,VA,541511,Y,1,88442.0,118000.0,False
50814,Senior Machine Learning Engineer,15-2051.01,Business Intelligence Analysts,CA,541511,Y,1,151736.0,185000.0,True
572568,Platform Engineer,15-1299.08,Computer Systems Engineers/Architects,GA,33611,Y,1,75130.0,123000.0,False
186615,"Analytics Innovation Product Owner, Generative AI",15-1252.00,Software Developers,NJ,5241,Y,1,115918.0,172000.0,True
530133,"Senior Associate, Investments",15-2051.01,Business Intelligence Analysts,NY,32541,Y,1,108306.0,138000.0,False
346774,Logistics Analyst - Senior,15-2051.00,Data Scientists,TN,3336,Y,1,79914.0,98000.0,False
786085,Full-stack Software Engineer,15-1252.00,Software Developers,DC,611710,Y,1,122699.0,132000.0,False
332655,Sr Manufacturing Engineer - AIDC,17-2112.03,Manufacturing Engineers,CA,33911,Y,1,143874.0,148000.0,True
359866,Teacher,25-2031.00,"Secondary School Teachers, Except Special and Career/Technical Education",MA,611110,Y,1,70447.0,62000.0,False
771880,Business Intelligence Engineer II,15-1211.00,Computer Systems Analysts,MA,45411,Y,1,99112.0,118000.0,False
670369,Software QE Engineer Manager,11-3021.00,Computer and Information Systems Managers,CA,334111,Y,1,166000.0,192000.0,False
346256,Human-Centered Design - Specialist,15-2051.00,Data Scientists,IN,3336,Y,1,65270.0,104000.0,False
773950,Senior Cloud & AI Developer/Engineer,15-1299.08,Computer Systems Engineers/Architects,NJ,325411,Y,1,125653.0,158000.0,True
142304,AI and Trading Analytics Researcher [00064322],13-2099.01,Financial Quantitative Analysts,MA,522110,Y,1,82430.0,185000.0,True
386379,ML Scientist,19-1029.01,Bioinformatics Scientists,CA,54171,Y,1,127150.0,158000.0,True
375729,MACHINE LEARNING ENGINEER,15-2051.00,Data Scientists,OH,541511,Y,1,73320.0,132000.0,True
150169,Associate,15-1299.05,Information Security Engineers,WA,541611,Y,1,58926.0,132000.0,False
471870,Software Engineer,15-1299.08,Computer Systems Engineers/Architects,CA,334220,Y,1,91354.0,152000.0,False
514254,"Associate, AI Research",15-1221.00,Computer and Information Research Scientists,NY,551112,Y,1,155958.0,165000.0,True
433976,Artificial Intelligence (AI)/Machine Learning (ML) Computer,15-1252.00,Software Developers,MD,541330,Y,1,114026.0,142000.0,True
846288,DLI Teacher,25-2021.00,"Elementary School Teachers, Except Special Education",CA,611110,Y,1,93595.89,65000.0,True
64494,"Principal Engineer, Enterprise BI & AI/ML Engineering",15-2041.00,Statisticians,PA,516210,Y,1,118643.0,168000.0,True
481871,Postdoctoral Researcher,15-1221.00,Computer and Information Research Scientists,NY,519290,Y,1,128294.0,92000.0,False
843717,Machine Learning Engineer,17-2199.05,Mechatronics Engineers,CA,519290,Y,1,168480.0,168000.0,True
879104,"Snr Vice President, Technology Audit",15-1299.09,Information Technology Project Managers,NY,523150,Y,1,128960.0,310000.0,False
10989,Staff Cloud Systems Engineer,15-1252.00,Software Developers,WA,33911,Y,1,155418.0,185000.0,False
23947,"Compliance Program Manager, Sr Staff",15-1243.01,Data Warehousing Specialists,MA,513210,Y,1,146224.0,158000.0,False
815143,Senior Business Process Analyst,15-2031.00,Operations Research Analysts,CA,32541,Y,1,141523.0,138000.0,False
200763,Sr Mgr Engineering,11-3021.00,Computer and Information Systems Managers,WA,455110,Y,1,202705.0,192000.0,False
377499,Machine Learning Engineer,17-2199.05,Mechatronics Engineers,CA,519290,Y,1,139235.0,182000.0,True
796950,Data Scientist,15-2051.00,Data Scientists,CA,541511,Y,1,156811.0,142000.0,False
59927,"Director, AI/ML Transformation",15-1299.09,Information Technology Project Managers,NY,524113,Y,1,128960.0,260000.0,True
471753,Feature Algorithm Engineer,17-2072.00,"Electronics Engineers, Except Computer",MA,54133,Y,1,120557.0,132000.0,True
303114,Data Scientist II,15-1221.00,Computer and Information Research Scientists,TX,213112,Y,1,116917.0,132000.0,False
548933,Research Engineer,15-1221.00,Computer and Information Research Scientists,CA,541512,Y,1,159644.0,152000.0,False
467111,Lead Autonomy Engineer,17-2199.08,Robotics Engineers,MI,33611,Y,1,115003.0,157000.0,True
657784,"MTS 1, Machine Learning Engineer",15-2041.00,Statisticians,CA,522320,Y,1,163488.0,172000.0,True
405696,Computer Vision Software Engineer,15-1252.00,Software Developers,IN,333924,Y,1,77646.0,118000.0,True
233795,Data Scientist and Machine Learning Engineer,15-2051.00,Data Scientists,GA,541511,Y,1,89877.0,132000.0,True
136024,TECHNICAL ACCOUNT MANAGER,11-9041.00,Architectural and Engineering Managers,WA,541380,Y,1,135595.0,158000.0,False
336635,Lead Machine Learning Engineer,15-1221.00,Computer and Information Research Scientists,NY,513210,Y,1,128294.0,230000.0,True
434685,AI Engineer,15-1252.00,Software Developers,VA,541511,Y,1,114026.0,150000.0,True
641841,Software Development Engineer,15-2051.00,Data Scientists,WA,334111,Y,1,142501.0,158000.0,False
842739,AI LLM Technology Architecture Manager,15-1299.09,Information Technology Project Managers,GA,5416,Y,1,123531.0,168000.0,True
390493,Technical Project Manager - Algorithm Applications,17-2071.00,Electrical Engineers,OH,326211,Y,1,109699.0,112000.0,True
134168,Applied AI Architect,15-1252.00,Software Developers,CO,51321,Y,1,152069.0,185000.0,True
616394,Staff Autopilot Machine Learning Engineer,17-2199.08,Robotics Engineers,CA,336111,Y,1,170539.0,262000.0,True
569889,Senior Engineer - Masktech Systems,15-1252.00,Software Developers,ID,334413,Y,1,80766.0,132000.0,False
124305,Bioinformatics Scientist,19-1029.01,Bioinformatics Scientists,PA,622110,Y,1,75192.0,104000.0,False
520887,Automotive BIW Product Engineer,17-2141.00,Mechanical Engineers,CA,541330,Y,1,91770.0,118000.0,False
546253,Senior IT MES Business Integrator,15-1252.00,Software Developers,IN,3254,Y,1,86050.0,118000.0,False
122990,BUSINESS DEVELOPMENT ANALYST,13-1111.00,Management Analysts,CA,541511,Y,1,97864.0,92000.0,False
325236,Senior Silicon Design Engineer,17-2071.00,Electrical Engineers,CA,513210,Y,1,183456.0,195000.0,False
318078,DATA SCIENTIST II,15-2051.00,Data Scientists,WA,454110,Y,1,110864.0,142000.0,False
424849,Programmer Analyst- IT,15-1253.00,Software Quality Assurance Analysts and Testers,DC,513210,Y,20,135054.0,112000.0,False
479, Director Manager - Analytics & Modeling,17-2051.00,Civil Engineers,CA,541330,Y,1,138590.0,158000.0,True
462578,"Senior Engineer, Invest Tech",15-1221.00,Computer and Information Research Scientists,GA,523920,Y,1,123947.0,168000.0,False
342385,"Mgr, Business Analysis",15-2051.01,Business Intelligence Analysts,TN,524114,Y,1,91666.0,112000.0,False
783603,Machine Learning Engineer,15-1252.00,Software Developers,PA,541330,Y,1,112299.0,138000.0,True
729863,Director Data Science,15-2041.00,Statisticians,CT,524210,Y,1,135200.0,195000.0,True
199846,Consultant - US,15-1299.09,Information Technology Project Managers,TX,541511,Y,5,70075.0,112000.0,False
106919,Research Engineer – AI/Machine Learning,15-1221.00,Computer and Information Research Scientists,MI,33611,Y,1,98342.0,137000.0,True
344284,Senior Project Data Science Engineer,15-1221.00,Computer and Information Research Scientists,TX,3351,Y,1,78978.0,163000.0,True
709207,Research Scientist,15-1221.00,Computer and Information Research Scientists,CA,519290,Y,1,151595.0,182000.0,False
348742,Machine Learning Engineer - Formation Process,15-1299.08,Computer Systems Engineers/Architects,GA,335910,Y,1,56451.0,124000.0,True
547678,Product Manager- Kiosk,15-2051.00,Data Scientists,FL,52232,Y,1,129272.0,124000.0,False
571477,Staff Scientist - Quantum Applications and Solutions,19-2012.00,Physicists,NY,334111,Y,1,136614.0,152000.0,False
776766,"Software Engineer II, Machine Learning",15-2051.00,Data Scientists,MA,516210,Y,1,102856.0,148000.0,True
11908,Machine Learning Engineer,15-1252.00,Software Developers,MA,518210,Y,1,112986.0,152000.0,True
267167,Software Development Engineer,15-1252.00,Software Developers,WA,531390,Y,1,128502.0,150000.0,False
743415,Product Manager,13-1111.00,Management Analysts,WA,513210,Y,1,115211.0,148000.0,False
877672,SPECIALIST - TECHNOLOGY,15-1252.00,Software Developers,NY,541511,Y,1,123656.0,132000.0,False
309218,Principal Machine Learning Eng,15-1252.00,Software Developers,TN,524114,Y,1,129979.0,178000.0,True
6585,AI/ML DEVELOPER,15-2051.00,Data Scientists,NY,541519,Y,1,108306.0,152000.0,True
428417,"Director, Professional Services",11-3021.00,Computer and Information Systems Managers,NY,531210,Y,1,143811.0,210000.0,False
327143,"Senior Engineer, DPS AI/ML Platforms - ST - KBGFJG295269-1",15-1252.00,Software Developers,WA,311920,Y,1,155418.0,176000.0,True
889427,Staff Insights Analyst – Connected Models,15-2031.00,Operations Research Analysts,CA,541511,Y,20,140878.0,168000.0,True
528352,Lead Algorithm Developer (Associate Algorithm Researcher),15-2041.00,Statisticians,NY,54199,Y,1,167814.0,152000.0,True
496347,Software Architect,15-1252.00,Software Developers,FL,511210,Y,1,138486.0,150000.0,False
533692,Data Scientist,15-2051.00,Data Scientists,CA,611310,Y,1,107682.0,142000.0,False
556222,Machine Learning Scientist,15-2031.00,Operations Research Analysts,CA,454110,Y,1,94786.0,157000.0,True
448564,Investor Relations Coordinator,15-2051.01,Business Intelligence Analysts,NY,531210,Y,1,80850.0,84000.0,False
569977,Senior Software Engineer,15-1252.00,Software Developers,CA,54151,Y,1,177916.0,190000.0,False
348591,Senior Applied Scientist,15-1221.00,Computer and Information Research Scientists,WA,519290,Y,1,198141.0,192000.0,True
713148,AI/Data Science Engineer I,15-2051.00,Data Scientists,NJ,334510,Y,1,108306.0,118000.0,True
635085,ELEMENTARY ESL TEACHER/MLP SPECIALIST,25-2021.00,"Elementary School Teachers, Except Special Education",SC,611110,Y,1,49423.0,46000.0,True
700309,NETWORK SUPPORT SPECIALIST,15-1231.00,Computer Network Support Specialists,CA,541511,Y,1,78666.0,83000.0,False
131484,Graduate Machine Learning Engineer,15-1221.00,Computer and Information Research Scientists,MA,33599,Y,10,138965.0,132000.0,True
437086,Director – AI Strategy & Execution,15-2051.01,Business Intelligence Analysts,NY,325412,Y,1,135782.0,265000.0,True
490781,Machine Learning Engineer / Researcher,15-1221.00,Computer and Information Research Scientists,VA,541715,Y,1,99778.0,158000.0,True
732943,Principal Data Scientist,15-2051.00,Data Scientists,MD,54199,Y,1,141440.0,178000.0,False
820866,AI-ML Operations Engineer,15-1252.00,Software Developers,MI,51121,Y,1,132350.0,118000.0,True
280599,.Net Lead Developer,15-1252.00,Software Developers,MN,541511,Y,1,99694.0,118000.0,False
523071,"MANAGER, MACHINE LEARNING - STUDIO INTELLIGENCE",15-1221.00,Computer and Information Research Scientists,NY,515210,Y,1,155958.0,185000.0,True
492902,Software Engineer II,17-2199.08,Robotics Engineers,CA,541512,Y,1,120016.0,158000.0,False
730063,Salesforce Marketing Cloud Technical Lead [CRM],15-1211.00,Computer Systems Analysts,CA,454110,Y,1,138195.0,142000.0,False
39696,"Manager, Software Engineering, Machine Learning",11-3021.00,Computer and Information Systems Managers,CA,518210,Y,1,247518.0,245000.0,True
403782,"Engineering Manager, Machine Learning Platform",11-3021.00,Computer and Information Systems Managers,WA,454110,Y,1,229986.0,210000.0,True
293561,Advanced Manufacturing Engineer - Robotics,17-2199.08,Robotics Engineers,PA,611310,Y,1,72613.0,112000.0,False
850704,"Software Engineer, Machine Learning",15-1299.08,Computer Systems Engineers/Architects,CA,519290,Y,1,201323.0,185000.0,True
884418,Algorithmic Trading Software Developer,15-2041.00,Statisticians,IL,523150,Y,1,107744.0,185000.0,False
515399,Senior Lead Software Engineer,15-1252.00,Software Developers,TX,551112,Y,1,139464.0,168000.0,False
266718,Associate,15-1252.00,Software Developers,NC,523110,Y,1,103272.0,118000.0,False
515072,Full Stack LLM Development Manager,15-1253.00,Software Quality Assurance Analysts and Testers,FL,5416,Y,1,111634.0,168000.0,True
565660,Data Science & AI/Mathematics Instructor/ Adjunct Professor,25-1022.00,"Mathematical Science Teachers, Postsecondary",FL,611110,Y,1,47890.0,65000.0,True
41133,Full Stack Java/AI developer,15-1252.00,Software Developers,MI,541511,Y,1,77958.0,112000.0,True
816246,Postdoc Res Assc-Biomedical Natural Language Processing,15-1221.00,Computer and Information Research Scientists,TN,54171,Y,1,77667.0,72000.0,True
767249,Sr. Pr. IT Project Lead – Global Functions SAP Security,15-1299.09,Information Technology Project Managers,CO,334510,Y,1,162594.0,145000.0,False
679181,Application Manager,15-1252.00,Software Developers,TX,713910,Y,1,139464.0,132000.0,False
340057,Senior Engineer - ML Data (Reporting),15-2051.00,Data Scientists,CO,54151,Y,1,136885.0,158000.0,True
510354,Data Engineer,15-1252.00,Software Developers,VA,524114,Y,1,102939.0,118000.0,False
733009,Director - Data and AI Practice,15-1299.09,Information Technology Project Managers,TX,541511,Y,1,93517.0,195000.0,True
606405,Business Intelligence Senior Developer,15-2051.01,Business Intelligence Analysts,UT,511210,Y,1,90563.0,118000.0,False
436502,IT SPECIALIST,15-1299.00,"Computer Occupations, All Other",NY,541512,Y,1,78478.0,112000.0,False
515895,Machine Learning Engineer ,15-2051.00,Data Scientists,TX,561311,Y,1,134472.0,142000.0,True
451566,"Senior Business and Data Analyst, Data Intelligence",15-2051.01,Business Intelligence Analysts,IL,541512,Y,1,98613.0,112000.0,True
365312,PROJECT ENGINEER,17-2141.00,Mechanical Engineers,CA,221115,Y,1,87818.0,98000.0,False
804180,"Sr. Data Analyst, Enterprise AI & Data Science",15-1243.00,Database Architects,CT,525910,Y,1,134763.0,124000.0,True
860592,Machine Learning Engineer,15-2041.00,Statisticians,WA,541511,Y,1,86653.0,158000.0,True
56309,Sr. Machine Learning Engineer,15-2051.01,Business Intelligence Analysts,CA,518210,Y,1,120037.0,192000.0,True
9367,Product Manager III,15-1299.09,Information Technology Project Managers,TX,45411,Y,10,93517.0,138000.0,False
448547,Machine Learning Engineer II,15-2051.00,Data Scientists,WA,459910,Y,1,110864.0,158000.0,True
629267,Verification Engineer,17-2061.00,Computer Hardware Engineers,MA,334111,Y,25,119766.0,132000.0,False
581445,AI/AppDev Associate Analytics Engineer,15-2051.01,Business Intelligence Analysts,NY,55111,Y,1,80850.0,118000.0,True
671699,Language Engineer I,15-1211.00,Computer Systems Analysts,MA,45411,Y,1,78686.0,112000.0,True
586399,Senior Machine Learning Engineer II,15-2051.00,Data Scientists,CO,334413,Y,1,95098.0,168000.0,True
759052,Backend Developer: Analytics,15-1243.00,Database Architects,MA,54151,Y,1,123365.0,124000.0,False
775427,Head of Finance - GenMark,11-1011.00,Chief Executives,CA,541714,Y,1,125216.0,260000.0,True
695603,Data Science Analyst,15-2051.00,Data Scientists,MN,611310,Y,1,90917.0,92000.0,False
511088,DATA ENGINEER,15-2051.00,Data Scientists,MA,513210,Y,1,74922.0,128000.0,False
145273,Senior Software Engineer,15-1252.00,Software Developers,IA,611710,Y,1,95534.0,138000.0,False
695249,Vehicle Intelligence Platform Architect,15-1299.08,Computer Systems Engineers/Architects,MI,336111,Y,1,115752.0,142000.0,True
594020,Machine Learning Operations (MLOps) Engineer II,15-2051.00,Data Scientists,OH,518210,Y,1,93621.0,132000.0,True
425952,Software Engineer AI/ML,15-1252.00,Software Developers,OR,51121,Y,1,145662.0,142000.0,True
862599,Quantitative Analytics and Model Development Analyst,15-2031.00,Operations Research Analysts,NC,52211,Y,1,99237.0,112000.0,True
614750,"Sr. Engineer, Enterprise BI & AI/ML Engineering",15-1243.00,Database Architects,GA,516210,Y,1,97323.0,138000.0,True
128805,"Product Manager - Bot Development, Brooke.ai",15-1299.09,Information Technology Project Managers,IL,541618,Y,1,78354.0,132000.0,True
317797,"Vice President, Payer Technology & Business Architecture",11-3021.00,Computer and Information Systems Managers,DC,541611,Y,1,212950.0,210000.0,False
157882,Mandarin Language Immersion Teacher,25-2021.00,"Elementary School Teachers, Except Special Educati",SC,611110,Y,1,49423.0,47000.0,False
834168,Program Management Analyst,15-1299.09,Information Technology Project Managers,TX,541511,Y,1,57408.0,112000.0,False
615780,Assistant Vice President,15-1252.00,Software Developers,NC,523110,Y,1,127629.0,135000.0,False
5106,Sr. Manager Data Science,15-2041.00,Statisticians,RI,446110,Y,1,105830.0,165000.0,True
434969,Software Engineer,15-1252.00,Software Developers,IL,519290,Y,1,123614.0,125000.0,False
722427,Senior Consultant,15-2031.00,Operations Research Analysts,MA,54161,Y,1,73507.0,132000.0,False
69753,BI Engineer,15-2051.00,Data Scientists,NJ,561422,Y,1,108306.0,115000.0,False
563813,Quantitative Analytics and Model Development Expert,13-2099.01,Financial Quantitative Analysts,PA,52211,Y,1,81307.0,142000.0,True
344372,Machine Learning Engineer - Senior,15-2051.00,Data Scientists,IN,3336,Y,1,80600.0,138000.0,True
429495,AI Research Assoc Sr,15-1221.00,Computer and Information Research Scientists,NY,551112,Y,1,155958.0,172000.0,True
456009,Machine Learning Scientist,15-2051.00,Data Scientists,CA,454110,Y,1,120037.0,172000.0,True
546005,AI Engineer,15-2051.00,Data Scientists,WA,541511,Y,1,110864.0,165000.0,True
373478,Analyst,13-2051.00,Financial and Investment Analysts,NY,5231,Y,1,82285.0,98000.0,False
407974,Machine Learning Engineer,17-2141.00,Mechanical Engineers,NY,518210,Y,1,107224.0,152000.0,True
208272,"VP, Product Management, Copilot for Customers",15-1299.09,Information Technology Project Managers,CA,541511,Y,1,181813.0,310000.0,True
850462,AI & Generative AI Product Manager,13-1161.00,Market Research Analysts and Marketing Specialists,NJ,32519,Y,1,111051.0,157000.0,True
631525,"Scientist, Systems Biology and Statistical Learning",19-1029.01,Bioinformatics Scientists,CA,325411,Y,1,86445.0,132000.0,True
144482,"Manager, Generative AI - Product Management",15-2031.00,Operations Research Analysts,NY,54161,Y,1,132475.0,212000.0,True
767415,AI/Data Scientist II,15-2051.00,Data Scientists,NY,334513,Y,1,80850.0,148000.0,True
863225,Agile Project Manager Principal,15-1299.09,Information Technology Project Managers,TX,513210,Y,1,109886.0,142000.0,False
449904,Machine Learning Engineer II,15-1299.08,Computer Systems Engineers/Architects,MO,524114,Y,1,83678.0,124000.0,True
882560,"Vice President, Quant Analytics Manager",15-2051,Data Scientists,NY,551112,Y,1,163238.0,210000.0,False
450316,P&C Business Partner,13-1111.00,Management Analysts,CA,54171,Y,1,150654.0,132000.0,False
638804,Strategic Projects Lead Generative AI,15-1299.00,"Computer Occupations, All Other",NY,541511,Y,1,128960.0,230000.0,True
431646,Ind & Func AI Decision Science Sr Mgr,13-1111.00,Management Analysts,NJ,5416,Y,1,122990.0,155000.0,True
331252,Data Analyst,15-2031.00,Operations Research Analysts,CA,541511,Y,1,74381.0,112000.0,False
701337,Product Design,27-1021.00,Commercial and Industrial Designers,WA,513210,Y,1,89523.0,132000.0,False
431368,Machine Learning Engineer,15-1251.00,Computer Programmers,MI,541511,Y,1,78582.0,118000.0,True
716457,Product Manager,15-2051.01,Business Intelligence Analysts,UT,513210,Y,1,100984.0,132000.0,False
351796,Head Scientist/Researcher,15-1221.00,Computer and Information Research Scientists,NY,33441,Y,1,155958.0,192000.0,False
883068,Trading Analytic Model Development Tech Lead,15-1252,Software Developers,VA,522299,Y,1,145500.0,165000.0,True
656625,Machine Learning Application Engineer,15-2051.00,Data Scientists,MI,541611,Y,1,111987.0,118000.0,True
274036,Research Scientist,15-1221.00,Computer and Information Research Scientists,CA,519290,Y,1,159774.0,192000.0,False
256943,Lead Data Scientist,15-2051.00,Data Scientists,OH,519120,Y,1,72987.0,165000.0,False
881916,"Sr. Manager, Planning and Systems",11-9041.00,Architectural and Engineering Managers,CA,336110,Y,1,184795.0,176000.0,False
475102,Associate Data Engineer,15-2051.00,Data Scientists,NJ,523991,Y,1,80850.0,118000.0,False
639531,Machine Learning Engineer,15-1252.00,Software Developers,NY,334111,Y,1,142563.0,165000.0,True
752300,Lead Modeler,15-2031.00,Operations Research Analysts,IL,522210,Y,1,100214.0,132000.0,True
468727,Senior Associate,15-2051.01,Business Intelligence Analysts,NY,551112,Y,1,135782.0,132000.0,False
405842,Software Developer,15-1252.00,Software Developers,MI,541512,Y,1,77958.0,95000.0,False
371074,"Senior Advisor, Data Science",15-2051.00,Data Scientists,TX,423430,Y,1,134472.0,142000.0,False
427859,Senior Data Analyst/Modeler,15-2051.01,Business Intelligence Analysts,FL,483112,Y,1,87256.0,104000.0,True
460078,Machine Learning Engineer,15-1243.01,Data Warehousing Specialists,NY,519290,Y,1,168854.0,158000.0,True
186828,Senior Data Analyst,15-2051.00,Data Scientists,OH,33911,Y,1,98987.0,98000.0,False
74280,"Lead Engineer, Enterprise BI & AI/ML Engineering",15-1243.00,Database Architects,TX,515210,Y,1,129900.0,148000.0,True
759398,Machine Learning Engineering Manager,11-3021.00,Computer and Information Systems Managers,CA,334111,Y,1,172505.0,245000.0,True
483432,Staff Engineer 1,17-2072.00,"Electronics Engineers, Except Computer",TX,425110,Y,1,124114.0,155000.0,False
618570,AIML MLOPS ENGINEER,15-1252.00,Software Developers,OH,541511,Y,1,96574.0,132000.0,True
242439,Senior Engineer- . NET,15-1252,Software Developers,VA,524298,Y,1,123960.0,132000.0,False
869316,Senior Software Engineer/Developer,15-1252.00,Software Developers,TX,52399,Y,1,105997.0,155000.0,False
407848,Computer Vision Engineer,15-1252.00,Software Developers,IL,513210,Y,1,102690.0,138000.0,True
354923,Machine Learning Engineer 2,15-1252.00,Software Developers,OH,334419,Y,1,96574.0,128000.0,True
426871,"Engineer II, Algorithm",17-2031.00,Bioengineers and Biomedical Engineers,CA,334510,Y,1,91749.0,118000.0,True
54217,"Manager, Data Science",15-2051.00,Data Scientists,NY,446110,Y,1,135782.0,172000.0,False
502862,Staff Automation Engineer,15-1252.00,Software Developers,UT,45999,Y,1,135803.0,148000.0,False
881694,"Computer Scientist, Scientific Visualization",15-1221.00,Computer and Information Research Scientists,TN,54171,Y,1,76856.0,132000.0,False
340234,Senior Associate Consultant - AI,15-2051.00,Data Scientists,MN,611310,Y,1,90917.0,112000.0,True
386921,Data Scientist 1,15-2051.00,Data Scientists,CA,522320,Y,1,93309.0,118000.0,False
370797,Managing Director,13-2051.00,Financial and Investment Analysts,NY,561450,Y,1,173555.0,310000.0,False
470386,Associate ,19-3011.00,Economists,CA,54161,Y,1,109117.0,102000.0,False
37280,Distinguished Scientist (AI),15-2021.00,Mathematicians,CA,54171,Y,1,138715.0,310000.0,True
809600,Senior Applied Scientist II,17-2141.00,Mechanical Engineers,CA,54171,Y,1,142854.0,192000.0,True
249294,Senior Machine Learning Engineer,15-2051.00,Data Scientists,NJ,518210,Y,1,135782.0,185000.0,True
282745,Data Scientist,15-2051.00,Data Scientists,IL,522320,Y,1,131498.0,128000.0,False
542606,"Senior Engineer, Deep Learning AI Systems Engineering",15-2031.00,Operations Research Analysts,CA,423690,Y,10,96782.0,182000.0,True
161102,Senior Machine Learning Engineer,15-1252.00,Software Developers,NY,561599,Y,1,142563.0,210000.0,True
642202,Machine Learning Engineer,15-2031.00,Operations Research Analysts,CA,334111,Y,1,173342.0,168000.0,True
28510,"Manager, Machine Learning Engineering",11-3021.00,Computer and Information Systems Managers,TX,316210,Y,1,161096.0,176000.0,True
616124,"Vice President, Sr Lead Software Engineer",15-1252.00,Software Developers,CA,551112,Y,1,150762.0,260000.0,False
160895,Senior Machine Learning Scientist,15-2051.00,Data Scientists,WA,5182,Y,1,110864.0,192000.0,True
161860,Data Scientist,15-2051.00,Data Scientists,NY,488510,Y,1,80850.0,142000.0,False
760419,Sr. Engineer - Perf/Sim/App - Electrification ,17-2071.00,Electrical Engineers,IL,333120,Y,1,103293.0,118000.0,False
43449,"Machine Learning Engineer, E-Commerce Risk Control",15-2051.00,Data Scientists,CA,54151,N,1,170186.0,145000.0,True
354954,AI PRODUCT MANAGER,15-1299.09,Information Technology Project Managers,TX,513210,Y,1,115648.0,158000.0,True
792795,"Associate, Data Scientist Associate",15-2051.01,Business Intelligence Analysts,DE,551112,Y,1,90854.0,98000.0,False
458964,"Vice President, Applied AI ML Lead",15-2051.00,Data Scientists,NJ,551112,Y,1,163238.0,210000.0,True
763487,Engineering Team Leader,17-2071.00,Electrical Engineers,MN,3332,Y,1,88442.0,118000.0,False
858271,"Senior Machine Learning Engineer I, Search Relevance",15-2051.00,Data Scientists,CA,454110,Y,1,158642.0,210000.0,True
220671,Elec. Sys. V&V Sr. Engineer,17-2071.00,Electrical Engineers,IL,333120,Y,1,103293.0,112000.0,False
655732,Senior Machine Learning Engineer,15-2031.00,Operations Research Analysts,CA,51121,Y,1,174117.0,210000.0,True
837256,"Machine Learning Engineer, Customer Success ",15-1221.00,Computer and Information Research Scientists,MI,541511,Y,1,89003.0,138000.0,True
319748,"Sr Product Manager, Risk Model Products",15-1299.09,Information Technology Project Managers,NY,522320,Y,1,128960.0,185000.0,True
62995,AI Machine Learning Scientist,15-2051.00,Data Scientists,CA,522320,Y,1,170186.0,182000.0,True
793107,Lead Full-stack Software Engineer (AI),15-1252.00,Software Developers,MA,524113,Y,1,147846.0,195000.0,True
862120,Senior Software Engineer,15-1252.00,Software Developers,MI,51929,Y,1,97864.0,145000.0,False
85532,Senior Technology Architect,15-1299.08,Computer Systems Engineers/Architects,TX,524210,Y,1,93517.0,142000.0,False
826052,Sr. Algorithm Engineer,15-2041.00,Statisticians,CA,334510,Y,1,78104.0,148000.0,True
649161,SENIOR RESEARCHER,15-1221.00,Computer and Information Research Scientists,TX,518210,Y,1,78978.0,157000.0,False
429493,People Analytics Coordinator,15-2051.00,Data Scientists,TX,7225,Y,1,85467.0,92000.0,False
288880,Senior Mobile Engineer,15-1252.00,Software Developers,CA,455110,Y,1,150762.0,195000.0,False
837874,Senior Managing Consultant and Lead Data Scientist,13-1111.00,Management Analysts,CA,54151,Y,1,175386.0,195000.0,True
656165,IC360 Senior DevOps and Unified Communication Engineer,15-1299.08,Computer Systems Engineers/Architects,GA,5419,Y,1,119829.0,132000.0,False
114723,Senior Analytics Engineer,15-1299.08,Computer Systems Engineers/Architects,SC,541512,Y,1,127774.0,132000.0,False
382104,"Senior Engineer, Machine Learning",17-2072.00,"Electronics Engineers, Except Computer",MA,334413,Y,1,120557.0,172000.0,True
304944,Research Scientist ,15-1221.00,Computer and Information Research Scientists,CA,334111,Y,25,222969.0,168000.0,False
31704,MACHINE LEARNING SOFTWARE ENGINEER ,15-1252.00,Software Developers,WA,541511,Y,1,182312.0,165000.0,True
290171,"Robotics Engineer, Autonomous Aerial Vehicles",17-2199.08,Robotics Engineers,PA,611310,Y,1,72613.0,118000.0,True
53488,Scientist  LM DPD,19-1042.00,"Medical Scientists, Except Epidemiologists",PA,5417,Y,1,105830.0,98000.0,True
599458,AI/ML Lead Software Architect,15-1221.00,Computer and Information Research Scientists,MA,334413,Y,1,154066.0,212000.0,True
6273,Product Design Manager,11-3021.00,Computer and Information Systems Managers,CA,518210,Y,1,172405.0,210000.0,False
824715,Associate Lead Analyst 1,13-2051.00,Financial and Investment Analysts,NY,56145,Y,1,115731.0,115000.0,False
500489,Business Information Consultant,15-2051.00,Data Scientists,IN,524114,Y,1,66269.0,104000.0,False
449325,Localization Program Manager,13-1082.00,Project Management Specialists,CA,541512,Y,1,98301.0,118000.0,False
128243,Staff Scientist - Quantum Applications and Solutions,19-2012.00,Physicists,NY,334111,Y,1,136614.0,152000.0,False
660245,Principal Applied Scientist,15-2051.00,Data Scientists,FL,513210,Y,1,129272.0,192000.0,True
131022,Data Scientist,15-1221.00,Computer and Information Research Scientists,NJ,541511,Y,1,100630.0,142000.0,False
187350,"Senior Architect, Professional Services",15-1299.08,Computer Systems Engineers/Architects,UT,54151,Y,1,100235.0,152000.0,False
506256,Engagement Manager - AI and Data Analytics,15-2051.00,Data Scientists,NJ,5619,Y,1,135782.0,151000.0,True
456548,Machine Learning Engineer (118.3367.3),15-1252.00,Software Developers,CA,541512,Y,1,177029.0,157000.0,True
81979,Machine Learning Manager,11-3021.00,Computer and Information Systems Managers,CA,334111,Y,1,172505.0,230000.0,True
720734,DATA SCIENTIST,15-2051.00,Data Scientists,TX,561621,Y,1,85467.0,124000.0,False
67033,"Advisor, Solutions Architecture",15-1243.00,Database Architects,GA,51821,Y,1,164299.0,132000.0,False
597802,Machine Learning Engineer,15-1252.00,Software Developers,CO,541511,Y,1,131997.0,142000.0,True
468458,"Senior Product Manager, AI Search",15-1211.00,Computer Systems Analysts,PA,541512,Y,1,106434.0,165000.0,True
736312,"Associate, Accelerated Intelligence",15-2031.00,Operations Research Analysts,MA,541910,Y,1,58282.0,104000.0,True
222131,Senior Machine Learning Engineer ,15-1252.00,Software Developers,AZ,5416,Y,1,122866.0,168000.0,True
525204,Credit Strategy Analyst/Data Scientist,15-2051.00,Data Scientists,NY,52231,Y,1,135782.0,142000.0,False
316697,"Director, Machine Learning Engineer",15-1252.00,Software Developers,NC,52399,Y,1,154482.0,210000.0,True
367348,Computer and Information Research Scientist,15-2051.00,Data Scientists,IL,336390,Y,1,68786.0,132000.0,True
737246,Public School Teacher,25-2021.00,"Elementary School Teachers, Except Special Education",CA,611110,Y,1,62500.0,65000.0,False
314883,Project Director (AI Governance),13-1082.00,Project Management Specialists,CA,541715,Y,1,104707.0,182000.0,True
650541,Applied Scientist II,15-1221.00,Computer and Information Research Scientists,MA,45411,Y,10,138965.0,148000.0,False
242831,Big Data/Machine Learning Engineer,15-1252.00,Software Developers,VA,541511,Y,1,114026.0,142000.0,True
680619,Senior Quality Assurance Engineer - Intelligent Creation,15-1253.00,Software Quality Assurance Analysts and Testers,CA,54151,Y,1,226325.0,142000.0,True
499132,Computer Vision Engineer,17-2199.08,Robotics Engineers,OH,54171,Y,1,116334.0,123000.0,True
489257,"Vice President, Fraud Manager III",15-2031.00,Operations Research Analysts,OH,551112,Y,1,97906.0,145000.0,False
700101,Machine Learning Engineer,15-1221.00,Computer and Information Research Scientists,MI,513210,Y,1,137987.0,138000.0,True
23905,Android Software Developer,15-1252.00,Software Developers,GA,541511,Y,1,83325.0,112000.0,False
423425,President and Chief Executive Officer,11-1011.00,Chief Executives,CA,541519,Y,1,239200.0,310000.0,False
506915,"Director, Engineering - Machine Learning",11-3021.00,Computer and Information Systems Managers,GA,561439,Y,1,203320.0,230000.0,True
876576,ML Senior Product Manager,11-3021.00,Computer and Information Systems Managers,MN,454110,Y,1,178256.0,158000.0,True
846014,"Director, Computational Chemistry",19-2031.00,Chemists,MA,541714,Y,1,141086.0,210000.0,False
459469,AI Engineer,15-1252.00,Software Developers,WA,541519,Y,1,128502.0,165000.0,True
241008,Business Tech Analyst,15-2051.01,Business Intelligence Analysts,CA,51929,Y,1,136140.0,118000.0,False
812731,Technical Lead,15-1299.09,Information Technology Project Managers,GA,541511,Y,1,80371.0,132000.0,False
425652,Data Scientist,15-2051.01,Business Intelligence Analysts,CA,519130,Y,1,232690.0,148000.0,False
680802,Sr. Director-Data Science Evaluation & Integration Strategy,15-2051.00,Data Scientists,MA,325412,Y,1,144040.0,245000.0,False
822769,Senior Data ML Engineer,15-1252.00,Software Developers,NY,531210,Y,1,179982.0,185000.0,True
31353,Senior Software Engineer,15-1252.00,Software Developers,AZ,522320,Y,1,102294.0,148000.0,False
875270,Agile Development Senior,15-1252,Software Developers,VA,522299,Y,1,102200.0,142000.0,False
171567,IT Portfolio Architect ,15-1252.00,Software Developers,GA,481111,Y,1,142002.0,142000.0,False
36926,Business Analytics 4,15-2051.00,Data Scientists,CA,522320,Y,1,159065.0,142000.0,False
292742,"Director, AI/ML Transformation",15-1299.09,Information Technology Project Managers,NY,524113,Y,1,128960.0,260000.0,True
20031,Enterprise Architect,15-2051.00,Data Scientists,GA,524114,Y,1,131061.0,152000.0,False
367637,Machine Learning Engineer,15-2051.00,Data Scientists,NJ,541511,Y,1,86278.0,145000.0,True
549757,Data Engineer,15-1243.01,Data Warehousing Specialists,NY,51929,Y,1,168854.0,142000.0,False
225819,Machine Learning Solution Architect,15-1252.00,Software Developers,CO,311513,Y,1,130520.0,165000.0,True
276421,Software Engineer,15-1252.00,Software Developers,MI,541511,Y,1,77667.0,98000.0,False
468623,Data Engineer,15-1252.00,Software Developers,CO,311999,Y,1,87443.0,125000.0,False
207062,System Development Engineer II,15-1252.00,Software Developers,TX,518210,Y,10,96866.0,142000.0,False
387078,Data Scientist II,15-2051.00,Data Scientists,IL,518210,Y,1,89690.0,118000.0,False
504929,Senior Applied Scientist,19-3011.00,Economists,CA,541511,Y,1,187949.0,192000.0,True
464333,Machine Learning Engineer III,17-2031.00,Bioengineers and Biomedical Engineers,MA,54171,Y,1,109491.0,151000.0,True
704042,Senior ML/Robotics Engineer II,17-2141.02,Automotive Engineers,CA,54171,Y,1,137301.0,192000.0,True
769869,Marketing Data Science Advisor,15-2051.00,Data Scientists,TN,492110,Y,1,96491.0,118000.0,True
358380,Sr. Model Validation Analyst,19-3011.00,Economists,FL,524126,Y,1,89731.0,112000.0,True
692567,Data Analyst,15-2051.00,Data Scientists,TX,541511,Y,1,107869.0,92000.0,False
887357,Computer Vision Scientist,15-2031.00,Operations Research Analysts,CA,321920,Y,1,107619.0,168000.0,True
772911,PRINCIPAL BIG DATA ENGINEERING,15-2051.01,Business Intelligence Analysts,TX,517410,Y,1,140109.0,158000.0,False
187774,"Director, Data Science & Machine Learning",15-1221.00,Computer and Information Research Scientists,CA,611710,Y,1,148429.0,245000.0,True
829116,R&D Sr. Engineer I,17-2031.00,Bioengineers and Biomedical Engineers,NJ,339112,Y,1,99902.0,118000.0,False
715918,"Sr Engineer, Machine Learning",15-1299.08,Computer Systems Engineers/Architects,PA,516210,Y,1,129730.0,163000.0,True
48805,Product Manager CLB & Algos,15-2031.00,Operations Research Analysts,NY,523920,Y,1,132475.0,165000.0,True
453110,Chief Financial Officer,11-1011.00,Chief Executives,CA,518210,Y,1,239200.0,285000.0,False
206982,Applied Sciences,15-2051.00,Data Scientists,WA,513210,Y,1,110864.0,157000.0,False
444356,Trading Analytic Model Dev Sr 	,15-1252,Software Developers,VA,522299,Y,1,102200.0,165000.0,True
246449,Technical Account Manager,11-2022.00,Sales Managers,MI,541512,Y,1,121014.0,118000.0,False
730487,Manager JC50 - Computer Systems Engineers/Architects,15-1299.08,Computer Systems Engineers/Architects,IL,541512,Y,1,98259.0,118000.0,False
463168,"PRINCIPAL ARCHITECT, DATA",15-1252.00,Software Developers,NJ,518210,Y,1,142563.0,190000.0,False
862366,Manager - Tech Delivery Mgmt,15-1299.09,Information Technology Project Managers,MI,522110,Y,1,122221.0,118000.0,False
426233,Data Scientist,15-2051.00,Data Scientists,NJ,541511,Y,1,108306.0,132000.0,False
635235,Sr. Computer Programmer,15-1251.00,Computer Programmers,CA,541511,Y,1,134763.0,132000.0,False
235168,"Engineering Manager, Machine Learning",11-3021.00,Computer and Information Systems Managers,NY,5418,Y,1,262621.0,230000.0,True
746375,Software Engineer ,15-1252.00,Software Developers,OR,316210,Y,1,145662.0,118000.0,False
149990,AIS [00062396],13-2011.00,Accountants and Auditors,MA,522110,Y,1,104936.0,78000.0,True
809010,Software Applications Engineer,15-1252.00,Software Developers,ID,334111,Y,10,135958.0,112000.0,False
385074,Machine Learning Engineer,15-2051.00,Data Scientists,NC,541511,Y,1,108285.0,132000.0,True
471445,"Vice President, Applied Research Lead",15-1221.00,Computer and Information Research Scientists,NY,551112,Y,1,155958.0,245000.0,False
855786,SOFTWARE ENGINEER,15-1252.00,Software Developers,MI,541511,Y,1,79373.0,98000.0,False
524398,"Senior Staff Engineer, Machine Learning",15-1252.00,Software Developers,CA,423690,Y,10,171080.0,245000.0,True
183037,Management Analysts - Kbgfjg227448-2,13-1111.00,Management Analysts,NY,541211,Y,1,73590.0,98000.0,False
57510,"Robotics Engineer, Autonomous Aerial Vehicles",17-2199.08,Robotics Engineers,PA,611310,Y,1,72613.0,112000.0,True
615953,Systems Analyst,15-1211.00,Computer Systems Analysts,PA,541511,Y,1,70470.0,88400.0,False
54145,AI Epidemiology Data Scientist,19-4061.00,Social Science Research Assistants,TX,541512,Y,1,56763.0,104000.0,True
245305,"Research Scientist, Urban Climate AI",15-1221.00,Computer and Information Research Scientists,TN,54171,Y,1,76856.0,126000.0,True
128394,AI Culinary Scientist,19-1012.00,Food Scientists and Technologists,NY,311999,Y,1,117166.0,104000.0,True
109221,"Senior Analyst, Data Science",15-2051.00,Data Scientists,DC,54171,Y,1,102502.0,138000.0,True
256323,Senior Machine Learning Engineer (Modeling),15-2051.01,Business Intelligence Analysts,CA,513210,Y,1,146744.0,185000.0,True
615254,Lead Software Engineer I - CAI,15-1252.00,Software Developers,MD,611710,Y,1,139610.0,158000.0,True
227515,"Senior Product Manager, Experimentation and AI",11-2021.00,Marketing Managers,MA,511210,Y,1,168064.0,185000.0,True
879129,Machine Learning Engineer,17-2072.00,"Electronics Engineers, Except Computer",CA,334111,Y,1,180003.0,168000.0,True
569466,Analytics Engineer,15-2051.00,Data Scientists,UT,561621,Y,1,69368.0,112000.0,False
505029,Emulsion & Filling Engineer,17-2041.00,Chemical Engineers,TX,33999,Y,1,85155.0,112000.0,False
770002,DATA MANAGEMENT & OPS. MANAGER,11-3021.00,Computer and Information Systems Managers,TX,312111,Y,1,175531.0,142000.0,False
542333,"Senior Solutions Architect, Machine Learning",41-9031.00,Sales Engineers,CA,334111,Y,10,187741.0,205000.0,True
547196,Data Scientist,15-2051.00,Data Scientists,WA,6221,Y,1,65312.0,142000.0,False
620808,Data Scientist,15-1252.00,Software Developers,TX,446110,Y,1,101192.0,132000.0,False
733469,Senior Machine Learning Engineer,15-2051.00,Data Scientists,NY,524298,Y,1,135782.0,205000.0,True
453085,Analyst,13-2054.00,Financial Risk Specialists,TX,523150,Y,1,54246.0,92000.0,False
739681,Consultant - US,15-1299.09,Information Technology Project Managers,DE,541511,Y,5,84469.0,112000.0,False
790684,Software Engineer II,15-1252.00,Software Developers,NE,335999,Y,1,84011.0,112000.0,False
697725,Software Developer,15-1252.00,Software Developers,WA,541511,Y,1,101608.0,118000.0,False
475334,Data Scientist,15-2051.00,Data Scientists,IL,811310,Y,1,89690.0,118000.0,False
492954,STAFF SOFTWARE ENGINEERS,15-1252,SOFTWARE DEVELOPERS,CA,541613,Y,1,181272.0,210000.0,False
442468,Computer Vision Engineer,15-1253.00,Software Quality Assurance Analysts and Testers,PA,541519,Y,1,101296.0,123000.0,True
25692,Advanced Control System Engineer,17-2141.00,Mechanical Engineers,MI,33611,Y,1,112570.0,112000.0,False
434611,System Engineer III,15-1299.08,Computer Systems Engineers/Architects,MI,33632,Y,1,76960.0,112000.0,False
366175,Staff ML Infra Engineer,15-1299.08,Computer Systems Engineers/Architects,CA,454110,Y,1,210704.0,285000.0,True
744916,Senior Statistical Programmer,15-2041.00,Statisticians,NJ,511210,Y,1,104603.0,132000.0,False
852678,Computer and Information Research Scientist,15-1221.00,Computer and Information Research Scientists,VA,541512,Y,1,108264.0,151000.0,True
520621,Technology Analyst - US,15-1299.08,Computer Systems Engineers/Architects,TX,541511,Y,5,70075.0,92000.0,False
861135,Professional Services II,15-1252.00,Software Developers,NJ,518210,Y,1,123656.0,118000.0,False
282718,Associate Scientist - ML for Accelerators,19-2012,Physicists,CA,611310,Y,1,79893.0,132000.0,True
208554,"SMTS, AI Research ",15-2051.00,Data Scientists,CA,541511,Y,1,162819.0,230000.0,True
773396,Data Modeler,15-1243.00,Database Architects,CT,522110,Y,1,118789.0,112000.0,False
704437,Machine Learning Scientist,15-2051.00,Data Scientists,TX,5192,Y,1,111363.0,152000.0,True
362462,Senior Design Engineer (Hardware),17-2072.00,"Electronics Engineers, Except Computer",MI,33633,Y,1,119954.0,112000.0,False
323085,Scientist,15-1221.00,Computer and Information Research Scientists,PA,541714,Y,1,105851.0,141000.0,False
186747,Machine Learning Engineer Sr. Analyst,15-2051.01,Business Intelligence Analysts,TX,312111,Y,1,85467.0,124000.0,True
4133,ML Data Associate III,15-1299.09,Information Technology Project Managers,TX,45411,Y,1,41725.0,98000.0,True
640769,Lead Machine Learning Engineer,15-1252.00,Software Developers,CA,316210,Y,1,147597.0,192000.0,True
835329,Bank Investment Risk Specialist Senior,13-2099.01,Financial Quantitative Analysts,PA,52211,Y,1,86070.0,132000.0,False
746408,"Associate, Applied AI and ML",15-1252.00,Software Developers,TX,551112,Y,1,120328.0,132000.0,True
639653,"VP, Engineering",11-9041.00,Architectural and Engineering Managers,MA,523930,Y,1,202114.0,260000.0,False
288548,Architect,15-1299.08,Computer Systems Engineers/Architects,NY,541511,Y,1,103730.0,124000.0,False
474352,Sr. Automation Controls Engineer,17-2199.05,Mechatronics Engineers,IL,336111,Y,1,100547.0,118000.0,False
570427,Software Engineering,11-3021.00,Computer and Information Systems Managers,MA,541512,Y,30,154774.0,165000.0,False
660600,Senior Health Services Analyst,15-2031.00,Operations Research Analysts,WA,611310,Y,1,97032.0,118000.0,False
3911,Operations Research Analysts - KBGFJG265696-1,15-2031.00,Operations Research Analysts,NY,541211,Y,1,87194.0,118000.0,False
561281,AI and ML Lead,15-1299.08,Computer Systems Engineers/Architects,IL,541511,Y,1,78354.0,168000.0,True
145301,Data Scientist III,15-2051.00,Data Scientists,WA,45411,Y,1,142501.0,158000.0,False
311068,Product Designer,17-2112.01,Human Factors Engineers and Ergonomists,CA,541511,Y,20,107702.0,142000.0,False
252994,Senior Research Scientist,15-1221.00,Computer and Information Research Scientists,MA,334111,Y,1,154066.0,163000.0,False
790165,Chief Executive Officer,11-1011.00,Chief Executives,CA,518210,Y,1,228218.0,310000.0,False
40497,Software Development Engineer - Applications Manager,11-3021.00,Computer and Information Systems Managers,CA,334111,Y,1,205171.0,210000.0,False
398454,SOFTWARE (AI) DEVELOPER,15-1252.00,Software Developers,GA,5419,Y,1,91333.0,118000.0,True
136809,AI and Machine Learning Engineer II,15-1299.08,Computer Systems Engineers/Architects,CO,54151,Y,1,90792.0,132000.0,True
796658,Senior Software Engineer,15-1252.00,Software Developers,TX,441310,Y,1,155709.0,165000.0,False
588533,Consultant,13-1082.00,Project Management Specialists,MA,518210,Y,1,87277.0,104000.0,False
888983,Business Intelligence Engineer (4),15-2051.01,Business Intelligence Analysts,CA,513210,Y,1,120037.0,132000.0,False
230218,"Sr. Data Engineer, Core Battery Data",15-2031.00,Operations Research Analysts,CA,336111,Y,1,94786.0,158000.0,False
112728,Engineer III - Algorithm HTN,17-2199.05,Mechatronics Engineers,MI,3363,Y,1,100942.0,112000.0,True
112776,"Manager, Account Management",19-3011.00,Economists,FL,522210,Y,1,119163.0,118000.0,False
507959,Associate Product Owner,15-1299.09,Information Technology Project Managers,NY,522320,Y,1,78478.0,112000.0,False
520385,Software Engineer,15-1252.00,Software Developers,CA,51929,Y,1,215197.0,170000.0,False
298946,Data Analyst,15-2051.00,Data Scientists,TN,423710,Y,1,84323.0,78000.0,False
28804,"Director, Software Engineering",11-3021.00,Computer and Information Systems Managers,MA,52399,Y,1,150675.0,230000.0,False
472411,Quantitative Analytics Lead Associate,17-2199.00,"Engineers, All Other",TX,522110,Y,1,98634.0,138000.0,False
336480,Mold Tooling Engineer,17-2141.00,Mechanical Engineers,CA,22131,Y,1,66040.0,112000.0,False
467987,DATA ANALYST,15-2051.00,Data Scientists,MA,441120,Y,1,65582.0,98000.0,False
554062,Scientist I,17-2031.00,Bioengineers and Biomedical Engineers,MA,54171,Y,1,109491.0,98500.0,False
183608,Computer Vision & Machine Learning Engineer,15-1252,Software Developers,CA,541511,Y,1,181272.0,168000.0,True
27171,Senior Data Scientist,15-2041.00,Statisticians,NY,446110,Y,1,136219.0,168000.0,False
545198,Computer and Information Systems Manager,11-3021.00,Computer and Information Systems Managers,CA,334111,Y,5,215926.0,205000.0,False
84522,Lithium Ion Cell/Module Validation Specialist,17-2071.00,Electrical Engineers,MI,3361,Y,1,118290.0,98000.0,False
506101,"Vice President, Applied AI ML Lead",15-2051.00,Data Scientists,CA,551112,Y,1,170186.0,245000.0,True
8830,Lead Autonomy Engineer,17-2071.00,Electrical Engineers,CA,511210,Y,1,127234.0,210000.0,True
864952,Product Manager,17-2141.00,Mechanical Engineers,NY,519290,Y,1,134784.0,138000.0,False
829416,AI Scientist III,15-1221.00,Computer and Information Research Scientists,NJ,541511,Y,1,113693.0,172000.0,True
591051,"Vice President, Infrastructure Support",15-1252.00,Software Developers,NJ,551112,Y,1,127054.0,185000.0,False
574633,Senior Engineer (Autonomy - Perception & Prediction),17-2199.05,Mechatronics Engineers,CA,5415,Y,1,94661.0,187000.0,True
625182,Autonomy Engineer,17-2199.05,Mechatronics Engineers,IL,333120,Y,1,84864.0,112000.0,True
509343,Senior Applications Developer,15-1252.00,Software Developers,IA,611310,Y,1,78666.0,112000.0,False
502024,Machine Learning Engineer Graduate,15-2051.00,Data Scientists,CA,51321,Y,1,170186.0,135000.0,True
876949,Perception Engineer ,17-2141.00,Mechanical Engineers,WA,541370,Y,1,138840.0,132000.0,True
429650,"Machine Learning Scientist II, Cheminformatics",15-2051.00,Data Scientists,IL,3254,Y,1,110594.0,132000.0,True
445655,Engineer II ,17-2071.00,Electrical Engineers,NY,334417,Y,1,89565.0,98000.0,False
152903,"Quality Engineer, EDU",17-2141.02,Automotive Engineers,CA,541420,Y,1,133037.0,104000.0,False
427404,Computer Vision Research Engineer,15-1221.00,Computer and Information Research Scientists,TX,54151,Y,1,116917.0,142000.0,True
143154,Machine Learning Engineer,15-2051.00,Data Scientists,NY,451110,Y,1,108306.0,158000.0,True
462615,AI/ML Engineer,15-1299.08,Computer Systems Engineers/Architects,GA,541511,Y,1,75130.0,132000.0,True
440631,Senior Data Scientist,15-2051.00,Data Scientists,OH,33999,Y,1,81890.0,142000.0,False
374299,"Program Manager, Data & AI",15-2051.00,Data Scientists,MO,54171,Y,1,87693.0,132000.0,True
668466,"Associate, Accelerated Intelligence",15-2031.00,Operations Research Analysts,MA,541910,Y,1,58219.0,104000.0,True
81457,"Associate Director, Product Support",15-1252,Software Developers,NC,325411,Y,1,154482.0,158000.0,False
596296,Director of Machine Learning,11-9041.00,Architectural and Engineering Managers,MA,522299,Y,1,151590.0,245000.0,True
416886,Data Analyst,15-2051.01,Business Intelligence Analysts,NY,541613,Y,1,56909.0,78000.0,False
450583,Algorithm Engineer,17-2141.00,Mechanical Engineers,CA,33331,Y,1,140525.0,142000.0,True
141739,Machine Learning Scientist,15-2051.00,Data Scientists,CA,454110,Y,1,93309.0,167000.0,True
478153,Applied Machine Learning Engineer,15-2051.00,Data Scientists,MO,541714,Y,1,98010.0,132000.0,True
823838,Language Engineer II,15-1211.00,Computer Systems Analysts,NC,45411,Y,1,88358.0,118000.0,True
469751,Applied Sciences,15-2051.00,Data Scientists,WA,513210,Y,1,174117.0,152000.0,False
826612,Solutions Architect,15-2031.00,Operations Research Analysts,PA,524114,Y,1,118872.0,118000.0,False
557757,Mechatronics Engineer,17-2199.05,Mechatronics Engineers,FL,541511,Y,5,75046.0,92000.0,False
521769,Lead Mgr Data Science - KBGFJG29526-6,15-2031.00,Operations Research Analysts,WA,311920,Y,1,110718.0,158000.0,True
60535,Software Developer,15-1252.00,Software Developers,TX,541511,Y,1,82056.0,112000.0,False
823436,Sr. System Engineer,15-1299.08,Computer Systems Engineers/Architects,TX,481111,Y,1,136136.0,123000.0,False
813280,"Director of Product Operations, AI/ML",11-3021.00,Computer and Information Systems Managers,TX,4248,Y,1,206190.0,210000.0,True
133762,"Associate, Search & Evaluation",41-9031.00,Sales Engineers,CA,541715,Y,1,129730.0,142000.0,False
561016,"Staff Software Engineer, Perception, Autonomy",15-1252.00,Software Developers,CA,336111,Y,1,184662.0,245000.0,True
517036,Data Scientist,15-2051.00,Data Scientists,IN,518210,Y,1,48589.0,112000.0,False
353742,AI Developer (Python),15-1252.00,Software Developers,IL,541511,Y,1,81744.0,118000.0,True
173507,Principal,11-3021.00,Computer and Information Systems Managers,GA,56145,Y,1,169549.0,165000.0,False
372729,Lead Analyst - Data Science,15-2031.00,Operations Research Analysts,OH,541511,Y,5,88858.0,118000.0,True
354554,Machine Learning Engineer,15-2051.00,Data Scientists,TX,541511,Y,1,130270.0,138000.0,True
639121,Data Scientist,15-2051.00,Data Scientists,NY,334111,Y,1,135782.0,142000.0,False
487456,Software Engineer - ML/AI,15-1252.00,Software Developers,CO,513210,Y,1,94640.0,158000.0,True
83906,Simulation Integration Engineer,17-2199.08,Robotics Engineers,MI,3361,Y,1,85218.0,104000.0,False
7479,"Senior Manager, Software Engineering",15-1252.00,Software Developers,VA,522210,Y,1,139589.0,190000.0,False
775527,ADAS Feature Engineer,15-1252.00,Software Developers,MI,33611,Y,1,79373.0,112000.0,True
831297,IT Solutions Architect,15-1252.00,Software Developers,OH,33399,Y,1,120786.0,118000.0,False
510098,"Engineer, Machine Learning",15-1252.00,Software Developers,GA,523210,Y,1,114421.0,138000.0,True
297507,Senior Software Engineer/Developers,15-1252.00,Software Developers,UT,52399,Y,1,86403.0,145000.0,False
122744,ML Data Associate III,15-1299.09,Information Technology Project Managers,WA,45411,Y,10,58926.0,98000.0,True
820397,Algorithm Engineer,17-2141.00,Mechanical Engineers,CA,334111,Y,1,155043.0,158000.0,True
881187,Machine Learning Engineer,17-2199.05,Mechatronics Engineers,CA,519290,Y,1,139235.0,182000.0,True
496807,Machine Learning & Object Detection Engineer ,15-1252.00,Software Developers,UT,541715,Y,1,61693.0,138000.0,True
35880,Product Analysis and Design Associate Director,15-1299.09,Information Technology Project Managers,NY,51929,Y,1,128960.0,168000.0,False
125966,Machine Learning Engineer,15-1252.00,Software Developers,NJ,327215,Y,1,89253.0,132000.0,True
582835,Staff Machine Learning Engineer,15-1299.08,Computer Systems Engineers/Architects,CA,454110,Y,1,210704.0,265000.0,True
604146,Senior Machine Learning Engineer,15-1252.00,Software Developers,NY,561599,Y,1,142563.0,195000.0,True
889484,Cyber Security Architect L1,15-1212.00,Information Security Analysts,TX,541511,Y,3,102690.0,132000.0,False
731316,Sr. Machine Learning Engineer,15-2051.01,Business Intelligence Analysts,CA,518210,Y,1,120037.0,192000.0,True
440350,Staff AI Analytics Product Manager,41-9031.00,Sales Engineers,CA,541511,Y,1,187741.0,230000.0,True
714062,Full Stack Java/AI developer,15-1252.00,Software Developers,MI,541511,Y,1,77958.0,112000.0,True
682883,Software Development Engineer II,15-2031.00,Operations Research Analysts,CA,45411,Y,1,89128.0,158000.0,False
503372,Software Engineering,15-1251.00,Computer Programmers,CA,513210,Y,1,177943.0,165000.0,False
700072,Senior Software Engineer,15-1252.00,Software Developers,AR,541511,Y,1,98030.0,132000.0,False
178502,Software Engineer IV,15-1252.00,Software Developers,NC,516210,Y,1,128232.0,142000.0,False
635046,"TikTok Shop – Product Management Lead, Buyer Intelligence",13-1111.00,Management Analysts,WA,511210,Y,1,136822.0,192000.0,True
225202,Product Analyst,15-2051.00,Data Scientists,CA,541512,N,1,138350.0,98000.0,False
778084,Architect,15-1299.08,Computer Systems Engineers/Architects,NC,541511,Y,1,77958.0,124000.0,False
804741,Sr Engr Cslt-AI/ML Engineering,15-1299.08,Computer Systems Engineers/Architects,TX,51781,Y,1,136136.0,142000.0,True
602457,Senior Vice President - Intelligent Automation,11-2022.00,Sales Managers,MI,541512,Y,1,204506.0,185000.0,True
353567,Artificial Intelligence Engineer,15-2051.00,Data Scientists,IL,54199,Y,1,110594.0,142000.0,True
216454,Associate Software Engineering,15-1299.08,Computer Systems Engineers/Architects,UT,523110,Y,1,64002.0,98000.0,False
455986,Machine Learning Engineer II,15-1299.08,Computer Systems Engineers/Architects,UT,524114,Y,1,64002.0,132000.0,True
119496,Senior Associate,15-2031.00,Operations Research Analysts,MA,541611,Y,1,73507.0,118000.0,False
884617,"Product Lead, Portfolio Pricing Excellence",11-3021.00,Computer and Information Systems Managers,MO,325411,Y,1,174574.0,168000.0,False
469501,Model Risk Analyst,13-2054.00,Financial Risk Specialists,AZ,522110,Y,1,119267.0,98000.0,True
447688,Software Engineer,15-1252.00,Software Developers,MA,3342,Y,1,112986.0,132000.0,False
20500,Data Analyst ,15-2051.00,Data Scientists,OH,541511,Y,1,81890.0,91000.0,False
84727,Mechanical Design Engineer,17-2141.00,Mechanical Engineers,CA,336111,Y,1,113922.0,118000.0,False
384063,Industry & Functional AI Decision Science Senior Analyst,13-1111.00,Management Analysts,CA,5416,Y,1,97864.0,132000.0,True
307514,"Senior Consultant, Sales & Distribution",15-1211.00,Computer Systems Analysts,TX,541511,Y,1,112258.0,124000.0,False
732738,Enterprise Integration Engineer,15-1252.00,Software Developers,WA,3115,Y,1,155418.0,142000.0,False
42816,Sr. Factory Simulation/Industrial Engineer,17-2112.00,Industrial Engineers,NY,33441,Y,1,85342.0,112000.0,False
269053,Data Scientist III,15-2051.00,Data Scientists,MI,541614,Y,1,79685.0,118000.0,False
863967,Machine Learning Engineer,15-1252.00,Software Developers,WA,334111,Y,1,190486.0,165000.0,True
514064,"Senior Solution Consultant, USA",15-1252.00,Software Developers,MA,522320,Y,1,157643.0,145000.0,False
687434,Senior Computer Scientist II ,15-1221.00,Computer and Information Research Scientists,NJ,5417,Y,1,113402.0,168000.0,False
50784,Associate Scientist - ML for Accelerators,19-2012,Physicists,CA,611310,Y,1,79893.0,132000.0,True
589761,ML DATA ASSOCIATE,15-1242.00,Database Administrators,WA,454110,Y,1,68286.0,81200.0,True
558963,Machine Learning Engineer,15-1252.00,Software Developers,NC,513210,Y,1,128232.0,138000.0,True
489063,Machine Learning Engineer,15-2051.00,Data Scientists,WA,51321,Y,1,79248.0,158000.0,True
570821,Customer Success Manager Architect - Data & AI,15-1299.08,Computer Systems Engineers/Architects,NC,54151,Y,1,119018.0,148000.0,True
562863,Product Manager III,15-1299.09,Information Technology Project Managers,WA,45411,Y,1,114400.0,158000.0,False
413893,Data Analyst,15-2051.00,Data Scientists,MA,33441,Y,1,74922.0,98000.0,False
462433,Data Engineer (Mastery),15-1243.00,Database Architects,MA,524113,Y,1,123365.0,148000.0,False
83825,"Sr Product Manager, Risk Model Products",15-1299.09,Information Technology Project Managers,NY,522320,Y,1,128960.0,190000.0,True
105862,Senior Application Engineer,17-2141.00,Mechanical Engineers,MI,332991,Y,1,84302.0,112000.0,False
367116,"Staff Machine Learning Engineer, Science",15-2051.00,Data Scientists,CA,541511,Y,1,151736.0,245000.0,True
104972,Engineer III - Algorithm HTN,17-2072.00,"Electronics Engineers, Except Computer",MI,3363,Y,1,105726.0,112000.0,True
65794,Machine Learning Engineer,15-1252.00,Software Developers,WA,522320,Y,1,182312.0,165000.0,True
318585,Informatics Analyst,15-2051.00,Data Scientists,VA,62211,Y,1,78603.0,112000.0,False
371001,MACHINE LEARNING ENGINEER,15-2051.02,Clinical Data Managers,CA,541511,Y,1,116646.0,152000.0,True
348026,Software Developer,15-1252.00,Software Developers,MI,541511,Y,1,107411.0,98000.0,False
219119,Senior AI Research Scientist,15-1252.00,Software Developers,NY,541511,Y,1,115918.0,230000.0,True
173056,Lead Data Scientist,15-2041.00,Statisticians,CT,524114,Y,1,124509.0,165000.0,False
66453,Machine Learning Engineer,15-1252.00,Software Developers,CO,334111,Y,1,179334.0,142000.0,True
199560, Asst Dir-Machine Learning Eng,15-2051.01,Business Intelligence Analysts,PA,56145,Y,1,109262.0,142000.0,True
356699,Solution Implementation Consultant,15-1252.00,Software Developers,TN,513210,Y,1,129979.0,112000.0,False
374540,AUTONOMY ENGINEERING SPECIALIST,17-2071.00,Electrical Engineers,IL,333120,Y,1,91000.0,112000.0,True
668842,Staff Applied Scientist I,15-2031.00,Operations Research Analysts,WA,611710,Y,1,110718.0,185000.0,True
19650,Associate Director - Predictive Patient Solutions,15-2051.00,Data Scientists,NJ,325411,Y,1,158496.0,158000.0,True
471611,"Vice President, Applied AI ML Lead",15-2051.01,Business Intelligence Analysts,DE,551112,Y,1,128773.0,185000.0,True
37616,RL Designer,27-1021.00,Commercial and Industrial Designers,WA,51929,Y,1,118310.0,98000.0,True
7527,Product Design,15-1255.00,Web and Digital Interface Designers,WA,513210,Y,1,145184.0,142000.0,False
132049,AI and Machine Learning Engineer III,15-1299.08,Computer Systems Engineers/Architects,CO,54151,Y,1,90792.0,142000.0,True
22889,"Vice President, Quant Analytics Manager",15-2041.00,Statisticians,TX,551112,Y,1,109429.0,185000.0,False
566528,Computer Vision Engineer,15-1221.00,Computer and Information Research Scientists,CA,5613,Y,1,150507.0,176000.0,True
81382,Machine Learning Engineering Manager,11-3021.00,Computer and Information Systems Managers,CA,334111,Y,1,172505.0,245000.0,True
492424,Staff Machine Learning Software Engineer,15-1253.00,Software Quality Assurance Analysts and Testers,DC,518210,Y,1,73570.0,210000.0,True
627665,Research Associate,19-1042.00,"Medical Scientists, Except Epidemiologists",PA,5417,Y,1,56472.0,64000.0,False
403325,Software Engineer,15-1252.00,Software Developers,VA,541511,Y,1,114026.0,125000.0,False
408242,Data Center Controls Engineer,17-2071.00,Electrical Engineers,TX,541512,Y,1,84198.0,112000.0,False
888359,Generative AI Architect,15-1299.08,Computer Systems Engineers/Architects,IL,3254,Y,1,118186.0,192000.0,True
496797,Manager,11-3021.00,Computer and Information Systems Managers,DC,541611,Y,1,160326.0,165000.0,False
196229,Data Scientist,15-2051.00,Data Scientists,NY,334111,Y,1,135782.0,142000.0,False
497399,"Sr Software Engineer, Computer Vision",17-2112.01,Human Factors Engineers and Ergonomists,CA,54171,Y,1,125778.0,192000.0,True
301695,Cloud Principal Engineer,15-1252.00,Software Developers,FL,424820,Y,1,89960.0,172000.0,False
288154,Sr. Director of AI & Digital Analytics,15-2051.00,Data Scientists,NJ,42413,Y,1,163238.0,260000.0,True
875992,MACHINE LEARNING ENGINEER,15-2051.01,Business Intelligence Analysts,TX,541519,Y,1,92040.0,132000.0,True
270977,Lead Embedded Software Engineer - Vernova Research,15-1252.00,Software Developers,NY,333611,Y,1,130603.0,158000.0,False
478365,"Senior Engineer I, Dev Ops",15-1252.00,Software Developers,AZ,441120,Y,1,143416.0,132000.0,False
283977,"Associate Director, Enterprise Data Science",15-2051.00,Data Scientists,MA,32541,Y,1,144040.0,172000.0,True
423098,AI Development Engineer - Mechanical,17-2141.00,Mechanical Engineers,CA,513210,Y,1,137301.0,138000.0,True
523067,Quantitative Researcher,15-2051.00,Data Scientists,IL,52399,Y,1,68786.0,185000.0,False
68158,Data Scientist I,15-2051.00,Data Scientists,DC,541211,Y,1,78603.0,112000.0,False
487396, Senior Machine Learning (AI Operations) Engineer,15-2051.00,Data Scientists,MA,518210,Y,1,120994.0,172000.0,True
182910,DATA ANALYST/MODEL BUILDER,15-1211.00,Computer Systems Analysts,IN,541611,Y,1,72654.0,78000.0,True
554893,Senior Business Process Excellence Manager,15-2051.00,Data Scientists,CA,325412,Y,1,116646.0,158000.0,False
681508,"Senior Product Manager, ML Products",13-1082.00,Project Management Specialists,NY,541511,Y,1,157768.0,190000.0,True
838747,"Staff Software Engineer II, Machine Learning Systems",15-2051.00,Data Scientists,TX,454110,Y,1,144144.0,210000.0,True
718283,"Sr. Analyst, Risk",13-2054.00,Financial Risk Specialists,IL,522291,Y,1,74407.0,118000.0,False
448312,"Director, AI/ML and Data Science",19-1029.01,Bioinformatics Scientists,MA,5239,Y,1,131123.0,245000.0,True
768656,IT Project Managers - IV,15-1299.09,Information Technology Project Managers,IL,541511,Y,1,118186.0,124000.0,False
451742,AVP – Model Validation,13-2051.00,Financial and Investment Analysts,NY,523150,Y,1,143125.0,145000.0,True
388617,Robotics Engineer,17-2199.08,Robotics Engineers,OH,541330,Y,1,53872.0,104000.0,False
776905,Machine Learning Engineer,15-1252.00,Software Developers,TX,522291,Y,1,149781.0,132000.0,True
358900,"Senior Analyst, Intelligent Automation",15-1221.00,Computer and Information Research Scientists,NJ,5419,Y,1,72966.0,132000.0,True
743745,Senior Cloud Infrastructure Engineer ,15-1252.00,Software Developers,NV,511210,Y,1,75192.0,142000.0,False
275806,Postdoc Research Associate -Computational Systems Biology,15-1221.00,Computer and Information Research Scientists,TN,54171,Y,1,58781.0,72000.0,False
728849,AI Epidemiology Data Scientist,19-4061.00,Social Science Research Assistants,TX,541512,Y,1,56763.0,112000.0,True
870303,Salesforce DevOps Engineer,15-1252.00,Software Developers,TN,541511,Y,1,95680.0,118000.0,False
330405,Data Engineering Analyst,15-2031.00,Operations Research Analysts,NC,541511,Y,1,73798.0,91000.0,False
194823,Researcher - Intelligent Machine ToolGroup,17-2112.03,Manufacturing Engineers,TN,54171,Y,1,79872.0,104000.0,True
160101,Product Planner,15-2051.01,Business Intelligence Analysts,CA,541512,Y,1,168153.0,142000.0,False
53071,"Vice President, Applied AI ML Lead",15-1252.00,Software Developers,NJ,551112,Y,1,169229.0,210000.0,True
17319,"Research Scientist, Urban Climate AI",15-1221.00,Computer and Information Research Scientists,TN,54171,Y,1,76856.0,126000.0,True
34863,Business Systems Analyst ,15-2051.01,Business Intelligence Analysts,TX,541512,Y,1,111363.0,98000.0,False
625727,Big Data/Machine Learning Software Engineer,15-1252.00,Software Developers,OR,334413,Y,1,123677.0,142000.0,True
498653,AI/ML Computational Science Assoc Mgr,15-1211,Computer Systems Analysts,GA,5416,Y,1,104416.0,148000.0,True
581215,"Analyst, Marketing Science",15-2051.00,Data Scientists,NY,541613,Y,1,80850.0,115000.0,False
605262,Techno Functional Consultant L1,15-1211.00,Computer Systems Analysts,TX,541511,Y,1,88566.0,98000.0,False
104573,Machine Learning Engineer,15-1299.08,Computer Systems Engineers/Architects,WA,541512,Y,1,86653.0,165000.0,True
509229, Senior Data Analyst,15-1252.00,Software Developers,MD,541511,Y,1,114026.0,118000.0,False
605403,"SENIOR SOFTWARE ENGINEER, MACHINE LEARNING",15-1252.00,Software Developers,TX,541511,Y,1,120328.0,170000.0,True
336993,Senior Applied Scientist,15-2041.00,Statisticians,TX,541990,Y,1,109429.0,158000.0,True
51904,"Associate Director, Enterprise Data Science",15-2051.00,Data Scientists,MA,32541,Y,1,144040.0,178000.0,True
515465,Software Product Manager 4,15-1299.09,Information Technology Project Managers,CO,334111,Y,1,125112.0,132000.0,False
366305,Machine Learning Engineer,15-2051.00,Data Scientists,NY,541519,Y,1,100547.0,132000.0,True
78159,Senior Lead Consultant,15-1211.00,Computer Systems Analysts,IN,541511,Y,1,73570.0,112000.0,False
46075,Senior Machine Learning Engineer,15-1252.00,Software Developers,CO,316210,Y,1,169374.0,168000.0,True
279207,Manager Data Science,15-2051.00,Data Scientists,WA,334419,Y,1,174117.0,168000.0,False
636093,Senior Data Analyst (Data Science Engineer),15-2051.01,Business Intelligence Analysts,TN,524210,Y,1,100048.0,98000.0,True
491691,"Senior Analyst, Data Science",15-2051.00,Data Scientists,TX,423430,Y,1,88275.0,132000.0,True
45232,"Senior Data Scientist, Global Supply Chain",15-2051.00,Data Scientists,MA,334516,Y,1,97968.0,158000.0,False
685278,Customer Data Analyst,15-2051.00,Data Scientists,NJ,4231,Y,1,108306.0,104000.0,False
113713,Sr. Mechanical Design Engineer,17-2141.00,Mechanical Engineers,CA,336111,Y,1,129381.0,148000.0,False
414330,Applied AI ML Associate,15-2051.00,Data Scientists,OH,551112,Y,1,93621.0,112000.0,True
17503,Data Engineer III,15-2041.00,Statisticians,VA,518210,Y,1,119621.0,132000.0,False
126962,Machine Learning Engineer,11-9041.00,Architectural and Engineering Managers,TX,3344,Y,1,174470.0,158000.0,True
46859,"Manager, Data Science Strategy",15-2031.00,Operations Research Analysts,AR,722513,Y,1,81848.0,132000.0,False
589172,RESEARCH SCIENTIST - AI MACHINE LEARNING,15-1299.08,Computer Systems Engineers/Architects,NY,541715,Y,1,66165.0,142000.0,True
55027,Director Data Science,15-2041.00,Statisticians,CT,524210,Y,1,135200.0,195000.0,True
653016,User Experience Designer,17-2112.00,Industrial Engineers,IL,5192,Y,1,83970.0,98000.0,False
249644,Senior EDI Engineer,15-1252.00,Software Developers,CA,621999,Y,1,121222.0,138000.0,False
553194,Learning Engineer,25-9031.00,Instructional Coordinators,PA,611310,Y,1,48131.0,72000.0,True
65843,Data Scientist II ,15-2051.00,Data Scientists,NJ,54171,Y,1,119552.0,138000.0,False
644262,Applied Scientist II,15-1221.00,Computer and Information Research Scientists,NY,45411,Y,10,100630.0,165000.0,False
173537,Sr Manager Data Science,15-1252.00,Software Developers,AZ,446110,Y,1,143416.0,165000.0,True
120509,Quantitative Analytics and Model Development Expert,13-2099.01,Financial Quantitative Analysts,PA,52211,Y,1,81307.0,142000.0,True
486412,Consultant,15-2051.00,Data Scientists,NY,541611,Y,1,108306.0,118000.0,False
425697,Senior Data Scientist,15-2051.00,Data Scientists,NY,541511,Y,1,135782.0,148000.0,False
143960,Senior R&D Engineer - MIR,15-1221.00,Computer and Information Research Scientists,PA,541511,Y,1,105851.0,151000.0,True
873378,Sr Data Scientist,15-2051.00,Data Scientists,OH,551111,Y,1,99757.0,138000.0,False
288037,Machine Learning Engineer III,15-2041.00,Statisticians,NJ,541690,Y,1,104603.0,142000.0,True
797212,Back-End Developer,15-1251.00,Computer Programmers,CA,339112,Y,1,69243.0,118000.0,False
328682,Assc Analytics & Model Analyst,13-2051.00,Financial and Investment Analysts,NY,56145,Y,1,82285.0,92000.0,True
609026,"Vice President, GenAI Technical Architecture",15-1299.08,Computer Systems Engineers/Architects,NC,5241,Y,1,127774.0,210000.0,True
500396,AI and Data Consultant,15-1252.00,Software Developers,TX,54151,Y,1,98301.0,118000.0,True
551438,Architect,15-1299.08,Computer Systems Engineers/Architects,GA,541511,Y,1,75130.0,124000.0,False
428219,Global Ops Planning & System Manager,15-2031.00,Operations Research Analysts,CA,334510,Y,1,94786.0,138000.0,False
357035,Sustainability Analyst,15-2051.01,Business Intelligence Analysts,IL,541620,Y,1,68786.0,84000.0,False
514286,Model Development Officer I,13-2054.00,Financial Risk Specialists,TX,522110,Y,1,97427.0,98000.0,True
781814,"Data Science Manager, MLOps",11-3021.00,Computer and Information Systems Managers,NY,53211,Y,1,182957.0,210000.0,True
360580,Email Security Specialist,13-1199.07,Security Management Specialists,MA,541511,Y,1,78478.0,124000.0,False
778519,Business Analyst -Ops,15-2031.00,Operations Research Analysts,CA,513210,Y,1,82264.0,98000.0,False
543100,Principal Data Scientist-NLP,15-2031.00,Operations Research Analysts,MA,541511,Y,1,104062.0,192000.0,True
199059,Statisticians - KBGFJG105252-7,15-2041.00,Statisticians,TX,541211,Y,1,76918.0,98000.0,False
230530,Research Scientist in Data Analytics,15-1221.00,Computer and Information Research Scientists,TN,54171,Y,1,76856.0,118000.0,False
8857,Machine Learning Battery Modeling Engineer,17-2199.03,"Energy Engineers, Except Wind and Solar",GA,541713,Y,1,86570.0,123000.0,True
668596,Machine Learning Solution Architect,15-1252.00,Software Developers,CO,311513,Y,1,130520.0,165000.0,True
142954,Associate,15-2051.00,Data Scientists,CA,551114,Y,1,81536.0,142000.0,False
588852,Data and Policy Analyst IV,19-4061.00,Social Science Research Assistants,TX,541720,Y,1,63898.0,78000.0,False
737557,"Software Engineer, Machine Learning, Search Ranking",15-1252.00,Software Developers,NY,454110,Y,1,89253.0,185000.0,True
508917,Lead Modeler,15-2041.00,Statisticians,IL,522210,Y,1,123760.0,132000.0,True
689783,Senior Manager Modeling,15-2041.00,Statisticians,IL,522210,Y,1,91728.0,145000.0,False
605769,Machine Learning Engineer,15-1252.00,Software Developers,AZ,51821,Y,1,102294.0,138000.0,True
562912,Sr. Research Data Scientist,15-1221.00,Computer and Information Research Scientists,MD,5417,Y,1,130416.0,151000.0,False
561208,Director - Software Engineering,15-1252.00,Software Developers,WA,72111,Y,1,168644.0,210000.0,False
801602,Analytics and Modeling Manager,15-1211,Computer Systems Analysts,VA,5416,Y,1,147784.0,135000.0,True
490072,Senior Software Engineer,15-1252.00,Software Developers,HI,5132,Y,1,109283.0,158000.0,False
590596,Postdoctoral Appointee,15-1221.00,Computer and Information Research Scientists,IL,5417,Y,1,58781.0,83000.0,False
486770,Machine Learning Engineer,15-2051.00,Data Scientists,NY,446110,Y,1,108306.0,158000.0,True
460360,Software Engineer,15-1251.00,Computer Programmers,CA,33331,Y,1,146661.0,142000.0,False
21336,Staff AI Engineer,15-1252.00,Software Developers,OR,541511,Y,1,145662.0,230000.0,True
530889,"Director, Pricing & Contracting Analytics",15-2051.01,Business Intelligence Analysts,NJ,325414,Y,1,163238.0,185000.0,False
606879,Audit & Assurance Analytics Specialist Senior,15-2031.00,Operations Research Analysts,OH,54121,Y,3,80434.0,98000.0,False
463844,Vice President Data Management & Quantitative Analysis I,13-2099.01,Financial Quantitative Analysts,PA,523150,Y,1,57616.0,145000.0,False
55636,Sr. Director of AI & Digital Analytics,15-2051.00,Data Scientists,NJ,42413,Y,1,163238.0,245000.0,True
162449,Cognitive Computing Applications Developer,15-1252.00,Software Developers,VA,541519,Y,1,88442.0,132000.0,True
820160,IT Portfolio Architect,15-1252.00,Software Developers,IN,332510,Y,1,132538.0,124000.0,False
452640,Portfolio Analyst,13-2099.01,Financial Quantitative Analysts,MA,523920,Y,1,82430.0,112000.0,False
280125,Data Scientist III,15-2051.00,Data Scientists,FL,541519,Y,1,129272.0,128000.0,False
830425,Senior Staff Machine Learning Engineer,17-2031.00,Bioengineers and Biomedical Engineers,NY,339112,Y,1,119787.0,245000.0,True
678635,Chief Data Officer,15-2051.00,Data Scientists,NY,458110,Y,1,163238.0,290000.0,False
6218,Biosciences Computer Vision Developer,15-1252.00,Software Developers,TN,54171,Y,1,77688.0,118000.0,True
242646,"Senior Analyst, Operations Analytics",15-2041.00,Statisticians,TX,52232,Y,1,68557.0,98000.0,False
566019,ML Data Associate III,15-1299.09,Information Technology Project Managers,WA,45411,Y,10,58926.0,118000.0,True
574697,SAP Solution Architect,15-1252.00,Software Developers,CO,311513,Y,1,130520.0,142000.0,False
335340,Platform Operation Specialist - Info. Security & IT Infras.,15-2031.00,Operations Research Analysts,CA,519130,Y,1,112403.0,118000.0,False
267996,Staff Data Scientist,15-2051.00,Data Scientists,WA,455110,Y,1,142501.0,210000.0,False
687977,"Research Scientist, Urban Climate AI",15-1221.00,Computer and Information Research Scientists,TN,54171,Y,1,76856.0,127000.0,True
353873,"Director, Risk Data Science and Engineering",15-2051.00,Data Scientists,IL,52211,Y,1,131498.0,195000.0,True
200250,"Research - System Test, Modeling, and Validation Engineer",15-1221.00,Computer and Information Research Scientists,MI,33611,Y,1,98342.0,127000.0,False
694545,"Staff Software Engineer, A.I. and Machine Learning",15-1252.00,Software Developers,MI,522390,Y,1,123781.0,185000.0,True
672227,Business Intelligence Engineer I,15-2051.01,Business Intelligence Analysts,TX,45411,Y,1,65166.0,98000.0,False
749279,Embedded Engineer,15-1252.00,Software Developers,MI,541990,Y,1,74651.0,112000.0,False
235865,Lead Autonomy Engineer,17-2071.00,Electrical Engineers,CA,511210,Y,1,127234.0,210000.0,True
773557,"Associate, Applied AI ML",15-2051.00,Data Scientists,CA,551112,Y,1,148699.0,165000.0,True
640373,"Vice President, Data Science",15-1299.09,Information Technology Project Managers,NY,541511,Y,1,128960.0,210000.0,True
292255,Sr. Machine Learning Engineer,15-1252.00,Software Developers,CA,519130,Y,1,147368.0,210000.0,True
535823,Research Support Manager 3,11-9199.01,Regulatory Affairs Managers,MN,611310,Y,1,109782.0,112000.0,False
424471,"Associate, Applied AI/ML",15-2051.00,Data Scientists,CA,551112,Y,1,170186.0,165000.0,True
252285,Senior Vice President; Product Senior Pricing Manager,15-2031.00,Operations Research Analysts,TX,522110,Y,1,87152.0,185000.0,False
654944,ML Ops Engineer,15-1251.00,Computer Programmers,CA,541511,Y,1,86965.0,138000.0,True
577502,Researcher III - Model Engineering,17-2074.00,"Electrical Engineers, R&D",CO,5417,Y,1,72675.0,118000.0,True
109674,Data Scientist Sr. Lead,15-2051.00,Data Scientists,CA,541511,Y,1,151736.0,176000.0,False
652559,Senior Enterprise Systems Specialist,15-1252.00,Software Developers,NJ,3252,Y,1,140046.0,132000.0,False
806172,Machine Learning Engineer,15-1252.00,Software Developers,TN,518210,Y,1,98862.0,132000.0,True
874295,Principal Data Scientist Imaging and Vision AI Researcher,17-2031.00,Bioengineers and Biomedical Engineers,MA,54171,Y,1,122325.0,205000.0,True
832068,DISTINGUISHED ENG AI,15-2051.00,Data Scientists,TX,522110,Y,1,140109.0,245000.0,True
373497,Information Systems Analyst (AI),15-1211.00,Computer Systems Analysts,FL,423220,Y,1,60424.0,101000.0,True
33284,Quantitative Researcher,15-2021.00,Mathematicians,NY,523940,Y,1,143458.0,210000.0,False
724263,Senior Business Intelligence Analyst,15-2031.00,Operations Research Analysts,IL,522210,Y,1,84552.0,118000.0,False
863576,"Staff Engineer, Formal Verification",15-1252.00,Software Developers,CA,423690,Y,20,182375.0,230000.0,False
831300,"Vice President, Senior Data Scientist",15-2051.00,Data Scientists,CA,551112,Y,1,211536.0,230000.0,False
112151,Advisory Data Scientist,15-1252.00,Software Developers,NY,54151,Y,1,115918.0,165000.0,False
430054,"Sr. Staff Architect, Edge Centric AI",17-2071.00,Electrical Engineers,CA,541715,Y,1,225451.0,262000.0,True
182144,IT MANAGER,15-1252.00,Software Developers,CO,311611,Y,1,120702.0,118000.0,False
354549,AUTOMATION ENGINEER,17-2199.05,Mechatronics Engineers,FL,5419,Y,1,76253.0,92000.0,False
309894,Lead Modeler,15-2031.00,Operations Research Analysts,IL,522210,Y,1,100214.0,132000.0,True
380068,Data Scientist,15-2051.00,Data Scientists,LA,541511,Y,1,88837.0,118000.0,False
733293,"Senior Engineer, Systems Engineering",15-1299.08,Computer Systems Engineers/Architects,MD,336413,Y,1,100984.0,142000.0,False
828976,AI Architect & Data Scientist,15-2051.00,Data Scientists,VA,541690,Y,1,110739.0,172000.0,True
463380,Artificial Intelligence Product Manager,15-1299.09,Information Technology Project Managers,NY,518210,Y,1,78478.0,168000.0,True
448333,"Associate, Applied AI ML",15-2041.00,Statisticians,TX,551112,Y,1,95368.0,132000.0,True
42773,"Sr Engineer, Machine Learning",15-1299.08,Computer Systems Engineers/Architects,PA,516210,Y,1,129730.0,157000.0,True
612051,"Vice President, Artificial Intelligence Research",15-1221.00,Computer and Information Research Scientists,NJ,513210,Y,1,155958.0,230000.0,True
414888,Applied AI ML Associate Sr.,15-2051.00,Data Scientists,TX,551112,Y,1,107869.0,132000.0,True
368123,Data Analyst,15-2051.00,Data Scientists,CA,5614,Y,1,71635.0,92000.0,False
330950,Delivery Manager,15-1299.09,Information Technology Project Managers,CA,541511,Y,1,131144.0,158000.0,False
500653,AI Senior Implementation Engineer ,15-1252.00,Software Developers,OH,541511,Y,1,126942.0,138000.0,True
496226,AI Programmer,15-1251.00,Computer Programmers,CA,513210,Y,1,108742.0,132000.0,True
206,Computer Vision Engineer,17-2141.00,Mechanical Engineers,CA,334111,Y,1,140525.0,158000.0,True
469064,Machine Learning Engineer II,15-1252.00,Software Developers,WA,519290,Y,1,155418.0,165000.0,True
575942,Senior Director - Data Analytics and AI Solutions,15-2051.00,Data Scientists,NJ,5619,Y,1,163238.0,225000.0,True
528116,Associate Director - Analytics & Modeling,13-2051.00,Financial and Investment Analysts,NY,561450,Y,1,112715.0,185000.0,True
565968,AI/ML Computational Science Manager,15-1299.08,Computer Systems Engineers/Architects,NY,5416,Y,1,128960.0,210000.0,True
241072,Instrumentation Engineer,17-2071.00,Electrical Engineers,OH,324110,Y,1,108597.0,101000.0,False
59016,"Advisor, Project/Program Management",15-2051.00,Data Scientists,TX,423430,Y,1,93371.0,118000.0,False
725245,Senior Machine Learning Engineer,15-2051.01,Business Intelligence Analysts,CA,541511,Y,1,151736.0,185000.0,True
826846,Application Developer,15-1252.00,Software Developers,PA,339113,Y,1,84781.0,112000.0,False
642718,Lead IT Infrastructure Engineer,15-1252.00,Software Developers,CO,517919,Y,1,108992.0,142000.0,False
354895,BUSINESS ANALYST,15-2051.00,Data Scientists,FL,621111,Y,1,58947.0,98000.0,False
71595,Senior Research Engineer,17-2131.00,Materials Engineers,MN,339999,Y,1,103002.0,118000.0,False
611193,Senior Business Systems Coordinator,15-1252.00,Software Developers,TX,541611,Y,1,101192.0,118000.0,False
274795,Computer and Information Systems Managers - KBOEYTEST1176-36,11-3021.00,Computer and Information Systems Managers,CO,541211,Y,1,228155.0,158000.0,False
790906,AI Developer (1119),15-1252.00,Software Developers,VA,541519,Y,1,148221.0,132000.0,True
21003,ML - Data Scientist,15-2041.00,Statisticians,CA,334111,Y,1,183206.0,168000.0,True
719629,Sr. IT Solution Architect,15-1252.00,Software Developers,ID,334413,Y,1,121514.0,142000.0,False
120979,Data Scientist II,15-2051.00,Data Scientists,CA,45411,Y,1,170186.0,158000.0,False
526891,Operations Analyst,15-2031.00,Operations Research Analysts,MA,423990,Y,1,58219.0,92000.0,False
656626,Staff ML Scientist,15-1221.00,Computer and Information Research Scientists,CA,522320,Y,1,148429.0,245000.0,True
323014,Software Quality Assurance Analyst,15-1253.00,Software Quality Assurance Analysts and Testers,PA,541512,Y,1,86611.0,91000.0,False
342619,Technology Consulting,15-1299.08,Computer Systems Engineers/Architects,TX,513210,Y,1,91000.0,118000.0,False
590199,Engineering Manager,15-1252.00,Software Developers,IL,518210,Y,1,144560.0,165000.0,False
857564,MACHINE LEARNING SCIENTIST,15-1252.00,Software Developers,UT,45999,Y,1,120682.0,142000.0,True
352559,Head of Artificial Intelligence,15-1221.00,Computer and Information Research Scientists,MD,518210,Y,1,147243.0,245000.0,True
759088,Senior AI/ML Engineer,15-1252.00,Software Developers,NJ,52399,Y,1,115918.0,185000.0,True
464290,Software Engineer,15-1252.00,Software Developers,MI,541511,Y,1,77958.0,98000.0,False
46737,Staff Machine Learning Engineer,15-1252.00,Software Developers,TX,541330,Y,1,141315.0,210000.0,True
844149,AI Engagement Manager,13-1111.00,Management Analysts,CA,518210,Y,1,141856.0,157000.0,True
209056,Software Engineer II,15-1252.00,Software Developers,GA,52211,Y,1,102877.0,125000.0,False
28915,Senior Machine Learning Engineer,15-1243.00,Database Architects,CA,541511,Y,1,179670.0,210000.0,True
15837,"Sr Engineer, Machine Learning",15-1299.08,Computer Systems Engineers/Architects,PA,515210,Y,1,129730.0,157000.0,True
380684,Lead Machine Learning Engineer,15-1252.00,Software Developers,NV,51821,Y,1,146266.0,182000.0,True
462677,Quantitative Analytics & Model Development Analyst,13-2099.01,Financial Quantitative Analysts,OH,52211,Y,1,93517.0,104000.0,True
760681,Assistant Project Manager,13-1082.00,Project Management Specialists,NY,541330,Y,1,73507.0,92000.0,False
732652,"Robotics Engineer, Autonomous Aerial Vehicles",17-2199.08,Robotics Engineers,PA,611310,Y,1,72613.0,118000.0,True
598694,Machine Learning Scientist II,15-1221.00,Computer and Information Research Scientists,MA,45411,Y,1,138965.0,158000.0,True
152884,Research Scientist,15-1221.00,Computer and Information Research Scientists,PA,541512,Y,1,121576.0,142000.0,False
245353,Senior Data Engineer,15-2051.00,Data Scientists,NJ,336111,Y,1,132047.0,148000.0,False
11118,"Sr Mgr Engineering and Operations, Data & Analytics IT",15-1299.08,Computer Systems Engineers/Architects,NJ,325411,Y,1,106122.0,178000.0,False
517924,Product Marketing Engineer,41-9031.00,Sales Engineers,CA,33911,Y,1,105331.0,132000.0,False
865810,Senior Computer Vision Engineer,15-1252.00,Software Developers,AR,541715,Y,1,119517.0,148000.0,True
869223,"Senior Manager of Data Science, Data & AI Org",15-1243.00,Database Architects,WA,541512,Y,1,185058.0,192000.0,True
284809,Data Engineer,15-2051.00,Data Scientists,OH,541511,Y,1,93621.0,118000.0,False
638137,Senior Model Developer,15-1252.00,Software Developers,NJ,523150,Y,1,142563.0,155000.0,True
845864,"Associate Principal, Generative AI, Trust and Safety",15-1212.00,Information Security Analysts,DC,541512,Y,1,141918.0,192000.0,True
858811,"Vice President, Applied AI ML Lead",15-2031.00,Operations Research Analysts,TX,551112,Y,1,103272.0,210000.0,True
205053,Outbound Product Manager,41-9031.00,Sales Engineers,CA,541511,Y,1,129730.0,165000.0,False
36800,Senior AI/ML Engineer,15-1252.00,Software Developers,NC,52399,Y,1,110365.0,172000.0,True
72391,Quantitative Risk Modeling Analyst Senior,13-2054.00,Financial Risk Specialists,OH,522190,Y,1,106891.0,132000.0,False
847732,Senior Data Scientist,15-2051.00,Data Scientists,OH,33999,Y,1,82514.0,142000.0,False
640377,Machine Learning Engineer I,15-1221.00,Computer and Information Research Scientists,TX,513210,Y,1,107702.0,128000.0,True
879814,Senior Machine Learning Engineer,15-1252.00,Software Developers,AL,518210,Y,1,121347.0,148000.0,True
428698,Senior Deep Learning Scientist - Medical Image Computing,15-1221.00,Computer and Information Research Scientists,PA,33911,Y,1,136094.0,172000.0,True
555391,Postdoctoral Fellow II,19-1042.00,"Medical Scientists, Except Epidemiologists",PA,54171,Y,1,56472.0,61000.0,False
53638,Machine Learning Engineer,15-1252.00,Software Developers,TX,518210,Y,1,98301.0,132000.0,True
881563,"Associate Director, Data Science & AI - Oncology Product",19-1029.01,Bioinformatics Scientists,MA,32541,Y,1,111238.0,178000.0,True
727993,Sr. Powertrain Architecture Engineer,17-2141.00,Mechanical Engineers,MI,3363,Y,1,112570.0,123000.0,False
552641,"Senior Analyst, Data Science",15-2051.00,Data Scientists,DC,54171,Y,1,102502.0,138000.0,True
271442,Senior Specialist Solutions Engineer,15-2051.00,Data Scientists,MD,541511,Y,1,149594.0,142000.0,False
162209,Sr. Fluidic System Engineer,17-2031.00,Bioengineers and Biomedical Engineers,CA,334516,Y,1,148408.0,158000.0,False
658398,"Director, Machine Learning Engineer",15-1252.00,Software Developers,NC,52399,Y,1,154482.0,230000.0,True
584055,"Sr Mgr,Data Science",15-2041.00,Statisticians,NY,446110,Y,1,136219.0,185000.0,True
460272,"Manager, Product Engineering",11-3021.00,Computer and Information Systems Managers,IL,811310,Y,1,136531.0,148000.0,False
742285,Machine Learning Engineer,15-1252.00,Software Developers,CO,334111,Y,1,179334.0,142000.0,True
153964,Sales Operations Analyst II,13-1111.00,Management Analysts,CA,513210,Y,1,109616.0,94500.0,False
493265,"Sr. Engineer, Automation Controls",17-2199.05,Mechatronics Engineers,IL,336111,Y,1,100547.0,112000.0,False
239602,"Vice President, Model Risk Validator ",15-2021.00,Mathematicians,NY,523110,Y,1,143458.0,210000.0,True
527082,Sr Data Scientist,15-1221.00,Computer and Information Research Scientists,MA,3342,Y,1,154066.0,168000.0,False
750124,Software Development Engineer - Systems,15-1252.00,Software Developers,CA,334111,Y,1,171080.0,142000.0,False
179899,Language Engineer II,15-1211.00,Computer Systems Analysts,MA,45411,Y,10,99091.0,132000.0,True
732270,Sr. Security Consultant ,15-1299.05,Information Security Engineers,VA,541512,Y,5,128986.0,145000.0,False
846498,Project Manager,17-2199.03,"Energy Engineers, Except Wind and Solar",GA,5413,Y,1,92955.0,112000.0,False
271818,Senior Machine Learning Engineer,15-2041.00,Statisticians,WA,5223,Y,1,127795.0,182000.0,True
805573,Lead Modeler,15-2051.00,Data Scientists,IL,522210,Y,1,138715.0,142000.0,True
859149,Machine Learning Manager,11-3021.00,Computer and Information Systems Managers,CA,511210,Y,1,294299.0,230000.0,True
226985, Director Manager - Analytics & Modeling,17-2051.00,Civil Engineers,CA,541330,Y,1,138590.0,158000.0,True
883699,Machine Learning Engineer,15-1252.00,Software Developers,AZ,541511,Y,1,102294.0,132000.0,True
570213,Machine Learning Engineer,11-9041.00,Architectural and Engineering Managers,TX,3344,Y,1,174470.0,158000.0,True
11414,Postdoc Research Associate - Computational Earth Sciences,15-1221.00,Computer and Information Research Scientists,TN,54171,Y,1,76856.0,78000.0,False
681626,Software Engineer - Autonomy,17-2141.00,Mechanical Engineers,CA,541511,Y,1,160077.0,168000.0,True
336860,Gen AI Analyst,15-1253.00,Software Quality Assurance Analysts and Testers,DE,541511,Y,1,80475.0,112000.0,True
433351,Artificial Intelligence Engineer,15-2051.00,Data Scientists,MD,541720,Y,1,75213.0,132000.0,True
394371,Senior Data Engineer,15-1252.00,Software Developers,MA,5241,Y,1,90646.0,165000.0,False
24313,"Tech Lead, SDET- Video Architecture",15-1253.00,Software Quality Assurance Analysts and Testers,CA,54151,Y,1,183726.0,165000.0,False
726222,Senior Machine Learning Enigneer,15-2051.01,Business Intelligence Analysts,CA,541511,Y,1,151736.0,205000.0,True
793412,AI Full Stack Engineer,15-1252.00,Software Developers,IN,3254,Y,1,95243.0,132000.0,True
604405,Lead Scientist - AI Machine Learning,15-1221.00,Computer and Information Research Scientists,NY,541715,Y,1,137675.0,172000.0,True
40790,Machine Learning Engineer,15-1252.00,Software Developers,GA,541511,Y,1,122450.0,138000.0,True
623646,Staff Model Build Analyst,17-2141.00,Mechanical Engineers,MI,336111,Y,1,98426.0,112000.0,True
185007,Business Analyst III,15-2051.01,Business Intelligence Analysts,TX,45411,Y,10,107869.0,98000.0,False
454145,Technical Lead,15-1251.00,Computer Programmers,TX,541511,Y,1,76731.0,132000.0,False
539582,Senior Machine Learning Engineer,15-1252.00,Software Developers,NJ,51121,Y,1,142563.0,172000.0,True
870360,Sr Mgr Machine Learning,15-1252.00,Software Developers,MA,3342,Y,1,147846.0,192000.0,True
780347,Engineer II,17-2199.08,Robotics Engineers,PA,611310,Y,1,76773.0,98000.0,False
133442,Lead Engineer - AI Machine Learning,17-2141.00,Mechanical Engineers,NY,333611,Y,1,107702.0,158000.0,True
770741,Data Scientist III,15-2051.00,Data Scientists,TN,541990,Y,1,96491.0,128000.0,False
532466,Computer and Information Research Scientists,15-1221.00,Computer and Information Research Scientists,NJ,541511,Y,1,128294.0,152000.0,True
815780,Lead AI-ML Engineer,15-1252.00,Software Developers,WA,541512,Y,1,190486.0,205000.0,True
257236,Senior Systems Administrator - Gen,15-1244.00,Network and Computer Systems Administrators,MI,3363,Y,1,80080.0,98000.0,True
556029,Director Data Science,11-3021.00,Computer and Information Systems Managers,AR,455110,Y,1,149926.0,210000.0,True
842995,DATA SCIENCE MANAGER,15-2051.00,Data Scientists,NJ,423620,Y,1,111966.0,165000.0,False
188314,"Vice President, Quant Modeling Lead",13-2099.01,Financial Quantitative Analysts,NJ,551112,Y,1,141523.0,210000.0,False
889537,Model Validator Senior,13-2099.01,Financial Quantitative Analysts,NC,524126,Y,1,111405.0,124000.0,True
624406,PROJECT LEAD,15-1299.09,Information Technology Project Managers,NY,541511,Y,1,103730.0,132000.0,False
714389,Data Scientist,15-2051.00,Data Scientists,CA,541511,Y,20,116646.0,165000.0,False
576580,Enterprise Customer Engineer - AI Infrastructure,15-2051.01,Business Intelligence Analysts,WA,541512,Y,1,142501.0,172000.0,True
436401,Data Scientist Senior,15-2051.00,Data Scientists,MI,524126,Y,1,111987.0,132000.0,False
366173,Senior Data Scientist,15-2051.00,Data Scientists,MI,52411,Y,1,95826.0,145000.0,False
218222,Senior Computer Vision/Machine Learning Engineer ,15-1252.00,Software Developers,MA,333310,N,1,157643.0,142000.0,True
768387,Applications Engineer,17-2072.00,"Electronics Engineers, Except Computer",MA,541512,Y,20,148782.0,112000.0,False
363166,Analytics Engineer,15-2051.00,Data Scientists,GA,458110,Y,1,69285.0,118000.0,False
297515,Sr Member of Technical Staff,17-2199.05,Mechatronics Engineers,CA,51121,Y,1,145288.0,168000.0,False
820221,Mechanical Engineer,17-2141.00,Mechanical Engineers,WA,541330,Y,1,97219.0,92000.0,False
878633,Technical Lead L1,15-1251.00,Computer Programmers,MN,541511,Y,3,98030.0,112000.0,False
19728,Machine Learning Software Engineer,15-1299.08,Computer Systems Engineers/Architects,NJ,541511,Y,1,78478.0,142000.0,True
593100,AIS [00062396],13-2011.00,Accountants and Auditors,MA,522110,Y,1,104936.0,78000.0,True
237537,Senior Intelligent Automation Lead,15-1299.09,Information Technology Project Managers,CO,334513,Y,1,162594.0,138000.0,True
425918,Quantitative Analytics Lead Associate,13-2099.01,Financial Quantitative Analysts,OH,522110,Y,1,83574.0,135000.0,False
250325,"Vice President, AI Research Lead",15-2031.00,Operations Research Analysts,CA,551112,Y,1,174117.0,265000.0,True
663338,Senior Machine Learning Scientist,15-1221.00,Computer and Information Research Scientists,NY,611310,Y,1,128294.0,192000.0,True
807230,Language Engineer II,15-1211.00,Computer Systems Analysts,MA,45411,Y,1,103022.0,118000.0,True
395972,Computer Vision Engineer,15-1211.00,Computer Systems Analysts,TX,541512,Y,1,91562.0,118000.0,True
83299,Autonomy Sr. Engineer,15-1252.00,Software Developers,IL,333120,Y,1,108638.0,132000.0,True
469926,SR CUSTOMER SUCCESS ENGINEER,15-1211.00,Computer Systems Analysts,CA,518210,Y,1,121597.0,158000.0,False
565516,Strategist,13-1161.01,Search Marketing Strategists,NY,541810,Y,1,56784.0,92000.0,False
584895,Machine Learning Scientist,15-2051.00,Data Scientists,CA,454110,Y,1,93309.0,168000.0,True
412695,Senior Computer Vision Engineer,15-2051.00,Data Scientists,PA,3342,Y,1,86736.0,158000.0,True
753036,Data Engineer,15-2051.00,Data Scientists,CO,541511,Y,1,90106.0,118000.0,False
427768,Senior Software Engineer,15-1252.00,Software Developers,TX,551112,Y,1,116351.0,148000.0,False
445078,Machine Learning Engineer,15-2041.00,Statisticians,TX,445120,Y,1,67226.0,132000.0,True
417019,Associate Data Science & Advanced Analytics Manage,15-2041,Statisticians,PA,541618,Y,1,81078.0,124000.0,False
248952,Data Scientist,15-2051.00,Data Scientists,CA,334111,Y,25,166098.0,152000.0,False
811341,ETS Engineer IV - Data Eng(AI/ML/NLP),15-1252.00,Software Developers,VA,522130,Y,1,148221.0,158000.0,True
121188,AI Scientist 3,15-2041,Statisticians,PA,541618,Y,1,99861.0,142000.0,True
214301,POST-DOCTORAL ASSOCIATE,19-1029.01,Bioinformatics Scientists,FL,611310,Y,1,51293.0,54000.0,False
58170,Machine Learning Engineer  ,15-1252.00,Software Developers,IA,611710,Y,1,129480.0,118000.0,True
823227,Data Scientist,15-2051.00,Data Scientists,TX,423610,Y,1,116064.0,122000.0,False
74912,Senior Research Scientist ,15-1221.00,Computer and Information Research Scientists,PA,334111,Y,1,205130.0,151000.0,False
253748,"Manager, AI and Cloud Engineer",15-1252.00,Software Developers,NJ,325411,Y,1,105061.0,168000.0,True
49656,Quality Compliance Manager ,19-1012.00,Food Scientists and Technologists,NY,31181,Y,1,87235.0,92400.0,False
111579,"Engineer II, Software Analysis Engineering",17-2072.00,"Electronics Engineers, Except Computer",TX,425110,Y,1,124114.0,112000.0,False
25575,"Director, Software Engineering",11-3021.00,Computer and Information Systems Managers,AR,455110,Y,1,119600.0,210000.0,False
27789,Model Validation Manager,11-3031.00,Financial Managers,NY,522120,Y,1,229715.0,151000.0,True
487426,Machine Learning Engineer I,15-2051.00,Data Scientists,NJ,621999,Y,1,80850.0,118000.0,True
102842,"Lead, Research Informatics Application Development",15-1295.00,"Software Developers, Non R&D",CA,5417,Y,1,123864.0,158000.0,False
586289,Machine Learning Engineer,15-2051.00,Data Scientists,NY,451110,Y,1,108306.0,165000.0,True
411849,"Principal Engineer, AI/ML Computer Architecture",15-1299.08,Computer Systems Engineers/Architects,CA,423690,Y,20,210704.0,245000.0,True
774286,ASSISTANT PROFESSOR,25-1022.00,"Mathematical Science Teachers, Postsecondary",FL,611310,Y,1,47110.0,78000.0,False
260919,"Vice President, Quantitative Research",15-2041.00,Statisticians,CA,52392,Y,1,127150.0,230000.0,False
444412,Robotics Software Engineer,17-2199.08,Robotics Engineers,PA,541511,Y,1,84365.0,118000.0,False
694225,"Vice President, Quant Analytics Manager",15-2041.00,Statisticians,TX,551112,Y,1,109429.0,185000.0,False
570258,Machine Learning Engineer,15-1252.00,Software Developers,WA,722310,Y,1,101608.0,158000.0,True
618487,AI/ML DEVELOPER,15-1252.00,Software Developers,MN,541512,Y,1,99694.0,124000.0,True
544439,Staff Machine Learning Engineer,15-2051.00,Data Scientists,CA,611710,Y,1,170186.0,245000.0,True
126622,"Software Engineer III, Machine Learning",15-1252.00,Software Developers,NV,516210,Y,1,121202.0,158000.0,True
115408,Machine Learning Engineer,15-1253.00,Software Quality Assurance Analysts and Testers,WA,334111,Y,1,138050.0,148000.0,True
62754,Software Development Engineer -Test,15-1252.00,Software Developers,NY,334111,Y,1,169229.0,132000.0,False
56960,"Sr Manager, Software Development & Engineering-Embedded Eng",11-3021.00,Computer and Information Systems Managers,PA,516210,Y,1,157394.0,176000.0,False
683774,Instrumentation Engineer,17-2071.00,Electrical Engineers,OH,324110,Y,1,108597.0,98000.0,False
117875,Director - Software Engineering,15-1252.00,Software Developers,WA,72111,Y,1,168644.0,210000.0,False
124869,Senior Research Scientist,15-1221.00,Computer and Information Research Scientists,MA,541715,Y,1,169146.0,168000.0,False
342008,Development Specialist,19-1012.00,Food Scientists and Technologists,NY,31151,Y,1,83221.0,82000.0,False
499596,Machine Learning Engineer,15-2051.00,Data Scientists,NY,451110,Y,1,108306.0,155000.0,True
369711,Computer and Information Research Scientist,15-1221.00,Computer and Information Research Scientists,IN,3254,Y,1,115627.0,132000.0,True
216499,Senior Artificial Intelligence (AI) Engineer,15-1295.00,"Software Developers, Non R&D",TN,622310,Y,1,107744.0,148000.0,True
424079,Research Scientist,15-1221.00,Computer and Information Research Scientists,TX,54151,Y,1,117728.0,142000.0,False
20233,AI Product Owner,15-2051.00,Data Scientists,MA,33911,Y,1,120994.0,148000.0,True
118928,Data Scientist,15-1221.00,Computer and Information Research Scientists,MI,541511,Y,1,118165.0,132000.0,False
291056,Data Scientist,15-2051.00,Data Scientists,MA,622110,Y,1,70283.0,118000.0,False
102922,Machine Learning Engineer,15-2051.01,Business Intelligence Analysts,MA,513210,Y,1,144040.0,142000.0,True
138933,Senior Lead Consultant,15-1211.00,Computer Systems Analysts,IN,541511,Y,1,73570.0,112000.0,False
628586,Staff Computer Vision Engineer,17-2199.08,Robotics Engineers,CA,454110,Y,1,170539.0,245000.0,True
757626,"Manager, Software Development ",11-3021.00,Computer and Information Systems Managers,CA,455219,Y,30,190807.0,195000.0,False
482166,"Senior Analyst, Data & Tech",15-2051.00,Data Scientists,NY,54181,Y,1,80850.0,145000.0,False
338312,NLP Engineer,15-1252.00,Software Developers,TX,541511,Y,1,96866.0,132000.0,True
386417,DESIGN ENGINEER,17-2141.00,Mechanical Engineers,CA,541511,Y,1,93288.0,112000.0,False
560223,Senior Data Scientist,15-2051.00,Data Scientists,CA,541511,N,1,116646.0,145000.0,False
396129,"Vice President, Applied Research Lead",15-1221.00,Computer and Information Research Scientists,NY,551112,Y,1,155958.0,260000.0,False
404059,Biomedical engineer,17-2031.00,Bioengineers and Biomedical Engineers,MA,541714,Y,1,96200.0,104000.0,False
785156,Software Development Engineer II,15-1252.00,Software Developers,CA,45411,Y,1,172931.0,175000.0,False
532188,Lead Data Engineer,15-2051.00,Data Scientists,MD,444110,Y,1,149594.0,158000.0,False
752013,"Manager II, Machine Learning Engineering",11-3021.00,Computer and Information Systems Managers,CA,519290,Y,1,239200.0,245000.0,True
575232,SOFTWARE ENGINEER,15-1252.00,Software Developers,MA,33599,Y,10,112986.0,132000.0,False
22650,"Senior Data Scientist, Machine Learning and Operations",15-2051.00,Data Scientists,OH,33999,Y,1,81890.0,148000.0,True
156694,Senior Machine Learning Scientist,15-1252.00,Software Developers,TX,522320,Y,1,96866.0,185000.0,True
63539,Senior Engineer – Machine Learning,15-1252.00,Software Developers,CA,448140,Y,1,147368.0,210000.0,True
849800,Software Engineer,15-1252.00,Software Developers,CO,334519,Y,1,119267.0,125000.0,False
879616,Senior Technical Architect - KBGFJG169557-4,15-1299.08,Computer Systems Engineers/Architects,PA,511210,Y,1,129730.0,145000.0,False
392948,Senior Ecosystem Development Manager,13-1082.00,Project Management Specialists,NY,54151,Y,1,129688.0,148000.0,False
356250,Sr. Model Validation Analyst,15-2051.00,Data Scientists,FL,524126,Y,1,99174.0,118000.0,True
379003,"Principal Analyst, Clinical Programming",19-1029.01,Bioinformatics Scientists,NJ,541714,Y,1,84053.0,142000.0,False
391224,Associate Technical Delivery Manager,15-1299.09,Information Technology Project Managers,CA,541511,Y,1,68120.0,124000.0,False
718127,Principal Consultant,15-1252.00,Software Developers,OR,513210,Y,5,109248.0,158000.0,False
19519,Senior Mobile Architect,15-1221.00,Computer and Information Research Scientists,CT,333921,Y,1,111509.0,168000.0,False
669742, Director Manager - Analytics & Modeling,17-2051.00,Civil Engineers,CA,541330,Y,1,138590.0,158000.0,True
432905,"SVP, Model Development",15-2041.00,Statisticians,CT,522110,Y,1,216840.0,230000.0,True
744661,Consulting Application Engineer,15-1252.00,Software Developers,SC,55111,Y,1,128232.0,118000.0,False
343751,Data Engineer,15-2051.00,Data Scientists,CA,541511,Y,1,116646.0,152000.0,False
218236,Senior Cognitive/Machine Learning Professional,15-2041.00,Statisticians,TX,551112,Y,1,81286.0,138000.0,True
847426,AI Solution Director,17-2112.00,Industrial Engineers,IL,518210,Y,1,121701.0,185000.0,True
184983,Lead Machine Learning Scientist,15-2051.01,Business Intelligence Analysts,UT,519130,Y,1,108514.0,185000.0,True
574973,Staff Computer Scientist II,15-1221.00,Computer and Information Research Scientists,VA,54171,Y,1,102648.0,158000.0,False
213768,IT ANALYST III,15-1252.00,Software Developers,CO,311611,Y,1,99133.0,98000.0,False
440006,Machine Learning Scientist,15-2051.00,Data Scientists,MA,44912,Y,1,144040.0,152000.0,True
291826,"Advisor, Project/Program Management",15-2051.00,Data Scientists,TX,423430,Y,1,93371.0,118000.0,False
548383,Quantitative Researcher,15-2031.00,Operations Research Analysts,IL,523920,Y,1,100214.0,165000.0,False
525990,Predicative Modeler I ,15-2051.00,Data Scientists,MI,524126,Y,1,79685.0,92000.0,True
60608,Advanced Manufacturing Engineer - Robotics,17-2199.08,Robotics Engineers,PA,611310,Y,1,72613.0,112000.0,False
760949,Staff Machine Learning Engineer - Identity,15-1252.00,Software Developers,MI,541519,Y,1,132309.0,205000.0,True
586255,"Director, Market Risk Management (PL)",15-2041.00,Statisticians,IL,523150,Y,1,123760.0,185000.0,False
156481,Lead Data Operations Analyst,15-2051.00,Data Scientists,TX,561110,Y,1,111363.0,132000.0,False
878740,Research Engineer,15-1221.00,Computer and Information Research Scientists,NY,611310,Y,1,73965.0,148000.0,False
514397,Software & Data Engineer,15-2051.00,Data Scientists,MI,541714,Y,1,86653.0,118000.0,False
490388,Artificial Intelligence Assoc Principal,15-2041.00,Statisticians,TX,5416,Y,1,91541.0,142000.0,True
418439,CLOUD DATA SCIENTIST,15-2051.00,Data Scientists,NJ,541511,Y,1,108306.0,138000.0,False
637607,Computer Vision Engineer,15-1221.00,Computer and Information Research Scientists,CA,51929,Y,1,189070.0,187000.0,True
413000,"Director of Sales & Program Management, Americas",11-2022.00,Sales Managers,MI,541330,Y,1,121722.0,165000.0,False
682448,Senior Lead Analytics Consultant (017040.002111),13-2099.01,Financial Quantitative Analysts,NC,52399,Y,1,111405.0,142000.0,False
629664,Machine Learning Engineer Sr. Analyst,15-2051.01,Business Intelligence Analysts,TX,312111,Y,1,85467.0,124000.0,True
216808,"Senior Advisor, Machine Learning Engineer",15-2051.00,Data Scientists,TX,423430,Y,1,134472.0,152000.0,True
604744,"Vice President, Applied AI ML Lead",15-2041.00,Statisticians,DE,551112,Y,1,118643.0,185000.0,True
144427,Postdoctoral Research Staff,19-2012.00,Physicists,CA,54171,Y,1,112466.0,103000.0,False
505677,Princ Production Engineer,15-1242.00,Database Administrators,CA,519290,Y,1,182017.0,172000.0,False
174193,Data Scientist,15-2051.00,Data Scientists,CO,334111,Y,5,114733.0,128000.0,False
375161,Machine Learning Engineer,15-1252.00,Software Developers,WA,334111,Y,1,182312.0,165000.0,True
849494,"Director Solutions Engineering, AI",15-1211.00,Computer Systems Analysts,CA,513210,Y,1,194792.0,262000.0,True
662924,Senior Architect,15-1252.00,Software Developers,CO,51791,Y,1,108992.0,158000.0,False
555516,Mktg Bus Dev Cnslt,15-2031.00,Operations Research Analysts,MN,541512,Y,1,97906.0,98000.0,False
604463,Sr. Engagement Manager - AI and Data Analytics,15-2051.00,Data Scientists,NJ,5619,Y,1,135782.0,167000.0,True
729450,AI Platform Lead Architect,15-1252.00,Software Developers,NC,541714,Y,1,151986.0,192000.0,True
19828,Interface Analyst Senior,15-2051.00,Data Scientists,TX,622110,Y,1,95763.0,118000.0,False
538170,LEAD ARCHITECT,15-2051.00,Data Scientists,FL,518210,Y,1,108264.0,152000.0,False
716047,"Director DS & AI Product, Oncology",15-2051.01,Business Intelligence Analysts,MD,32541,Y,1,149594.0,210000.0,True
273496,"Director DS & AI Product, Oncology",15-2051.01,Business Intelligence Analysts,MD,32541,Y,1,149594.0,210000.0,True
689374,Senior DevOps Engineer (Software),15-1252.00,Software Developers,CA,325412,Y,1,174724.0,176000.0,False
75180,Business Intelligence Engineer II,15-2051.01,Business Intelligence Analysts,TX,45411,Y,1,88275.0,118000.0,False
131404,Senior Engineer (Autonomy - Perception & Prediction),17-2199.05,Mechatronics Engineers,CA,5415,Y,1,94661.0,187000.0,True
50416,Senior Software Engineer,15-1252.00,Software Developers,NC,541511,N,1,151986.0,98000.0,False
475841,"Data Engineer, Social Integrations",15-2051.00,Data Scientists,NY,541511,Y,1,108306.0,152000.0,False
757424,Software-in-the-Loop (SIL) Simulation Integration Engineer,17-2071.00,Electrical Engineers,MI,3361,Y,1,76378.0,104000.0,False
329358,Software Engineer VI,15-1252.00,Software Developers,CO,516210,Y,1,130520.0,168000.0,False
429888,Software Engineer,15-1299.00,"Computer Occupations, All Other",CA,519290,Y,1,210704.0,165000.0,False
68981,BI Engineer,15-2051.00,Data Scientists,NJ,561422,Y,1,135782.0,112000.0,False
254549,Senior Applied Scientist ,15-2051.00,Data Scientists,CA,334413,Y,1,170186.0,192000.0,True
193957,DATA ANALYST/MODEL BUILDER,15-1211.00,Computer Systems Analysts,IN,541611,Y,1,97469.0,78000.0,True
173886,Senior Machine Learning Engineer,15-2051.00,Data Scientists,WA,621999,Y,1,142501.0,192000.0,True
454533,AI Solutions Engineer,41-9031.00,Sales Engineers,CA,541715,Y,1,100734.0,168000.0,True
843379,"Associate, Private Equity Finance",13-2011.00,Accountants and Auditors,MA,523940,Y,1,84240.0,115000.0,False
301697,SOFTWARE DEVELOPER,15-1252.00,Software Developers,PA,5416,Y,1,90522.0,98000.0,False
489572,ELECTRICAL ENGINEER,17-2071.00,Electrical Engineers,WA,541990,Y,1,107869.0,112000.0,False
50900,Machine Learning Engineer,15-1299.08,Computer Systems Engineers/Architects,AZ,541511,Y,1,73923.0,132000.0,True
569133,Executive Director,11-3031.00,Financial Managers,NY,523920,Y,1,277410.0,185000.0,False
397176,Data Center Software Engineer,15-1252.00,Software Developers,TX,54151,Y,1,82056.0,123000.0,False
865845,Software Engineer,15-1252.00,Software Developers,AZ,541511,Y,1,105976.0,118000.0,False
647646,Staff ML Scientist,15-2031.00,Operations Research Analysts,PA,522320,Y,1,69181.0,182000.0,True
820830,Applications Consultant 3,15-1252.00,Software Developers,VA,541512,Y,1,129210.0,118000.0,False
8003,Technical Lead,15-1252,Software Developers,PA,541511,Y,1,89565.0,138000.0,False
34853,Team Lead Application Engineering,15-1252.00,Software Developers,TX,511210,Y,1,139464.0,148000.0,False
853165,Backend Software Engineer,15-1251.00,Computer Programmers,CA,511210,Y,1,126693.0,158000.0,False
64134,Machine Learning Analyst,15-1299.08,Computer Systems Engineers/Architects,PA,541511,Y,1,84469.0,112000.0,True
796504,"Software Engineer II, Machine Learning",15-2051.00,Data Scientists,MA,516210,Y,1,102856.0,142000.0,True
480103,"SOFTWARE ENGINEER, MACHINE LEARNING",15-1252.00,Software Developers,PA,334290,Y,1,108077.0,142000.0,True
728203,Scientist  LM DPD,19-1042.00,"Medical Scientists, Except Epidemiologists",PA,5417,Y,1,105830.0,102000.0,True
395661,Senior Associate JC60 - Database Architects,15-1243.00,Database Architects,CA,541512,Y,1,148658.0,152000.0,False
131133,Manager,15-2031.00,Operations Research Analysts,FL,541511,Y,1,72280.0,104000.0,False
493143,Principal AI/ML Engineer,15-1252.00,Software Developers,UT,52399,Y,1,111093.0,210000.0,True
450087,Machine Learning Engineer,15-1252.00,Software Developers,WA,531390,Y,1,155418.0,158000.0,True
464775,Software Development Engineer III,15-1299.08,Computer Systems Engineers/Architects,CA,45411,Y,10,170914.0,185000.0,False
11713,Data Science Manager ,15-2051.00,Data Scientists,NJ,5416,Y,1,134430.0,165000.0,False
562229,Data Scientist,15-1221.00,Computer and Information Research Scientists,MI,541511,Y,1,118165.0,132000.0,False
779724,"Vice President, AI Research Lead",15-1221.00,Computer and Information Research Scientists,NY,551112,Y,1,143894.0,265000.0,True
49210,Director Data Science,15-2051.00,Data Scientists,KY,524114,Y,1,96949.0,185000.0,True
537788,"Vice President, Applied AI ML Lead",15-2051.01,Business Intelligence Analysts,DE,551112,Y,1,128773.0,185000.0,True
165313,Associate AI Development Director,15-1252,Software Developers,NC,325411,Y,1,154482.0,168000.0,True
286225,Technology Specialists,15-1299.08,Computer Systems Engineers/Architects,NY,513210,Y,1,103730.0,132000.0,False
24169,Senior Research Scientist,15-1221.00,Computer and Information Research Scientists,MA,334111,Y,1,154066.0,163000.0,False
497494,Clinical Data Scientist I   ,15-2051.00,Data Scientists,NJ,541511,Y,1,80850.0,98000.0,False
221578,Associate Data Science Analyst - Neuro-Informatics Lab,15-2051.00,Data Scientists,MN,611310,Y,1,65312.0,92000.0,True
109984,"Sr Mgr,Data Science",15-1252.00,Software Developers,GA,524114,Y,1,142002.0,158000.0,True
369591,Third Party Technology and Automation Lead,15-1299.09,Information Technology Project Managers,CA,522110,Y,30,104333.0,142000.0,False
591024,Computer Specialist,15-1212.00,Information Security Analysts,DC,541511,Y,1,114442.0,122000.0,False
783000,"Director, Transformation Project Manager",15-1299.09,Information Technology Project Managers,NY,522110,Y,1,153046.0,192000.0,False
564472,AI Scientist 3,15-2041,Statisticians,PA,541618,Y,1,99861.0,142000.0,True
24757,"Director, Data Science and AI",15-2051.00,Data Scientists,NJ,54171,Y,1,163238.0,210000.0,True
685752,Sr Intelligent Automation Developer,15-1299.08,Computer Systems Engineers/Architects,TX,481111,Y,1,116979.0,118000.0,True
45724,ASSOCIATE,13-2099.01,Financial Quantitative Analysts,TX,523110,Y,100,50627.0,115000.0,False
727491,Specialist-Technology,15-1211.00,Computer Systems Analysts,NJ,541511,Y,1,93762.0,98000.0,False
843158,Associate Manager Data Science,15-2051.00,Data Scientists,LA,541511,Y,1,87589.0,124000.0,True
452949,"Engineer 4, Software Development & Engineering",15-1299.08,Computer Systems Engineers/Architects,PA,516210,Y,1,129730.0,138000.0,False
646530,Chief Artificial Intelligence Officer,11-1011.00,Chief Executives,CA,511210,Y,1,239200.0,410000.0,True
808670,Software Development Engineer III,15-1252.00,Software Developers,WA,334220,Y,1,163862.0,172000.0,False
510023,Global Technology Applied Research Sr. Associate,15-1221.00,Computer and Information Research Scientists,NY,551112,Y,1,128294.0,165000.0,False
31752,Senior ML/Robotics Engineer II,17-2141.02,Automotive Engineers,CA,54171,Y,1,137301.0,192000.0,True
432010,Research Engineer,15-1221.00,Computer and Information Research Scientists,CA,56149,Y,1,239200.0,168000.0,False
805588,Data Analyst II,15-2051.00,Data Scientists,IL,326112,Y,1,93974.0,92000.0,False
55661,SENIOR BUSINESS SYSTEMS ANALYST - MANUFACTURING (MES),15-2031.00,Operations Research Analysts,TX,3254,Y,1,116501.0,118000.0,False
517944,Firmware Engineer,15-1252.00,Software Developers,CA,423710,Y,1,113443.0,145000.0,False
534017,Data & Research Analyst,15-2031.00,Operations Research Analysts,WA,611210,Y,1,63814.0,78000.0,False
804636,AI Engineer,15-1252.00,Software Developers,NC,444110,Y,1,112986.0,142000.0,True
625855,DATA ANALYST/MODEL BUILDER,15-1211.00,Computer Systems Analysts,IN,541611,Y,1,72654.0,78000.0,True
886231,"Authorized Officer, Engineer",15-1252.00,Software Developers,NJ,523150,Y,1,115918.0,142000.0,False
722411,Principal Machine Learning Engineer,15-1243.00,Database Architects,MA,52399,Y,1,146224.0,210000.0,True
624216,Applied Scientist,15-1221.00,Computer and Information Research Scientists,NJ,513210,Y,20,100630.0,142000.0,False
470258,"Machine Learning Analyst, Sr.",15-2051.01,Business Intelligence Analysts,TX,513210,Y,1,93371.0,124000.0,True
260857,Machine Learning Engineer,15-1252.00,Software Developers,CA,334111,Y,1,215410.0,185000.0,True
588122,Senior Programmer Analyst (Bioinformatics),19-1029.01,Bioinformatics Scientists,NJ,541715,Y,1,112861.0,132000.0,False
510350,Risk Analyst,15-2041.00,Statisticians,TX,551114,Y,1,68557.0,92000.0,False
138903,Data Scientist II,15-2051.00,Data Scientists,WI,541890,Y,1,96304.0,112000.0,False
697458,Manager Application Engineering,15-1299.09,Information Technology Project Managers,IL,522210,Y,1,118186.0,135000.0,False
353457,Senior Analytics Engineer,15-2051.00,Data Scientists,KY,523999,Y,1,64605.0,128000.0,False
441222,Principal Engineer II - Customer Networks,15-1244.00,Network and Computer Systems Administrators,MI,334220,Y,1,107328.0,138000.0,False
385583,Senior AI Lead Engineer,15-1252.00,Software Developers,OH,517919,Y,1,130499.0,185000.0,True
843954,"Engineer III, Machine Learning Software",15-1252.00,Software Developers,CA,425110,Y,1,199534.0,192000.0,True
159312,ML DATA SCIENTIST,15-2051.00,Data Scientists,NJ,541519,Y,1,108306.0,142000.0,True
613138,Principal - AI Software Engineering,11-3021.00,Computer and Information Systems Managers,DC,541611,Y,1,212950.0,210000.0,True
578085,"Associate Director, Decision Intelligence Tools & Solutions",15-2051.01,Business Intelligence Analysts,NJ,325411,Y,1,158496.0,158000.0,True
339698,Senior Data Scientist,15-2041.00,Statisticians,CA,541714,Y,1,143770.0,185000.0,False
765557,Analyst - Testing,15-1253.00,Software Quality Assurance Analysts and Testers,DE,541511,Y,1,80475.0,92000.0,False
382420,Technology Consultant,15-2051.01,Business Intelligence Analysts,CA,541512,Y,1,88462.0,112000.0,False
688250,Lead Applied Scientist ,15-2051.00,Data Scientists,IL,511210,Y,1,89690.0,185000.0,True
278175,"Manager, Data Science Strategy",15-2031.00,Operations Research Analysts,AR,722513,Y,1,81848.0,132000.0,False
767834,Associate,15-2051.00,Data Scientists,WA,54199,Y,1,110864.0,132000.0,False
413610,President of AI Products and Business,11-1021.00,General and Operations Managers,CA,541715,Y,1,134181.0,410000.0,True
817450,Computer and Information Research Scientist,15-1221.00,Computer and Information Research Scientists,FL,541512,Y,1,79186.0,138000.0,True
468703,"VP, Credit Model Development",15-2051.01,Business Intelligence Analysts,NJ,522110,Y,1,135782.0,190000.0,True
144567,"Full Stack Engineer, Machine Learning",15-1252.00,Software Developers,NY,451110,Y,1,115918.0,168000.0,True
361217,"Sr. Business Data Engineer, SMAI",15-1252.00,Software Developers,ID,334413,Y,1,101150.0,132000.0,True
317152,Senior Computer Vision/AI Engineer,15-2051.00,Data Scientists,MA,334290,Y,1,144040.0,168000.0,True
676150,Group Manager II - Electrical Engineering,11-9041.00,Architectural and Engineering Managers,CO,5417,Y,1,111010.0,158000.0,False
474200,Lead Data Scientist,15-2051.00,Data Scientists,MN,45231,Y,1,129147.0,158000.0,False
148849,Assistant Professor,25-1021.00,"Computer Science Teachers, Postsecondary",AZ,611310,Y,1,57160.0,104000.0,False
384828,Computer Vision Engineer,15-1252.00,Software Developers,OH,541511,Y,1,72758.0,128000.0,True
886870,Data Analyst Advisor,15-2051.00,Data Scientists,TN,492110,Y,1,114254.0,104000.0,False
498498,Senior Data Engineer,15-2051.00,Data Scientists,CA,551112,Y,1,93309.0,165000.0,False
271625,Senior Computational Software Development Engineer,15-1252.00,Software Developers,CA,425110,Y,1,141209.0,195000.0,False
500910,Algorithm Engineer,15-1251.00,Computer Programmers,CA,33331,Y,5,146661.0,142000.0,True
16169,Lead Infrastructure Engineer (017040.001238),15-1252.00,Software Developers,TX,52399,Y,1,139464.0,148000.0,False
394589,Application Engineer,15-1252.00,Software Developers,IL,522210,Y,1,102690.0,118000.0,False
696397,"Manager, AI and Cloud Engineer",15-1252.00,Software Developers,NJ,325411,Y,1,105061.0,168000.0,True
840317,Test Lead,15-1253.00,Software Quality Assurance Analysts and Testers,NJ,541512,Y,1,103418.0,118000.0,False
558145,"Associate Director, Data Architecture",15-2051.00,Data Scientists,NJ,45322,Y,1,156312.0,157000.0,False
287375,Director Data Science,15-2041.00,Statisticians,CT,524210,Y,1,135200.0,195000.0,True
547865,Technology Architect - US,15-1299.08,Computer Systems Engineers/Architects,CA,541511,Y,5,148450.0,142000.0,False
887834,Lab Engineer I,17-2199.08,Robotics Engineers,CA,45411,Y,1,94765.0,112000.0,False
863985,"SOFTWARE ENGINEER, MACHINE LEARNING",15-1299.00,"Computer Occupations, All Other",CA,519290,Y,1,201323.0,185000.0,True
531915,Industry & Function AI Value Strategy Manager,13-1111.00,Management Analysts,CA,5416,Y,1,167086.0,168000.0,True
192170,ELEMENTARY ESL TEACHER/MLP SPECIALIST,25-2021.00,"Elementary School Teachers, Except Special Education",SC,611110,Y,1,49423.0,47000.0,True
736258,Software Applications Developer,15-1252.00,Software Developers,TN,541511,Y,1,90314.0,112000.0,False
616522,Sr Manager Data Science,15-1252.00,Software Developers,AZ,446110,Y,1,143416.0,165000.0,True
274187,"Machine Learning Engineer, E-Commerce Risk Control",15-2051.00,Data Scientists,CA,54151,N,1,170186.0,145000.0,True
389744,AI BUSINESS ANALYST,15-1211.00,Computer Systems Analysts,NJ,541511,Y,1,104125.0,112000.0,True
399127,Research Analyst,19-1029.01,Bioinformatics Scientists,CA,5416,Y,1,76461.0,118000.0,False
676353,Product Growth Analyst,15-2041.00,Statisticians,CA,51929,Y,1,154669.0,138000.0,False
375641,Healthcare Informatics Analyst,15-2051.00,Data Scientists,GA,541715,Y,1,89877.0,112000.0,False
344490,Lead Analyst - Data Science,15-2031.00,Operations Research Analysts,NC,541511,Y,5,73798.0,124000.0,True
115488,Member of Technical Staff (AI Research Engineer),15-1221.00,Computer and Information Research Scientists,CA,511210,Y,1,259397.0,210000.0,True
543470,Vice President,15-1252.00,Software Developers,GA,5231,Y,1,142002.0,170000.0,False
177287,Manager of Education Programs Engineering,11-2021.00,Marketing Managers,MA,511210,Y,1,168064.0,148000.0,False
883923,Lead Data Scientist,15-2051.00,Data Scientists,MO,541511,Y,1,87693.0,158000.0,False
616035,Lead Data Scientist,15-2041.00,Statisticians,CT,524114,Y,1,124509.0,165000.0,False
318694,Data Scientist ,15-2051.00,Data Scientists,IL,333120,Y,1,89690.0,128000.0,False
323829,Manager Customer Data Science,15-2051.01,Business Intelligence Analysts,TX,451110,Y,1,115877.0,132000.0,True
726491,"Associate Director, Enterprise Data Science",15-2051.00,Data Scientists,MA,32541,Y,1,144040.0,178000.0,True
835429,Applied AI Scientist,15-1221.00,Computer and Information Research Scientists,IL,541511,Y,1,139797.0,152000.0,True
26426,"HEAD OF ACCOUNT MANAGEMENT, GROUP BUSINESS HEAD",11-2021.00,Marketing Managers,NY,54181,Y,1,232398.0,210000.0,False
47769,Risk Data Scientist,15-2041.00,Statisticians,WA,523120,Y,1,96221.0,142000.0,False
658271,"Senior Product Manager, Experimentation and AI",11-2021.00,Marketing Managers,MA,511210,Y,1,168064.0,190000.0,True
25781,Sr Engr Cslt -AI/ML,15-1299.08,Computer Systems Engineers/Architects,TX,517919,Y,1,93517.0,148000.0,True
794597,"Associate, AI & Data Science",15-2051.01,Business Intelligence Analysts,TX,551112,Y,1,92040.0,118000.0,True
270825,"Staff Engineer, Robotics Engineering and AI",17-2199.08,Robotics Engineers,CA,333998,Y,1,170539.0,238000.0,True
236479,Senior Machine Learning Engineer,15-2041.00,Statisticians,WA,5223,Y,1,102461.0,165000.0,True
80776,Validation Engineer IV,15-2051.01,Business Intelligence Analysts,CA,541714,Y,1,116646.0,142000.0,False
774413,Staff Algorithm Engineer,17-2141.02,Automotive Engineers,WA,336111,Y,1,118976.0,192000.0,True
780287,Director,15-2051.00,Data Scientists,DC,541611,Y,1,166858.0,192000.0,False
230396,Manager of Analytics ,15-2051.01,Business Intelligence Analysts,PA,561110,Y,1,128773.0,118000.0,False
781841,Machine Learning Operations Engineer,15-1252.00,Software Developers,UT,622110,Y,1,120682.0,132000.0,True
167863,"Robotics Engineer, Senior",17-2199.08,Robotics Engineers,CA,33411,Y,1,120016.0,168000.0,False
587694,"Full Stack Engineer, Machine Learning",15-1252.00,Software Developers,NY,451110,Y,1,115918.0,168000.0,True
27309,Software Senior Engineer,15-1252.00,Software Developers,PA,42343,Y,1,100069.0,138000.0,False
166161,Algorithm Engineer,15-1221.00,Computer and Information Research Scientists,MI,33331,Y,1,91707.0,138000.0,True
405128,Machine Learning Engineer,15-1252.00,Software Developers,NJ,511210,Y,1,115918.0,148000.0,True
196666,Machine Learning Engineer,15-1252.00,Software Developers,MA,334111,Y,1,135304.0,158000.0,True
775541,Sr. Software Product Engineer,15-2051.00,Data Scientists,WA,336110,Y,1,118414.0,158000.0,False
848441,Responsible AI Senior Manager,15-2041.00,Statisticians,NJ,519290,Y,1,142771.0,168000.0,True
229516,Operations Research Analysts - KBGFJG100102-8,15-2031.00,Operations Research Analysts,NY,541211,Y,1,109845.0,118000.0,False
490310,AI Software Engineer,15-1252.00,Software Developers,GA,481111,Y,1,122450.0,142000.0,True
432272,Senior Manager HEOR ( Healthcare Economics & Outcomes),15-2051.00,Data Scientists,NJ,3254,Y,1,134430.0,165000.0,False
407676,Mechatronics Engineer,17-2199.05,Mechatronics Engineers,CA,541330,Y,1,90334.0,118000.0,False
808588,Ratings Associate,13-2051.00,Financial and Investment Analysts,NY,56145,Y,1,85301.0,92000.0,False
70164,"Associate, Applied AI and ML",15-1252.00,Software Developers,TX,551112,Y,1,120328.0,132000.0,True
758192,Technical Lead,15-1299.08,Computer Systems Engineers/Architects,PA,541519,Y,1,78250.0,132000.0,False
572701,Machine Learning Engineer (118.3241.4),15-1299.08,Computer Systems Engineers/Architects,CA,541512,Y,1,170914.0,165000.0,True
613277,Technical Product Owner,15-1299.08,Computer Systems Engineers/Architects,MA,335311,Y,1,116355.0,132000.0,False
33675,COMPUTER PROGRAMMER,15-1251.00,Computer Programmers,TX,541519,Y,1,76731.0,92000.0,False
500936,Senior ML Engineer,15-1299.08,Computer Systems Engineers/Architects,TX,541330,Y,1,91000.0,185000.0,True
227455,ML Data Associate III,15-1299.09,Information Technology Project Managers,TX,45411,Y,1,48464.0,91000.0,True
14040,Sr. Program Manager,11-3021.00,Computer and Information Systems Managers,CA,334413,Y,1,218007.0,178000.0,False
712953,Senior Scientist-Machine Learning,17-2112.00,Industrial Engineers,NY,333611,Y,1,119038.0,148000.0,True
382365,Statistical Analyst,15-2041.00,Statisticians,IN,524210,Y,1,75504.0,78000.0,False
166219,Machine Learning Engineer,15-2031.00,Operations Research Analysts,CA,334111,Y,1,174117.0,168000.0,True
725,Data Analytics Engineer  Senior,15-2051.00,Data Scientists,TX,622110,Y,1,95763.0,124000.0,False
765650,Software Developers - KBGFJG116659-5,15-1252.00,Software Developers,MN,541211,Y,1,99694.0,112000.0,False
432816,Jr. Data Analyst,15-2051.00,Data Scientists,AR,331110,Y,1,62566.0,72000.0,False
524690,Applied Researcher,15-1221.00,Computer and Information Research Scientists,CA,56149,Y,1,239200.0,182000.0,False
76354,"Engineer Manager, Braking Controls (Algorithm)",17-2199.05,Mechatronics Engineers,MI,3363,Y,1,116646.0,142000.0,True
749094,"Senior Software Engineer, AI Research ",15-1221.00,Computer and Information Research Scientists,NJ,541511,Y,1,155958.0,182000.0,True
569215,Machine Learning Engineer,15-1252.00,Software Developers,NJ,327215,Y,1,89253.0,132000.0,True
238795,"Senior Product Manager, ML Products",13-1082.00,Project Management Specialists,NY,541511,Y,1,157768.0,192000.0,True
38414,Packaged App Development Sr Manager,15-1211,Computer Systems Analysts,NJ,5416,Y,1,147285.0,155000.0,False
684783,"Principal Engineer, Systems Design Engineering",17-2061.00,Computer Hardware Engineers,CA,334112,Y,1,158226.0,210000.0,False
745334,"Manager, Energy Engineering & Analytics",17-2199.03,"Energy Engineers, Except Wind and Solar",CO,541990,Y,1,135200.0,132000.0,False
135320,Software Product Manager 4,15-1299.09,Information Technology Project Managers,CO,334111,Y,1,125112.0,132000.0,False
416617,Data Scientist,15-2051.00,Data Scientists,PA,334513,Y,1,52811.0,118000.0,False
454012,AI Engineer,15-1295.00,"Software Developers, Non R&D",CA,541720,Y,1,124821.0,168000.0,True
627812,Lead Machine Learning Scientist,15-2051.01,Business Intelligence Analysts,UT,519130,Y,1,108514.0,185000.0,True
153068,Commercial Strategy & Operations Associate,15-2051.01,Business Intelligence Analysts,CA,541512,Y,1,116646.0,118000.0,False
193979,Director of Business Development,15-2031.00,Operations Research Analysts,MA,54169,Y,1,58219.0,168000.0,False
196375,"Manager III, Data Science",15-2051.00,Data Scientists,VA,518210,Y,10,149594.0,165000.0,False
25117,Consultant - US,15-1299.09,Information Technology Project Managers,PA,541511,Y,5,78250.0,112000.0,False
522508,Model Review Analyst,15-1253.00,Software Quality Assurance Analysts and Testers,CO,51929,Y,1,72259.0,104000.0,True
649953,SDS Systems & Safety Engineer Sr ,15-1252.00,Software Developers,MI,336110,Y,1,123781.0,123000.0,False
349999,Software Applications Developer,15-1252.00,Software Developers,TX,541519,Y,1,96866.0,132000.0,False
261831,Machine Learning Scientist,15-2051.00,Data Scientists,TX,5192,Y,1,111363.0,152000.0,True
483620,Computer Vision Engineer,17-2061.00,Computer Hardware Engineers,MA,333111,Y,1,119766.0,138000.0,True
484257,eCommerce Senior Data Science Specialist,15-2051.01,Business Intelligence Analysts,TX,312111,Y,1,107869.0,142000.0,False
698967,Senior Machine Learning Engineer (Modeling),15-2051.01,Business Intelligence Analysts,CA,513210,Y,1,146744.0,185000.0,True
119054,IT Manager,15-1252.00,Software Developers,CA,312130,Y,1,147597.0,142000.0,False
375230,Analyst - Testing,15-1299.01,Web Administrators,TX,541511,Y,1,70075.0,92000.0,False
327738,Senior Marketing Analytics Manager,11-2021.00,Marketing Managers,MA,513210,Y,1,101026.0,150000.0,False
332216,"IT Manager, Data Science - KBGFJG119723-4",15-2031.00,Operations Research Analysts,TX,324110,Y,1,105830.0,132000.0,True
451734,Software Development Engineer - Systems,15-1252.00,Software Developers,MA,334111,Y,1,135304.0,152000.0,False
56076,Machine Learning and Analytics Engineer,17-2199.05,Mechatronics Engineers,FL,541511,Y,1,53144.0,118000.0,True
439260,Machine Learning Software Engineer,15-1252.00,Software Developers,NJ,5417,Y,1,115918.0,138000.0,True
667982,Product Analyst,15-2051.00,Data Scientists,CA,541512,N,1,138350.0,98000.0,False
667100,Chief Business Development Officer,11-3021.00,Computer and Information Systems Managers,FL,524298,Y,1,185557.0,210000.0,False
833027,LEAD DATA SCIENTIST,15-1221.00,Computer and Information Research Scientists,NJ,541511,Y,1,143894.0,168000.0,False
831301,Senior Machine Learning Operations Engineer,15-1299.08,Computer Systems Engineers/Architects,CA,451110,Y,1,132579.0,182000.0,True
688694,SQL Developer,15-1251.00,Computer Programmers,MI,541511,Y,1,78582.0,92000.0,False
859159,Applied Sciences,15-1221.00,Computer and Information Research Scientists,NJ,513210,Y,1,113693.0,152000.0,False
658716,"ASIC Engineer, Design",17-2071.00,Electrical Engineers,CA,519290,Y,1,183456.0,158000.0,False
693098,Technical Program Manager III,15-1299.09,Information Technology Project Managers,WA,45411,Y,10,86653.0,168000.0,False
469091,Principal Applied AI Engineer,15-2051.00,Data Scientists,CA,541611,N,1,151736.0,210000.0,True
451596,Solution Intelligence Analyst II,15-2031.00,Operations Research Analysts,MN,541614,Y,1,81182.0,92000.0,True
465559,Machine Learning Engineer 3,15-2051.00,Data Scientists,CA,522320,Y,1,107682.0,172000.0,True
465941,"Sr. Software Engineer, Machine Learning",15-2041.00,Statisticians,CA,518210,Y,1,163488.0,210000.0,True
850648,Autonomy Engineer – Computer Vision,17-2072.00,"Electronics Engineers, Except Computer",CA,33451,Y,1,124197.0,165000.0,True
74713,"Hardware Engineer, Electronics",17-2072.00,"Electronics Engineers, Except Computer",CA,334111,Y,25,153504.0,142000.0,False
623148,Business System Analyst,15-2031.00,Operations Research Analysts,CA,541511,Y,20,107619.0,118000.0,False
347184,SOFTWARE DEVELOPER,15-1252.00,Software Developers,NJ,541511,Y,1,115918.0,112000.0,False
726256,Software Engineer,15-1252.00,Software Developers,IL,541511,Y,1,102690.0,112000.0,False
737673,Senior AEM Developer,15-1252.00,Software Developers,MA,511210,Y,1,135304.0,142000.0,False
169311,Machine Learning Engineer,15-1299.08,Computer Systems Engineers/Architects,CA,541512,Y,1,170914.0,165000.0,True
359701,System Business Analyst,15-1295.00,"Software Developers, Non R&D",IL,62211,Y,1,84906.0,112000.0,False
699912,Senior Machine Learning Engineer,15-2051.00,Data Scientists,WA,334413,Y,1,142501.0,185000.0,True
851259,Principal Machine Learning Engineer,15-1252.00,Software Developers,GA,511210,Y,1,149760.0,192000.0,True
443366,Machine Learning Engineer,17-2199.00,"Engineers, All Other",TX,522220,Y,1,98634.0,132000.0,True
171249,Senior Data Science & ML Architect,15-2051.00,Data Scientists,NJ,458110,Y,1,163238.0,192000.0,True
136811,Sr Data Scientist - Recommendations,15-2051.00,Data Scientists,MN,4599,Y,1,112715.0,152000.0,True
42905,"Director DS & AI Product, Oncology",15-2051.01,Business Intelligence Analysts,MD,32541,Y,1,149594.0,210000.0,True
659940,"Sr. Software Engineer, Autonomous Driving",17-2199.08,Robotics Engineers,CA,541511,Y,1,170539.0,215000.0,True
724028,Applied Scientist II,15-1221.00,Computer and Information Research Scientists,MA,45411,Y,10,138965.0,152000.0,False
852489,"Senior Manager, ServiceNow",15-1252.00,Software Developers,NJ,325411,Y,1,152131.0,165000.0,False
744083,Data Science Director,11-3021.00,Computer and Information Systems Managers,NY,52229,Y,1,183414.0,210000.0,False
410087,Project Manager,15-2041.00,Statisticians,NY,51929,Y,1,136219.0,118000.0,False
357110,"Software Engineer, Machine Learning",15-1299.00,"Computer Occupations, All Other",CA,519290,Y,1,181813.0,185000.0,True
797834,"Associate, Applied AI ML Associate Sr",15-2031.00,Operations Research Analysts,OH,551112,Y,1,102253.0,118000.0,True
359291,Machine Learning Scientist III,15-1221.00,Computer and Information Research Scientists,MA,541511,Y,1,154066.0,168000.0,True
620207,"Vice President, Artificial Intelligence Research",15-1221.00,Computer and Information Research Scientists,NJ,513210,Y,1,155958.0,230000.0,True
807327,Software Analyst,15-1211.00,Computer Systems Analysts,NJ,541511,Y,1,105019.0,98000.0,False
575296,"Staff Engineer, Data Science & Machine Learning",15-2051.00,Data Scientists,NY,425110,Y,1,76981.0,178000.0,True
822645,Business Architecture Team Lead,15-1211,Computer Systems Analysts,GA,5416,Y,1,89710.0,124000.0,False
456457,"Manager, Machine Learning and Data Engineering",15-2051.02,Clinical Data Managers,NJ,5417,Y,1,158496.0,157000.0,True
412551,Machine Learning Engineer,17-2199.08,Robotics Engineers,MA,33531,Y,1,100547.0,151000.0,True
690846,Data Analyst,15-2051.00,Data Scientists,IL,541612,Y,1,68786.0,92000.0,False
273420,Assistant Vice President,15-1252.00,Software Developers,NC,523110,Y,1,127629.0,132000.0,False
842955,Data Engineer III,15-1243.00,Database Architects,TX,518210,Y,1,123968.0,132000.0,False
794509,Big Data ETL Developer,15-1243.00,Database Architects,NJ,518210,Y,1,126360.0,118000.0,False
661016,Senior Cognitive/Machine Learning Professional,15-2041.00,Statisticians,TX,551112,Y,1,81286.0,138000.0,True
268641,Senior Associate,15-2031.00,Operations Research Analysts,CA,551114,Y,1,107619.0,138000.0,False
887028,Senior Manager Data Science,15-2041.00,Statisticians,IL,522210,Y,1,123760.0,165000.0,True
605819,Computer and Information Research Scientists-Kbgfjg208953-4,15-1221.00,Computer and Information Research Scientists,NJ,541211,Y,1,155958.0,142000.0,True
622851,Language Engineer II,15-1211.00,Computer Systems Analysts,MA,45411,Y,10,99091.0,132000.0,True
401053,Sr. Technical Program Manager,11-3021.00,Computer and Information Systems Managers,NY,541511,Y,1,183414.0,185000.0,False
711395,Senior Software Engineer,15-2041.00,Statisticians,CA,561599,Y,1,154669.0,182000.0,False
728450,"Sr Mgr, Data Science",15-2041.00,Statisticians,NY,524114,Y,1,167814.0,185000.0,True
811864,Senior Data Scientist,15-2051.00,Data Scientists,IL,524210,Y,1,138715.0,155000.0,False
406507,"AVP, Client Operations Officer",15-2031.00,Operations Research Analysts,IL,522110,Y,1,68910.0,118000.0,False
115602,Machine Learning Engineer,15-1252.00,Software Developers,NC,513210,Y,1,128232.0,138000.0,True
547161,Machine Learning Engineer,15-1299.08,Computer Systems Engineers/Architects,MA,541330,Y,1,141856.0,142000.0,True
381222,Computer Systems Engineer-Autonomous Mobile Robots,15-1299.08,Computer Systems Engineers/Architects,SC,54161,Y,1,68453.0,118000.0,True
376524,Engineer I,17-2031.00,Bioengineers and Biomedical Engineers,MN,541330,Y,1,73050.0,81500.0,False
604882,Robotic Process Auto Developer,15-1252,Software Developer,NC,541519,Y,1,75421.0,98000.0,False
269446,Data Scientist Manager,15-2051.00,Data Scientists,MO,5419,Y,1,71053.0,148000.0,False
429066,Model Risk Program Associate,13-2099.01,Financial Quantitative Analysts,NY,551112,Y,1,115086.0,145000.0,True
378971,Machine Learning Engineer - Demand Forecasting,15-2051.00,Data Scientists,WA,519130,Y,1,174117.0,158000.0,True
508396,"Engineer, AI and Automation",15-1253.00,Software Quality Assurance Analysts and Testers,CA,33611,Y,1,112299.0,142000.0,True
632815,Sr. SAP Integration Analyst,15-1211.00,Computer Systems Analysts,MA,455211,Y,1,119496.0,132000.0,False
853797,AI Program Director,11-3021.00,Computer and Information Systems Managers,TX,335931,Y,1,206190.0,185000.0,True
883297,"Vice President, Applied AI ML Lead",15-2051,Data Scientists,NY,551112,Y,1,163238.0,245000.0,True
427112,Quant Analytics Associate Sr,15-2051.00,Data Scientists,NY,551112,Y,1,108306.0,145000.0,False
863671,Research Fellow - AI and Informatics,19-1029.01,Bioinformatics Scientists,FL,611310,Y,1,65333.0,72000.0,True
834272,Predictive Modeler I,15-2051.00,Data Scientists,MI,524126,Y,1,83158.0,92000.0,True
9752,Application Security Engineer: Software Assurance - USDS,15-1253.00,Software Quality Assurance Analysts and Testers,DC,51821,Y,1,94058.0,142000.0,False
303793,Assistant Vice President; Risk Analysis Specialist I,15-2031.00,Operations Research Analysts,NC,522110,Y,1,79435.0,118000.0,False
465987,System Test Engineer,17-2199.08,Robotics Engineers,MA,3339,Y,1,76170.0,118000.0,False
858769,Solution Architect III,15-1252.00,Software Developers,OH,518210,Y,1,112840.0,132000.0,False
460590,Sr. Staff Engineer,17-2141.00,Mechanical Engineers,CA,334413,Y,1,164299.0,192000.0,False
513551,Senior Risk Infrastructure Analyst,15-2051.00,Data Scientists,CA,522291,Y,1,116646.0,168000.0,False
170635,"Full Stack Developer, Assistant Vice President",15-1252.00,Software Developers,NJ,523150,Y,1,142563.0,142000.0,False
251152,"Senior Data Scientist, Machine Learning and Operations",15-2051.00,Data Scientists,OH,33999,Y,1,81890.0,148000.0,True
134134,Technical Project Manager - Algorithm Applications,17-2071.00,Electrical Engineers,OH,326211,Y,1,109699.0,118000.0,True
139464,"MTS 1, Machine Learning Engineer",15-2031.00,Operations Research Analysts,CA,522320,Y,1,174117.0,168000.0,True
566187,MANUFACTURING ENGINEER,17-2112.03,Manufacturing Engineers,TN,541330,Y,1,89128.0,92000.0,False
850331,Software Engineering Manager,15-1252.00,Software Developers,TN,524292,Y,1,134014.0,158000.0,False
495138,Industry & Functional AI Value Strategy Senior Manager,13-1111.00,Management Analysts,NY,5416,Y,1,154315.0,210000.0,True
680245,Senior Intelligent Automation Lead,15-1299.09,Information Technology Project Managers,CO,334513,Y,1,162594.0,138000.0,True
330470,Director Platform Engineering / ML Ops,15-1299.09,Information Technology Project Managers,CA,541519,Y,1,210704.0,245000.0,True
13173,Senior Machine Learning Engineer,15-1252.00,Software Developers,NJ,51121,Y,1,169229.0,185000.0,True
518270,Senior Microsoft Solutions Architect - Data & AI,15-1243.00,Database Architects,VA,541519,Y,1,194958.0,165000.0,True
717416,Data Engineer,15-1252.00,Software Developers,IL,522210,Y,1,102690.0,118000.0,False
602833,Senior Machine Learning Engineer - Finance,15-1221.00,Computer and Information Research Scientists,MA,513210,Y,1,154066.0,192000.0,True
552557,Engineer I - Software HTN,15-1252.00,Software Developers,MI,3363,Y,1,72758.0,92000.0,False
820244,"Manager, Physicist/Scientist",11-9121.00,Natural Sciences Managers,CA,33441,Y,1,204364.0,176000.0,False
415271,Analyst - Tech at Lilly,15-1221.00,Computer and Information Research Scientists,IN,3254,Y,1,77147.0,124000.0,False
251134,Machine Learning Engineer,15-2051.00,Data Scientists,WA,334111,Y,1,174117.0,158000.0,True
864183,"Principal Product Manager, Conversational AI",15-1299.09,Information Technology Project Managers,CA,522310,Y,1,201323.0,265000.0,True
393687,Solutions Architect,15-2051.00,Data Scientists,WA,334111,Y,1,174117.0,151000.0,False
668524,Manager,15-2031.00,Operations Research Analysts,CA,551114,Y,1,94786.0,124000.0,False
576530,"Associate, AI Research Assoc Sr",15-1221.00,Computer and Information Research Scientists,NY,551112,Y,1,155958.0,172000.0,True
227280,Staff Machine Learning Engineer,15-2051.00,Data Scientists,WA,454110,Y,1,174117.0,245000.0,True
509817,Machine Learning Research Engineer,15-1221.00,Computer and Information Research Scientists,NY,334111,Y,1,155958.0,172000.0,True
22761,Staff Software Engineer,15-1252.00,Software Developers,OR,334510,Y,1,138393.0,210000.0,False
438619,"Vice President, Software Engineer",15-1252.00,Software Developers,TX,551112,Y,1,139464.0,168000.0,False
487089,Data Scientist,15-2051.00,Data Scientists,NJ,561422,Y,1,108306.0,118000.0,False
306169,Software Engineer III,15-1252.00,Software Developers,TX,524114,Y,1,118165.0,132000.0,False
153112,Data Analyst I,15-2051.01,Business Intelligence Analysts,TN,524114,Y,1,62733.0,72000.0,False
23999,Staff Search ML Engineer,15-1221.00,Computer and Information Research Scientists,CA,541613,Y,1,148429.0,245000.0,True
869649,Research Associate Natural Language Processing for Cyber ID,15-1221.00,Computer and Information Research Scientists,TN,54171,Y,1,77667.0,118000.0,True
508751,AI Senior AI Engineer,15-1221.00,Computer and Information Research Scientists,GA,524114,Y,1,123947.0,168000.0,True
776649,UX Engineer/Designer,15-1299.08,Computer Systems Engineers/Architects,CA,541511,Y,1,105560.0,142000.0,False
361213,Senior Legal Specialist II,15-2051.01,Business Intelligence Analysts,MA,541511,Y,1,97968.0,132000.0,False
65676,Applications Development Senior Manager,15-1252.00,Software Developers,FL,52315,Y,1,130978.0,165000.0,False
452054,"Senior Engineer, Machine Learning",17-2072.00,"Electronics Engineers, Except Computer",MA,334413,Y,1,120557.0,168000.0,True
791000,Senior Machine Learning Engineer II,15-1221.00,Computer and Information Research Scientists,VA,541511,Y,1,145642.0,168000.0,True
412837,Machine Learning Engineer II,15-1252.00,Software Developers,ID,333922,Y,1,101150.0,118000.0,True
244840,"Senior Research Associate I, In Vitro based Antibody Discove",19-1029.01,Bioinformatics Scientists,MA,325412,Y,1,91374.0,118000.0,False
844602,"Manager, Financial Data Science Engineer",11-3021.00,Computer and Information Systems Managers,MO,325411,Y,1,152110.0,158000.0,True
696396,Senior Applied Scientist ,15-2051.00,Data Scientists,OH,334413,Y,1,93621.0,158000.0,True
130599,Machine Learning Ops Engineer,15-1251.00,Computer Programmers,MN,541511,Y,1,98030.0,118000.0,True
489554,Machine Learning Engineer (Responsible Recommendation),15-2051.00,Data Scientists,CA,51321,Y,1,107682.0,172000.0,True
580284,AI Product Manager II,11-3021.00,Computer and Information Systems Managers,MA,54171,Y,1,121742.0,165000.0,True
413586,BUSINESS ANALYST,15-1211.00,Computer Systems Analysts,NJ,541511,Y,1,112570.0,98000.0,False
856889,Senior QA Automation Engineer,17-2199.05,Mechatronics Engineers,CA,512290,Y,1,126672.0,148000.0,False
254749,Manager,13-1111.00,Management Analysts,NJ,54161,Y,1,154315.0,98000.0,False
858581,Algorithm Scientist,17-2031.00,Bioengineers and Biomedical Engineers,MN,541511,Y,1,113277.0,118000.0,True
432443,AI Compiler Engineer,15-1252.00,Software Developers,NJ,511210,Y,1,169229.0,172000.0,True
19854,Associate,13-2054.00,Financial Risk Specialists,NY,5231,Y,1,95768.0,125000.0,False
385862,Software QA Engineer,15-1253.00,Software Quality Assurance Analysts and Testers,WA,334111,Y,10,90189.0,118000.0,False
361737,"Network Security Engineer, AI Developer",15-1231.00,Computer Network Support Specialists,CA,541511,Y,1,63877.0,138000.0,True
763549,AI Developer 3,15-1252,Software Developers,NC,541618,Y,1,110365.0,138000.0,True
483215,Data Analyst,15-2051.00,Data Scientists,NJ,42413,Y,1,80850.0,98000.0,False
142384,Vice President,15-1252.00,Software Developers,WA,523920,Y,50,182312.0,230000.0,False
870218,"Senior Associate, Equity Research/Healthcare",19-1029.01,Bioinformatics Scientists,MA,523110,Y,1,85842.0,142000.0,False
753754,Algorithm Engineer,17-2071.00,Electrical Engineers,CA,5419,Y,1,183456.0,165000.0,True
613655,Senior Data Science & ML Architect,15-2051.00,Data Scientists,NJ,458110,Y,1,163238.0,176000.0,True
664934,Staff Model Build Analyst,17-2141.00,Mechanical Engineers,MI,336111,Y,1,98426.0,112000.0,True
48873,Enterprise Data Specialist-Machine Learning ,15-1252.00,Software Developers,IL,524126,Y,1,144560.0,132000.0,True
361340,AI Security Engineer,13-1199.07,Security Management Specialists,MA,541511,Y,1,78478.0,151000.0,True
814412,Software Engineering,15-1252.00,Software Developers,WA,513210,Y,1,137259.0,150000.0,False
855924,Machine Learning Scientist,15-2051.00,Data Scientists,WA,5192,Y,1,150987.0,168000.0,True
650090,"Manager, Data Science - Experimentation",15-2031.00,Operations Research Analysts,AR,721110,Y,1,87859.0,138000.0,True
805425,Data Scientist II,15-2041.00,Statisticians,CT,524298,Y,1,83803.0,112000.0,False
562961,Vice President; Client Quantitative Analyst II,15-2031.00,Operations Research Analysts,IL,522110,Y,1,84552.0,155000.0,False
586667,Sr. Robotics Machine Learning Engineer,17-2199.08,Robotics Engineers,CA,336111,Y,1,185691.0,192000.0,True
224764,Senior IT Analyst,15-2051.01,Business Intelligence Analysts,TX,311920,Y,1,111363.0,112000.0,False
646028,SR. BUSINESS ANALYST,15-2051.01,Business Intelligence Analysts,CA,541511,Y,1,86362.0,118000.0,False
307528,"Analytics Leader, Oncology",15-2051.01,Business Intelligence Analysts,MD,32541,Y,1,149594.0,158000.0,False
438128,Ind & Func AI Decision Science Consultant,15-2051.01,Business Intelligence Analysts,CA,5416,Y,1,116646.0,152000.0,True
446183,Machine Learning Engineer,15-2051.00,Data Scientists,CA,5629,Y,1,81536.0,172000.0,True
412622,Full Stack Developer,15-1252.00,Software Developers,AZ,541511,Y,1,81744.0,118000.0,False
816949,Graph Integrity Process Manager,15-2031.00,Operations Research Analysts,IL,519290,Y,1,124322.0,108000.0,False
103712,Data Scientist,15-2051.00,Data Scientists,WA,6221,Y,1,65312.0,142000.0,False
325954,Automation Engineer,17-2199.00,"Engineers, All Other",CA,541511,Y,1,90334.0,118000.0,False
451308,"Senior Specialist, Model Development ",15-2041.00,Statisticians,TX,522220,Y,1,95368.0,132000.0,True
629939,Senior Manager BI Data Architect ,15-2051.00,Data Scientists,MA,325412,Y,1,144040.0,158000.0,False
211958,CRM Administrator ,15-2051.00,Data Scientists,CA,551111,Y,1,93309.0,112000.0,False
479251,QA Automation Lead,15-1253.00,Software Quality Assurance Analysts and Testers,PA,541511,Y,1,97781.0,118000.0,False
658724,Senior Data Science Analyst,15-2051.00,Data Scientists,MN,611310,Y,1,90917.0,118000.0,False
503724,BI Consultant,15-1221.00,Computer and Information Research Scientists,NJ,541611,Y,1,100630.0,118000.0,False
469067,Applied Machine Learning Engineer,15-1243.00,Database Architects,MA,325411,Y,1,123365.0,158000.0,True
420488,Data Engineer,15-2051.00,Data Scientists,CA,336111,Y,1,116646.0,142000.0,False
666593,Applied Scientist II,11-3021.00,Computer and Information Systems Managers,MN,45411,Y,10,137550.0,138000.0,False
639464,Product Manager,15-2051.01,Business Intelligence Analysts,MA,513210,Y,1,120994.0,132000.0,False
232011,Quality Engineer,17-2031.00,Bioengineers and Biomedical Engineers,CA,33911,Y,1,94598.0,118000.0,False
730647,Sr. Director of AI & Digital Analytics,15-2051.00,Data Scientists,NJ,42413,Y,1,163238.0,245000.0,True
424116,"Scientist III, Cell Process Development",19-1029.00,"Biological Scientists, All Other",CA,541714,Y,1,124613.0,118000.0,False
775839,Machine Learning Engineer (Modeling),15-2051.00,Data Scientists,MA,513210,Y,1,148762.0,152000.0,True
518256,Manager of Engineering,11-3021.00,Computer and Information Systems Managers,CA,51711,Y,1,174518.0,210000.0,False
176855,Repair & Calibration Engineer,17-2141.00,Mechanical Engineers,CA,541380,Y,1,67954.0,98000.0,False
177481,"Vice President, Quant Analytics Manager",15-2051.00,Data Scientists,NJ,551112,Y,1,163238.0,190000.0,False
742036,Machine Learning Engineer,15-1251.00,Computer Programmers,TX,541511,Y,1,76731.0,132000.0,True
25903,Senior Marketing Analytics Manager ,11-2021.00,Marketing Managers,MA,513210,Y,1,101026.0,150000.0,False
714452,RESEARCH SCIENTIST - AI-MACHINE LEARNING,19-2012.00,Physicists,NY,333611,Y,1,132933.0,142000.0,True
814326,Industry and Functional AI Decision Science Consultant,13-1111.00,Management Analysts,NC,5416,Y,1,86445.0,124000.0,True
324649,"Senior Engineering Manager, Perception Deep Learning",11-3021.00,Computer and Information Systems Managers,CO,541330,Y,1,205982.0,192000.0,True
153760,Sr. Integration Engineer,15-1252.00,Software Developers,UT,54151,Y,1,111093.0,132000.0,False
511047,"Sr. Engineer, Enterprise BI & AI/ML Engineering",15-1243.00,Database Architects,NJ,515210,Y,1,76045.0,142000.0,True
102469,AI Engineer,15-2051.00,Data Scientists,WA,541511,Y,1,110864.0,165000.0,True
205017,Senior Machine Learning Engineer,15-2051.00,Data Scientists,NJ,541511,Y,1,163238.0,168000.0,True
643131,"Research - System Test, Modeling, and Validation Engineer",15-1221.00,Computer and Information Research Scientists,MI,33611,Y,1,98342.0,132000.0,False
754892,Automation Engineer,15-1252.00,Software Developers,OR,5415,Y,1,101670.0,118000.0,False
233689,ML DATA SCIENTIST,15-1211.00,Computer Systems Analysts,NJ,541519,Y,1,104125.0,138000.0,True
72712,"Senior Software Engineer, AI Research ",15-1221.00,Computer and Information Research Scientists,NJ,541511,Y,1,155958.0,182000.0,True
190418,Engineering Services Engineer,17-2141.00,Mechanical Engineers,CA,51121,Y,1,101801.0,118000.0,False
759298,"Db2 Development Manager, Data & AI Software",15-1243.00,Database Architects,CA,54151,Y,1,210662.0,176000.0,True
806675,SAP SuccessFactors Solutions Architect,15-1299.08,Computer Systems Engineers/Architects,CA,42339,Y,1,137862.0,142000.0,False
776549,"Director, Advanced Data Analytics and Insights",15-2031.00,Operations Research Analysts,NC,52399,Y,1,141336.0,185000.0,False
152394,Lead Software Engineer I - CAI,15-1252.00,Software Developers,DC,611710,Y,1,139589.0,168000.0,True
450416,"Manager, Machine Learning (ML Ops)",11-3021.00,Computer and Information Systems Managers,PA,518210,Y,1,116730.0,167000.0,True
226068,Staff Applied Scientist I,15-2031.00,Operations Research Analysts,WA,611710,Y,1,110718.0,185000.0,True
673069,Senior Data Scientist,15-2051.00,Data Scientists,TX,551114,Y,1,81120.0,148000.0,False
400752,DATA ANALYST,15-2051.00,Data Scientists,MO,541511,Y,1,71053.0,92000.0,False
762090,"Sr Product Manager, Risk Model Products",15-1299.09,Information Technology Project Managers,NY,522320,Y,1,128960.0,185000.0,True
290835,Machine Learning Engineer  ,15-1252.00,Software Developers,IA,611710,Y,1,129480.0,118000.0,True
129493,Machine Learning Engineer (118.3241.4),15-1299.08,Computer Systems Engineers/Architects,CA,541512,Y,1,170914.0,165000.0,True
257492,Enterprise Account Engineer II,15-1252.00,Software Developers,NV,518210,Y,1,119662.0,132000.0,False
43495,AI/ML Software Engineer ,15-1212.00,Information Security Analysts,NY,541511,Y,1,139672.0,165000.0,True
439693,Product Design,27-1021.00,Commercial and Industrial Designers,WA,513210,Y,1,103917.0,132000.0,False
225491,"DIRECTOR, DELIVERY",15-1299.09,Information Technology Project Managers,NY,541511,Y,1,103730.0,185000.0,False
866817,Staff Software Engineer,15-1252.00,Software Developers,CA,455110,Y,1,150762.0,245000.0,False
261433,Senior ML/Robotics Engineer II,17-2141.02,Automotive Engineers,CA,54171,Y,1,137301.0,192000.0,True
841753,Applied ML Engineer – Senior,15-2051.00,Data Scientists,FL,622110,Y,1,78520.0,158000.0,True
673737,Sr Statistical Programmer,15-2041.00,Statisticians,NY,54171,Y,1,104603.0,132000.0,False
611508,Software Designer II,15-1299.08,Computer Systems Engineers/Architects,CA,54151,Y,1,131256.0,148000.0,False
695650,Senior Research Scientist,15-1221.00,Computer and Information Research Scientists,MA,334111,Y,1,154066.0,163000.0,False
829531,Intelligent Systems Engineer,17-2071.00,Electrical Engineers,TX,541512,Y,1,136802.0,112000.0,True
500821,Computer Vision Engineer,17-2199.08,Robotics Engineers,OH,54171,Y,1,116334.0,123000.0,True
493735,Tech Architecture Manager,15-1299.08,Computer Systems Engineers/Architects,NH,5416,Y,1,92997.0,145000.0,False
767014,"Senior Engineering Manager, Perception Deep Learning",11-3021.00,Computer and Information Systems Managers,CO,541330,Y,1,205982.0,210000.0,True
402724,Research Engineer,15-1221.00,Computer and Information Research Scientists,FL,541715,Y,1,142293.0,132000.0,False
489691,Senior Machine Learning Engineer,15-1221.00,Computer and Information Research Scientists,MA,54171,Y,1,138965.0,185000.0,True
804705,AI Research Scientist,17-2141.00,Mechanical Engineers,WA,541511,Y,1,138840.0,172000.0,True
438744,"Associate Senior, Applied Research",15-1221.00,Computer and Information Research Scientists,NY,551112,Y,1,128294.0,168000.0,False
544010,Senior Engineer,15-2031.00,Operations Research Analysts,CA,423690,Y,10,140878.0,148000.0,False
382345,Senior ML Engineer,15-2051.00,Data Scientists,MA,334290,Y,1,144040.0,185000.0,True
812335,Director of Enrollment Intelligence and Analytics,15-2051.01,Business Intelligence Analysts,OH,611310,Y,1,102018.0,112000.0,True
88127,Senior Business Intelligence Analyst,15-2051.00,Data Scientists,CA,511210,Y,1,151736.0,158000.0,False
706354,Senior Machine Learning Engineer,17-2071.00,Electrical Engineers,WI,333991,Y,1,107266.0,148000.0,True
23408,Principal Systems Services and Support Analyst,15-1299.08,Computer Systems Engineers/Architects,NC,52399,Y,1,111467.0,142000.0,False
450872,"Associate, Applied AL ML",15-2041.00,Statisticians,CA,551112,Y,1,163488.0,152000.0,True
1488,"Senior Manager, Systems Integration Engineering",11-3021.00,Computer and Information Systems Managers,CA,518210,Y,1,219829.0,210000.0,False
858368,AI Consultant,15-1221.00,Computer and Information Research Scientists,MA,335311,Y,1,157581.0,151000.0,True
87574,AI/Data Scientist II,15-2051.00,Data Scientists,NY,334513,Y,1,80850.0,148000.0,True
315966,Software Developer,15-1252.00,Software Developers,GA,541511,Y,1,102877.0,112000.0,False
414651,Product Manager,11-2021.00,Marketing Managers,CA,51321,Y,1,187866.0,158000.0,False
652833,Algorithm Developer,15-1252.00,Software Developers,MI,541715,Y,1,107411.0,123000.0,True
346577,Senior Deep Learning Scientist - Medical Image Computing,15-1221.00,Computer and Information Research Scientists,PA,33911,Y,1,136094.0,172000.0,True
313983,Software developer,15-1252.00,Software Developers,CO,541511,Y,1,87443.0,112000.0,False
356752,AI/ML Engineer,15-1295.00,"Software Developers, Non R&D",IL,622110,Y,1,84906.0,142000.0,True
618231,Software QA Engineer,15-1253.00,Software Quality Assurance Analysts and Testers,CA,517919,Y,1,141107.0,132000.0,False
104293,Senior Manager Data Science,15-2041.00,Statisticians,IL,522210,Y,1,123760.0,165000.0,True
652540,Sr. Manager Systems Design Eng.,11-3021.00,Computer and Information Systems Managers,TX,334413,Y,1,191755.0,168000.0,False
374200,Software Development Engineer,15-1252.00,Software Developers,NV,513210,Y,1,75192.0,128000.0,False
455533,Lead Machine Learning Engineer,15-1252.00,Software Developers,IL,511210,Y,1,144560.0,185000.0,True
546241,Sr. Specialist IT,15-1252.00,Software Developers,IL,339112,Y,1,123614.0,132000.0,False
853914,Staff Engineer Software,15-1252.00,Software Developers,CA,445110,Y,1,176624.0,230000.0,False
447801,Asst Dir- Analytics & Modeling,13-2099.01,Financial Quantitative Analysts,NY,561450,Y,1,88670.0,152000.0,True
608740,Information Technology Project Manager,15-1299.09,Information Technology Project Managers,TX,541511,Y,1,71531.0,118000.0,False
472465,"Sr. Manager, Incentives and Awards, Oncology",15-2051.01,Business Intelligence Analysts,MD,32541,Y,1,125923.0,165000.0,False
493466,Data Scientist & Machine Learning Engineer,15-2051.00,Data Scientists,AR,331110,Y,1,79810.0,112000.0,True
635123,"Principal Engineer, DevOps ",15-1252.00,Software Developers,MA,334516,N,1,135304.0,145000.0,False
683129,Computer Vision Engineer,15-1252.00,Software Developers,HI,519290,Y,1,129522.0,142000.0,True
454002,Statistical Programmer,15-2041.00,Statisticians,NJ,541511,Y,1,104603.0,98000.0,False
467555,"Machine Learning Engineer, II",15-1299.08,Computer Systems Engineers/Architects,NH,541330,Y,1,77522.0,132000.0,True
385836,"Learning Engineering, Product Manager",15-1253.00,Software Quality Assurance Analysts and Testers,PA,541511,Y,1,57221.0,118000.0,True
718458,Data Engineer,15-1243.00,Database Architects,CA,541511,Y,1,83762.0,148000.0,False
547756,"DevOps Engineer, Senior",15-1252.00,Software Developers,TX,541990,Y,1,139464.0,138000.0,False
772675,Manager-Construction Associate-Civil Engineer,17-2051.00,Civil Engineers,CA,541330,Y,1,131040.0,112000.0,False
845175,Research Scientist,15-1221.00,Computer and Information Research Scientists,WA,519290,Y,1,176571.0,168000.0,False
366939,Artificial Intelligence Engineer,15-1252.00,Software Developers,FL,4234,Y,1,70512.0,132000.0,True
768,Staff Machine Learning Engineer,15-2051.00,Data Scientists,WA,454110,Y,1,174117.0,245000.0,True
499286,Data Scientist,15-1221.00,Computer and Information Research Scientists,MI,33611,Y,1,118165.0,132000.0,False
800320,"Manager III, Database Engineer",15-1242.00,Database Administrators,WA,45411,Y,1,124114.0,158000.0,False
116362,MACHINE LEARNING MANAGER,11-3021.00,Computer and Information Systems Managers,MA,54171,Y,1,150675.0,210000.0,True
158636,Lead Consultant - US,15-1211.00,Computer Systems Analysts,IN,541511,Y,1,96366.0,108000.0,False
642510,Machine Learning Engineer,15-1252.00,Software Developers,MA,334111,Y,1,135304.0,158000.0,True
375208,MACHINE LEARNING ENGINEER,15-2051.00,Data Scientists,OH,541511,Y,1,73320.0,132000.0,True
144265,Senior Vice President - Intelligent Automation,11-2022.00,Sales Managers,MI,541512,Y,1,204506.0,185000.0,True
215591,Machine Learning Engineer,17-2061.00,Computer Hardware Engineers,CA,334111,Y,1,211120.0,172000.0,True
647775,Senior Product Specialist I,13-1111.00,Management Analysts,NC,541511,Y,1,86861.0,104000.0,False
331061,Model Risk Review Specialist II,13-2054.00,Financial Risk Specialists,OH,522110,Y,1,90106.0,98000.0,True
649450,Machine Learning Engineer,15-2051.00,Data Scientists,TX,334111,Y,1,111363.0,142000.0,True
854551,Creative Project Manager,13-1082.00,Project Management Specialists,NY,54149,Y,1,74506.0,98000.0,False
5528,Research Associate,19-2012,Physicists,CA,611310,Y,1,57949.0,92000.0,False
792942,Associate Lead Analyst 1,13-2051.00,Financial and Investment Analysts,NY,56145,Y,1,115731.0,115000.0,False
744958,COGNOS ENGINEER,13-1111.00,Management Analysts,CA,541511,Y,1,71469.0,118000.0,False
659605,"Senior Advisor, Machine Learning Engineer",15-2051.00,Data Scientists,TX,423430,Y,1,134472.0,148000.0,True
853278,Software Quality Assurance Analyst,15-1253.00,Software Quality Assurance Analysts and Testers,CA,541511,Y,1,86965.0,112000.0,False
353476,Senior AI Data Operations Specialist,15-2031.00,Operations Research Analysts,FL,541511,Y,1,70138.0,124000.0,True
362375,MLops Architect with AWS,15-1243.00,Database Architects,CA,541511,Y,1,113630.0,167000.0,True
602475,Research Scientist,15-1221.00,Computer and Information Research Scientists,NY,541512,Y,1,100630.0,165000.0,False
686307,"Director, Data Science and AI",15-2051.00,Data Scientists,NJ,541713,Y,1,163238.0,230000.0,True
627238,"Senior Software Engineer, Machine Learning",15-2041.00,Statisticians,CA,519130,Y,1,154669.0,210000.0,True
695571,Senior Computer Vision Engineer,15-1221.00,Computer and Information Research Scientists,CA,339112,Y,1,153932.0,192000.0,True
878139,Senior Machine Learning Engineer - KBGFJG279593-1,15-2051.00,Data Scientists,NJ,524210,Y,1,108306.0,168000.0,True
461041,Automated Driving Systems Development Engineer,17-2199.00,"Engineers, All Other",MI,33611,Y,1,97531.0,112000.0,True
173281,Behavioral Economics Lead,15-2041.00,Statisticians,CA,551112,Y,1,99611.0,158000.0,False
132273,Analyst I - Model Validation,13-2099.01,Financial Quantitative Analysts,TX,522291,Y,1,68765.0,92000.0,True
488432,Data & Machine Learning Engineer,15-1252.00,Software Developers,PA,423430,Y,1,71032.0,132000.0,True
123257,Computer Vision Engineer,15-1221.00,Computer and Information Research Scientists,CA,5613,Y,1,150507.0,176000.0,True
454037,Senior Data Scientist,15-2051.00,Data Scientists,MO,54171,Y,1,71053.0,142000.0,False
549807,"Manager, Machine Learning 2",11-3021.00,Computer and Information Systems Managers,CA,522320,Y,1,207830.0,210000.0,True
760738,Software Engineer - Staff II,15-1252.00,Software Developers,UT,622110,Y,1,86403.0,175000.0,False
376672,Component Design Engineer,17-2072.00,"Electronics Engineers, Except Computer",CA,3344,Y,1,95014.0,118000.0,False
215343,Fraud Risk Manager - Decision Science,15-2031.00,Operations Research Analysts,CA,513210,Y,1,174117.0,165000.0,True
784286,Senior Machine Learning Engineer,15-1252.00,Software Developers,OR,316210,Y,1,158309.0,172000.0,True
676546,Program Manager L1,15-1299.09,Information Technology Project Managers,TX,541511,Y,3,91000.0,118000.0,False
364167,Machine Learning developer,15-1252.00,Software Developers,TN,541511,Y,1,90646.0,118000.0,True
727757,Ai Network Architect,15-1241.00,Computer Network Architects,TX,541511,Y,1,85530.0,158000.0,True
238916,Software Engineer - Autonomy,17-2141.00,Mechanical Engineers,CA,541511,Y,1,160077.0,158000.0,True
175585,AIML MLOPS ENGINEER,15-1252.00,Software Developers,OH,541511,Y,1,96574.0,132000.0,True
529891,"Machine Learning Engineer,  Bioinformatics ",19-1029.01,Bioinformatics Scientists,PA,621999,Y,1,86819.0,118000.0,True
80555,MANAGER,15-2031.00,Operations Research Analysts,NJ,541519,Y,1,132475.0,118000.0,False
889511,"Associate, Data Scientist Associate Sr",15-2041,Statisticians,OH,551112,Y,1,92373.0,98000.0,False
64538,AI Engineering Manager,15-1252.00,Software Developers,TX,446110,Y,1,139464.0,210000.0,True
487647,"Research Scientist, AI Research",15-2051.00,Data Scientists,WI,541511,Y,1,60798.0,142000.0,True
781115,Senior UI Developer,15-1252.00,Software Developers,MI,522292,Y,1,132350.0,118000.0,False
494739,Data Scientist,15-2051.00,Data Scientists,MN,449210,Y,1,79851.0,118000.0,False
50511,Staff Machine Learning Engineer,15-1252.00,Software Developers,CA,518210,Y,1,215197.0,245000.0,True
807893,Senior Research Scientist,15-2041.00,Statisticians,WA,522291,Y,1,119891.0,158000.0,False
728291,Data Architect,15-1243.00,Database Architects,VA,541511,Y,1,133307.0,142000.0,False
49226,Tech Architecture Assoc Manager,15-1211,Computer Systems Analysts,VA,5416,Y,1,101774.0,132000.0,False
867654,Senior Sales Operations System Analyst,15-1299.08,Computer Systems Engineers/Architects,CO,541511,Y,1,102274.0,118000.0,False
585549,Data  Scientist,15-2051.00,Data Scientists,MA,334511,Y,1,74922.0,128000.0,False
111455,"Senior, ML Engineer",15-1221.00,Computer and Information Research Scientists,NY,45411,Y,1,100630.0,210000.0,True
447966,"Associate, Quant Analytics",15-2041.00,Statisticians,DE,551112,Y,1,81078.0,118000.0,False
267230,BI ETL Developer II,15-1252.00,Software Developers,NC,516210,Y,1,103648.0,112000.0,False
21808,"Vice President, AI Research Lead",15-2031.00,Operations Research Analysts,CA,551112,Y,1,174117.0,265000.0,True
15488,Electrical Design Engineer,17-2071.00,Electrical Engineers,CA,54133,Y,1,81682.0,112000.0,False
249698,Staff AI Engineer,15-1252.00,Software Developers,OR,541511,Y,1,145662.0,230000.0,True
71021,Machine Vision / Machine Learning Engineer,17-2141.00,Mechanical Engineers,CA,221310,Y,1,93288.0,132000.0,True
664348,Associate Data Science Analyst - Neuro-Informatics Lab,15-2051.00,Data Scientists,MN,611310,Y,1,65312.0,84000.0,True
508430,Senior Machine Learning Engineer ,15-2051.00,Data Scientists,TX,561311,Y,1,134472.0,168000.0,True
152776,Research Engineer - Autonomous Systems,17-2199.08,Robotics Engineers,NY,541715,Y,1,96013.0,132000.0,True
493504,Senior Data Engineer,15-1252.00,Software Developers,CA,45411,Y,1,181272.0,185000.0,False
371627,Technical Lead - Data Analyst,15-2051.00,Data Scientists,IL,541511,Y,1,77418.0,118000.0,False
610177,"Director, Data Science",15-1221.00,Computer and Information Research Scientists,NJ,541512,Y,1,128294.0,192000.0,False
858216,Civil Engineering II,17-2051.00,Civil Engineers,CA,541330,Y,1,86528.0,112000.0,False
274682,Lead Cassandra Engineer,15-1242.00,Database Administrators,CA,522110,Y,1,159598.0,182000.0,False
441872,Advanced Analytics Research Scientist- AI Optimization-81-1 ,17-2041.00,Chemical Engineers,TX,335314,Y,1,107286.0,132000.0,True
597722,Machine Learning Scientist,19-1029.01,Bioinformatics Scientists,NY,541714,Y,1,94203.0,152000.0,True
829909,Sr. Operations Research Scientist,15-1221.00,Computer and Information Research Scientists,MI,513210,Y,1,89003.0,157000.0,False
63933,"Senior Engineer, Research",17-2199.08,Robotics Engineers,CA,334511,Y,1,114795.0,168000.0,False
209230,Global Insights and Forecasting Leader – Early Assets,13-1161.00,Market Research Analysts and Marketing Specialists,NJ,32541,Y,1,117042.0,158000.0,False
393101,Machine Learning Scientist,19-1029.00,"Biological Scientists, All Other",CA,541714,Y,1,101816.0,157000.0,True
371244,AI Data Analyst,15-2051.00,Data Scientists,TN,423440,Y,1,69701.0,104000.0,True
883000,Sr Machine Learning Engineer,15-1252.00,Software Developers,MN,54171,Y,1,135200.0,158000.0,True
102149,"Senior Analyst, Model Development",15-1242.00,Database Administrators,CA,522110,Y,1,100589.0,148000.0,True
473775,Model Risk Analyst,13-2054.00,Financial Risk Specialists,IL,52211,Y,1,65229.0,112000.0,True
859474,Senior AI and Machine Learning Engineer,15-2041.00,Statisticians,WA,54151,Y,1,103272.0,192000.0,True
887531,Senior Predictive Engineer,17-2131.00,Materials Engineers,MN,339999,Y,1,103002.0,118000.0,True
360558,Decision scientist - KBGFJG166242-5,15-2031.00,Operations Research Analysts,WA,311920,Y,1,95139.0,118000.0,False
861853,Lead Machine Learning Scientist,15-2041.00,Statisticians,NJ,518210,Y,1,142771.0,192000.0,True
667376,MACHINE LEARNING ENGINEER,15-1252.00,Software Developers,TX,541511,Y,1,96866.0,142000.0,True
843013,Principal - Model Validation,13-2099.01,Financial Quantitative Analysts,NC,522110,Y,1,74006.0,165000.0,True
21708,IT Support Engineer I,15-1211.00,Computer Systems Analysts,MA,45411,Y,1,78686.0,78000.0,False
111298,Associate AI Development Director,15-1252,Software Developers,PA,541618,Y,1,140046.0,172000.0,True
816251,Principal AI/ML Operations Platform Engineer,15-2051.00,Data Scientists,TX,4248,Y,1,140109.0,192000.0,True
432648,Applied Scientist II,15-1221.00,Computer and Information Research Scientists,MA,45411,Y,1,138965.0,152000.0,False
15802,Sr. Silicon Design Engineer,17-2072.00,"Electronics Engineers, Except Computer",MA,334413,Y,1,99715.0,158000.0,False
587235,Machine Learning Engineer,15-1252.00,Software Developers,ID,334413,Y,1,80766.0,128000.0,True
35,"Senior Product Manager, Experimentation and AI",13-1082.00,Project Management Specialists,MA,511210,Y,1,107952.0,185000.0,True
13819,Senior Software Engineer,15-1252.00,Software Developers,NJ,523940,Y,1,169229.0,165000.0,False
195400,ML Engineer,15-1252.00,Software Developers,CA,522320,Y,1,234062.0,168000.0,True
424503,Machine Learning Engineer 2,17-2071.00,Electrical Engineers,WA,54199,Y,1,126630.0,142000.0,True
787323,Mechatronic Software Platform – Controller Test Engineer,17-2199.05,Mechatronics Engineers,MI,3361,Y,1,85134.0,98000.0,False
679873,Staff Software Engineer,15-1299.08,Computer Systems Engineers/Architects,CA,454110,Y,1,210704.0,245000.0,False
393259,Business Analyst 3,13-1111.00,Management Analysts,IL,541512,Y,1,119912.0,98000.0,False
462536,Applied Researcher 2,15-2051.00,Data Scientists,CA,455219,Y,1,170186.0,158000.0,False
601445,Senior AI Engineer,15-1252.00,Software Developers,TX,446110,Y,1,139464.0,185000.0,True
844929,Computer Vision Specialist,15-1252.00,Software Developers,NE,334290,Y,1,84011.0,118000.0,True
480505,Machine Learning II,15-1252.00,Software Developers,CT,541714,Y,1,98946.0,132000.0,True
103415,Engineer Machine Learning Operations,15-2051.00,Data Scientists,NY,481111,Y,1,135782.0,148000.0,True
281649,Technology Practice Principal,15-1299.09,Information Technology Project Managers,CA,541511,Y,1,130749.0,165000.0,False
281843,Operations Research Analysts - KBGFJG133076-9,15-2031.00,Operations Research Analysts,MO,541211,Y,1,85883.0,98000.0,False
217717,Team Leader I,17-2141.00,Mechanical Engineers,WA,541614,Y,1,125819.0,112000.0,False
255192,"Vice President, Market Risk Governance Lead",13-2051.00,Financial and Investment Analysts,NJ,551112,Y,1,143125.0,210000.0,False
50710,Senior Automation Engineer,17-2199.05,Mechatronics Engineers,CA,334513,Y,1,87069.0,138000.0,False
868123,Principal ML Engineer,15-1221.00,Computer and Information Research Scientists,CA,541511,Y,1,211432.0,265000.0,True
22625,Machine Learning Engineer,15-2051.00,Data Scientists,WA,334111,Y,1,174117.0,158000.0,True
296879,"AVP, Machine Learning Engineering",11-3021.00,Computer and Information Systems Managers,FL,52399,Y,1,185557.0,165000.0,True
48852,Senior Data Warehouse Engineer   ,15-1243.00,Database Architects,CA,541714,Y,1,130998.0,148000.0,False
381758,Signal Processing AI Engineer,17-2071.00,Electrical Engineers,MN,339112,Y,1,120702.0,124000.0,True
583807,"Senior Specialist, Product Management ",15-1299.08,Computer Systems Engineers/Architects,MO,522210,Y,1,83678.0,132000.0,False
849488,Full Stack LLM Development Manager,15-1299.09,Information Technology Project Managers,CA,5416,Y,1,138486.0,192000.0,True
221633,"Sr. Director, Data Science & Artificial Intelligence",15-2051.00,Data Scientists,GA,522292,Y,1,131061.0,230000.0,True
730698,Computer and Information Research Scientist,15-1221.00,Computer and Information Research Scientists,MD,541511,Y,1,99778.0,142000.0,True
532858,AI/ML - Data Engineer,15-1252.00,Software Developers,CA,32541,Y,1,147368.0,168000.0,True
461166,Machine Learning Specialist,15-2051.00,Data Scientists,MN,449210,Y,1,79851.0,132000.0,True
709933,Distinguished Scientist (AI),15-2021.00,Mathematicians,CA,54171,Y,1,138715.0,310000.0,True
682312,"Vice President, Model Risk Validator ",15-2021.00,Mathematicians,NY,523110,Y,1,143458.0,210000.0,True
267436,AI Researcher,15-2051.00,Data Scientists,CA,334111,Y,1,107682.0,185000.0,True
248469,AI Product Owner,15-2051.00,Data Scientists,MA,33911,Y,1,120994.0,148000.0,True
228959,Software Developer,15-1252.00,Software Developers,IA,611310,Y,1,66206.0,82000.0,False
279095,Assistant Research Scientist,15-1252.00,Software Developers,MD,611310,Y,1,98010.0,118000.0,False
146612,Machine Learning Engineer 4,15-1252.00,Software Developers,WA,541512,Y,1,128502.0,185000.0,True
747250,Machine Vision / Machine Learning Engineer,17-2141.00,Mechanical Engineers,CA,221310,Y,1,93288.0,132000.0,True
534743,Research Scientist II,15-1221.00,Computer and Information Research Scientists,NY,518210,Y,1,100630.0,158000.0,False
419782,"Associate, AI Research",15-2051.00,Data Scientists,CA,551112,Y,1,170186.0,172000.0,True
652211,Senior  Machine Learning Engineer 1,15-2051.00,Data Scientists,VA,518210,Y,1,125923.0,168000.0,True
323290,"SCIENTIST II, TRANSLATIONAL MEDICINES",19-1029.01,Bioinformatics Scientists,CA,325411,Y,1,127150.0,142000.0,False
21605,Associate Manager - Digital Network & Security,15-1241.00,Computer Network Architects,TX,541519,Y,1,111363.0,132000.0,False
178939,Language Engineer I,15-1211.00,Computer Systems Analysts,CA,45411,Y,10,77293.0,112000.0,True
87131,Manager Customer Data Science,15-2051.01,Business Intelligence Analysts,TX,451110,Y,1,115877.0,132000.0,True
840053,"Product Designer, RL",15-1255.00,Web and Digital Interface Designers,WA,519290,Y,1,154627.0,152000.0,True
550263,Staff Technical Program Manager,15-1299.00,"Computer Occupations, All Other",CA,518210,Y,1,210704.0,210000.0,False
402801,Engineering Technician,17-2051.00,Civil Engineers,CA,541330,Y,1,83533.0,92000.0,False
279135,Chief Data Officer,15-2051.00,Data Scientists,NJ,51321,Y,1,135782.0,260000.0,False
546915,Engineer Machine Learning Operations,15-2051.00,Data Scientists,NY,481111,Y,1,135782.0,142000.0,True
537870,Sr. Applied Scientist,19-2012.00,Physicists,CA,541511,Y,1,169374.0,192000.0,True
373558,AI/ML Systems Engineer,15-1211.00,Computer Systems Analysts,TX,541519,Y,1,91562.0,132000.0,True
425885,Systems Engineer,17-2199.05,Mechatronics Engineers,CA,541614,Y,1,163696.0,132000.0,False
125516,Machine Learning Data Engineer,15-2051.00,Data Scientists,TN,54171,Y,1,65312.0,118000.0,True
470398,"Content Labeling Specialist, AI Curation",13-1161.01,Search Marketing Strategists,NY,541511,Y,1,56784.0,84000.0,True
193182,Senior Data Analyst (Data Science Engineer),15-2051.01,Business Intelligence Analysts,TN,524210,Y,1,100048.0,104000.0,True
638496,Model Labelling Project Specialist (Safety) - Trust & Safety,15-1299.09,Information Technology Project Managers,TX,54151,Y,1,66373.0,118000.0,True
776435,Applied Sciences,15-2051.00,Data Scientists,MA,513210,Y,1,102856.0,145000.0,False
766163,Manager Customer Data Science,15-2051.01,Business Intelligence Analysts,TX,451110,Y,1,115877.0,132000.0,True
642633,Statisticians - KBGFJG105252-7,15-2041.00,Statisticians,TX,541211,Y,1,76918.0,98000.0,False
133339,"Associate, AI Research Assoc Sr",15-1221.00,Computer and Information Research Scientists,NY,551112,Y,1,155958.0,172000.0,True
514326,Model Development Officer 1,13-2054.00,Financial Risk Specialists,TX,522110,Y,1,97427.0,104000.0,True
199315,Machine Learning Engineer,15-2031.00,Operations Research Analysts,CA,334111,Y,1,173342.0,168000.0,True
860342,Integration Project Manager,15-1299.09,Information Technology Project Managers,CA,541511,Y,1,91728.0,132000.0,False
533791,Machine Learning Engineer,15-2051.00,Data Scientists,MA,621999,Y,1,97968.0,142000.0,True
534504,Autonomous Driving Algorithm Engineer,15-1252.00,Software Developers,MI,33632,Y,1,91021.0,132000.0,True
468106,Software Engineer,15-1252.00,Software Developers,WA,541511,Y,1,128502.0,142000.0,False
261238,"Sr. Manager, Machine Learning ",15-2041.00,Statisticians,CA,561599,Y,1,127150.0,210000.0,True
538645,"Architect 4, Software Architecture",15-1299.08,Computer Systems Engineers/Architects,PA,516210,Y,1,129730.0,142000.0,False
549388,Markets Product Control Manager,13-2099.01,Financial Quantitative Analysts,NY,561110,Y,1,115086.0,165000.0,False
31557,"Sr. Manager, Machine Learning ",15-2041.00,Statisticians,CA,561599,Y,1,127150.0,210000.0,True
303069,"Senior Analyst, Enterprise Portfolio",15-2051.01,Business Intelligence Analysts,FL,483112,Y,1,108264.0,104000.0,False
372998,Data Engineer II,15-2051.00,Data Scientists,TX,333111,Y,1,85467.0,118000.0,False
29452,"Sr. Software Engineer, AI",15-1252.00,Software Developers,FL,511210,Y,1,135221.0,158000.0,True
111711,Data Analyst - BMC Pharmacy Analytics,15-2051.00,Data Scientists,NJ,622110,Y,1,78770.0,104000.0,False
85869,"Manager, Software Engineering",11-3021.00,Computer and Information Systems Managers,MA,541511,Y,1,150675.0,165000.0,False
495234,Software Developer,15-1252.00,Software Developers,TN,541511,Y,1,90314.0,98000.0,False
870797,Senior Data Scientist,15-2051.00,Data Scientists,NJ,455110,Y,1,141170.0,165000.0,False
233892,AI/ML DEVELOPER,15-2051.00,Data Scientists,NY,541519,Y,1,108306.0,158000.0,True
39069,"Senior Director, Marketing Data Science and Reporting",15-2051.01,Business Intelligence Analysts,MI,524113,Y,1,111987.0,192000.0,True
781299,Data Architecture - Advisor II,15-1243.00,Database Architects,NJ,51821,Y,1,153372.0,138000.0,False
116878,Senior Data Scientist,15-2051.00,Data Scientists,CA,541511,N,1,116646.0,145000.0,False
545508,AI Scientist,15-2031.00,Operations Research Analysts,CA,541512,Y,1,74381.0,185000.0,True
52099,Machine Learning Engineer,15-2051.00,Data Scientists,IL,541511,Y,1,131498.0,142000.0,True
